solid Default
  facet normal 9.999884e-01 -4.810660e-03 -6.829367e-17
    outer loop
      vertex 2.606459e+01 1.577856e+01 0.000000e+00
      vertex 2.600057e+01 2.468966e+00 3.114002e+00
      vertex 2.600057e+01 2.468966e+00 0.000000e+00
    endloop
  endfacet
  facet normal 9.999884e-01 -4.810660e-03 -6.829367e-17
    outer loop
      vertex 2.600057e+01 2.468966e+00 3.114002e+00
      vertex 2.606459e+01 1.577856e+01 0.000000e+00
      vertex 2.606459e+01 1.577856e+01 3.114002e+00
    endloop
  endfacet
  facet normal 6.123234e-17 0.000000e+00 1.000000e+00
    outer loop
      vertex 1.190625e+01 -1.658103e+01 1.025775e+01
      vertex 7.143750e+00 2.468966e+00 1.025775e+01
      vertex 7.143750e+00 -1.658103e+01 1.025775e+01
    endloop
  endfacet
  facet normal 6.123234e-17 0.000000e+00 1.000000e+00
    outer loop
      vertex 7.143750e+00 2.468966e+00 1.025775e+01
      vertex 1.190625e+01 -1.658103e+01 1.025775e+01
      vertex 1.190625e+01 2.468966e+00 1.025775e+01
    endloop
  endfacet
  facet normal 1.480297e-16 -1.000000e+00 6.872769e-17
    outer loop
      vertex 7.143750e+00 -1.658103e+01 1.025775e+01
      vertex 1.190625e+01 -1.658103e+01 8.881784e-16
      vertex 1.190625e+01 -1.658103e+01 1.025775e+01
    endloop
  endfacet
  facet normal 1.480297e-16 -1.000000e+00 6.872769e-17
    outer loop
      vertex 1.190625e+01 -1.658103e+01 8.881784e-16
      vertex 7.143750e+00 -1.658103e+01 1.025775e+01
      vertex 7.143750e+00 -1.658103e+01 1.110223e-15
    endloop
  endfacet
  facet normal 1.000000e+00 0.000000e+00 -6.123234e-17
    outer loop
      vertex 1.190625e+01 2.468966e+00 3.114002e+00
      vertex 1.190625e+01 -1.354653e+00 5.501900e+00
      vertex 1.190625e+01 -1.254478e+01 5.496688e+00
    endloop
  endfacet
  facet normal 1.000000e+00 0.000000e+00 -6.123234e-17
    outer loop
      vertex 1.190625e+01 -1.354653e+00 5.501900e+00
      vertex 1.190625e+01 2.468966e+00 3.114002e+00
      vertex 1.190625e+01 -9.504435e-01 5.593329e+00
    endloop
  endfacet
  facet normal 1.000000e+00 0.000000e+00 -6.123234e-17
    outer loop
      vertex 1.190625e+01 -9.504435e-01 5.593329e+00
      vertex 1.190625e+01 2.468966e+00 3.114002e+00
      vertex 1.190625e+01 -5.836709e-01 5.786259e+00
    endloop
  endfacet
  facet normal 1.000000e+00 0.000000e+00 -6.123234e-17
    outer loop
      vertex 1.190625e+01 -5.836709e-01 5.786259e+00
      vertex 1.190625e+01 2.468966e+00 3.114002e+00
      vertex 1.190625e+01 -2.793298e-01 6.067544e+00
    endloop
  endfacet
  facet normal 1.000000e+00 0.000000e+00 -6.123234e-17
    outer loop
      vertex 1.190625e+01 -2.793298e-01 6.067544e+00
      vertex 1.190625e+01 2.468966e+00 3.114002e+00
      vertex 1.190625e+01 2.468966e+00 1.025775e+01
    endloop
  endfacet
  facet normal 1.000000e+00 0.000000e+00 -6.123234e-17
    outer loop
      vertex 1.190625e+01 -2.793298e-01 6.067544e+00
      vertex 1.190625e+01 2.468966e+00 1.025775e+01
      vertex 1.190625e+01 -5.816021e-02 6.418013e+00
    endloop
  endfacet
  facet normal 1.000000e+00 0.000000e+00 -6.123234e-17
    outer loop
      vertex 1.190625e+01 -5.816021e-02 6.418013e+00
      vertex 1.190625e+01 2.468966e+00 1.025775e+01
      vertex 1.190625e+01 6.476485e-02 6.813782e+00
    endloop
  endfacet
  facet normal 1.000000e+00 0.000000e+00 -6.123234e-17
    outer loop
      vertex 1.190625e+01 6.476485e-02 6.813782e+00
      vertex 1.190625e+01 2.468966e+00 1.025775e+01
      vertex 1.190625e+01 8.106866e-02 7.227883e+00
    endloop
  endfacet
  facet normal 1.000000e+00 0.000000e+00 -6.123234e-17
    outer loop
      vertex 1.190625e+01 8.106866e-02 7.227883e+00
      vertex 1.190625e+01 2.468966e+00 1.025775e+01
      vertex 1.190625e+01 -1.036001e-02 7.632092e+00
    endloop
  endfacet
  facet normal 1.000000e+00 0.000000e+00 -6.123234e-17
    outer loop
      vertex 1.190625e+01 -1.036001e-02 7.632092e+00
      vertex 1.190625e+01 2.468966e+00 1.025775e+01
      vertex 1.190625e+01 -2.032905e-01 7.998865e+00
    endloop
  endfacet
  facet normal 1.000000e+00 0.000000e+00 -6.123234e-17
    outer loop
      vertex 1.190625e+01 -2.032905e-01 7.998865e+00
      vertex 1.190625e+01 2.468966e+00 1.025775e+01
      vertex 1.190625e+01 -4.845748e-01 8.303206e+00
    endloop
  endfacet
  facet normal 1.000000e+00 0.000000e+00 -6.123234e-17
    outer loop
      vertex 1.190625e+01 -4.845748e-01 8.303206e+00
      vertex 1.190625e+01 2.468966e+00 1.025775e+01
      vertex 1.190625e+01 -8.350443e-01 8.524376e+00
    endloop
  endfacet
  facet normal 1.000000e+00 0.000000e+00 -6.123234e-17
    outer loop
      vertex 1.190625e+01 -8.350443e-01 8.524376e+00
      vertex 1.190625e+01 2.468966e+00 1.025775e+01
      vertex 1.190625e+01 -1.230814e+00 8.647301e+00
    endloop
  endfacet
  facet normal 1.000000e+00 0.000000e+00 -6.123234e-17
    outer loop
      vertex 1.190625e+01 -1.230814e+00 8.647301e+00
      vertex 1.190625e+01 2.468966e+00 1.025775e+01
      vertex 1.190625e+01 -1.644914e+00 8.663604e+00
    endloop
  endfacet
  facet normal 1.000000e+00 0.000000e+00 -6.123234e-17
    outer loop
      vertex 1.190625e+01 -1.644914e+00 8.663604e+00
      vertex 1.190625e+01 2.468966e+00 1.025775e+01
      vertex 1.190625e+01 -1.267979e+01 8.668816e+00
    endloop
  endfacet
  facet normal 1.000000e+00 0.000000e+00 -6.123234e-17
    outer loop
      vertex 1.190625e+01 2.468966e+00 3.114002e+00
      vertex 1.190625e+01 -1.658103e+01 8.881784e-16
      vertex 1.190625e+01 2.468966e+00 8.881784e-16
    endloop
  endfacet
  facet normal 1.000000e+00 0.000000e+00 -6.123234e-17
    outer loop
      vertex 1.190625e+01 -1.658103e+01 8.881784e-16
      vertex 1.190625e+01 2.468966e+00 3.114002e+00
      vertex 1.190625e+01 -1.295758e+01 5.533259e+00
    endloop
  endfacet
  facet normal 1.000000e+00 0.000000e+00 -6.123234e-17
    outer loop
      vertex 1.190625e+01 -1.658103e+01 8.881784e-16
      vertex 1.190625e+01 -1.295758e+01 5.533259e+00
      vertex 1.190625e+01 -1.334685e+01 5.675427e+00
    endloop
  endfacet
  facet normal 1.000000e+00 0.000000e+00 -6.123234e-17
    outer loop
      vertex 1.190625e+01 -1.658103e+01 8.881784e-16
      vertex 1.190625e+01 -1.334685e+01 5.675427e+00
      vertex 1.190625e+01 -1.368607e+01 5.913501e+00
    endloop
  endfacet
  facet normal 1.000000e+00 0.000000e+00 -6.123234e-17
    outer loop
      vertex 1.190625e+01 -1.658103e+01 8.881784e-16
      vertex 1.190625e+01 -1.368607e+01 5.913501e+00
      vertex 1.190625e+01 -1.395210e+01 6.231257e+00
    endloop
  endfacet
  facet normal 1.000000e+00 0.000000e+00 -6.123234e-17
    outer loop
      vertex 1.190625e+01 -1.658103e+01 8.881784e-16
      vertex 1.190625e+01 -1.395210e+01 6.231257e+00
      vertex 1.190625e+01 -1.658103e+01 1.025775e+01
    endloop
  endfacet
  facet normal 1.000000e+00 0.000000e+00 -6.123234e-17
    outer loop
      vertex 1.190625e+01 -1.295758e+01 5.533259e+00
      vertex 1.190625e+01 2.468966e+00 3.114002e+00
      vertex 1.190625e+01 -1.254478e+01 5.496688e+00
    endloop
  endfacet
  facet normal 1.000000e+00 0.000000e+00 -6.123234e-17
    outer loop
      vertex 1.190625e+01 -1.658103e+01 1.025775e+01
      vertex 1.190625e+01 -1.395210e+01 6.231257e+00
      vertex 1.190625e+01 -1.412683e+01 6.607041e+00
    endloop
  endfacet
  facet normal 1.000000e+00 0.000000e+00 -6.123234e-17
    outer loop
      vertex 1.190625e+01 -1.658103e+01 1.025775e+01
      vertex 1.190625e+01 -1.412683e+01 6.607041e+00
      vertex 1.190625e+01 -1.419835e+01 7.015245e+00
    endloop
  endfacet
  facet normal 1.000000e+00 0.000000e+00 -6.123234e-17
    outer loop
      vertex 1.190625e+01 -1.658103e+01 1.025775e+01
      vertex 1.190625e+01 -1.419835e+01 7.015245e+00
      vertex 1.190625e+01 -1.416178e+01 7.428048e+00
    endloop
  endfacet
  facet normal 1.000000e+00 0.000000e+00 -6.123234e-17
    outer loop
      vertex 1.190625e+01 -1.658103e+01 1.025775e+01
      vertex 1.190625e+01 -1.416178e+01 7.428048e+00
      vertex 1.190625e+01 -1.401961e+01 7.817321e+00
    endloop
  endfacet
  facet normal 1.000000e+00 0.000000e+00 -6.123234e-17
    outer loop
      vertex 1.190625e+01 -1.658103e+01 1.025775e+01
      vertex 1.190625e+01 -1.401961e+01 7.817321e+00
      vertex 1.190625e+01 -1.378154e+01 8.156534e+00
    endloop
  endfacet
  facet normal 1.000000e+00 0.000000e+00 -6.123234e-17
    outer loop
      vertex 1.190625e+01 -1.658103e+01 1.025775e+01
      vertex 1.190625e+01 -1.378154e+01 8.156534e+00
      vertex 1.190625e+01 -1.346378e+01 8.422570e+00
    endloop
  endfacet
  facet normal 1.000000e+00 0.000000e+00 -6.123234e-17
    outer loop
      vertex 1.190625e+01 -1.658103e+01 1.025775e+01
      vertex 1.190625e+01 -1.346378e+01 8.422570e+00
      vertex 1.190625e+01 -1.308799e+01 8.597300e+00
    endloop
  endfacet
  facet normal 1.000000e+00 0.000000e+00 -6.123234e-17
    outer loop
      vertex 1.190625e+01 -1.658103e+01 1.025775e+01
      vertex 1.190625e+01 -1.308799e+01 8.597300e+00
      vertex 1.190625e+01 -1.267979e+01 8.668816e+00
    endloop
  endfacet
  facet normal 1.000000e+00 0.000000e+00 -6.123234e-17
    outer loop
      vertex 1.190625e+01 -1.658103e+01 1.025775e+01
      vertex 1.190625e+01 -1.267979e+01 8.668816e+00
      vertex 1.190625e+01 2.468966e+00 1.025775e+01
    endloop
  endfacet
  facet normal 1.000000e+00 0.000000e+00 -6.123234e-17
    outer loop
      vertex 1.190625e+01 -1.354653e+00 5.501900e+00
      vertex 1.190625e+01 -1.213657e+01 5.568204e+00
      vertex 1.190625e+01 -1.254478e+01 5.496688e+00
    endloop
  endfacet
  facet normal 1.000000e+00 0.000000e+00 -6.123234e-17
    outer loop
      vertex 1.190625e+01 -1.213657e+01 5.568204e+00
      vertex 1.190625e+01 -1.354653e+00 5.501900e+00
      vertex 1.190625e+01 -1.768753e+00 5.518204e+00
    endloop
  endfacet
  facet normal 1.000000e+00 0.000000e+00 -6.123234e-17
    outer loop
      vertex 1.190625e+01 -1.213657e+01 5.568204e+00
      vertex 1.190625e+01 -1.768753e+00 5.518204e+00
      vertex 1.190625e+01 -2.164523e+00 5.641129e+00
    endloop
  endfacet
  facet normal 1.000000e+00 0.000000e+00 -6.123234e-17
    outer loop
      vertex 1.190625e+01 -1.213657e+01 5.568204e+00
      vertex 1.190625e+01 -2.164523e+00 5.641129e+00
      vertex 1.190625e+01 -1.176079e+01 5.742934e+00
    endloop
  endfacet
  facet normal 1.000000e+00 0.000000e+00 -6.123234e-17
    outer loop
      vertex 1.190625e+01 -1.176079e+01 5.742934e+00
      vertex 1.190625e+01 -2.164523e+00 5.641129e+00
      vertex 1.190625e+01 -2.514992e+00 5.862298e+00
    endloop
  endfacet
  facet normal 1.000000e+00 0.000000e+00 -6.123234e-17
    outer loop
      vertex 1.190625e+01 -1.176079e+01 5.742934e+00
      vertex 1.190625e+01 -2.514992e+00 5.862298e+00
      vertex 1.190625e+01 -1.144303e+01 6.008971e+00
    endloop
  endfacet
  facet normal 1.000000e+00 0.000000e+00 -6.123234e-17
    outer loop
      vertex 1.190625e+01 -1.144303e+01 6.008971e+00
      vertex 1.190625e+01 -2.514992e+00 5.862298e+00
      vertex 1.190625e+01 -2.796276e+00 6.166640e+00
    endloop
  endfacet
  facet normal 1.000000e+00 0.000000e+00 -6.123234e-17
    outer loop
      vertex 1.190625e+01 -1.144303e+01 6.008971e+00
      vertex 1.190625e+01 -2.796276e+00 6.166640e+00
      vertex 1.190625e+01 -1.120496e+01 6.348184e+00
    endloop
  endfacet
  facet normal 1.000000e+00 0.000000e+00 -6.123234e-17
    outer loop
      vertex 1.190625e+01 -1.120496e+01 6.348184e+00
      vertex 1.190625e+01 -2.796276e+00 6.166640e+00
      vertex 1.190625e+01 -2.989207e+00 6.533412e+00
    endloop
  endfacet
  facet normal 1.000000e+00 0.000000e+00 -6.123234e-17
    outer loop
      vertex 1.190625e+01 -1.120496e+01 6.348184e+00
      vertex 1.190625e+01 -2.989207e+00 6.533412e+00
      vertex 1.190625e+01 -1.106279e+01 6.737456e+00
    endloop
  endfacet
  facet normal 1.000000e+00 0.000000e+00 -6.123234e-17
    outer loop
      vertex 1.190625e+01 -1.106279e+01 6.737456e+00
      vertex 1.190625e+01 -2.989207e+00 6.533412e+00
      vertex 1.190625e+01 -3.080636e+00 6.937621e+00
    endloop
  endfacet
  facet normal 1.000000e+00 0.000000e+00 -6.123234e-17
    outer loop
      vertex 1.190625e+01 -1.106279e+01 6.737456e+00
      vertex 1.190625e+01 -3.080636e+00 6.937621e+00
      vertex 1.190625e+01 -1.102622e+01 7.150260e+00
    endloop
  endfacet
  facet normal 1.000000e+00 0.000000e+00 -6.123234e-17
    outer loop
      vertex 1.190625e+01 -1.102622e+01 7.150260e+00
      vertex 1.190625e+01 -3.080636e+00 6.937621e+00
      vertex 1.190625e+01 -3.064332e+00 7.351721e+00
    endloop
  endfacet
  facet normal 1.000000e+00 0.000000e+00 -6.123234e-17
    outer loop
      vertex 1.190625e+01 -1.102622e+01 7.150260e+00
      vertex 1.190625e+01 -3.064332e+00 7.351721e+00
      vertex 1.190625e+01 -1.109774e+01 7.558463e+00
    endloop
  endfacet
  facet normal 1.000000e+00 0.000000e+00 -6.123234e-17
    outer loop
      vertex 1.190625e+01 -1.109774e+01 7.558463e+00
      vertex 1.190625e+01 -3.064332e+00 7.351721e+00
      vertex 1.190625e+01 -2.941407e+00 7.747491e+00
    endloop
  endfacet
  facet normal 1.000000e+00 0.000000e+00 -6.123234e-17
    outer loop
      vertex 1.190625e+01 -1.109774e+01 7.558463e+00
      vertex 1.190625e+01 -2.941407e+00 7.747491e+00
      vertex 1.190625e+01 -1.127247e+01 7.934248e+00
    endloop
  endfacet
  facet normal 1.000000e+00 0.000000e+00 -6.123234e-17
    outer loop
      vertex 1.190625e+01 -1.127247e+01 7.934248e+00
      vertex 1.190625e+01 -2.941407e+00 7.747491e+00
      vertex 1.190625e+01 -2.720238e+00 8.097960e+00
    endloop
  endfacet
  facet normal 1.000000e+00 0.000000e+00 -6.123234e-17
    outer loop
      vertex 1.190625e+01 -1.127247e+01 7.934248e+00
      vertex 1.190625e+01 -2.720238e+00 8.097960e+00
      vertex 1.190625e+01 -1.153850e+01 8.252004e+00
    endloop
  endfacet
  facet normal 1.000000e+00 0.000000e+00 -6.123234e-17
    outer loop
      vertex 1.190625e+01 -1.153850e+01 8.252004e+00
      vertex 1.190625e+01 -2.720238e+00 8.097960e+00
      vertex 1.190625e+01 -2.415897e+00 8.379245e+00
    endloop
  endfacet
  facet normal 1.000000e+00 0.000000e+00 -6.123234e-17
    outer loop
      vertex 1.190625e+01 -1.153850e+01 8.252004e+00
      vertex 1.190625e+01 -2.415897e+00 8.379245e+00
      vertex 1.190625e+01 -1.187771e+01 8.490078e+00
    endloop
  endfacet
  facet normal 1.000000e+00 0.000000e+00 -6.123234e-17
    outer loop
      vertex 1.190625e+01 -1.187771e+01 8.490078e+00
      vertex 1.190625e+01 -2.415897e+00 8.379245e+00
      vertex 1.190625e+01 -2.049124e+00 8.572175e+00
    endloop
  endfacet
  facet normal 1.000000e+00 0.000000e+00 -6.123234e-17
    outer loop
      vertex 1.190625e+01 -1.187771e+01 8.490078e+00
      vertex 1.190625e+01 -2.049124e+00 8.572175e+00
      vertex 1.190625e+01 -1.226699e+01 8.632244e+00
    endloop
  endfacet
  facet normal 1.000000e+00 0.000000e+00 -6.123234e-17
    outer loop
      vertex 1.190625e+01 -1.226699e+01 8.632244e+00
      vertex 1.190625e+01 -2.049124e+00 8.572175e+00
      vertex 1.190625e+01 -1.644914e+00 8.663604e+00
    endloop
  endfacet
  facet normal 1.000000e+00 0.000000e+00 -6.123234e-17
    outer loop
      vertex 1.190625e+01 -1.226699e+01 8.632244e+00
      vertex 1.190625e+01 -1.644914e+00 8.663604e+00
      vertex 1.190625e+01 -1.267979e+01 8.668816e+00
    endloop
  endfacet
  facet normal 3.826834e-01 -9.238795e-01 -3.698688e-16
    outer loop
      vertex 1.018959e+01 1.318463e+01 3.114002e+00
      vertex 1.057247e+01 1.334322e+01 8.881784e-16
      vertex 1.057247e+01 1.334322e+01 3.114002e+00
    endloop
  endfacet
  facet normal 3.826834e-01 -9.238795e-01 -3.698688e-16
    outer loop
      vertex 1.057247e+01 1.334322e+01 8.881784e-16
      vertex 1.018959e+01 1.318463e+01 3.114002e+00
      vertex 1.018959e+01 1.318463e+01 8.881784e-16
    endloop
  endfacet
  facet normal 1.305262e-01 -9.914448e-01 -7.859688e-18
    outer loop
      vertex 1.057247e+01 1.334322e+01 3.114002e+00
      vertex 1.098334e+01 1.339731e+01 8.881784e-16
      vertex 1.098334e+01 1.339731e+01 3.114002e+00
    endloop
  endfacet
  facet normal 1.305262e-01 -9.914448e-01 -7.859688e-18
    outer loop
      vertex 1.098334e+01 1.339731e+01 8.881784e-16
      vertex 1.057247e+01 1.334322e+01 3.114002e+00
      vertex 1.057247e+01 1.334322e+01 8.881784e-16
    endloop
  endfacet
  facet normal -1.305262e-01 -9.914448e-01 8.505772e-18
    outer loop
      vertex 1.098334e+01 1.339731e+01 3.114002e+00
      vertex 1.139422e+01 1.334322e+01 8.881784e-16
      vertex 1.139422e+01 1.334322e+01 3.114002e+00
    endloop
  endfacet
  facet normal -1.305262e-01 -9.914448e-01 8.505772e-18
    outer loop
      vertex 1.139422e+01 1.334322e+01 8.881784e-16
      vertex 1.098334e+01 1.339731e+01 3.114002e+00
      vertex 1.098334e+01 1.339731e+01 8.881784e-16
    endloop
  endfacet
  facet normal -3.826834e-01 -9.238795e-01 2.272217e-17
    outer loop
      vertex 1.139422e+01 1.334322e+01 3.114002e+00
      vertex 1.177709e+01 1.318463e+01 8.881784e-16
      vertex 1.177709e+01 1.318463e+01 3.114002e+00
    endloop
  endfacet
  facet normal -3.826834e-01 -9.238795e-01 2.272217e-17
    outer loop
      vertex 1.177709e+01 1.318463e+01 8.881784e-16
      vertex 1.139422e+01 1.334322e+01 3.114002e+00
      vertex 1.139422e+01 1.334322e+01 8.881784e-16
    endloop
  endfacet
  facet normal -6.087614e-01 -7.933533e-01 -1.307808e-16
    outer loop
      vertex 1.177709e+01 1.318463e+01 3.114002e+00
      vertex 1.210588e+01 1.293234e+01 8.881784e-16
      vertex 1.210588e+01 1.293234e+01 3.114002e+00
    endloop
  endfacet
  facet normal -6.087614e-01 -7.933533e-01 -1.307808e-16
    outer loop
      vertex 1.210588e+01 1.293234e+01 8.881784e-16
      vertex 1.177709e+01 1.318463e+01 3.114002e+00
      vertex 1.177709e+01 1.318463e+01 8.881784e-16
    endloop
  endfacet
  facet normal -7.933533e-01 -6.087614e-01 -3.325382e-16
    outer loop
      vertex 1.235816e+01 1.260356e+01 3.114002e+00
      vertex 1.210588e+01 1.293234e+01 8.881784e-16
      vertex 1.235816e+01 1.260356e+01 8.881784e-16
    endloop
  endfacet
  facet normal -7.933533e-01 -6.087614e-01 -3.325382e-16
    outer loop
      vertex 1.210588e+01 1.293234e+01 8.881784e-16
      vertex 1.235816e+01 1.260356e+01 3.114002e+00
      vertex 1.210588e+01 1.293234e+01 3.114002e+00
    endloop
  endfacet
  facet normal -9.238795e-01 -3.826834e-01 8.941768e-16
    outer loop
      vertex 1.251675e+01 1.222069e+01 8.881784e-16
      vertex 1.235816e+01 1.260356e+01 3.114002e+00
      vertex 1.235816e+01 1.260356e+01 8.881784e-16
    endloop
  endfacet
  facet normal -9.238795e-01 -3.826834e-01 8.941768e-16
    outer loop
      vertex 1.235816e+01 1.260356e+01 3.114002e+00
      vertex 1.251675e+01 1.222069e+01 8.881784e-16
      vertex 1.251675e+01 1.222069e+01 3.114002e+00
    endloop
  endfacet
  facet normal -9.914448e-01 -1.305262e-01 8.402799e-16
    outer loop
      vertex 1.257084e+01 1.180981e+01 3.114002e+00
      vertex 1.251675e+01 1.222069e+01 8.881784e-16
      vertex 1.257084e+01 1.180981e+01 8.881784e-16
    endloop
  endfacet
  facet normal -9.914448e-01 -1.305262e-01 8.402799e-16
    outer loop
      vertex 1.251675e+01 1.222069e+01 8.881784e-16
      vertex 1.257084e+01 1.180981e+01 3.114002e+00
      vertex 1.251675e+01 1.222069e+01 3.114002e+00
    endloop
  endfacet
  facet normal -9.914448e-01 1.305262e-01 1.313578e-15
    outer loop
      vertex 1.251675e+01 1.139894e+01 8.881784e-16
      vertex 1.257084e+01 1.180981e+01 3.114002e+00
      vertex 1.257084e+01 1.180981e+01 8.881784e-16
    endloop
  endfacet
  facet normal -9.914448e-01 1.305262e-01 1.313578e-15
    outer loop
      vertex 1.257084e+01 1.180981e+01 3.114002e+00
      vertex 1.251675e+01 1.139894e+01 8.881784e-16
      vertex 1.251675e+01 1.139894e+01 3.114002e+00
    endloop
  endfacet
  facet normal -9.238795e-01 3.826834e-01 2.423738e-15
    outer loop
      vertex 1.235816e+01 1.101606e+01 3.114002e+00
      vertex 1.251675e+01 1.139894e+01 8.881784e-16
      vertex 1.235816e+01 1.101606e+01 8.881784e-16
    endloop
  endfacet
  facet normal -9.238795e-01 3.826834e-01 2.423738e-15
    outer loop
      vertex 1.251675e+01 1.139894e+01 8.881784e-16
      vertex 1.235816e+01 1.101606e+01 3.114002e+00
      vertex 1.251675e+01 1.139894e+01 3.114002e+00
    endloop
  endfacet
  facet normal -7.933533e-01 6.087614e-01 2.421122e-15
    outer loop
      vertex 1.210588e+01 1.068728e+01 8.881784e-16
      vertex 1.235816e+01 1.101606e+01 3.114002e+00
      vertex 1.235816e+01 1.101606e+01 8.881784e-16
    endloop
  endfacet
  facet normal -7.933533e-01 6.087614e-01 2.421122e-15
    outer loop
      vertex 1.235816e+01 1.101606e+01 3.114002e+00
      vertex 1.210588e+01 1.068728e+01 8.881784e-16
      vertex 1.210588e+01 1.068728e+01 3.114002e+00
    endloop
  endfacet
  facet normal -6.087614e-01 7.933533e-01 2.189988e-15
    outer loop
      vertex 1.177709e+01 1.043500e+01 8.881784e-16
      vertex 1.210588e+01 1.068728e+01 3.114002e+00
      vertex 1.210588e+01 1.068728e+01 8.881784e-16
    endloop
  endfacet
  facet normal -6.087614e-01 7.933533e-01 2.189988e-15
    outer loop
      vertex 1.210588e+01 1.068728e+01 3.114002e+00
      vertex 1.177709e+01 1.043500e+01 8.881784e-16
      vertex 1.177709e+01 1.043500e+01 3.114002e+00
    endloop
  endfacet
  facet normal -3.826834e-01 9.238795e-01 1.697310e-15
    outer loop
      vertex 1.139422e+01 1.027640e+01 8.881784e-16
      vertex 1.177709e+01 1.043500e+01 3.114002e+00
      vertex 1.177709e+01 1.043500e+01 8.881784e-16
    endloop
  endfacet
  facet normal -3.826834e-01 9.238795e-01 1.697310e-15
    outer loop
      vertex 1.177709e+01 1.043500e+01 3.114002e+00
      vertex 1.139422e+01 1.027640e+01 8.881784e-16
      vertex 1.139422e+01 1.027640e+01 3.114002e+00
    endloop
  endfacet
  facet normal -1.305262e-01 9.914448e-01 9.053963e-16
    outer loop
      vertex 1.098334e+01 1.022231e+01 8.881784e-16
      vertex 1.139422e+01 1.027640e+01 3.114002e+00
      vertex 1.139422e+01 1.027640e+01 8.881784e-16
    endloop
  endfacet
  facet normal -1.305262e-01 9.914448e-01 9.053963e-16
    outer loop
      vertex 1.139422e+01 1.027640e+01 3.114002e+00
      vertex 1.098334e+01 1.022231e+01 8.881784e-16
      vertex 1.098334e+01 1.022231e+01 3.114002e+00
    endloop
  endfacet
  facet normal 1.305262e-01 9.914448e-01 -1.267113e-16
    outer loop
      vertex 1.057247e+01 1.027640e+01 8.881784e-16
      vertex 1.098334e+01 1.022231e+01 3.114002e+00
      vertex 1.098334e+01 1.022231e+01 8.881784e-16
    endloop
  endfacet
  facet normal 1.305262e-01 9.914448e-01 -1.267113e-16
    outer loop
      vertex 1.098334e+01 1.022231e+01 3.114002e+00
      vertex 1.057247e+01 1.027640e+01 8.881784e-16
      vertex 1.057247e+01 1.027640e+01 3.114002e+00
    endloop
  endfacet
  facet normal 3.826834e-01 9.238795e-01 1.303053e-15
    outer loop
      vertex 1.057247e+01 1.027640e+01 8.881784e-16
      vertex 1.018959e+01 1.043500e+01 3.114002e+00
      vertex 1.057247e+01 1.027640e+01 3.114002e+00
    endloop
  endfacet
  facet normal 3.826834e-01 9.238795e-01 1.303053e-15
    outer loop
      vertex 1.018959e+01 1.043500e+01 3.114002e+00
      vertex 1.057247e+01 1.027640e+01 8.881784e-16
      vertex 1.018959e+01 1.043500e+01 8.881784e-16
    endloop
  endfacet
  facet normal 6.087614e-01 7.933533e-01 3.552659e-15
    outer loop
      vertex 9.860813e+00 1.068728e+01 8.881784e-16
      vertex 1.018959e+01 1.043500e+01 3.114002e+00
      vertex 1.018959e+01 1.043500e+01 8.881784e-16
    endloop
  endfacet
  facet normal 6.087614e-01 7.933533e-01 3.552659e-15
    outer loop
      vertex 1.018959e+01 1.043500e+01 3.114002e+00
      vertex 9.860813e+00 1.068728e+01 8.881784e-16
      vertex 9.860813e+00 1.068728e+01 3.114002e+00
    endloop
  endfacet
  facet normal 7.933533e-01 6.087614e-01 1.437544e-15
    outer loop
      vertex 9.608530e+00 1.101606e+01 3.114002e+00
      vertex 9.860813e+00 1.068728e+01 8.881784e-16
      vertex 9.608530e+00 1.101606e+01 8.881784e-16
    endloop
  endfacet
  facet normal 7.933533e-01 6.087614e-01 1.437544e-15
    outer loop
      vertex 9.860813e+00 1.068728e+01 8.881784e-16
      vertex 9.608530e+00 1.101606e+01 3.114002e+00
      vertex 9.860813e+00 1.068728e+01 3.114002e+00
    endloop
  endfacet
  facet normal 9.238795e-01 3.826834e-01 -2.006738e-16
    outer loop
      vertex 9.449938e+00 1.139894e+01 3.114002e+00
      vertex 9.608530e+00 1.101606e+01 8.881784e-16
      vertex 9.449938e+00 1.139894e+01 8.881784e-16
    endloop
  endfacet
  facet normal 9.238795e-01 3.826834e-01 -2.006738e-16
    outer loop
      vertex 9.608530e+00 1.101606e+01 8.881784e-16
      vertex 9.449938e+00 1.139894e+01 3.114002e+00
      vertex 9.608530e+00 1.101606e+01 3.114002e+00
    endloop
  endfacet
  facet normal 9.914448e-01 1.305262e-01 2.943286e-16
    outer loop
      vertex 9.395844e+00 1.180981e+01 3.114002e+00
      vertex 9.449938e+00 1.139894e+01 8.881784e-16
      vertex 9.395844e+00 1.180981e+01 8.881784e-16
    endloop
  endfacet
  facet normal 9.914448e-01 1.305262e-01 2.943286e-16
    outer loop
      vertex 9.449938e+00 1.139894e+01 8.881784e-16
      vertex 9.395844e+00 1.180981e+01 3.114002e+00
      vertex 9.449938e+00 1.139894e+01 3.114002e+00
    endloop
  endfacet
  facet normal 9.914448e-01 -1.305262e-01 -1.788364e-16
    outer loop
      vertex 9.449938e+00 1.222069e+01 3.114002e+00
      vertex 9.395844e+00 1.180981e+01 8.881784e-16
      vertex 9.449938e+00 1.222069e+01 8.881784e-16
    endloop
  endfacet
  facet normal 9.914448e-01 -1.305262e-01 -1.788364e-16
    outer loop
      vertex 9.395844e+00 1.180981e+01 8.881784e-16
      vertex 9.449938e+00 1.222069e+01 3.114002e+00
      vertex 9.395844e+00 1.180981e+01 3.114002e+00
    endloop
  endfacet
  facet normal 9.238795e-01 -3.826834e-01 -8.931945e-16
    outer loop
      vertex 9.608530e+00 1.260356e+01 3.114002e+00
      vertex 9.449938e+00 1.222069e+01 8.881784e-16
      vertex 9.608530e+00 1.260356e+01 8.881784e-16
    endloop
  endfacet
  facet normal 9.238795e-01 -3.826834e-01 -8.931945e-16
    outer loop
      vertex 9.449938e+00 1.222069e+01 8.881784e-16
      vertex 9.608530e+00 1.260356e+01 3.114002e+00
      vertex 9.449938e+00 1.222069e+01 3.114002e+00
    endloop
  endfacet
  facet normal 7.933533e-01 -6.087614e-01 -3.138140e-15
    outer loop
      vertex 9.860813e+00 1.293234e+01 8.881784e-16
      vertex 9.608530e+00 1.260356e+01 3.114002e+00
      vertex 9.608530e+00 1.260356e+01 8.881784e-16
    endloop
  endfacet
  facet normal 7.933533e-01 -6.087614e-01 -3.138140e-15
    outer loop
      vertex 9.608530e+00 1.260356e+01 3.114002e+00
      vertex 9.860813e+00 1.293234e+01 8.881784e-16
      vertex 9.860813e+00 1.293234e+01 3.114002e+00
    endloop
  endfacet
  facet normal 6.087614e-01 -7.933533e-01 -2.576842e-15
    outer loop
      vertex 9.860813e+00 1.293234e+01 3.114002e+00
      vertex 1.018959e+01 1.318463e+01 8.881784e-16
      vertex 1.018959e+01 1.318463e+01 3.114002e+00
    endloop
  endfacet
  facet normal 6.087614e-01 -7.933533e-01 -2.576842e-15
    outer loop
      vertex 1.018959e+01 1.318463e+01 8.881784e-16
      vertex 9.860813e+00 1.293234e+01 3.114002e+00
      vertex 9.860813e+00 1.293234e+01 8.881784e-16
    endloop
  endfacet
  facet normal -2.100574e-17 9.393172e-01 -3.430498e-01
    outer loop
      vertex 7.143750e+00 -1.416178e+01 7.428048e+00
      vertex 1.190625e+01 -1.401961e+01 7.817321e+00
      vertex 1.190625e+01 -1.416178e+01 7.428048e+00
    endloop
  endfacet
  facet normal -2.100574e-17 9.393172e-01 -3.430498e-01
    outer loop
      vertex 1.190625e+01 -1.401961e+01 7.817321e+00
      vertex 7.143750e+00 -1.416178e+01 7.428048e+00
      vertex 7.143750e+00 -1.401961e+01 7.817321e+00
    endloop
  endfacet
  facet normal -5.403599e-18 9.960986e-01 -8.824746e-02
    outer loop
      vertex 7.143750e+00 -1.419835e+01 7.015245e+00
      vertex 1.190625e+01 -1.416178e+01 7.428048e+00
      vertex 1.190625e+01 -1.419835e+01 7.015245e+00
    endloop
  endfacet
  facet normal -5.403599e-18 9.960986e-01 -8.824746e-02
    outer loop
      vertex 1.190625e+01 -1.416178e+01 7.428048e+00
      vertex 7.143750e+00 -1.419835e+01 7.015245e+00
      vertex 7.143750e+00 -1.416178e+01 7.428048e+00
    endloop
  endfacet
  facet normal 1.056679e-17 9.849975e-01 1.725688e-01
    outer loop
      vertex 7.143750e+00 -1.412683e+01 6.607041e+00
      vertex 1.190625e+01 -1.419835e+01 7.015245e+00
      vertex 1.190625e+01 -1.412683e+01 6.607041e+00
    endloop
  endfacet
  facet normal 1.056679e-17 9.849975e-01 1.725688e-01
    outer loop
      vertex 1.190625e+01 -1.419835e+01 7.015245e+00
      vertex 7.143750e+00 -1.412683e+01 6.607041e+00
      vertex 7.143750e+00 -1.419835e+01 7.015245e+00
    endloop
  endfacet
  facet normal 2.581707e-17 9.067704e-01 4.216247e-01
    outer loop
      vertex 7.143750e+00 -1.395210e+01 6.231257e+00
      vertex 1.190625e+01 -1.412683e+01 6.607041e+00
      vertex 1.190625e+01 -1.395210e+01 6.231257e+00
    endloop
  endfacet
  facet normal 2.581707e-17 9.067704e-01 4.216247e-01
    outer loop
      vertex 1.190625e+01 -1.412683e+01 6.607041e+00
      vertex 7.143750e+00 -1.395210e+01 6.231257e+00
      vertex 7.143750e+00 -1.412683e+01 6.607041e+00
    endloop
  endfacet
  facet normal 3.930796e-17 7.667484e-01 6.419477e-01
    outer loop
      vertex 7.143750e+00 -1.368607e+01 5.913501e+00
      vertex 1.190625e+01 -1.395210e+01 6.231257e+00
      vertex 1.190625e+01 -1.368607e+01 5.913501e+00
    endloop
  endfacet
  facet normal 3.930796e-17 7.667484e-01 6.419477e-01
    outer loop
      vertex 1.190625e+01 -1.395210e+01 6.231257e+00
      vertex 7.143750e+00 -1.368607e+01 5.913501e+00
      vertex 7.143750e+00 -1.395210e+01 6.231257e+00
    endloop
  endfacet
  facet normal 5.012008e-17 5.744739e-01 8.185230e-01
    outer loop
      vertex 1.190625e+01 -1.334685e+01 5.675427e+00
      vertex 7.143750e+00 -1.368607e+01 5.913501e+00
      vertex 1.190625e+01 -1.368607e+01 5.913501e+00
    endloop
  endfacet
  facet normal 5.012008e-17 5.744739e-01 8.185230e-01
    outer loop
      vertex 7.143750e+00 -1.368607e+01 5.913501e+00
      vertex 1.190625e+01 -1.334685e+01 5.675427e+00
      vertex 7.143750e+00 -1.334685e+01 5.675427e+00
    endloop
  endfacet
  facet normal 5.751659e-17 3.430498e-01 9.393172e-01
    outer loop
      vertex 1.190625e+01 -1.295758e+01 5.533259e+00
      vertex 7.143750e+00 -1.334685e+01 5.675427e+00
      vertex 1.190625e+01 -1.334685e+01 5.675427e+00
    endloop
  endfacet
  facet normal 5.751659e-17 3.430498e-01 9.393172e-01
    outer loop
      vertex 7.143750e+00 -1.334685e+01 5.675427e+00
      vertex 1.190625e+01 -1.295758e+01 5.533259e+00
      vertex 7.143750e+00 -1.295758e+01 5.533259e+00
    endloop
  endfacet
  facet normal 6.099345e-17 8.824746e-02 9.960986e-01
    outer loop
      vertex 1.190625e+01 -1.254478e+01 5.496688e+00
      vertex 7.143750e+00 -1.295758e+01 5.533259e+00
      vertex 1.190625e+01 -1.295758e+01 5.533259e+00
    endloop
  endfacet
  facet normal 6.099345e-17 8.824746e-02 9.960986e-01
    outer loop
      vertex 7.143750e+00 -1.295758e+01 5.533259e+00
      vertex 1.190625e+01 -1.254478e+01 5.496688e+00
      vertex 7.143750e+00 -1.254478e+01 5.496688e+00
    endloop
  endfacet
  facet normal 6.031370e-17 -1.725688e-01 9.849975e-01
    outer loop
      vertex 1.190625e+01 -1.213657e+01 5.568204e+00
      vertex 7.143750e+00 -1.254478e+01 5.496688e+00
      vertex 1.190625e+01 -1.254478e+01 5.496688e+00
    endloop
  endfacet
  facet normal 6.031370e-17 -1.725688e-01 9.849975e-01
    outer loop
      vertex 7.143750e+00 -1.254478e+01 5.496688e+00
      vertex 1.190625e+01 -1.213657e+01 5.568204e+00
      vertex 7.143750e+00 -1.213657e+01 5.568204e+00
    endloop
  endfacet
  facet normal 5.552367e-17 -4.216247e-01 9.067704e-01
    outer loop
      vertex 1.190625e+01 -1.176079e+01 5.742934e+00
      vertex 7.143750e+00 -1.213657e+01 5.568204e+00
      vertex 1.190625e+01 -1.213657e+01 5.568204e+00
    endloop
  endfacet
  facet normal 5.552367e-17 -4.216247e-01 9.067704e-01
    outer loop
      vertex 7.143750e+00 -1.213657e+01 5.568204e+00
      vertex 1.190625e+01 -1.176079e+01 5.742934e+00
      vertex 7.143750e+00 -1.176079e+01 5.742934e+00
    endloop
  endfacet
  facet normal 4.694980e-17 -6.419477e-01 7.667484e-01
    outer loop
      vertex 1.190625e+01 -1.144303e+01 6.008971e+00
      vertex 7.143750e+00 -1.176079e+01 5.742934e+00
      vertex 1.190625e+01 -1.176079e+01 5.742934e+00
    endloop
  endfacet
  facet normal 4.694980e-17 -6.419477e-01 7.667484e-01
    outer loop
      vertex 7.143750e+00 -1.176079e+01 5.742934e+00
      vertex 1.190625e+01 -1.144303e+01 6.008971e+00
      vertex 7.143750e+00 -1.144303e+01 6.008971e+00
    endloop
  endfacet
  facet normal 3.517638e-17 -8.185230e-01 5.744739e-01
    outer loop
      vertex 7.143750e+00 -1.120496e+01 6.348184e+00
      vertex 1.190625e+01 -1.144303e+01 6.008971e+00
      vertex 1.190625e+01 -1.120496e+01 6.348184e+00
    endloop
  endfacet
  facet normal 3.517638e-17 -8.185230e-01 5.744739e-01
    outer loop
      vertex 1.190625e+01 -1.144303e+01 6.008971e+00
      vertex 7.143750e+00 -1.120496e+01 6.348184e+00
      vertex 7.143750e+00 -1.144303e+01 6.008971e+00
    endloop
  endfacet
  facet normal 2.100574e-17 -9.393172e-01 3.430498e-01
    outer loop
      vertex 7.143750e+00 -1.106279e+01 6.737456e+00
      vertex 1.190625e+01 -1.120496e+01 6.348184e+00
      vertex 1.190625e+01 -1.106279e+01 6.737456e+00
    endloop
  endfacet
  facet normal 2.100574e-17 -9.393172e-01 3.430498e-01
    outer loop
      vertex 1.190625e+01 -1.120496e+01 6.348184e+00
      vertex 7.143750e+00 -1.106279e+01 6.737456e+00
      vertex 7.143750e+00 -1.120496e+01 6.348184e+00
    endloop
  endfacet
  facet normal 5.403599e-18 -9.960986e-01 8.824746e-02
    outer loop
      vertex 7.143750e+00 -1.102622e+01 7.150260e+00
      vertex 1.190625e+01 -1.106279e+01 6.737456e+00
      vertex 1.190625e+01 -1.102622e+01 7.150260e+00
    endloop
  endfacet
  facet normal 5.403599e-18 -9.960986e-01 8.824746e-02
    outer loop
      vertex 1.190625e+01 -1.106279e+01 6.737456e+00
      vertex 7.143750e+00 -1.102622e+01 7.150260e+00
      vertex 7.143750e+00 -1.106279e+01 6.737456e+00
    endloop
  endfacet
  facet normal -1.056679e-17 -9.849975e-01 -1.725688e-01
    outer loop
      vertex 7.143750e+00 -1.109774e+01 7.558463e+00
      vertex 1.190625e+01 -1.102622e+01 7.150260e+00
      vertex 1.190625e+01 -1.109774e+01 7.558463e+00
    endloop
  endfacet
  facet normal -1.056679e-17 -9.849975e-01 -1.725688e-01
    outer loop
      vertex 1.190625e+01 -1.102622e+01 7.150260e+00
      vertex 7.143750e+00 -1.109774e+01 7.558463e+00
      vertex 7.143750e+00 -1.102622e+01 7.150260e+00
    endloop
  endfacet
  facet normal -2.581707e-17 -9.067704e-01 -4.216247e-01
    outer loop
      vertex 7.143750e+00 -1.127247e+01 7.934248e+00
      vertex 1.190625e+01 -1.109774e+01 7.558463e+00
      vertex 1.190625e+01 -1.127247e+01 7.934248e+00
    endloop
  endfacet
  facet normal -2.581707e-17 -9.067704e-01 -4.216247e-01
    outer loop
      vertex 1.190625e+01 -1.109774e+01 7.558463e+00
      vertex 7.143750e+00 -1.127247e+01 7.934248e+00
      vertex 7.143750e+00 -1.109774e+01 7.558463e+00
    endloop
  endfacet
  facet normal -3.930796e-17 -7.667484e-01 -6.419477e-01
    outer loop
      vertex 7.143750e+00 -1.153850e+01 8.252004e+00
      vertex 1.190625e+01 -1.127247e+01 7.934248e+00
      vertex 1.190625e+01 -1.153850e+01 8.252004e+00
    endloop
  endfacet
  facet normal -3.930796e-17 -7.667484e-01 -6.419477e-01
    outer loop
      vertex 1.190625e+01 -1.127247e+01 7.934248e+00
      vertex 7.143750e+00 -1.153850e+01 8.252004e+00
      vertex 7.143750e+00 -1.127247e+01 7.934248e+00
    endloop
  endfacet
  facet normal -5.012008e-17 -5.744739e-01 -8.185230e-01
    outer loop
      vertex 7.143750e+00 -1.153850e+01 8.252004e+00
      vertex 1.190625e+01 -1.187771e+01 8.490078e+00
      vertex 7.143750e+00 -1.187771e+01 8.490078e+00
    endloop
  endfacet
  facet normal -5.012008e-17 -5.744739e-01 -8.185230e-01
    outer loop
      vertex 1.190625e+01 -1.187771e+01 8.490078e+00
      vertex 7.143750e+00 -1.153850e+01 8.252004e+00
      vertex 1.190625e+01 -1.153850e+01 8.252004e+00
    endloop
  endfacet
  facet normal -5.751659e-17 -3.430498e-01 -9.393172e-01
    outer loop
      vertex 7.143750e+00 -1.187771e+01 8.490078e+00
      vertex 1.190625e+01 -1.226699e+01 8.632244e+00
      vertex 7.143750e+00 -1.226699e+01 8.632244e+00
    endloop
  endfacet
  facet normal -5.751659e-17 -3.430498e-01 -9.393172e-01
    outer loop
      vertex 1.190625e+01 -1.226699e+01 8.632244e+00
      vertex 7.143750e+00 -1.187771e+01 8.490078e+00
      vertex 1.190625e+01 -1.187771e+01 8.490078e+00
    endloop
  endfacet
  facet normal -6.099345e-17 -8.824746e-02 -9.960986e-01
    outer loop
      vertex 7.143750e+00 -1.226699e+01 8.632244e+00
      vertex 1.190625e+01 -1.267979e+01 8.668816e+00
      vertex 7.143750e+00 -1.267979e+01 8.668816e+00
    endloop
  endfacet
  facet normal -6.099345e-17 -8.824746e-02 -9.960986e-01
    outer loop
      vertex 1.190625e+01 -1.267979e+01 8.668816e+00
      vertex 7.143750e+00 -1.226699e+01 8.632244e+00
      vertex 1.190625e+01 -1.226699e+01 8.632244e+00
    endloop
  endfacet
  facet normal -6.031370e-17 1.725688e-01 -9.849975e-01
    outer loop
      vertex 7.143750e+00 -1.267979e+01 8.668816e+00
      vertex 1.190625e+01 -1.308799e+01 8.597300e+00
      vertex 7.143750e+00 -1.308799e+01 8.597300e+00
    endloop
  endfacet
  facet normal -6.031370e-17 1.725688e-01 -9.849975e-01
    outer loop
      vertex 1.190625e+01 -1.308799e+01 8.597300e+00
      vertex 7.143750e+00 -1.267979e+01 8.668816e+00
      vertex 1.190625e+01 -1.267979e+01 8.668816e+00
    endloop
  endfacet
  facet normal -5.552367e-17 4.216247e-01 -9.067704e-01
    outer loop
      vertex 7.143750e+00 -1.308799e+01 8.597300e+00
      vertex 1.190625e+01 -1.346378e+01 8.422570e+00
      vertex 7.143750e+00 -1.346378e+01 8.422570e+00
    endloop
  endfacet
  facet normal -5.552367e-17 4.216247e-01 -9.067704e-01
    outer loop
      vertex 1.190625e+01 -1.346378e+01 8.422570e+00
      vertex 7.143750e+00 -1.308799e+01 8.597300e+00
      vertex 1.190625e+01 -1.308799e+01 8.597300e+00
    endloop
  endfacet
  facet normal -4.694980e-17 6.419477e-01 -7.667484e-01
    outer loop
      vertex 7.143750e+00 -1.346378e+01 8.422570e+00
      vertex 1.190625e+01 -1.378154e+01 8.156534e+00
      vertex 7.143750e+00 -1.378154e+01 8.156534e+00
    endloop
  endfacet
  facet normal -4.694980e-17 6.419477e-01 -7.667484e-01
    outer loop
      vertex 1.190625e+01 -1.378154e+01 8.156534e+00
      vertex 7.143750e+00 -1.346378e+01 8.422570e+00
      vertex 1.190625e+01 -1.346378e+01 8.422570e+00
    endloop
  endfacet
  facet normal -3.517638e-17 8.185230e-01 -5.744739e-01
    outer loop
      vertex 7.143750e+00 -1.401961e+01 7.817321e+00
      vertex 1.190625e+01 -1.378154e+01 8.156534e+00
      vertex 1.190625e+01 -1.401961e+01 7.817321e+00
    endloop
  endfacet
  facet normal -3.517638e-17 8.185230e-01 -5.744739e-01
    outer loop
      vertex 1.190625e+01 -1.378154e+01 8.156534e+00
      vertex 7.143750e+00 -1.401961e+01 7.817321e+00
      vertex 7.143750e+00 -1.378154e+01 8.156534e+00
    endloop
  endfacet
  facet normal -6.118494e-17 -3.934087e-02 -9.992259e-01
    outer loop
      vertex 7.143750e+00 -1.230814e+00 8.647301e+00
      vertex 1.190625e+01 -1.644914e+00 8.663604e+00
      vertex 7.143750e+00 -1.644914e+00 8.663604e+00
    endloop
  endfacet
  facet normal -6.118494e-17 -3.934087e-02 -9.992259e-01
    outer loop
      vertex 1.190625e+01 -1.644914e+00 8.663604e+00
      vertex 7.143750e+00 -1.230814e+00 8.647301e+00
      vertex 1.190625e+01 -1.230814e+00 8.647301e+00
    endloop
  endfacet
  facet normal -5.972359e-17 2.206183e-01 -9.753602e-01
    outer loop
      vertex 7.143750e+00 -1.644914e+00 8.663604e+00
      vertex 1.190625e+01 -2.049124e+00 8.572175e+00
      vertex 7.143750e+00 -2.049124e+00 8.572175e+00
    endloop
  endfacet
  facet normal -5.972359e-17 2.206183e-01 -9.753602e-01
    outer loop
      vertex 1.190625e+01 -2.049124e+00 8.572175e+00
      vertex 7.143750e+00 -1.644914e+00 8.663604e+00
      vertex 1.190625e+01 -1.644914e+00 8.663604e+00
    endloop
  endfacet
  facet normal -5.419218e-17 4.655427e-01 -8.850254e-01
    outer loop
      vertex 7.143750e+00 -2.049124e+00 8.572175e+00
      vertex 1.190625e+01 -2.415897e+00 8.379245e+00
      vertex 7.143750e+00 -2.415897e+00 8.379245e+00
    endloop
  endfacet
  facet normal -5.419218e-17 4.655427e-01 -8.850254e-01
    outer loop
      vertex 1.190625e+01 -2.415897e+00 8.379245e+00
      vertex 7.143750e+00 -2.049124e+00 8.572175e+00
      vertex 1.190625e+01 -2.049124e+00 8.572175e+00
    endloop
  endfacet
  facet normal -4.496766e-17 6.787411e-01 -7.343776e-01
    outer loop
      vertex 7.143750e+00 -2.415897e+00 8.379245e+00
      vertex 1.190625e+01 -2.720238e+00 8.097960e+00
      vertex 7.143750e+00 -2.720238e+00 8.097960e+00
    endloop
  endfacet
  facet normal -4.496766e-17 6.787411e-01 -7.343776e-01
    outer loop
      vertex 1.190625e+01 -2.720238e+00 8.097960e+00
      vertex 7.143750e+00 -2.415897e+00 8.379245e+00
      vertex 1.190625e+01 -2.415897e+00 8.379245e+00
    endloop
  endfacet
  facet normal -3.267867e-17 8.456845e-01 -5.336831e-01
    outer loop
      vertex 7.143750e+00 -2.941407e+00 7.747491e+00
      vertex 1.190625e+01 -2.720238e+00 8.097960e+00
      vertex 1.190625e+01 -2.941407e+00 7.747491e+00
    endloop
  endfacet
  facet normal -3.267867e-17 8.456845e-01 -5.336831e-01
    outer loop
      vertex 1.190625e+01 -2.720238e+00 8.097960e+00
      vertex 7.143750e+00 -2.941407e+00 7.747491e+00
      vertex 7.143750e+00 -2.720238e+00 8.097960e+00
    endloop
  endfacet
  facet normal -1.816268e-17 9.549959e-01 -2.966191e-01
    outer loop
      vertex 7.143750e+00 -3.064332e+00 7.351721e+00
      vertex 1.190625e+01 -2.941407e+00 7.747491e+00
      vertex 1.190625e+01 -3.064332e+00 7.351721e+00
    endloop
  endfacet
  facet normal -1.816268e-17 9.549959e-01 -2.966191e-01
    outer loop
      vertex 1.190625e+01 -2.941407e+00 7.747491e+00
      vertex 7.143750e+00 -3.064332e+00 7.351721e+00
      vertex 7.143750e+00 -2.941407e+00 7.747491e+00
    endloop
  endfacet
  facet normal -2.408934e-18 9.992259e-01 -3.934087e-02
    outer loop
      vertex 7.143750e+00 -3.080636e+00 6.937621e+00
      vertex 1.190625e+01 -3.064332e+00 7.351721e+00
      vertex 1.190625e+01 -3.080636e+00 6.937621e+00
    endloop
  endfacet
  facet normal -2.408934e-18 9.992259e-01 -3.934087e-02
    outer loop
      vertex 1.190625e+01 -3.064332e+00 7.351721e+00
      vertex 7.143750e+00 -3.080636e+00 6.937621e+00
      vertex 7.143750e+00 -3.064332e+00 7.351721e+00
    endloop
  endfacet
  facet normal 1.350898e-17 9.753602e-01 2.206183e-01
    outer loop
      vertex 7.143750e+00 -2.989207e+00 6.533412e+00
      vertex 1.190625e+01 -3.080636e+00 6.937621e+00
      vertex 1.190625e+01 -2.989207e+00 6.533412e+00
    endloop
  endfacet
  facet normal 1.350898e-17 9.753602e-01 2.206183e-01
    outer loop
      vertex 1.190625e+01 -3.080636e+00 6.937621e+00
      vertex 7.143750e+00 -2.989207e+00 6.533412e+00
      vertex 7.143750e+00 -3.080636e+00 6.937621e+00
    endloop
  endfacet
  facet normal 2.850627e-17 8.850254e-01 4.655427e-01
    outer loop
      vertex 7.143750e+00 -2.796276e+00 6.166640e+00
      vertex 1.190625e+01 -2.989207e+00 6.533412e+00
      vertex 1.190625e+01 -2.796276e+00 6.166640e+00
    endloop
  endfacet
  facet normal 2.850627e-17 8.850254e-01 4.655427e-01
    outer loop
      vertex 1.190625e+01 -2.989207e+00 6.533412e+00
      vertex 7.143750e+00 -2.796276e+00 6.166640e+00
      vertex 7.143750e+00 -2.989207e+00 6.533412e+00
    endloop
  endfacet
  facet normal 4.156091e-17 7.343776e-01 6.787411e-01
    outer loop
      vertex 7.143750e+00 -2.514992e+00 5.862298e+00
      vertex 1.190625e+01 -2.796276e+00 6.166640e+00
      vertex 1.190625e+01 -2.514992e+00 5.862298e+00
    endloop
  endfacet
  facet normal 4.156091e-17 7.343776e-01 6.787411e-01
    outer loop
      vertex 1.190625e+01 -2.796276e+00 6.166640e+00
      vertex 7.143750e+00 -2.514992e+00 5.862298e+00
      vertex 7.143750e+00 -2.796276e+00 6.166640e+00
    endloop
  endfacet
  facet normal 5.178324e-17 5.336831e-01 8.456845e-01
    outer loop
      vertex 1.190625e+01 -2.164523e+00 5.641129e+00
      vertex 7.143750e+00 -2.514992e+00 5.862298e+00
      vertex 1.190625e+01 -2.514992e+00 5.862298e+00
    endloop
  endfacet
  facet normal 5.178324e-17 5.336831e-01 8.456845e-01
    outer loop
      vertex 7.143750e+00 -2.514992e+00 5.862298e+00
      vertex 1.190625e+01 -2.164523e+00 5.641129e+00
      vertex 7.143750e+00 -2.164523e+00 5.641129e+00
    endloop
  endfacet
  facet normal 5.847663e-17 2.966191e-01 9.549959e-01
    outer loop
      vertex 1.190625e+01 -1.768753e+00 5.518204e+00
      vertex 7.143750e+00 -2.164523e+00 5.641129e+00
      vertex 1.190625e+01 -2.164523e+00 5.641129e+00
    endloop
  endfacet
  facet normal 5.847663e-17 2.966191e-01 9.549959e-01
    outer loop
      vertex 7.143750e+00 -2.164523e+00 5.641129e+00
      vertex 1.190625e+01 -1.768753e+00 5.518204e+00
      vertex 7.143750e+00 -1.768753e+00 5.518204e+00
    endloop
  endfacet
  facet normal 6.118494e-17 3.934087e-02 9.992259e-01
    outer loop
      vertex 1.190625e+01 -1.354653e+00 5.501900e+00
      vertex 7.143750e+00 -1.768753e+00 5.518204e+00
      vertex 1.190625e+01 -1.768753e+00 5.518204e+00
    endloop
  endfacet
  facet normal 6.118494e-17 3.934087e-02 9.992259e-01
    outer loop
      vertex 7.143750e+00 -1.768753e+00 5.518204e+00
      vertex 1.190625e+01 -1.354653e+00 5.501900e+00
      vertex 7.143750e+00 -1.354653e+00 5.501900e+00
    endloop
  endfacet
  facet normal 5.972359e-17 -2.206183e-01 9.753602e-01
    outer loop
      vertex 1.190625e+01 -9.504435e-01 5.593329e+00
      vertex 7.143750e+00 -1.354653e+00 5.501900e+00
      vertex 1.190625e+01 -1.354653e+00 5.501900e+00
    endloop
  endfacet
  facet normal 5.972359e-17 -2.206183e-01 9.753602e-01
    outer loop
      vertex 7.143750e+00 -1.354653e+00 5.501900e+00
      vertex 1.190625e+01 -9.504435e-01 5.593329e+00
      vertex 7.143750e+00 -9.504435e-01 5.593329e+00
    endloop
  endfacet
  facet normal 5.419218e-17 -4.655427e-01 8.850254e-01
    outer loop
      vertex 1.190625e+01 -5.836709e-01 5.786259e+00
      vertex 7.143750e+00 -9.504435e-01 5.593329e+00
      vertex 1.190625e+01 -9.504435e-01 5.593329e+00
    endloop
  endfacet
  facet normal 5.419218e-17 -4.655427e-01 8.850254e-01
    outer loop
      vertex 7.143750e+00 -9.504435e-01 5.593329e+00
      vertex 1.190625e+01 -5.836709e-01 5.786259e+00
      vertex 7.143750e+00 -5.836709e-01 5.786259e+00
    endloop
  endfacet
  facet normal 4.496766e-17 -6.787411e-01 7.343776e-01
    outer loop
      vertex 1.190625e+01 -2.793298e-01 6.067544e+00
      vertex 7.143750e+00 -5.836709e-01 5.786259e+00
      vertex 1.190625e+01 -5.836709e-01 5.786259e+00
    endloop
  endfacet
  facet normal 4.496766e-17 -6.787411e-01 7.343776e-01
    outer loop
      vertex 7.143750e+00 -5.836709e-01 5.786259e+00
      vertex 1.190625e+01 -2.793298e-01 6.067544e+00
      vertex 7.143750e+00 -2.793298e-01 6.067544e+00
    endloop
  endfacet
  facet normal 3.267867e-17 -8.456845e-01 5.336831e-01
    outer loop
      vertex 7.143750e+00 -5.816021e-02 6.418013e+00
      vertex 1.190625e+01 -2.793298e-01 6.067544e+00
      vertex 1.190625e+01 -5.816021e-02 6.418013e+00
    endloop
  endfacet
  facet normal 3.267867e-17 -8.456845e-01 5.336831e-01
    outer loop
      vertex 1.190625e+01 -2.793298e-01 6.067544e+00
      vertex 7.143750e+00 -5.816021e-02 6.418013e+00
      vertex 7.143750e+00 -2.793298e-01 6.067544e+00
    endloop
  endfacet
  facet normal 1.816268e-17 -9.549959e-01 2.966191e-01
    outer loop
      vertex 7.143750e+00 6.476485e-02 6.813782e+00
      vertex 1.190625e+01 -5.816021e-02 6.418013e+00
      vertex 1.190625e+01 6.476485e-02 6.813782e+00
    endloop
  endfacet
  facet normal 1.816268e-17 -9.549959e-01 2.966191e-01
    outer loop
      vertex 1.190625e+01 -5.816021e-02 6.418013e+00
      vertex 7.143750e+00 6.476485e-02 6.813782e+00
      vertex 7.143750e+00 -5.816021e-02 6.418013e+00
    endloop
  endfacet
  facet normal 2.408934e-18 -9.992259e-01 3.934087e-02
    outer loop
      vertex 7.143750e+00 8.106866e-02 7.227883e+00
      vertex 1.190625e+01 6.476485e-02 6.813782e+00
      vertex 1.190625e+01 8.106866e-02 7.227883e+00
    endloop
  endfacet
  facet normal 2.408934e-18 -9.992259e-01 3.934087e-02
    outer loop
      vertex 1.190625e+01 6.476485e-02 6.813782e+00
      vertex 7.143750e+00 8.106866e-02 7.227883e+00
      vertex 7.143750e+00 6.476485e-02 6.813782e+00
    endloop
  endfacet
  facet normal -1.350898e-17 -9.753602e-01 -2.206183e-01
    outer loop
      vertex 7.143750e+00 -1.036001e-02 7.632092e+00
      vertex 1.190625e+01 8.106866e-02 7.227883e+00
      vertex 1.190625e+01 -1.036001e-02 7.632092e+00
    endloop
  endfacet
  facet normal -1.350898e-17 -9.753602e-01 -2.206183e-01
    outer loop
      vertex 1.190625e+01 8.106866e-02 7.227883e+00
      vertex 7.143750e+00 -1.036001e-02 7.632092e+00
      vertex 7.143750e+00 8.106866e-02 7.227883e+00
    endloop
  endfacet
  facet normal -2.850627e-17 -8.850254e-01 -4.655427e-01
    outer loop
      vertex 7.143750e+00 -2.032905e-01 7.998865e+00
      vertex 1.190625e+01 -1.036001e-02 7.632092e+00
      vertex 1.190625e+01 -2.032905e-01 7.998865e+00
    endloop
  endfacet
  facet normal -2.850627e-17 -8.850254e-01 -4.655427e-01
    outer loop
      vertex 1.190625e+01 -1.036001e-02 7.632092e+00
      vertex 7.143750e+00 -2.032905e-01 7.998865e+00
      vertex 7.143750e+00 -1.036001e-02 7.632092e+00
    endloop
  endfacet
  facet normal -4.156091e-17 -7.343776e-01 -6.787411e-01
    outer loop
      vertex 7.143750e+00 -4.845748e-01 8.303206e+00
      vertex 1.190625e+01 -2.032905e-01 7.998865e+00
      vertex 1.190625e+01 -4.845748e-01 8.303206e+00
    endloop
  endfacet
  facet normal -4.156091e-17 -7.343776e-01 -6.787411e-01
    outer loop
      vertex 1.190625e+01 -2.032905e-01 7.998865e+00
      vertex 7.143750e+00 -4.845748e-01 8.303206e+00
      vertex 7.143750e+00 -2.032905e-01 7.998865e+00
    endloop
  endfacet
  facet normal -5.178324e-17 -5.336831e-01 -8.456845e-01
    outer loop
      vertex 7.143750e+00 -4.845748e-01 8.303206e+00
      vertex 1.190625e+01 -8.350443e-01 8.524376e+00
      vertex 7.143750e+00 -8.350443e-01 8.524376e+00
    endloop
  endfacet
  facet normal -5.178324e-17 -5.336831e-01 -8.456845e-01
    outer loop
      vertex 1.190625e+01 -8.350443e-01 8.524376e+00
      vertex 7.143750e+00 -4.845748e-01 8.303206e+00
      vertex 1.190625e+01 -4.845748e-01 8.303206e+00
    endloop
  endfacet
  facet normal -5.847663e-17 -2.966191e-01 -9.549959e-01
    outer loop
      vertex 7.143750e+00 -8.350443e-01 8.524376e+00
      vertex 1.190625e+01 -1.230814e+00 8.647301e+00
      vertex 7.143750e+00 -1.230814e+00 8.647301e+00
    endloop
  endfacet
  facet normal -5.847663e-17 -2.966191e-01 -9.549959e-01
    outer loop
      vertex 1.190625e+01 -1.230814e+00 8.647301e+00
      vertex 7.143750e+00 -8.350443e-01 8.524376e+00
      vertex 1.190625e+01 -8.350443e-01 8.524376e+00
    endloop
  endfacet
  facet normal -7.933533e-01 -6.087614e-01 -1.684336e-16
    outer loop
      vertex 2.347066e+01 1.260356e+01 3.114002e+00
      vertex 2.321838e+01 1.293234e+01 2.220446e-16
      vertex 2.347066e+01 1.260356e+01 2.220446e-16
    endloop
  endfacet
  facet normal -7.933533e-01 -6.087614e-01 -1.684336e-16
    outer loop
      vertex 2.321838e+01 1.293234e+01 2.220446e-16
      vertex 2.347066e+01 1.260356e+01 3.114002e+00
      vertex 2.321838e+01 1.293234e+01 3.114002e+00
    endloop
  endfacet
  facet normal -9.238795e-01 -3.826834e-01 5.695669e-17
    outer loop
      vertex 2.362925e+01 1.222069e+01 2.220446e-16
      vertex 2.347066e+01 1.260356e+01 3.114002e+00
      vertex 2.347066e+01 1.260356e+01 2.220446e-16
    endloop
  endfacet
  facet normal -9.238795e-01 -3.826834e-01 5.695669e-17
    outer loop
      vertex 2.347066e+01 1.260356e+01 3.114002e+00
      vertex 2.362925e+01 1.222069e+01 2.220446e-16
      vertex 2.362925e+01 1.222069e+01 3.114002e+00
    endloop
  endfacet
  facet normal -9.914448e-01 -1.305262e-01 6.094877e-17
    outer loop
      vertex 2.368334e+01 1.180981e+01 3.114002e+00
      vertex 2.362925e+01 1.222069e+01 2.220446e-16
      vertex 2.368334e+01 1.180981e+01 0.000000e+00
    endloop
  endfacet
  facet normal -9.914448e-01 -1.305262e-01 6.094877e-17
    outer loop
      vertex 2.362925e+01 1.222069e+01 2.220446e-16
      vertex 2.368334e+01 1.180981e+01 3.114002e+00
      vertex 2.362925e+01 1.222069e+01 3.114002e+00
    endloop
  endfacet
  facet normal -9.914448e-01 1.305262e-01 4.160411e-16
    outer loop
      vertex 2.362925e+01 1.139894e+01 2.220446e-16
      vertex 2.368334e+01 1.180981e+01 3.114002e+00
      vertex 2.368334e+01 1.180981e+01 0.000000e+00
    endloop
  endfacet
  facet normal -9.914448e-01 1.305262e-01 4.160411e-16
    outer loop
      vertex 2.368334e+01 1.180981e+01 3.114002e+00
      vertex 2.362925e+01 1.139894e+01 2.220446e-16
      vertex 2.362925e+01 1.139894e+01 3.114002e+00
    endloop
  endfacet
  facet normal -9.238795e-01 3.826834e-01 7.499019e-16
    outer loop
      vertex 2.347066e+01 1.101606e+01 3.114002e+00
      vertex 2.362925e+01 1.139894e+01 2.220446e-16
      vertex 2.347066e+01 1.101606e+01 2.220446e-16
    endloop
  endfacet
  facet normal -9.238795e-01 3.826834e-01 7.499019e-16
    outer loop
      vertex 2.362925e+01 1.139894e+01 2.220446e-16
      vertex 2.347066e+01 1.101606e+01 3.114002e+00
      vertex 2.362925e+01 1.139894e+01 3.114002e+00
    endloop
  endfacet
  facet normal -7.933533e-01 6.087614e-01 1.703863e-15
    outer loop
      vertex 2.321838e+01 1.068728e+01 3.114002e+00
      vertex 2.347066e+01 1.101606e+01 2.220446e-16
      vertex 2.321838e+01 1.068728e+01 2.220446e-16
    endloop
  endfacet
  facet normal -7.933533e-01 6.087614e-01 1.703863e-15
    outer loop
      vertex 2.347066e+01 1.101606e+01 2.220446e-16
      vertex 2.321838e+01 1.068728e+01 3.114002e+00
      vertex 2.347066e+01 1.101606e+01 3.114002e+00
    endloop
  endfacet
  facet normal -6.087614e-01 7.933533e-01 1.472587e-15
    outer loop
      vertex 2.288959e+01 1.043500e+01 2.220446e-16
      vertex 2.321838e+01 1.068728e+01 3.114002e+00
      vertex 2.321838e+01 1.068728e+01 2.220446e-16
    endloop
  endfacet
  facet normal -6.087614e-01 7.933533e-01 1.472587e-15
    outer loop
      vertex 2.321838e+01 1.068728e+01 3.114002e+00
      vertex 2.288959e+01 1.043500e+01 2.220446e-16
      vertex 2.288959e+01 1.043500e+01 3.114002e+00
    endloop
  endfacet
  facet normal -3.826834e-01 9.238795e-01 8.598036e-16
    outer loop
      vertex 2.250672e+01 1.027640e+01 2.220446e-16
      vertex 2.288959e+01 1.043500e+01 3.114002e+00
      vertex 2.288959e+01 1.043500e+01 2.220446e-16
    endloop
  endfacet
  facet normal -3.826834e-01 9.238795e-01 8.598036e-16
    outer loop
      vertex 2.288959e+01 1.043500e+01 3.114002e+00
      vertex 2.250672e+01 1.027640e+01 2.220446e-16
      vertex 2.250672e+01 1.027640e+01 3.114002e+00
    endloop
  endfacet
  facet normal -1.305262e-01 9.914448e-01 9.096680e-18
    outer loop
      vertex 2.209584e+01 1.022231e+01 2.220446e-16
      vertex 2.250672e+01 1.027640e+01 3.114002e+00
      vertex 2.250672e+01 1.027640e+01 2.220446e-16
    endloop
  endfacet
  facet normal -1.305262e-01 9.914448e-01 9.096680e-18
    outer loop
      vertex 2.250672e+01 1.027640e+01 3.114002e+00
      vertex 2.209584e+01 1.022231e+01 2.220446e-16
      vertex 2.209584e+01 1.022231e+01 3.114002e+00
    endloop
  endfacet
  facet normal 1.305262e-01 9.914448e-01 -1.141645e-15
    outer loop
      vertex 2.168497e+01 1.027640e+01 2.220446e-16
      vertex 2.209584e+01 1.022231e+01 3.114002e+00
      vertex 2.209584e+01 1.022231e+01 2.220446e-16
    endloop
  endfacet
  facet normal 1.305262e-01 9.914448e-01 -1.141645e-15
    outer loop
      vertex 2.209584e+01 1.022231e+01 3.114002e+00
      vertex 2.168497e+01 1.027640e+01 2.220446e-16
      vertex 2.168497e+01 1.027640e+01 3.114002e+00
    endloop
  endfacet
  facet normal 3.826834e-01 9.238795e-01 -1.408574e-15
    outer loop
      vertex 2.168497e+01 1.027640e+01 2.220446e-16
      vertex 2.130209e+01 1.043500e+01 3.114002e+00
      vertex 2.168497e+01 1.027640e+01 3.114002e+00
    endloop
  endfacet
  facet normal 3.826834e-01 9.238795e-01 -1.408574e-15
    outer loop
      vertex 2.130209e+01 1.043500e+01 3.114002e+00
      vertex 2.168497e+01 1.027640e+01 2.220446e-16
      vertex 2.130209e+01 1.043500e+01 2.220446e-16
    endloop
  endfacet
  facet normal 6.087614e-01 7.933533e-01 3.008914e-16
    outer loop
      vertex 2.130209e+01 1.043500e+01 2.220446e-16
      vertex 2.097331e+01 1.068728e+01 3.114002e+00
      vertex 2.130209e+01 1.043500e+01 3.114002e+00
    endloop
  endfacet
  facet normal 6.087614e-01 7.933533e-01 3.008914e-16
    outer loop
      vertex 2.097331e+01 1.068728e+01 3.114002e+00
      vertex 2.130209e+01 1.043500e+01 2.220446e-16
      vertex 2.097331e+01 1.068728e+01 2.220446e-16
    endloop
  endfacet
  facet normal 7.933533e-01 6.087614e-01 2.154066e-15
    outer loop
      vertex 2.072103e+01 1.101606e+01 3.114002e+00
      vertex 2.097331e+01 1.068728e+01 2.220446e-16
      vertex 2.072103e+01 1.101606e+01 2.220446e-16
    endloop
  endfacet
  facet normal 7.933533e-01 6.087614e-01 2.154066e-15
    outer loop
      vertex 2.097331e+01 1.068728e+01 2.220446e-16
      vertex 2.072103e+01 1.101606e+01 3.114002e+00
      vertex 2.097331e+01 1.068728e+01 3.114002e+00
    endloop
  endfacet
  facet normal 9.238795e-01 3.826834e-01 9.859560e-16
    outer loop
      vertex 2.056244e+01 1.139894e+01 2.220446e-16
      vertex 2.072103e+01 1.101606e+01 3.114002e+00
      vertex 2.072103e+01 1.101606e+01 2.220446e-16
    endloop
  endfacet
  facet normal 9.238795e-01 3.826834e-01 9.859560e-16
    outer loop
      vertex 2.072103e+01 1.101606e+01 3.114002e+00
      vertex 2.056244e+01 1.139894e+01 2.220446e-16
      vertex 2.056244e+01 1.139894e+01 3.114002e+00
    endloop
  endfacet
  facet normal 9.914448e-01 1.305262e-01 -1.500449e-15
    outer loop
      vertex 2.050834e+01 1.180981e+01 3.114002e+00
      vertex 2.056244e+01 1.139894e+01 2.220446e-16
      vertex 2.050834e+01 1.180981e+01 2.220446e-16
    endloop
  endfacet
  facet normal 9.914448e-01 1.305262e-01 -1.500449e-15
    outer loop
      vertex 2.056244e+01 1.139894e+01 2.220446e-16
      vertex 2.050834e+01 1.180981e+01 3.114002e+00
      vertex 2.056244e+01 1.139894e+01 3.114002e+00
    endloop
  endfacet
  facet normal 9.914448e-01 -1.305262e-01 -2.093190e-15
    outer loop
      vertex 2.056244e+01 1.222069e+01 2.220446e-16
      vertex 2.050834e+01 1.180981e+01 3.114002e+00
      vertex 2.050834e+01 1.180981e+01 2.220446e-16
    endloop
  endfacet
  facet normal 9.914448e-01 -1.305262e-01 -2.093190e-15
    outer loop
      vertex 2.050834e+01 1.180981e+01 3.114002e+00
      vertex 2.056244e+01 1.222069e+01 2.220446e-16
      vertex 2.056244e+01 1.222069e+01 3.114002e+00
    endloop
  endfacet
  facet normal 9.238795e-01 -3.826834e-01 -4.002134e-16
    outer loop
      vertex 2.072103e+01 1.260356e+01 3.114002e+00
      vertex 2.056244e+01 1.222069e+01 2.220446e-16
      vertex 2.072103e+01 1.260356e+01 2.220446e-16
    endloop
  endfacet
  facet normal 9.238795e-01 -3.826834e-01 -4.002134e-16
    outer loop
      vertex 2.056244e+01 1.222069e+01 2.220446e-16
      vertex 2.072103e+01 1.260356e+01 3.114002e+00
      vertex 2.056244e+01 1.222069e+01 3.114002e+00
    endloop
  endfacet
  facet normal 7.933533e-01 -6.087614e-01 -2.035939e-15
    outer loop
      vertex 2.097331e+01 1.293234e+01 2.220446e-16
      vertex 2.072103e+01 1.260356e+01 3.114002e+00
      vertex 2.072103e+01 1.260356e+01 2.220446e-16
    endloop
  endfacet
  facet normal 7.933533e-01 -6.087614e-01 -2.035939e-15
    outer loop
      vertex 2.072103e+01 1.260356e+01 3.114002e+00
      vertex 2.097331e+01 1.293234e+01 2.220446e-16
      vertex 2.097331e+01 1.293234e+01 3.114002e+00
    endloop
  endfacet
  facet normal 6.087614e-01 -7.933533e-01 -1.139760e-15
    outer loop
      vertex 2.097331e+01 1.293234e+01 3.114002e+00
      vertex 2.130209e+01 1.318463e+01 2.220446e-16
      vertex 2.130209e+01 1.318463e+01 3.114002e+00
    endloop
  endfacet
  facet normal 6.087614e-01 -7.933533e-01 -1.139760e-15
    outer loop
      vertex 2.130209e+01 1.318463e+01 2.220446e-16
      vertex 2.097331e+01 1.293234e+01 3.114002e+00
      vertex 2.097331e+01 1.293234e+01 2.220446e-16
    endloop
  endfacet
  facet normal 3.826834e-01 -9.238795e-01 1.217321e-16
    outer loop
      vertex 2.130209e+01 1.318463e+01 3.114002e+00
      vertex 2.168497e+01 1.334322e+01 2.220446e-16
      vertex 2.168497e+01 1.334322e+01 3.114002e+00
    endloop
  endfacet
  facet normal 3.826834e-01 -9.238795e-01 1.217321e-16
    outer loop
      vertex 2.168497e+01 1.334322e+01 2.220446e-16
      vertex 2.130209e+01 1.318463e+01 3.114002e+00
      vertex 2.130209e+01 1.318463e+01 2.220446e-16
    endloop
  endfacet
  facet normal 1.305262e-01 -9.914448e-01 2.449699e-15
    outer loop
      vertex 2.168497e+01 1.334322e+01 3.114002e+00
      vertex 2.209584e+01 1.339731e+01 2.220446e-16
      vertex 2.209584e+01 1.339731e+01 3.114002e+00
    endloop
  endfacet
  facet normal 1.305262e-01 -9.914448e-01 2.449699e-15
    outer loop
      vertex 2.209584e+01 1.339731e+01 2.220446e-16
      vertex 2.168497e+01 1.334322e+01 3.114002e+00
      vertex 2.168497e+01 1.334322e+01 2.220446e-16
    endloop
  endfacet
  facet normal -1.305262e-01 -9.914448e-01 1.803579e-15
    outer loop
      vertex 2.209584e+01 1.339731e+01 3.114002e+00
      vertex 2.250672e+01 1.334322e+01 2.220446e-16
      vertex 2.250672e+01 1.334322e+01 3.114002e+00
    endloop
  endfacet
  facet normal -1.305262e-01 -9.914448e-01 1.803579e-15
    outer loop
      vertex 2.250672e+01 1.334322e+01 2.220446e-16
      vertex 2.209584e+01 1.339731e+01 3.114002e+00
      vertex 2.209584e+01 1.339731e+01 2.220446e-16
    endloop
  endfacet
  facet normal -3.826834e-01 -9.238795e-01 -8.119827e-16
    outer loop
      vertex 2.250672e+01 1.334322e+01 3.114002e+00
      vertex 2.288959e+01 1.318463e+01 2.220446e-16
      vertex 2.288959e+01 1.318463e+01 3.114002e+00
    endloop
  endfacet
  facet normal -3.826834e-01 -9.238795e-01 -8.119827e-16
    outer loop
      vertex 2.288959e+01 1.318463e+01 2.220446e-16
      vertex 2.250672e+01 1.334322e+01 3.114002e+00
      vertex 2.250672e+01 1.334322e+01 2.220446e-16
    endloop
  endfacet
  facet normal -6.087614e-01 -7.933533e-01 -2.978884e-16
    outer loop
      vertex 2.288959e+01 1.318463e+01 3.114002e+00
      vertex 2.321838e+01 1.293234e+01 2.220446e-16
      vertex 2.321838e+01 1.293234e+01 3.114002e+00
    endloop
  endfacet
  facet normal -6.087614e-01 -7.933533e-01 -2.978884e-16
    outer loop
      vertex 2.321838e+01 1.293234e+01 2.220446e-16
      vertex 2.288959e+01 1.318463e+01 3.114002e+00
      vertex 2.288959e+01 1.318463e+01 2.220446e-16
    endloop
  endfacet
  facet normal -6.123234e-17 0.000000e+00 -1.000000e+00
    outer loop
      vertex 7.143750e+00 2.468966e+00 1.110223e-15
      vertex 1.190625e+01 -1.658103e+01 8.881784e-16
      vertex 7.143750e+00 -1.658103e+01 1.110223e-15
    endloop
  endfacet
  facet normal -6.123234e-17 0.000000e+00 -1.000000e+00
    outer loop
      vertex 1.190625e+01 -1.658103e+01 8.881784e-16
      vertex 7.143750e+00 2.468966e+00 1.110223e-15
      vertex 1.190625e+01 2.468966e+00 8.881784e-16
    endloop
  endfacet
  facet normal -9.999884e-01 4.810660e-03 -8.350317e-16
    outer loop
      vertex 7.143750e+00 2.468966e+00 3.114002e+00
      vertex 7.207778e+00 1.577856e+01 1.110223e-15
      vertex 7.143750e+00 2.468966e+00 1.110223e-15
    endloop
  endfacet
  facet normal -9.999884e-01 4.810660e-03 -8.350317e-16
    outer loop
      vertex 7.207778e+00 1.577856e+01 1.110223e-15
      vertex 7.143750e+00 2.468966e+00 3.114002e+00
      vertex 7.207778e+00 1.577856e+01 3.114002e+00
    endloop
  endfacet
  facet normal -1.000000e+00 -2.055848e-16 -1.716878e-16
    outer loop
      vertex 7.143750e+00 -1.213657e+01 5.568204e+00
      vertex 7.143750e+00 -1.354653e+00 5.501900e+00
      vertex 7.143750e+00 -1.254478e+01 5.496688e+00
    endloop
  endfacet
  facet normal -1.000000e+00 -2.055848e-16 -1.716878e-16
    outer loop
      vertex 7.143750e+00 -1.354653e+00 5.501900e+00
      vertex 7.143750e+00 -1.213657e+01 5.568204e+00
      vertex 7.143750e+00 -1.768753e+00 5.518204e+00
    endloop
  endfacet
  facet normal -1.000000e+00 -2.055848e-16 -1.716878e-16
    outer loop
      vertex 7.143750e+00 -1.768753e+00 5.518204e+00
      vertex 7.143750e+00 -1.213657e+01 5.568204e+00
      vertex 7.143750e+00 -2.164523e+00 5.641129e+00
    endloop
  endfacet
  facet normal -1.000000e+00 -2.055848e-16 -1.716878e-16
    outer loop
      vertex 7.143750e+00 -2.164523e+00 5.641129e+00
      vertex 7.143750e+00 -1.213657e+01 5.568204e+00
      vertex 7.143750e+00 -1.176079e+01 5.742934e+00
    endloop
  endfacet
  facet normal -1.000000e+00 -2.055848e-16 -1.716878e-16
    outer loop
      vertex 7.143750e+00 -2.164523e+00 5.641129e+00
      vertex 7.143750e+00 -1.176079e+01 5.742934e+00
      vertex 7.143750e+00 -2.514992e+00 5.862298e+00
    endloop
  endfacet
  facet normal -1.000000e+00 -2.055848e-16 -1.716878e-16
    outer loop
      vertex 7.143750e+00 -2.514992e+00 5.862298e+00
      vertex 7.143750e+00 -1.176079e+01 5.742934e+00
      vertex 7.143750e+00 -1.144303e+01 6.008971e+00
    endloop
  endfacet
  facet normal -1.000000e+00 -2.055848e-16 -1.716878e-16
    outer loop
      vertex 7.143750e+00 -2.514992e+00 5.862298e+00
      vertex 7.143750e+00 -1.144303e+01 6.008971e+00
      vertex 7.143750e+00 -2.796276e+00 6.166640e+00
    endloop
  endfacet
  facet normal -1.000000e+00 -2.055848e-16 -1.716878e-16
    outer loop
      vertex 7.143750e+00 -2.796276e+00 6.166640e+00
      vertex 7.143750e+00 -1.144303e+01 6.008971e+00
      vertex 7.143750e+00 -1.120496e+01 6.348184e+00
    endloop
  endfacet
  facet normal -1.000000e+00 -2.055848e-16 -1.716878e-16
    outer loop
      vertex 7.143750e+00 -2.796276e+00 6.166640e+00
      vertex 7.143750e+00 -1.120496e+01 6.348184e+00
      vertex 7.143750e+00 -2.989207e+00 6.533412e+00
    endloop
  endfacet
  facet normal -1.000000e+00 -2.055848e-16 -1.716878e-16
    outer loop
      vertex 7.143750e+00 -2.989207e+00 6.533412e+00
      vertex 7.143750e+00 -1.120496e+01 6.348184e+00
      vertex 7.143750e+00 -1.106279e+01 6.737456e+00
    endloop
  endfacet
  facet normal -1.000000e+00 -2.055848e-16 -1.716878e-16
    outer loop
      vertex 7.143750e+00 -2.989207e+00 6.533412e+00
      vertex 7.143750e+00 -1.106279e+01 6.737456e+00
      vertex 7.143750e+00 -3.080636e+00 6.937621e+00
    endloop
  endfacet
  facet normal -1.000000e+00 -2.055848e-16 -1.716878e-16
    outer loop
      vertex 7.143750e+00 -3.080636e+00 6.937621e+00
      vertex 7.143750e+00 -1.106279e+01 6.737456e+00
      vertex 7.143750e+00 -1.102622e+01 7.150260e+00
    endloop
  endfacet
  facet normal -1.000000e+00 -2.055848e-16 -1.716878e-16
    outer loop
      vertex 7.143750e+00 -3.080636e+00 6.937621e+00
      vertex 7.143750e+00 -1.102622e+01 7.150260e+00
      vertex 7.143750e+00 -3.064332e+00 7.351721e+00
    endloop
  endfacet
  facet normal -1.000000e+00 -2.055848e-16 -1.716878e-16
    outer loop
      vertex 7.143750e+00 -3.064332e+00 7.351721e+00
      vertex 7.143750e+00 -1.102622e+01 7.150260e+00
      vertex 7.143750e+00 -1.109774e+01 7.558463e+00
    endloop
  endfacet
  facet normal -1.000000e+00 -2.055848e-16 -1.716878e-16
    outer loop
      vertex 7.143750e+00 -3.064332e+00 7.351721e+00
      vertex 7.143750e+00 -1.109774e+01 7.558463e+00
      vertex 7.143750e+00 -2.941407e+00 7.747491e+00
    endloop
  endfacet
  facet normal -1.000000e+00 -2.055848e-16 -1.716878e-16
    outer loop
      vertex 7.143750e+00 -2.941407e+00 7.747491e+00
      vertex 7.143750e+00 -1.109774e+01 7.558463e+00
      vertex 7.143750e+00 -1.127247e+01 7.934248e+00
    endloop
  endfacet
  facet normal -1.000000e+00 -2.055848e-16 -1.716878e-16
    outer loop
      vertex 7.143750e+00 -2.941407e+00 7.747491e+00
      vertex 7.143750e+00 -1.127247e+01 7.934248e+00
      vertex 7.143750e+00 -2.720238e+00 8.097960e+00
    endloop
  endfacet
  facet normal -1.000000e+00 -2.055848e-16 -1.716878e-16
    outer loop
      vertex 7.143750e+00 -2.720238e+00 8.097960e+00
      vertex 7.143750e+00 -1.127247e+01 7.934248e+00
      vertex 7.143750e+00 -1.153850e+01 8.252004e+00
    endloop
  endfacet
  facet normal -1.000000e+00 -2.055848e-16 -1.716878e-16
    outer loop
      vertex 7.143750e+00 -2.720238e+00 8.097960e+00
      vertex 7.143750e+00 -1.153850e+01 8.252004e+00
      vertex 7.143750e+00 -2.415897e+00 8.379245e+00
    endloop
  endfacet
  facet normal -1.000000e+00 -2.055848e-16 -1.716878e-16
    outer loop
      vertex 7.143750e+00 -2.415897e+00 8.379245e+00
      vertex 7.143750e+00 -1.153850e+01 8.252004e+00
      vertex 7.143750e+00 -1.187771e+01 8.490078e+00
    endloop
  endfacet
  facet normal -1.000000e+00 -2.055848e-16 -1.716878e-16
    outer loop
      vertex 7.143750e+00 -2.415897e+00 8.379245e+00
      vertex 7.143750e+00 -1.187771e+01 8.490078e+00
      vertex 7.143750e+00 -2.049124e+00 8.572175e+00
    endloop
  endfacet
  facet normal -1.000000e+00 -2.055848e-16 -1.716878e-16
    outer loop
      vertex 7.143750e+00 -2.049124e+00 8.572175e+00
      vertex 7.143750e+00 -1.187771e+01 8.490078e+00
      vertex 7.143750e+00 -1.226699e+01 8.632244e+00
    endloop
  endfacet
  facet normal -1.000000e+00 -2.055848e-16 -1.716878e-16
    outer loop
      vertex 7.143750e+00 -2.049124e+00 8.572175e+00
      vertex 7.143750e+00 -1.226699e+01 8.632244e+00
      vertex 7.143750e+00 -1.644914e+00 8.663604e+00
    endloop
  endfacet
  facet normal -1.000000e+00 -2.055848e-16 -1.716878e-16
    outer loop
      vertex 7.143750e+00 -1.644914e+00 8.663604e+00
      vertex 7.143750e+00 -1.226699e+01 8.632244e+00
      vertex 7.143750e+00 -1.267979e+01 8.668816e+00
    endloop
  endfacet
  facet normal -1.000000e+00 -2.055848e-16 -1.716878e-16
    outer loop
      vertex 7.143750e+00 -1.658103e+01 1.110223e-15
      vertex 7.143750e+00 -1.295758e+01 5.533259e+00
      vertex 7.143750e+00 2.468966e+00 1.110223e-15
    endloop
  endfacet
  facet normal -1.000000e+00 -2.055848e-16 -1.716878e-16
    outer loop
      vertex 7.143750e+00 -1.295758e+01 5.533259e+00
      vertex 7.143750e+00 -1.658103e+01 1.110223e-15
      vertex 7.143750e+00 -1.334685e+01 5.675427e+00
    endloop
  endfacet
  facet normal -1.000000e+00 -2.055848e-16 -1.716878e-16
    outer loop
      vertex 7.143750e+00 -1.334685e+01 5.675427e+00
      vertex 7.143750e+00 -1.658103e+01 1.110223e-15
      vertex 7.143750e+00 -1.368607e+01 5.913501e+00
    endloop
  endfacet
  facet normal -1.000000e+00 -2.055848e-16 -1.716878e-16
    outer loop
      vertex 7.143750e+00 -1.368607e+01 5.913501e+00
      vertex 7.143750e+00 -1.658103e+01 1.110223e-15
      vertex 7.143750e+00 -1.395210e+01 6.231257e+00
    endloop
  endfacet
  facet normal -1.000000e+00 -2.055848e-16 -1.716878e-16
    outer loop
      vertex 7.143750e+00 -1.395210e+01 6.231257e+00
      vertex 7.143750e+00 -1.658103e+01 1.110223e-15
      vertex 7.143750e+00 -1.658103e+01 1.025775e+01
    endloop
  endfacet
  facet normal -1.000000e+00 -2.055848e-16 -1.716878e-16
    outer loop
      vertex 7.143750e+00 2.468966e+00 1.110223e-15
      vertex 7.143750e+00 -1.295758e+01 5.533259e+00
      vertex 7.143750e+00 2.468966e+00 3.114002e+00
    endloop
  endfacet
  facet normal -1.000000e+00 -2.055848e-16 -1.716878e-16
    outer loop
      vertex 7.143750e+00 2.468966e+00 3.114002e+00
      vertex 7.143750e+00 -1.295758e+01 5.533259e+00
      vertex 7.143750e+00 -1.254478e+01 5.496688e+00
    endloop
  endfacet
  facet normal -1.000000e+00 -2.055848e-16 -1.716878e-16
    outer loop
      vertex 7.143750e+00 -1.395210e+01 6.231257e+00
      vertex 7.143750e+00 -1.658103e+01 1.025775e+01
      vertex 7.143750e+00 -1.412683e+01 6.607041e+00
    endloop
  endfacet
  facet normal -1.000000e+00 -2.055848e-16 -1.716878e-16
    outer loop
      vertex 7.143750e+00 -1.412683e+01 6.607041e+00
      vertex 7.143750e+00 -1.658103e+01 1.025775e+01
      vertex 7.143750e+00 -1.419835e+01 7.015245e+00
    endloop
  endfacet
  facet normal -1.000000e+00 -2.055848e-16 -1.716878e-16
    outer loop
      vertex 7.143750e+00 -1.419835e+01 7.015245e+00
      vertex 7.143750e+00 -1.658103e+01 1.025775e+01
      vertex 7.143750e+00 -1.416178e+01 7.428048e+00
    endloop
  endfacet
  facet normal -1.000000e+00 -2.055848e-16 -1.716878e-16
    outer loop
      vertex 7.143750e+00 -1.416178e+01 7.428048e+00
      vertex 7.143750e+00 -1.658103e+01 1.025775e+01
      vertex 7.143750e+00 -1.401961e+01 7.817321e+00
    endloop
  endfacet
  facet normal -1.000000e+00 -2.055848e-16 -1.716878e-16
    outer loop
      vertex 7.143750e+00 -1.401961e+01 7.817321e+00
      vertex 7.143750e+00 -1.658103e+01 1.025775e+01
      vertex 7.143750e+00 -1.378154e+01 8.156534e+00
    endloop
  endfacet
  facet normal -1.000000e+00 -2.055848e-16 -1.716878e-16
    outer loop
      vertex 7.143750e+00 -1.378154e+01 8.156534e+00
      vertex 7.143750e+00 -1.658103e+01 1.025775e+01
      vertex 7.143750e+00 -1.346378e+01 8.422570e+00
    endloop
  endfacet
  facet normal -1.000000e+00 -2.055848e-16 -1.716878e-16
    outer loop
      vertex 7.143750e+00 -1.346378e+01 8.422570e+00
      vertex 7.143750e+00 -1.658103e+01 1.025775e+01
      vertex 7.143750e+00 -1.308799e+01 8.597300e+00
    endloop
  endfacet
  facet normal -1.000000e+00 -2.055848e-16 -1.716878e-16
    outer loop
      vertex 7.143750e+00 -1.308799e+01 8.597300e+00
      vertex 7.143750e+00 -1.658103e+01 1.025775e+01
      vertex 7.143750e+00 -1.267979e+01 8.668816e+00
    endloop
  endfacet
  facet normal -1.000000e+00 -2.055848e-16 -1.716878e-16
    outer loop
      vertex 7.143750e+00 2.468966e+00 3.114002e+00
      vertex 7.143750e+00 -2.793298e-01 6.067544e+00
      vertex 7.143750e+00 2.468966e+00 1.025775e+01
    endloop
  endfacet
  facet normal -1.000000e+00 -2.055848e-16 -1.716878e-16
    outer loop
      vertex 7.143750e+00 -2.793298e-01 6.067544e+00
      vertex 7.143750e+00 2.468966e+00 3.114002e+00
      vertex 7.143750e+00 -5.836709e-01 5.786259e+00
    endloop
  endfacet
  facet normal -1.000000e+00 -2.055848e-16 -1.716878e-16
    outer loop
      vertex 7.143750e+00 -5.836709e-01 5.786259e+00
      vertex 7.143750e+00 2.468966e+00 3.114002e+00
      vertex 7.143750e+00 -9.504435e-01 5.593329e+00
    endloop
  endfacet
  facet normal -1.000000e+00 -2.055848e-16 -1.716878e-16
    outer loop
      vertex 7.143750e+00 -9.504435e-01 5.593329e+00
      vertex 7.143750e+00 2.468966e+00 3.114002e+00
      vertex 7.143750e+00 -1.354653e+00 5.501900e+00
    endloop
  endfacet
  facet normal -1.000000e+00 -2.055848e-16 -1.716878e-16
    outer loop
      vertex 7.143750e+00 -1.354653e+00 5.501900e+00
      vertex 7.143750e+00 2.468966e+00 3.114002e+00
      vertex 7.143750e+00 -1.254478e+01 5.496688e+00
    endloop
  endfacet
  facet normal -1.000000e+00 -2.055848e-16 -1.716878e-16
    outer loop
      vertex 7.143750e+00 2.468966e+00 1.025775e+01
      vertex 7.143750e+00 -2.793298e-01 6.067544e+00
      vertex 7.143750e+00 -5.816021e-02 6.418013e+00
    endloop
  endfacet
  facet normal -1.000000e+00 -2.055848e-16 -1.716878e-16
    outer loop
      vertex 7.143750e+00 2.468966e+00 1.025775e+01
      vertex 7.143750e+00 -5.816021e-02 6.418013e+00
      vertex 7.143750e+00 6.476485e-02 6.813782e+00
    endloop
  endfacet
  facet normal -1.000000e+00 -2.055848e-16 -1.716878e-16
    outer loop
      vertex 7.143750e+00 2.468966e+00 1.025775e+01
      vertex 7.143750e+00 6.476485e-02 6.813782e+00
      vertex 7.143750e+00 8.106866e-02 7.227883e+00
    endloop
  endfacet
  facet normal -1.000000e+00 -2.055848e-16 -1.716878e-16
    outer loop
      vertex 7.143750e+00 2.468966e+00 1.025775e+01
      vertex 7.143750e+00 8.106866e-02 7.227883e+00
      vertex 7.143750e+00 -1.036001e-02 7.632092e+00
    endloop
  endfacet
  facet normal -1.000000e+00 -2.055848e-16 -1.716878e-16
    outer loop
      vertex 7.143750e+00 2.468966e+00 1.025775e+01
      vertex 7.143750e+00 -1.036001e-02 7.632092e+00
      vertex 7.143750e+00 -2.032905e-01 7.998865e+00
    endloop
  endfacet
  facet normal -1.000000e+00 -2.055848e-16 -1.716878e-16
    outer loop
      vertex 7.143750e+00 2.468966e+00 1.025775e+01
      vertex 7.143750e+00 -2.032905e-01 7.998865e+00
      vertex 7.143750e+00 -4.845748e-01 8.303206e+00
    endloop
  endfacet
  facet normal -1.000000e+00 -2.055848e-16 -1.716878e-16
    outer loop
      vertex 7.143750e+00 2.468966e+00 1.025775e+01
      vertex 7.143750e+00 -4.845748e-01 8.303206e+00
      vertex 7.143750e+00 -8.350443e-01 8.524376e+00
    endloop
  endfacet
  facet normal -1.000000e+00 -2.055848e-16 -1.716878e-16
    outer loop
      vertex 7.143750e+00 2.468966e+00 1.025775e+01
      vertex 7.143750e+00 -8.350443e-01 8.524376e+00
      vertex 7.143750e+00 -1.230814e+00 8.647301e+00
    endloop
  endfacet
  facet normal -1.000000e+00 -2.055848e-16 -1.716878e-16
    outer loop
      vertex 7.143750e+00 2.468966e+00 1.025775e+01
      vertex 7.143750e+00 -1.230814e+00 8.647301e+00
      vertex 7.143750e+00 -1.644914e+00 8.663604e+00
    endloop
  endfacet
  facet normal -1.000000e+00 -2.055848e-16 -1.716878e-16
    outer loop
      vertex 7.143750e+00 2.468966e+00 1.025775e+01
      vertex 7.143750e+00 -1.644914e+00 8.663604e+00
      vertex 7.143750e+00 -1.267979e+01 8.668816e+00
    endloop
  endfacet
  facet normal -1.000000e+00 -2.055848e-16 -1.716878e-16
    outer loop
      vertex 7.143750e+00 2.468966e+00 1.025775e+01
      vertex 7.143750e+00 -1.267979e+01 8.668816e+00
      vertex 7.143750e+00 -1.658103e+01 1.025775e+01
    endloop
  endfacet
  facet normal 7.477314e-16 1.000000e+00 4.527882e-15
    outer loop
      vertex 7.207778e+00 1.577856e+01 1.110223e-15
      vertex 2.606459e+01 1.577856e+01 3.114002e+00
      vertex 2.606459e+01 1.577856e+01 0.000000e+00
    endloop
  endfacet
  facet normal 7.477314e-16 1.000000e+00 4.527882e-15
    outer loop
      vertex 2.606459e+01 1.577856e+01 3.114002e+00
      vertex 7.207778e+00 1.577856e+01 1.110223e-15
      vertex 7.207778e+00 1.577856e+01 3.114002e+00
    endloop
  endfacet
  facet normal 5.041279e-16 4.051763e-16 1.000000e+00
    outer loop
      vertex 2.168497e+01 1.027640e+01 3.114002e+00
      vertex 1.098334e+01 1.022231e+01 3.114002e+00
      vertex 2.209584e+01 1.022231e+01 3.114002e+00
    endloop
  endfacet
  facet normal 5.041279e-16 4.051763e-16 1.000000e+00
    outer loop
      vertex 1.098334e+01 1.022231e+01 3.114002e+00
      vertex 2.168497e+01 1.027640e+01 3.114002e+00
      vertex 1.139422e+01 1.027640e+01 3.114002e+00
    endloop
  endfacet
  facet normal 5.041279e-16 4.051763e-16 1.000000e+00
    outer loop
      vertex 1.139422e+01 1.027640e+01 3.114002e+00
      vertex 2.168497e+01 1.027640e+01 3.114002e+00
      vertex 2.130209e+01 1.043500e+01 3.114002e+00
    endloop
  endfacet
  facet normal 5.041279e-16 4.051763e-16 1.000000e+00
    outer loop
      vertex 1.139422e+01 1.027640e+01 3.114002e+00
      vertex 2.130209e+01 1.043500e+01 3.114002e+00
      vertex 1.177709e+01 1.043500e+01 3.114002e+00
    endloop
  endfacet
  facet normal 5.041279e-16 4.051763e-16 1.000000e+00
    outer loop
      vertex 1.177709e+01 1.043500e+01 3.114002e+00
      vertex 2.130209e+01 1.043500e+01 3.114002e+00
      vertex 1.210588e+01 1.068728e+01 3.114002e+00
    endloop
  endfacet
  facet normal 5.041279e-16 4.051763e-16 1.000000e+00
    outer loop
      vertex 1.210588e+01 1.068728e+01 3.114002e+00
      vertex 2.130209e+01 1.043500e+01 3.114002e+00
      vertex 2.097331e+01 1.068728e+01 3.114002e+00
    endloop
  endfacet
  facet normal 5.041279e-16 4.051763e-16 1.000000e+00
    outer loop
      vertex 1.210588e+01 1.068728e+01 3.114002e+00
      vertex 2.097331e+01 1.068728e+01 3.114002e+00
      vertex 2.072103e+01 1.101606e+01 3.114002e+00
    endloop
  endfacet
  facet normal 5.041279e-16 4.051763e-16 1.000000e+00
    outer loop
      vertex 1.210588e+01 1.068728e+01 3.114002e+00
      vertex 2.072103e+01 1.101606e+01 3.114002e+00
      vertex 1.235816e+01 1.101606e+01 3.114002e+00
    endloop
  endfacet
  facet normal 5.041279e-16 4.051763e-16 1.000000e+00
    outer loop
      vertex 1.235816e+01 1.101606e+01 3.114002e+00
      vertex 2.072103e+01 1.101606e+01 3.114002e+00
      vertex 2.056244e+01 1.139894e+01 3.114002e+00
    endloop
  endfacet
  facet normal 5.041279e-16 4.051763e-16 1.000000e+00
    outer loop
      vertex 1.235816e+01 1.101606e+01 3.114002e+00
      vertex 2.056244e+01 1.139894e+01 3.114002e+00
      vertex 1.251675e+01 1.139894e+01 3.114002e+00
    endloop
  endfacet
  facet normal 5.041279e-16 4.051763e-16 1.000000e+00
    outer loop
      vertex 1.251675e+01 1.139894e+01 3.114002e+00
      vertex 2.056244e+01 1.139894e+01 3.114002e+00
      vertex 2.050834e+01 1.180981e+01 3.114002e+00
    endloop
  endfacet
  facet normal 5.041279e-16 4.051763e-16 1.000000e+00
    outer loop
      vertex 1.251675e+01 1.139894e+01 3.114002e+00
      vertex 2.050834e+01 1.180981e+01 3.114002e+00
      vertex 1.257084e+01 1.180981e+01 3.114002e+00
    endloop
  endfacet
  facet normal 5.041279e-16 4.051763e-16 1.000000e+00
    outer loop
      vertex 1.257084e+01 1.180981e+01 3.114002e+00
      vertex 2.050834e+01 1.180981e+01 3.114002e+00
      vertex 2.056244e+01 1.222069e+01 3.114002e+00
    endloop
  endfacet
  facet normal 5.041279e-16 4.051763e-16 1.000000e+00
    outer loop
      vertex 1.257084e+01 1.180981e+01 3.114002e+00
      vertex 2.056244e+01 1.222069e+01 3.114002e+00
      vertex 1.251675e+01 1.222069e+01 3.114002e+00
    endloop
  endfacet
  facet normal 5.041279e-16 4.051763e-16 1.000000e+00
    outer loop
      vertex 1.251675e+01 1.222069e+01 3.114002e+00
      vertex 2.056244e+01 1.222069e+01 3.114002e+00
      vertex 2.072103e+01 1.260356e+01 3.114002e+00
    endloop
  endfacet
  facet normal 5.041279e-16 4.051763e-16 1.000000e+00
    outer loop
      vertex 1.251675e+01 1.222069e+01 3.114002e+00
      vertex 2.072103e+01 1.260356e+01 3.114002e+00
      vertex 1.235816e+01 1.260356e+01 3.114002e+00
    endloop
  endfacet
  facet normal 5.041279e-16 4.051763e-16 1.000000e+00
    outer loop
      vertex 1.235816e+01 1.260356e+01 3.114002e+00
      vertex 2.072103e+01 1.260356e+01 3.114002e+00
      vertex 2.097331e+01 1.293234e+01 3.114002e+00
    endloop
  endfacet
  facet normal 5.041279e-16 4.051763e-16 1.000000e+00
    outer loop
      vertex 1.235816e+01 1.260356e+01 3.114002e+00
      vertex 2.097331e+01 1.293234e+01 3.114002e+00
      vertex 1.210588e+01 1.293234e+01 3.114002e+00
    endloop
  endfacet
  facet normal 5.041279e-16 4.051763e-16 1.000000e+00
    outer loop
      vertex 1.210588e+01 1.293234e+01 3.114002e+00
      vertex 2.097331e+01 1.293234e+01 3.114002e+00
      vertex 2.130209e+01 1.318463e+01 3.114002e+00
    endloop
  endfacet
  facet normal 5.041279e-16 4.051763e-16 1.000000e+00
    outer loop
      vertex 1.210588e+01 1.293234e+01 3.114002e+00
      vertex 2.130209e+01 1.318463e+01 3.114002e+00
      vertex 1.177709e+01 1.318463e+01 3.114002e+00
    endloop
  endfacet
  facet normal 5.041279e-16 4.051763e-16 1.000000e+00
    outer loop
      vertex 1.177709e+01 1.318463e+01 3.114002e+00
      vertex 2.130209e+01 1.318463e+01 3.114002e+00
      vertex 2.168497e+01 1.334322e+01 3.114002e+00
    endloop
  endfacet
  facet normal 5.041279e-16 4.051763e-16 1.000000e+00
    outer loop
      vertex 1.177709e+01 1.318463e+01 3.114002e+00
      vertex 2.168497e+01 1.334322e+01 3.114002e+00
      vertex 1.139422e+01 1.334322e+01 3.114002e+00
    endloop
  endfacet
  facet normal 5.041279e-16 4.051763e-16 1.000000e+00
    outer loop
      vertex 1.139422e+01 1.334322e+01 3.114002e+00
      vertex 2.168497e+01 1.334322e+01 3.114002e+00
      vertex 2.209584e+01 1.339731e+01 3.114002e+00
    endloop
  endfacet
  facet normal 5.041279e-16 4.051763e-16 1.000000e+00
    outer loop
      vertex 1.139422e+01 1.334322e+01 3.114002e+00
      vertex 2.209584e+01 1.339731e+01 3.114002e+00
      vertex 1.098334e+01 1.339731e+01 3.114002e+00
    endloop
  endfacet
  facet normal 5.041279e-16 4.051763e-16 1.000000e+00
    outer loop
      vertex 2.600057e+01 2.468966e+00 3.114002e+00
      vertex 2.288959e+01 1.043500e+01 3.114002e+00
      vertex 1.190625e+01 2.468966e+00 3.114002e+00
    endloop
  endfacet
  facet normal 5.041279e-16 4.051763e-16 1.000000e+00
    outer loop
      vertex 2.288959e+01 1.043500e+01 3.114002e+00
      vertex 2.600057e+01 2.468966e+00 3.114002e+00
      vertex 2.321838e+01 1.068728e+01 3.114002e+00
    endloop
  endfacet
  facet normal 5.041279e-16 4.051763e-16 1.000000e+00
    outer loop
      vertex 2.321838e+01 1.068728e+01 3.114002e+00
      vertex 2.600057e+01 2.468966e+00 3.114002e+00
      vertex 2.347066e+01 1.101606e+01 3.114002e+00
    endloop
  endfacet
  facet normal 5.041279e-16 4.051763e-16 1.000000e+00
    outer loop
      vertex 2.347066e+01 1.101606e+01 3.114002e+00
      vertex 2.600057e+01 2.468966e+00 3.114002e+00
      vertex 2.606459e+01 1.577856e+01 3.114002e+00
    endloop
  endfacet
  facet normal 5.041279e-16 4.051763e-16 1.000000e+00
    outer loop
      vertex 1.190625e+01 2.468966e+00 3.114002e+00
      vertex 2.288959e+01 1.043500e+01 3.114002e+00
      vertex 2.250672e+01 1.027640e+01 3.114002e+00
    endloop
  endfacet
  facet normal 5.041279e-16 4.051763e-16 1.000000e+00
    outer loop
      vertex 1.190625e+01 2.468966e+00 3.114002e+00
      vertex 2.250672e+01 1.027640e+01 3.114002e+00
      vertex 2.209584e+01 1.022231e+01 3.114002e+00
    endloop
  endfacet
  facet normal 5.041279e-16 4.051763e-16 1.000000e+00
    outer loop
      vertex 2.347066e+01 1.101606e+01 3.114002e+00
      vertex 2.606459e+01 1.577856e+01 3.114002e+00
      vertex 2.362925e+01 1.139894e+01 3.114002e+00
    endloop
  endfacet
  facet normal 5.041279e-16 4.051763e-16 1.000000e+00
    outer loop
      vertex 2.362925e+01 1.139894e+01 3.114002e+00
      vertex 2.606459e+01 1.577856e+01 3.114002e+00
      vertex 2.368334e+01 1.180981e+01 3.114002e+00
    endloop
  endfacet
  facet normal 5.041279e-16 4.051763e-16 1.000000e+00
    outer loop
      vertex 2.368334e+01 1.180981e+01 3.114002e+00
      vertex 2.606459e+01 1.577856e+01 3.114002e+00
      vertex 2.362925e+01 1.222069e+01 3.114002e+00
    endloop
  endfacet
  facet normal 5.041279e-16 4.051763e-16 1.000000e+00
    outer loop
      vertex 2.362925e+01 1.222069e+01 3.114002e+00
      vertex 2.606459e+01 1.577856e+01 3.114002e+00
      vertex 2.347066e+01 1.260356e+01 3.114002e+00
    endloop
  endfacet
  facet normal 5.041279e-16 4.051763e-16 1.000000e+00
    outer loop
      vertex 2.347066e+01 1.260356e+01 3.114002e+00
      vertex 2.606459e+01 1.577856e+01 3.114002e+00
      vertex 2.321838e+01 1.293234e+01 3.114002e+00
    endloop
  endfacet
  facet normal 5.041279e-16 4.051763e-16 1.000000e+00
    outer loop
      vertex 2.321838e+01 1.293234e+01 3.114002e+00
      vertex 2.606459e+01 1.577856e+01 3.114002e+00
      vertex 2.288959e+01 1.318463e+01 3.114002e+00
    endloop
  endfacet
  facet normal 5.041279e-16 4.051763e-16 1.000000e+00
    outer loop
      vertex 2.288959e+01 1.318463e+01 3.114002e+00
      vertex 2.606459e+01 1.577856e+01 3.114002e+00
      vertex 2.250672e+01 1.334322e+01 3.114002e+00
    endloop
  endfacet
  facet normal 5.041279e-16 4.051763e-16 1.000000e+00
    outer loop
      vertex 2.250672e+01 1.334322e+01 3.114002e+00
      vertex 2.606459e+01 1.577856e+01 3.114002e+00
      vertex 2.209584e+01 1.339731e+01 3.114002e+00
    endloop
  endfacet
  facet normal 5.041279e-16 4.051763e-16 1.000000e+00
    outer loop
      vertex 1.190625e+01 2.468966e+00 3.114002e+00
      vertex 7.207778e+00 1.577856e+01 3.114002e+00
      vertex 7.143750e+00 2.468966e+00 3.114002e+00
    endloop
  endfacet
  facet normal 5.041279e-16 4.051763e-16 1.000000e+00
    outer loop
      vertex 7.207778e+00 1.577856e+01 3.114002e+00
      vertex 1.190625e+01 2.468966e+00 3.114002e+00
      vertex 9.608530e+00 1.101606e+01 3.114002e+00
    endloop
  endfacet
  facet normal 5.041279e-16 4.051763e-16 1.000000e+00
    outer loop
      vertex 9.608530e+00 1.101606e+01 3.114002e+00
      vertex 1.190625e+01 2.468966e+00 3.114002e+00
      vertex 9.860813e+00 1.068728e+01 3.114002e+00
    endloop
  endfacet
  facet normal 5.041279e-16 4.051763e-16 1.000000e+00
    outer loop
      vertex 9.860813e+00 1.068728e+01 3.114002e+00
      vertex 1.190625e+01 2.468966e+00 3.114002e+00
      vertex 1.018959e+01 1.043500e+01 3.114002e+00
    endloop
  endfacet
  facet normal 5.041279e-16 4.051763e-16 1.000000e+00
    outer loop
      vertex 1.018959e+01 1.043500e+01 3.114002e+00
      vertex 1.190625e+01 2.468966e+00 3.114002e+00
      vertex 1.057247e+01 1.027640e+01 3.114002e+00
    endloop
  endfacet
  facet normal 5.041279e-16 4.051763e-16 1.000000e+00
    outer loop
      vertex 1.057247e+01 1.027640e+01 3.114002e+00
      vertex 1.190625e+01 2.468966e+00 3.114002e+00
      vertex 1.098334e+01 1.022231e+01 3.114002e+00
    endloop
  endfacet
  facet normal 5.041279e-16 4.051763e-16 1.000000e+00
    outer loop
      vertex 1.098334e+01 1.022231e+01 3.114002e+00
      vertex 1.190625e+01 2.468966e+00 3.114002e+00
      vertex 2.209584e+01 1.022231e+01 3.114002e+00
    endloop
  endfacet
  facet normal 5.041279e-16 4.051763e-16 1.000000e+00
    outer loop
      vertex 7.207778e+00 1.577856e+01 3.114002e+00
      vertex 9.608530e+00 1.101606e+01 3.114002e+00
      vertex 9.449938e+00 1.139894e+01 3.114002e+00
    endloop
  endfacet
  facet normal 5.041279e-16 4.051763e-16 1.000000e+00
    outer loop
      vertex 7.207778e+00 1.577856e+01 3.114002e+00
      vertex 9.449938e+00 1.139894e+01 3.114002e+00
      vertex 9.395844e+00 1.180981e+01 3.114002e+00
    endloop
  endfacet
  facet normal 5.041279e-16 4.051763e-16 1.000000e+00
    outer loop
      vertex 7.207778e+00 1.577856e+01 3.114002e+00
      vertex 9.395844e+00 1.180981e+01 3.114002e+00
      vertex 9.449938e+00 1.222069e+01 3.114002e+00
    endloop
  endfacet
  facet normal 5.041279e-16 4.051763e-16 1.000000e+00
    outer loop
      vertex 7.207778e+00 1.577856e+01 3.114002e+00
      vertex 9.449938e+00 1.222069e+01 3.114002e+00
      vertex 9.608530e+00 1.260356e+01 3.114002e+00
    endloop
  endfacet
  facet normal 5.041279e-16 4.051763e-16 1.000000e+00
    outer loop
      vertex 7.207778e+00 1.577856e+01 3.114002e+00
      vertex 9.608530e+00 1.260356e+01 3.114002e+00
      vertex 9.860813e+00 1.293234e+01 3.114002e+00
    endloop
  endfacet
  facet normal 5.041279e-16 4.051763e-16 1.000000e+00
    outer loop
      vertex 7.207778e+00 1.577856e+01 3.114002e+00
      vertex 9.860813e+00 1.293234e+01 3.114002e+00
      vertex 1.018959e+01 1.318463e+01 3.114002e+00
    endloop
  endfacet
  facet normal 5.041279e-16 4.051763e-16 1.000000e+00
    outer loop
      vertex 7.207778e+00 1.577856e+01 3.114002e+00
      vertex 1.018959e+01 1.318463e+01 3.114002e+00
      vertex 1.057247e+01 1.334322e+01 3.114002e+00
    endloop
  endfacet
  facet normal 5.041279e-16 4.051763e-16 1.000000e+00
    outer loop
      vertex 7.207778e+00 1.577856e+01 3.114002e+00
      vertex 1.057247e+01 1.334322e+01 3.114002e+00
      vertex 1.098334e+01 1.339731e+01 3.114002e+00
    endloop
  endfacet
  facet normal 5.041279e-16 4.051763e-16 1.000000e+00
    outer loop
      vertex 7.207778e+00 1.577856e+01 3.114002e+00
      vertex 1.098334e+01 1.339731e+01 3.114002e+00
      vertex 2.209584e+01 1.339731e+01 3.114002e+00
    endloop
  endfacet
  facet normal 5.041279e-16 4.051763e-16 1.000000e+00
    outer loop
      vertex 7.207778e+00 1.577856e+01 3.114002e+00
      vertex 2.209584e+01 1.339731e+01 3.114002e+00
      vertex 2.606459e+01 1.577856e+01 3.114002e+00
    endloop
  endfacet
  facet normal -1.480297e-16 1.000000e+00 -6.908054e-16
    outer loop
      vertex 7.143750e+00 2.468966e+00 3.114002e+00
      vertex 1.190625e+01 2.468966e+00 1.025775e+01
      vertex 1.190625e+01 2.468966e+00 3.114002e+00
    endloop
  endfacet
  facet normal -1.480297e-16 1.000000e+00 -6.908054e-16
    outer loop
      vertex 1.190625e+01 2.468966e+00 1.025775e+01
      vertex 7.143750e+00 2.468966e+00 3.114002e+00
      vertex 7.143750e+00 2.468966e+00 1.025775e+01
    endloop
  endfacet
  facet normal -3.001174e-16 -1.000000e+00 -4.527881e-16
    outer loop
      vertex 1.190625e+01 2.468966e+00 3.114002e+00
      vertex 2.600057e+01 2.468966e+00 0.000000e+00
      vertex 2.600057e+01 2.468966e+00 3.114002e+00
    endloop
  endfacet
  facet normal -3.001174e-16 -1.000000e+00 -4.527881e-16
    outer loop
      vertex 2.600057e+01 2.468966e+00 0.000000e+00
      vertex 1.190625e+01 2.468966e+00 3.114002e+00
      vertex 1.190625e+01 2.468966e+00 8.881784e-16
    endloop
  endfacet
  facet normal -7.252076e-16 9.282824e-16 -1.000000e+00
    outer loop
      vertex 1.098334e+01 1.022231e+01 8.881784e-16
      vertex 2.168497e+01 1.027640e+01 2.220446e-16
      vertex 2.209584e+01 1.022231e+01 2.220446e-16
    endloop
  endfacet
  facet normal -7.252076e-16 9.282824e-16 -1.000000e+00
    outer loop
      vertex 2.168497e+01 1.027640e+01 2.220446e-16
      vertex 1.098334e+01 1.022231e+01 8.881784e-16
      vertex 1.139422e+01 1.027640e+01 8.881784e-16
    endloop
  endfacet
  facet normal -7.252076e-16 9.282824e-16 -1.000000e+00
    outer loop
      vertex 2.168497e+01 1.027640e+01 2.220446e-16
      vertex 1.139422e+01 1.027640e+01 8.881784e-16
      vertex 2.130209e+01 1.043500e+01 2.220446e-16
    endloop
  endfacet
  facet normal -7.252076e-16 9.282824e-16 -1.000000e+00
    outer loop
      vertex 2.130209e+01 1.043500e+01 2.220446e-16
      vertex 1.139422e+01 1.027640e+01 8.881784e-16
      vertex 1.177709e+01 1.043500e+01 8.881784e-16
    endloop
  endfacet
  facet normal -7.252076e-16 9.282824e-16 -1.000000e+00
    outer loop
      vertex 2.130209e+01 1.043500e+01 2.220446e-16
      vertex 1.177709e+01 1.043500e+01 8.881784e-16
      vertex 1.210588e+01 1.068728e+01 8.881784e-16
    endloop
  endfacet
  facet normal -7.252076e-16 9.282824e-16 -1.000000e+00
    outer loop
      vertex 2.130209e+01 1.043500e+01 2.220446e-16
      vertex 1.210588e+01 1.068728e+01 8.881784e-16
      vertex 2.097331e+01 1.068728e+01 2.220446e-16
    endloop
  endfacet
  facet normal -7.252076e-16 9.282824e-16 -1.000000e+00
    outer loop
      vertex 2.097331e+01 1.068728e+01 2.220446e-16
      vertex 1.210588e+01 1.068728e+01 8.881784e-16
      vertex 2.072103e+01 1.101606e+01 2.220446e-16
    endloop
  endfacet
  facet normal -7.252076e-16 9.282824e-16 -1.000000e+00
    outer loop
      vertex 2.072103e+01 1.101606e+01 2.220446e-16
      vertex 1.210588e+01 1.068728e+01 8.881784e-16
      vertex 1.235816e+01 1.101606e+01 8.881784e-16
    endloop
  endfacet
  facet normal -7.252076e-16 9.282824e-16 -1.000000e+00
    outer loop
      vertex 2.072103e+01 1.101606e+01 2.220446e-16
      vertex 1.235816e+01 1.101606e+01 8.881784e-16
      vertex 1.251675e+01 1.139894e+01 8.881784e-16
    endloop
  endfacet
  facet normal -7.252076e-16 9.282824e-16 -1.000000e+00
    outer loop
      vertex 2.072103e+01 1.101606e+01 2.220446e-16
      vertex 1.251675e+01 1.139894e+01 8.881784e-16
      vertex 2.056244e+01 1.139894e+01 2.220446e-16
    endloop
  endfacet
  facet normal -7.252076e-16 9.282824e-16 -1.000000e+00
    outer loop
      vertex 2.056244e+01 1.139894e+01 2.220446e-16
      vertex 1.251675e+01 1.139894e+01 8.881784e-16
      vertex 1.257084e+01 1.180981e+01 8.881784e-16
    endloop
  endfacet
  facet normal -7.252076e-16 9.282824e-16 -1.000000e+00
    outer loop
      vertex 2.056244e+01 1.139894e+01 2.220446e-16
      vertex 1.257084e+01 1.180981e+01 8.881784e-16
      vertex 2.050834e+01 1.180981e+01 2.220446e-16
    endloop
  endfacet
  facet normal -7.252076e-16 9.282824e-16 -1.000000e+00
    outer loop
      vertex 2.050834e+01 1.180981e+01 2.220446e-16
      vertex 1.257084e+01 1.180981e+01 8.881784e-16
      vertex 1.251675e+01 1.222069e+01 8.881784e-16
    endloop
  endfacet
  facet normal -7.252076e-16 9.282824e-16 -1.000000e+00
    outer loop
      vertex 2.050834e+01 1.180981e+01 2.220446e-16
      vertex 1.251675e+01 1.222069e+01 8.881784e-16
      vertex 2.056244e+01 1.222069e+01 2.220446e-16
    endloop
  endfacet
  facet normal -7.252076e-16 9.282824e-16 -1.000000e+00
    outer loop
      vertex 2.056244e+01 1.222069e+01 2.220446e-16
      vertex 1.251675e+01 1.222069e+01 8.881784e-16
      vertex 1.235816e+01 1.260356e+01 8.881784e-16
    endloop
  endfacet
  facet normal -7.252076e-16 9.282824e-16 -1.000000e+00
    outer loop
      vertex 2.056244e+01 1.222069e+01 2.220446e-16
      vertex 1.235816e+01 1.260356e+01 8.881784e-16
      vertex 2.072103e+01 1.260356e+01 2.220446e-16
    endloop
  endfacet
  facet normal -7.252076e-16 9.282824e-16 -1.000000e+00
    outer loop
      vertex 2.072103e+01 1.260356e+01 2.220446e-16
      vertex 1.235816e+01 1.260356e+01 8.881784e-16
      vertex 2.097331e+01 1.293234e+01 2.220446e-16
    endloop
  endfacet
  facet normal -7.252076e-16 9.282824e-16 -1.000000e+00
    outer loop
      vertex 2.097331e+01 1.293234e+01 2.220446e-16
      vertex 1.235816e+01 1.260356e+01 8.881784e-16
      vertex 1.210588e+01 1.293234e+01 8.881784e-16
    endloop
  endfacet
  facet normal -7.252076e-16 9.282824e-16 -1.000000e+00
    outer loop
      vertex 2.097331e+01 1.293234e+01 2.220446e-16
      vertex 1.210588e+01 1.293234e+01 8.881784e-16
      vertex 2.130209e+01 1.318463e+01 2.220446e-16
    endloop
  endfacet
  facet normal -7.252076e-16 9.282824e-16 -1.000000e+00
    outer loop
      vertex 2.130209e+01 1.318463e+01 2.220446e-16
      vertex 1.210588e+01 1.293234e+01 8.881784e-16
      vertex 1.177709e+01 1.318463e+01 8.881784e-16
    endloop
  endfacet
  facet normal -7.252076e-16 9.282824e-16 -1.000000e+00
    outer loop
      vertex 2.130209e+01 1.318463e+01 2.220446e-16
      vertex 1.177709e+01 1.318463e+01 8.881784e-16
      vertex 1.139422e+01 1.334322e+01 8.881784e-16
    endloop
  endfacet
  facet normal -7.252076e-16 9.282824e-16 -1.000000e+00
    outer loop
      vertex 2.130209e+01 1.318463e+01 2.220446e-16
      vertex 1.139422e+01 1.334322e+01 8.881784e-16
      vertex 2.168497e+01 1.334322e+01 2.220446e-16
    endloop
  endfacet
  facet normal -7.252076e-16 9.282824e-16 -1.000000e+00
    outer loop
      vertex 2.168497e+01 1.334322e+01 2.220446e-16
      vertex 1.139422e+01 1.334322e+01 8.881784e-16
      vertex 2.209584e+01 1.339731e+01 2.220446e-16
    endloop
  endfacet
  facet normal -7.252076e-16 9.282824e-16 -1.000000e+00
    outer loop
      vertex 2.209584e+01 1.339731e+01 2.220446e-16
      vertex 1.139422e+01 1.334322e+01 8.881784e-16
      vertex 1.098334e+01 1.339731e+01 8.881784e-16
    endloop
  endfacet
  facet normal -7.252076e-16 9.282824e-16 -1.000000e+00
    outer loop
      vertex 7.207778e+00 1.577856e+01 1.110223e-15
      vertex 1.190625e+01 2.468966e+00 8.881784e-16
      vertex 7.143750e+00 2.468966e+00 1.110223e-15
    endloop
  endfacet
  facet normal -7.252076e-16 9.282824e-16 -1.000000e+00
    outer loop
      vertex 1.190625e+01 2.468966e+00 8.881784e-16
      vertex 7.207778e+00 1.577856e+01 1.110223e-15
      vertex 9.608530e+00 1.101606e+01 8.881784e-16
    endloop
  endfacet
  facet normal -7.252076e-16 9.282824e-16 -1.000000e+00
    outer loop
      vertex 1.190625e+01 2.468966e+00 8.881784e-16
      vertex 9.608530e+00 1.101606e+01 8.881784e-16
      vertex 9.860813e+00 1.068728e+01 8.881784e-16
    endloop
  endfacet
  facet normal -7.252076e-16 9.282824e-16 -1.000000e+00
    outer loop
      vertex 1.190625e+01 2.468966e+00 8.881784e-16
      vertex 9.860813e+00 1.068728e+01 8.881784e-16
      vertex 1.018959e+01 1.043500e+01 8.881784e-16
    endloop
  endfacet
  facet normal -7.252076e-16 9.282824e-16 -1.000000e+00
    outer loop
      vertex 1.190625e+01 2.468966e+00 8.881784e-16
      vertex 1.018959e+01 1.043500e+01 8.881784e-16
      vertex 1.057247e+01 1.027640e+01 8.881784e-16
    endloop
  endfacet
  facet normal -7.252076e-16 9.282824e-16 -1.000000e+00
    outer loop
      vertex 1.190625e+01 2.468966e+00 8.881784e-16
      vertex 1.057247e+01 1.027640e+01 8.881784e-16
      vertex 1.098334e+01 1.022231e+01 8.881784e-16
    endloop
  endfacet
  facet normal -7.252076e-16 9.282824e-16 -1.000000e+00
    outer loop
      vertex 1.190625e+01 2.468966e+00 8.881784e-16
      vertex 1.098334e+01 1.022231e+01 8.881784e-16
      vertex 2.209584e+01 1.022231e+01 2.220446e-16
    endloop
  endfacet
  facet normal -7.252076e-16 9.282824e-16 -1.000000e+00
    outer loop
      vertex 9.608530e+00 1.101606e+01 8.881784e-16
      vertex 7.207778e+00 1.577856e+01 1.110223e-15
      vertex 9.449938e+00 1.139894e+01 8.881784e-16
    endloop
  endfacet
  facet normal -7.252076e-16 9.282824e-16 -1.000000e+00
    outer loop
      vertex 9.449938e+00 1.139894e+01 8.881784e-16
      vertex 7.207778e+00 1.577856e+01 1.110223e-15
      vertex 9.395844e+00 1.180981e+01 8.881784e-16
    endloop
  endfacet
  facet normal -7.252076e-16 9.282824e-16 -1.000000e+00
    outer loop
      vertex 9.395844e+00 1.180981e+01 8.881784e-16
      vertex 7.207778e+00 1.577856e+01 1.110223e-15
      vertex 9.449938e+00 1.222069e+01 8.881784e-16
    endloop
  endfacet
  facet normal -7.252076e-16 9.282824e-16 -1.000000e+00
    outer loop
      vertex 9.449938e+00 1.222069e+01 8.881784e-16
      vertex 7.207778e+00 1.577856e+01 1.110223e-15
      vertex 9.608530e+00 1.260356e+01 8.881784e-16
    endloop
  endfacet
  facet normal -7.252076e-16 9.282824e-16 -1.000000e+00
    outer loop
      vertex 9.608530e+00 1.260356e+01 8.881784e-16
      vertex 7.207778e+00 1.577856e+01 1.110223e-15
      vertex 9.860813e+00 1.293234e+01 8.881784e-16
    endloop
  endfacet
  facet normal -7.252076e-16 9.282824e-16 -1.000000e+00
    outer loop
      vertex 9.860813e+00 1.293234e+01 8.881784e-16
      vertex 7.207778e+00 1.577856e+01 1.110223e-15
      vertex 1.018959e+01 1.318463e+01 8.881784e-16
    endloop
  endfacet
  facet normal -7.252076e-16 9.282824e-16 -1.000000e+00
    outer loop
      vertex 1.018959e+01 1.318463e+01 8.881784e-16
      vertex 7.207778e+00 1.577856e+01 1.110223e-15
      vertex 1.057247e+01 1.334322e+01 8.881784e-16
    endloop
  endfacet
  facet normal -7.252076e-16 9.282824e-16 -1.000000e+00
    outer loop
      vertex 1.057247e+01 1.334322e+01 8.881784e-16
      vertex 7.207778e+00 1.577856e+01 1.110223e-15
      vertex 1.098334e+01 1.339731e+01 8.881784e-16
    endloop
  endfacet
  facet normal -7.252076e-16 9.282824e-16 -1.000000e+00
    outer loop
      vertex 1.098334e+01 1.339731e+01 8.881784e-16
      vertex 7.207778e+00 1.577856e+01 1.110223e-15
      vertex 2.606459e+01 1.577856e+01 0.000000e+00
    endloop
  endfacet
  facet normal -7.252076e-16 9.282824e-16 -1.000000e+00
    outer loop
      vertex 2.600057e+01 2.468966e+00 0.000000e+00
      vertex 2.347066e+01 1.101606e+01 2.220446e-16
      vertex 2.606459e+01 1.577856e+01 0.000000e+00
    endloop
  endfacet
  facet normal -7.252076e-16 9.282824e-16 -1.000000e+00
    outer loop
      vertex 2.347066e+01 1.101606e+01 2.220446e-16
      vertex 2.600057e+01 2.468966e+00 0.000000e+00
      vertex 2.321838e+01 1.068728e+01 2.220446e-16
    endloop
  endfacet
  facet normal -7.252076e-16 9.282824e-16 -1.000000e+00
    outer loop
      vertex 2.321838e+01 1.068728e+01 2.220446e-16
      vertex 2.600057e+01 2.468966e+00 0.000000e+00
      vertex 2.288959e+01 1.043500e+01 2.220446e-16
    endloop
  endfacet
  facet normal -7.252076e-16 9.282824e-16 -1.000000e+00
    outer loop
      vertex 2.288959e+01 1.043500e+01 2.220446e-16
      vertex 2.600057e+01 2.468966e+00 0.000000e+00
      vertex 1.190625e+01 2.468966e+00 8.881784e-16
    endloop
  endfacet
  facet normal -7.252076e-16 9.282824e-16 -1.000000e+00
    outer loop
      vertex 2.288959e+01 1.043500e+01 2.220446e-16
      vertex 1.190625e+01 2.468966e+00 8.881784e-16
      vertex 2.250672e+01 1.027640e+01 2.220446e-16
    endloop
  endfacet
  facet normal -7.252076e-16 9.282824e-16 -1.000000e+00
    outer loop
      vertex 2.250672e+01 1.027640e+01 2.220446e-16
      vertex 1.190625e+01 2.468966e+00 8.881784e-16
      vertex 2.209584e+01 1.022231e+01 2.220446e-16
    endloop
  endfacet
  facet normal -7.252076e-16 9.282824e-16 -1.000000e+00
    outer loop
      vertex 2.606459e+01 1.577856e+01 0.000000e+00
      vertex 2.347066e+01 1.101606e+01 2.220446e-16
      vertex 2.362925e+01 1.139894e+01 2.220446e-16
    endloop
  endfacet
  facet normal -7.252076e-16 9.282824e-16 -1.000000e+00
    outer loop
      vertex 2.606459e+01 1.577856e+01 0.000000e+00
      vertex 2.362925e+01 1.139894e+01 2.220446e-16
      vertex 2.368334e+01 1.180981e+01 0.000000e+00
    endloop
  endfacet
  facet normal -7.252076e-16 9.282824e-16 -1.000000e+00
    outer loop
      vertex 2.606459e+01 1.577856e+01 0.000000e+00
      vertex 2.368334e+01 1.180981e+01 0.000000e+00
      vertex 2.362925e+01 1.222069e+01 2.220446e-16
    endloop
  endfacet
  facet normal -7.252076e-16 9.282824e-16 -1.000000e+00
    outer loop
      vertex 2.606459e+01 1.577856e+01 0.000000e+00
      vertex 2.362925e+01 1.222069e+01 2.220446e-16
      vertex 2.347066e+01 1.260356e+01 2.220446e-16
    endloop
  endfacet
  facet normal -7.252076e-16 9.282824e-16 -1.000000e+00
    outer loop
      vertex 2.606459e+01 1.577856e+01 0.000000e+00
      vertex 2.347066e+01 1.260356e+01 2.220446e-16
      vertex 2.321838e+01 1.293234e+01 2.220446e-16
    endloop
  endfacet
  facet normal -7.252076e-16 9.282824e-16 -1.000000e+00
    outer loop
      vertex 2.606459e+01 1.577856e+01 0.000000e+00
      vertex 2.321838e+01 1.293234e+01 2.220446e-16
      vertex 2.288959e+01 1.318463e+01 2.220446e-16
    endloop
  endfacet
  facet normal -7.252076e-16 9.282824e-16 -1.000000e+00
    outer loop
      vertex 2.606459e+01 1.577856e+01 0.000000e+00
      vertex 2.288959e+01 1.318463e+01 2.220446e-16
      vertex 2.250672e+01 1.334322e+01 2.220446e-16
    endloop
  endfacet
  facet normal -7.252076e-16 9.282824e-16 -1.000000e+00
    outer loop
      vertex 2.606459e+01 1.577856e+01 0.000000e+00
      vertex 2.250672e+01 1.334322e+01 2.220446e-16
      vertex 2.209584e+01 1.339731e+01 2.220446e-16
    endloop
  endfacet
  facet normal -7.252076e-16 9.282824e-16 -1.000000e+00
    outer loop
      vertex 2.606459e+01 1.577856e+01 0.000000e+00
      vertex 2.209584e+01 1.339731e+01 2.220446e-16
      vertex 1.098334e+01 1.339731e+01 8.881784e-16
    endloop
  endfacet
  facet normal -1.184238e-15 1.000000e+00 -1.140504e-30
    outer loop
      vertex 7.143750e+00 2.468966e+00 1.110223e-15
      vertex 1.190625e+01 2.468966e+00 3.114002e+00
      vertex 1.190625e+01 2.468966e+00 8.881784e-16
    endloop
  endfacet
  facet normal -1.184238e-15 1.000000e+00 -1.140504e-30
    outer loop
      vertex 1.190625e+01 2.468966e+00 3.114002e+00
      vertex 7.143750e+00 2.468966e+00 1.110223e-15
      vertex 7.143750e+00 2.468966e+00 3.114002e+00
    endloop
  endfacet
  facet normal -9.238795e-01 3.826834e-01 1.239551e-15
    outer loop
      vertex -2.085019e+01 1.181853e+01 3.290052e+00
      vertex -2.069159e+01 1.220141e+01 2.886580e-15
      vertex -2.085019e+01 1.181853e+01 2.886580e-15
    endloop
  endfacet
  facet normal -9.238795e-01 3.826834e-01 1.239551e-15
    outer loop
      vertex -2.069159e+01 1.220141e+01 2.886580e-15
      vertex -2.085019e+01 1.181853e+01 3.290052e+00
      vertex -2.069159e+01 1.220141e+01 3.290052e+00
    endloop
  endfacet
  facet normal -7.933533e-01 6.087614e-01 1.148952e-15
    outer loop
      vertex -2.110247e+01 1.148975e+01 2.886580e-15
      vertex -2.085019e+01 1.181853e+01 3.290052e+00
      vertex -2.085019e+01 1.181853e+01 2.886580e-15
    endloop
  endfacet
  facet normal -7.933533e-01 6.087614e-01 1.148952e-15
    outer loop
      vertex -2.085019e+01 1.181853e+01 3.290052e+00
      vertex -2.110247e+01 1.148975e+01 2.886580e-15
      vertex -2.110247e+01 1.148975e+01 3.290052e+00
    endloop
  endfacet
  facet normal -6.087614e-01 7.933533e-01 9.206792e-16
    outer loop
      vertex -2.143125e+01 1.123747e+01 2.886580e-15
      vertex -2.110247e+01 1.148975e+01 3.290052e+00
      vertex -2.110247e+01 1.148975e+01 2.886580e-15
    endloop
  endfacet
  facet normal -6.087614e-01 7.933533e-01 9.206792e-16
    outer loop
      vertex -2.110247e+01 1.148975e+01 3.290052e+00
      vertex -2.143125e+01 1.123747e+01 2.886580e-15
      vertex -2.143125e+01 1.123747e+01 3.290052e+00
    endloop
  endfacet
  facet normal -3.826834e-01 9.238795e-01 5.128363e-16
    outer loop
      vertex -2.181413e+01 1.107888e+01 2.886580e-15
      vertex -2.143125e+01 1.123747e+01 3.290052e+00
      vertex -2.143125e+01 1.123747e+01 2.886580e-15
    endloop
  endfacet
  facet normal -3.826834e-01 9.238795e-01 5.128363e-16
    outer loop
      vertex -2.143125e+01 1.123747e+01 3.290052e+00
      vertex -2.181413e+01 1.107888e+01 2.886580e-15
      vertex -2.181413e+01 1.107888e+01 3.290052e+00
    endloop
  endfacet
  facet normal -1.305262e-01 9.914448e-01 -1.107740e-16
    outer loop
      vertex -2.222500e+01 1.102478e+01 2.886580e-15
      vertex -2.181413e+01 1.107888e+01 3.290052e+00
      vertex -2.181413e+01 1.107888e+01 2.886580e-15
    endloop
  endfacet
  facet normal -1.305262e-01 9.914448e-01 -1.107740e-16
    outer loop
      vertex -2.181413e+01 1.107888e+01 3.290052e+00
      vertex -2.222500e+01 1.102478e+01 2.886580e-15
      vertex -2.222500e+01 1.102478e+01 3.290052e+00
    endloop
  endfacet
  facet normal 1.305262e-01 9.914448e-01 -9.065558e-16
    outer loop
      vertex -2.263587e+01 1.107888e+01 2.886580e-15
      vertex -2.222500e+01 1.102478e+01 3.290052e+00
      vertex -2.222500e+01 1.102478e+01 2.886580e-15
    endloop
  endfacet
  facet normal 1.305262e-01 9.914448e-01 -9.065558e-16
    outer loop
      vertex -2.222500e+01 1.102478e+01 3.290052e+00
      vertex -2.263587e+01 1.107888e+01 2.886580e-15
      vertex -2.263587e+01 1.107888e+01 3.290052e+00
    endloop
  endfacet
  facet normal 3.826834e-01 9.238795e-01 8.131177e-16
    outer loop
      vertex -2.263587e+01 1.107888e+01 2.886580e-15
      vertex -2.301875e+01 1.123747e+01 3.290052e+00
      vertex -2.263587e+01 1.107888e+01 3.290052e+00
    endloop
  endfacet
  facet normal 3.826834e-01 9.238795e-01 8.131177e-16
    outer loop
      vertex -2.301875e+01 1.123747e+01 3.290052e+00
      vertex -2.263587e+01 1.107888e+01 2.886580e-15
      vertex -2.301875e+01 1.123747e+01 2.886580e-15
    endloop
  endfacet
  facet normal 6.087614e-01 7.933533e-01 3.385552e-15
    outer loop
      vertex -2.334753e+01 1.148975e+01 2.886580e-15
      vertex -2.301875e+01 1.123747e+01 3.290052e+00
      vertex -2.301875e+01 1.123747e+01 2.886580e-15
    endloop
  endfacet
  facet normal 6.087614e-01 7.933533e-01 3.385552e-15
    outer loop
      vertex -2.301875e+01 1.123747e+01 3.290052e+00
      vertex -2.334753e+01 1.148975e+01 2.886580e-15
      vertex -2.334753e+01 1.148975e+01 3.290052e+00
    endloop
  endfacet
  facet normal 7.933533e-01 6.087614e-01 1.604652e-15
    outer loop
      vertex -2.359981e+01 1.181853e+01 3.290052e+00
      vertex -2.334753e+01 1.148975e+01 2.886580e-15
      vertex -2.359981e+01 1.181853e+01 3.108624e-15
    endloop
  endfacet
  facet normal 7.933533e-01 6.087614e-01 1.604652e-15
    outer loop
      vertex -2.334753e+01 1.148975e+01 2.886580e-15
      vertex -2.359981e+01 1.181853e+01 3.290052e+00
      vertex -2.334753e+01 1.148975e+01 3.290052e+00
    endloop
  endfacet
  facet normal 9.238795e-01 3.826834e-01 2.892610e-16
    outer loop
      vertex -2.375841e+01 1.220141e+01 3.290052e+00
      vertex -2.359981e+01 1.181853e+01 3.108624e-15
      vertex -2.375841e+01 1.220141e+01 3.108624e-15
    endloop
  endfacet
  facet normal 9.238795e-01 3.826834e-01 2.892610e-16
    outer loop
      vertex -2.359981e+01 1.181853e+01 3.108624e-15
      vertex -2.375841e+01 1.220141e+01 3.290052e+00
      vertex -2.359981e+01 1.181853e+01 3.290052e+00
    endloop
  endfacet
  facet normal 9.914448e-01 1.305262e-01 1.073232e-15
    outer loop
      vertex -2.381250e+01 1.261228e+01 3.290052e+00
      vertex -2.375841e+01 1.220141e+01 3.108624e-15
      vertex -2.381250e+01 1.261228e+01 3.108624e-15
    endloop
  endfacet
  facet normal 9.914448e-01 1.305262e-01 1.073232e-15
    outer loop
      vertex -2.375841e+01 1.220141e+01 3.108624e-15
      vertex -2.381250e+01 1.261228e+01 3.290052e+00
      vertex -2.375841e+01 1.220141e+01 3.290052e+00
    endloop
  endfacet
  facet normal 9.914448e-01 -1.305262e-01 8.382279e-16
    outer loop
      vertex -2.375841e+01 1.302316e+01 3.290052e+00
      vertex -2.381250e+01 1.261228e+01 3.108624e-15
      vertex -2.375841e+01 1.302316e+01 3.108624e-15
    endloop
  endfacet
  facet normal 9.914448e-01 -1.305262e-01 8.382279e-16
    outer loop
      vertex -2.381250e+01 1.261228e+01 3.108624e-15
      vertex -2.375841e+01 1.302316e+01 3.290052e+00
      vertex -2.381250e+01 1.261228e+01 3.290052e+00
    endloop
  endfacet
  facet normal 9.238795e-01 -3.826834e-01 2.896127e-16
    outer loop
      vertex -2.359981e+01 1.340603e+01 3.290052e+00
      vertex -2.375841e+01 1.302316e+01 3.108624e-15
      vertex -2.359981e+01 1.340603e+01 3.108624e-15
    endloop
  endfacet
  facet normal 9.238795e-01 -3.826834e-01 2.896127e-16
    outer loop
      vertex -2.375841e+01 1.302316e+01 3.108624e-15
      vertex -2.359981e+01 1.340603e+01 3.290052e+00
      vertex -2.375841e+01 1.302316e+01 3.290052e+00
    endloop
  endfacet
  facet normal 7.933533e-01 -6.087614e-01 -1.865971e-15
    outer loop
      vertex -2.334753e+01 1.373482e+01 2.886580e-15
      vertex -2.359981e+01 1.340603e+01 3.290052e+00
      vertex -2.359981e+01 1.340603e+01 3.108624e-15
    endloop
  endfacet
  facet normal 7.933533e-01 -6.087614e-01 -1.865971e-15
    outer loop
      vertex -2.359981e+01 1.340603e+01 3.290052e+00
      vertex -2.334753e+01 1.373482e+01 2.886580e-15
      vertex -2.334753e+01 1.373482e+01 3.290052e+00
    endloop
  endfacet
  facet normal 6.087614e-01 -7.933533e-01 -1.307533e-15
    outer loop
      vertex -2.334753e+01 1.373482e+01 3.290052e+00
      vertex -2.301875e+01 1.398710e+01 2.886580e-15
      vertex -2.301875e+01 1.398710e+01 3.290052e+00
    endloop
  endfacet
  facet normal 6.087614e-01 -7.933533e-01 -1.307533e-15
    outer loop
      vertex -2.301875e+01 1.398710e+01 2.886580e-15
      vertex -2.334753e+01 1.373482e+01 3.290052e+00
      vertex -2.334753e+01 1.373482e+01 2.886580e-15
    endloop
  endfacet
  facet normal 3.826834e-01 -9.238795e-01 8.129384e-16
    outer loop
      vertex -2.301875e+01 1.398710e+01 3.290052e+00
      vertex -2.263587e+01 1.414569e+01 2.886580e-15
      vertex -2.263587e+01 1.414569e+01 3.290052e+00
    endloop
  endfacet
  facet normal 3.826834e-01 -9.238795e-01 8.129384e-16
    outer loop
      vertex -2.263587e+01 1.414569e+01 2.886580e-15
      vertex -2.301875e+01 1.398710e+01 3.290052e+00
      vertex -2.301875e+01 1.398710e+01 2.886580e-15
    endloop
  endfacet
  facet normal 1.305262e-01 -9.914448e-01 1.008311e-15
    outer loop
      vertex -2.263587e+01 1.414569e+01 3.290052e+00
      vertex -2.222500e+01 1.419978e+01 2.886580e-15
      vertex -2.222500e+01 1.419978e+01 3.290052e+00
    endloop
  endfacet
  facet normal 1.305262e-01 -9.914448e-01 1.008311e-15
    outer loop
      vertex -2.222500e+01 1.419978e+01 2.886580e-15
      vertex -2.263587e+01 1.414569e+01 3.290052e+00
      vertex -2.263587e+01 1.414569e+01 2.886580e-15
    endloop
  endfacet
  facet normal -1.305262e-01 -9.914448e-01 7.874087e-16
    outer loop
      vertex -2.222500e+01 1.419978e+01 3.290052e+00
      vertex -2.181413e+01 1.414569e+01 2.886580e-15
      vertex -2.181413e+01 1.414569e+01 3.290052e+00
    endloop
  endfacet
  facet normal -1.305262e-01 -9.914448e-01 7.874087e-16
    outer loop
      vertex -2.181413e+01 1.414569e+01 2.886580e-15
      vertex -2.222500e+01 1.419978e+01 3.290052e+00
      vertex -2.222500e+01 1.419978e+01 2.886580e-15
    endloop
  endfacet
  facet normal -3.826834e-01 -9.238795e-01 5.129428e-16
    outer loop
      vertex -2.181413e+01 1.414569e+01 3.290052e+00
      vertex -2.143125e+01 1.398710e+01 2.886580e-15
      vertex -2.143125e+01 1.398710e+01 3.290052e+00
    endloop
  endfacet
  facet normal -3.826834e-01 -9.238795e-01 5.129428e-16
    outer loop
      vertex -2.143125e+01 1.398710e+01 2.886580e-15
      vertex -2.181413e+01 1.414569e+01 3.290052e+00
      vertex -2.181413e+01 1.414569e+01 2.886580e-15
    endloop
  endfacet
  facet normal -6.087614e-01 -7.933533e-01 3.632685e-17
    outer loop
      vertex -2.143125e+01 1.398710e+01 3.290052e+00
      vertex -2.110247e+01 1.373482e+01 2.886580e-15
      vertex -2.110247e+01 1.373482e+01 3.290052e+00
    endloop
  endfacet
  facet normal -6.087614e-01 -7.933533e-01 3.632685e-17
    outer loop
      vertex -2.110247e+01 1.373482e+01 2.886580e-15
      vertex -2.143125e+01 1.398710e+01 3.290052e+00
      vertex -2.143125e+01 1.398710e+01 2.886580e-15
    endloop
  endfacet
  facet normal -7.933533e-01 -6.087614e-01 -4.996459e-16
    outer loop
      vertex -2.085019e+01 1.340603e+01 3.290052e+00
      vertex -2.110247e+01 1.373482e+01 2.886580e-15
      vertex -2.085019e+01 1.340603e+01 2.886580e-15
    endloop
  endfacet
  facet normal -7.933533e-01 -6.087614e-01 -4.996459e-16
    outer loop
      vertex -2.110247e+01 1.373482e+01 2.886580e-15
      vertex -2.085019e+01 1.340603e+01 3.290052e+00
      vertex -2.110247e+01 1.373482e+01 3.290052e+00
    endloop
  endfacet
  facet normal -9.238795e-01 -3.826834e-01 4.011957e-16
    outer loop
      vertex -2.069159e+01 1.302316e+01 2.886580e-15
      vertex -2.085019e+01 1.340603e+01 3.290052e+00
      vertex -2.085019e+01 1.340603e+01 2.886580e-15
    endloop
  endfacet
  facet normal -9.238795e-01 -3.826834e-01 4.011957e-16
    outer loop
      vertex -2.085019e+01 1.340603e+01 3.290052e+00
      vertex -2.069159e+01 1.302316e+01 2.886580e-15
      vertex -2.069159e+01 1.302316e+01 3.290052e+00
    endloop
  endfacet
  facet normal -9.914448e-01 -1.305262e-01 6.043542e-17
    outer loop
      vertex -2.063750e+01 1.261228e+01 3.290052e+00
      vertex -2.069159e+01 1.302316e+01 2.886580e-15
      vertex -2.063750e+01 1.261228e+01 2.886580e-15
    endloop
  endfacet
  facet normal -9.914448e-01 -1.305262e-01 6.043542e-17
    outer loop
      vertex -2.069159e+01 1.302316e+01 2.886580e-15
      vertex -2.063750e+01 1.261228e+01 3.290052e+00
      vertex -2.069159e+01 1.302316e+01 3.290052e+00
    endloop
  endfacet
  facet normal -9.914448e-01 1.305262e-01 2.974074e-16
    outer loop
      vertex -2.069159e+01 1.220141e+01 2.886580e-15
      vertex -2.063750e+01 1.261228e+01 3.290052e+00
      vertex -2.063750e+01 1.261228e+01 2.886580e-15
    endloop
  endfacet
  facet normal -9.914448e-01 1.305262e-01 2.974074e-16
    outer loop
      vertex -2.063750e+01 1.261228e+01 3.290052e+00
      vertex -2.069159e+01 1.220141e+01 2.886580e-15
      vertex -2.069159e+01 1.220141e+01 3.290052e+00
    endloop
  endfacet
  facet normal -7.933533e-01 -6.087614e-01 3.826668e-16
    outer loop
      vertex -9.737685e+00 1.340603e+01 3.290052e+00
      vertex -9.989968e+00 1.373482e+01 2.220446e-15
      vertex -9.737685e+00 1.340603e+01 2.220446e-15
    endloop
  endfacet
  facet normal -7.933533e-01 -6.087614e-01 3.826668e-16
    outer loop
      vertex -9.989968e+00 1.373482e+01 2.220446e-15
      vertex -9.737685e+00 1.340603e+01 3.290052e+00
      vertex -9.989968e+00 1.373482e+01 3.290052e+00
    endloop
  endfacet
  facet normal -9.238795e-01 -3.826834e-01 4.031071e-16
    outer loop
      vertex -9.579093e+00 1.302316e+01 2.220446e-15
      vertex -9.737685e+00 1.340603e+01 3.290052e+00
      vertex -9.737685e+00 1.340603e+01 2.220446e-15
    endloop
  endfacet
  facet normal -9.238795e-01 -3.826834e-01 4.031071e-16
    outer loop
      vertex -9.737685e+00 1.340603e+01 3.290052e+00
      vertex -9.579093e+00 1.302316e+01 2.220446e-15
      vertex -9.579093e+00 1.302316e+01 3.290052e+00
    endloop
  endfacet
  facet normal -9.914448e-01 -1.305262e-01 1.777470e-16
    outer loop
      vertex -9.525000e+00 1.261228e+01 3.290052e+00
      vertex -9.579093e+00 1.302316e+01 2.220446e-15
      vertex -9.525000e+00 1.261228e+01 2.220446e-15
    endloop
  endfacet
  facet normal -9.914448e-01 -1.305262e-01 1.777470e-16
    outer loop
      vertex -9.579093e+00 1.302316e+01 2.220446e-15
      vertex -9.525000e+00 1.261228e+01 3.290052e+00
      vertex -9.579093e+00 1.302316e+01 3.290052e+00
    endloop
  endfacet
  facet normal -9.914448e-01 1.305262e-01 2.974074e-16
    outer loop
      vertex -9.579093e+00 1.220141e+01 2.220446e-15
      vertex -9.525000e+00 1.261228e+01 3.290052e+00
      vertex -9.525000e+00 1.261228e+01 2.220446e-15
    endloop
  endfacet
  facet normal -9.914448e-01 1.305262e-01 2.974074e-16
    outer loop
      vertex -9.525000e+00 1.261228e+01 3.290052e+00
      vertex -9.579093e+00 1.220141e+01 2.220446e-15
      vertex -9.579093e+00 1.220141e+01 3.290052e+00
    endloop
  endfacet
  facet normal -9.238795e-01 3.826834e-01 4.065120e-16
    outer loop
      vertex -9.737685e+00 1.181853e+01 3.290052e+00
      vertex -9.579093e+00 1.220141e+01 2.220446e-15
      vertex -9.737685e+00 1.181853e+01 2.220446e-15
    endloop
  endfacet
  facet normal -9.238795e-01 3.826834e-01 4.065120e-16
    outer loop
      vertex -9.579093e+00 1.220141e+01 2.220446e-15
      vertex -9.737685e+00 1.181853e+01 3.290052e+00
      vertex -9.579093e+00 1.220141e+01 3.290052e+00
    endloop
  endfacet
  facet normal -7.933533e-01 6.087614e-01 1.152763e-15
    outer loop
      vertex -9.989968e+00 1.148975e+01 3.290052e+00
      vertex -9.737685e+00 1.181853e+01 2.220446e-15
      vertex -9.989968e+00 1.148975e+01 2.220446e-15
    endloop
  endfacet
  facet normal -7.933533e-01 6.087614e-01 1.152763e-15
    outer loop
      vertex -9.737685e+00 1.181853e+01 2.220446e-15
      vertex -9.989968e+00 1.148975e+01 3.290052e+00
      vertex -9.737685e+00 1.181853e+01 3.290052e+00
    endloop
  endfacet
  facet normal -6.087614e-01 7.933533e-01 7.543789e-16
    outer loop
      vertex -1.031875e+01 1.123747e+01 2.220446e-15
      vertex -9.989968e+00 1.148975e+01 3.290052e+00
      vertex -9.989968e+00 1.148975e+01 2.220446e-15
    endloop
  endfacet
  facet normal -6.087614e-01 7.933533e-01 7.543789e-16
    outer loop
      vertex -9.989968e+00 1.148975e+01 3.290052e+00
      vertex -1.031875e+01 1.123747e+01 2.220446e-15
      vertex -1.031875e+01 1.123747e+01 3.290052e+00
    endloop
  endfacet
  facet normal -3.826834e-01 9.238795e-01 2.343260e-17
    outer loop
      vertex -1.070162e+01 1.107888e+01 2.220446e-15
      vertex -1.031875e+01 1.123747e+01 3.290052e+00
      vertex -1.031875e+01 1.123747e+01 2.220446e-15
    endloop
  endfacet
  facet normal -3.826834e-01 9.238795e-01 2.343260e-17
    outer loop
      vertex -1.031875e+01 1.123747e+01 3.290052e+00
      vertex -1.070162e+01 1.107888e+01 2.220446e-15
      vertex -1.070162e+01 1.107888e+01 3.290052e+00
    endloop
  endfacet
  facet normal -1.305262e-01 9.914448e-01 -8.902279e-16
    outer loop
      vertex -1.111250e+01 1.102478e+01 2.220446e-15
      vertex -1.070162e+01 1.107888e+01 3.290052e+00
      vertex -1.070162e+01 1.107888e+01 2.220446e-15
    endloop
  endfacet
  facet normal -1.305262e-01 9.914448e-01 -8.902279e-16
    outer loop
      vertex -1.070162e+01 1.107888e+01 3.290052e+00
      vertex -1.111250e+01 1.102478e+01 2.220446e-15
      vertex -1.111250e+01 1.102478e+01 3.290052e+00
    endloop
  endfacet
  facet normal 1.305262e-01 9.914448e-01 -2.041017e-15
    outer loop
      vertex -1.152338e+01 1.107888e+01 2.220446e-15
      vertex -1.111250e+01 1.102478e+01 3.290052e+00
      vertex -1.111250e+01 1.102478e+01 2.220446e-15
    endloop
  endfacet
  facet normal 1.305262e-01 9.914448e-01 -2.041017e-15
    outer loop
      vertex -1.111250e+01 1.102478e+01 3.290052e+00
      vertex -1.152338e+01 1.107888e+01 2.220446e-15
      vertex -1.152338e+01 1.107888e+01 3.290052e+00
    endloop
  endfacet
  facet normal 3.826834e-01 9.238795e-01 -2.244944e-15
    outer loop
      vertex -1.152338e+01 1.107888e+01 2.220446e-15
      vertex -1.190625e+01 1.123747e+01 3.290052e+00
      vertex -1.152338e+01 1.107888e+01 3.290052e+00
    endloop
  endfacet
  facet normal 3.826834e-01 9.238795e-01 -2.244944e-15
    outer loop
      vertex -1.190625e+01 1.123747e+01 3.290052e+00
      vertex -1.152338e+01 1.107888e+01 2.220446e-15
      vertex -1.190625e+01 1.123747e+01 2.220446e-15
    endloop
  endfacet
  facet normal 6.087614e-01 7.933533e-01 -4.223736e-16
    outer loop
      vertex -1.190625e+01 1.123747e+01 2.220446e-15
      vertex -1.223503e+01 1.148975e+01 3.290052e+00
      vertex -1.190625e+01 1.123747e+01 3.290052e+00
    endloop
  endfacet
  facet normal 6.087614e-01 7.933533e-01 -4.223736e-16
    outer loop
      vertex -1.223503e+01 1.148975e+01 3.290052e+00
      vertex -1.190625e+01 1.123747e+01 2.220446e-15
      vertex -1.223503e+01 1.148975e+01 2.220446e-15
    endloop
  endfacet
  facet normal 7.933533e-01 6.087614e-01 1.602966e-15
    outer loop
      vertex -1.248732e+01 1.181853e+01 3.290052e+00
      vertex -1.223503e+01 1.148975e+01 2.220446e-15
      vertex -1.248732e+01 1.181853e+01 2.220446e-15
    endloop
  endfacet
  facet normal 7.933533e-01 6.087614e-01 1.602966e-15
    outer loop
      vertex -1.223503e+01 1.148975e+01 2.220446e-15
      vertex -1.248732e+01 1.181853e+01 3.290052e+00
      vertex -1.223503e+01 1.148975e+01 3.290052e+00
    endloop
  endfacet
  facet normal 9.238795e-01 3.826834e-01 6.364735e-16
    outer loop
      vertex -1.264591e+01 1.220141e+01 2.442491e-15
      vertex -1.248732e+01 1.181853e+01 3.290052e+00
      vertex -1.248732e+01 1.181853e+01 2.220446e-15
    endloop
  endfacet
  facet normal 9.238795e-01 3.826834e-01 6.364735e-16
    outer loop
      vertex -1.248732e+01 1.181853e+01 3.290052e+00
      vertex -1.264591e+01 1.220141e+01 2.442491e-15
      vertex -1.264591e+01 1.220141e+01 3.290052e+00
    endloop
  endfacet
  facet normal 9.914448e-01 1.305262e-01 -1.619977e-15
    outer loop
      vertex -1.270000e+01 1.261228e+01 3.290052e+00
      vertex -1.264591e+01 1.220141e+01 2.442491e-15
      vertex -1.270000e+01 1.261228e+01 2.442491e-15
    endloop
  endfacet
  facet normal 9.914448e-01 1.305262e-01 -1.619977e-15
    outer loop
      vertex -1.264591e+01 1.220141e+01 2.442491e-15
      vertex -1.270000e+01 1.261228e+01 3.290052e+00
      vertex -1.264591e+01 1.220141e+01 3.290052e+00
    endloop
  endfacet
  facet normal 9.914448e-01 -1.305262e-01 -1.975450e-15
    outer loop
      vertex -1.264591e+01 1.302316e+01 2.442491e-15
      vertex -1.270000e+01 1.261228e+01 3.290052e+00
      vertex -1.270000e+01 1.261228e+01 2.442491e-15
    endloop
  endfacet
  facet normal 9.914448e-01 -1.305262e-01 -1.975450e-15
    outer loop
      vertex -1.270000e+01 1.261228e+01 3.290052e+00
      vertex -1.264591e+01 1.302316e+01 2.442491e-15
      vertex -1.264591e+01 1.302316e+01 3.290052e+00
    endloop
  endfacet
  facet normal 9.238795e-01 -3.826834e-01 -5.682350e-17
    outer loop
      vertex -1.248732e+01 1.340603e+01 3.290052e+00
      vertex -1.264591e+01 1.302316e+01 2.442491e-15
      vertex -1.248732e+01 1.340603e+01 2.220446e-15
    endloop
  endfacet
  facet normal 9.238795e-01 -3.826834e-01 -5.682350e-17
    outer loop
      vertex -1.264591e+01 1.302316e+01 2.442491e-15
      vertex -1.248732e+01 1.340603e+01 3.290052e+00
      vertex -1.264591e+01 1.302316e+01 3.290052e+00
    endloop
  endfacet
  facet normal 7.933533e-01 -6.087614e-01 -1.484839e-15
    outer loop
      vertex -1.223503e+01 1.373482e+01 2.220446e-15
      vertex -1.248732e+01 1.340603e+01 3.290052e+00
      vertex -1.248732e+01 1.340603e+01 2.220446e-15
    endloop
  endfacet
  facet normal 7.933533e-01 -6.087614e-01 -1.484839e-15
    outer loop
      vertex -1.248732e+01 1.340603e+01 3.290052e+00
      vertex -1.223503e+01 1.373482e+01 2.220446e-15
      vertex -1.223503e+01 1.373482e+01 3.290052e+00
    endloop
  endfacet
  facet normal 6.087614e-01 -7.933533e-01 -4.222177e-16
    outer loop
      vertex -1.223503e+01 1.373482e+01 3.290052e+00
      vertex -1.190625e+01 1.398710e+01 2.220446e-15
      vertex -1.190625e+01 1.398710e+01 3.290052e+00
    endloop
  endfacet
  facet normal 6.087614e-01 -7.933533e-01 -4.222177e-16
    outer loop
      vertex -1.190625e+01 1.398710e+01 2.220446e-15
      vertex -1.223503e+01 1.373482e+01 3.290052e+00
      vertex -1.223503e+01 1.373482e+01 2.220446e-15
    endloop
  endfacet
  facet normal 3.826834e-01 -9.238795e-01 9.597691e-16
    outer loop
      vertex -1.190625e+01 1.398710e+01 3.290052e+00
      vertex -1.152338e+01 1.414569e+01 2.220446e-15
      vertex -1.152338e+01 1.414569e+01 3.290052e+00
    endloop
  endfacet
  facet normal 3.826834e-01 -9.238795e-01 9.597691e-16
    outer loop
      vertex -1.152338e+01 1.414569e+01 2.220446e-15
      vertex -1.190625e+01 1.398710e+01 3.290052e+00
      vertex -1.190625e+01 1.398710e+01 2.220446e-15
    endloop
  endfacet
  facet normal 1.305262e-01 -9.914448e-01 3.347235e-15
    outer loop
      vertex -1.152338e+01 1.414569e+01 3.290052e+00
      vertex -1.111250e+01 1.419978e+01 2.220446e-15
      vertex -1.111250e+01 1.419978e+01 3.290052e+00
    endloop
  endfacet
  facet normal 1.305262e-01 -9.914448e-01 3.347235e-15
    outer loop
      vertex -1.111250e+01 1.419978e+01 2.220446e-15
      vertex -1.152338e+01 1.414569e+01 3.290052e+00
      vertex -1.152338e+01 1.414569e+01 2.220446e-15
    endloop
  endfacet
  facet normal -1.305262e-01 -9.914448e-01 2.701116e-15
    outer loop
      vertex -1.111250e+01 1.419978e+01 3.290052e+00
      vertex -1.070162e+01 1.414569e+01 2.220446e-15
      vertex -1.070162e+01 1.414569e+01 3.290052e+00
    endloop
  endfacet
  facet normal -1.305262e-01 -9.914448e-01 2.701116e-15
    outer loop
      vertex -1.070162e+01 1.414569e+01 2.220446e-15
      vertex -1.111250e+01 1.419978e+01 3.290052e+00
      vertex -1.111250e+01 1.419978e+01 2.220446e-15
    endloop
  endfacet
  facet normal -3.826834e-01 -9.238795e-01 2.272217e-17
    outer loop
      vertex -1.070162e+01 1.414569e+01 3.290052e+00
      vertex -1.031875e+01 1.398710e+01 2.220446e-15
      vertex -1.031875e+01 1.398710e+01 3.290052e+00
    endloop
  endfacet
  facet normal -3.826834e-01 -9.238795e-01 2.272217e-17
    outer loop
      vertex -1.031875e+01 1.398710e+01 2.220446e-15
      vertex -1.070162e+01 1.414569e+01 3.290052e+00
      vertex -1.070162e+01 1.414569e+01 2.220446e-15
    endloop
  endfacet
  facet normal -6.087614e-01 -7.933533e-01 4.203197e-16
    outer loop
      vertex -1.031875e+01 1.398710e+01 3.290052e+00
      vertex -9.989968e+00 1.373482e+01 2.220446e-15
      vertex -9.989968e+00 1.373482e+01 3.290052e+00
    endloop
  endfacet
  facet normal -6.087614e-01 -7.933533e-01 4.203197e-16
    outer loop
      vertex -9.989968e+00 1.373482e+01 2.220446e-15
      vertex -1.031875e+01 1.398710e+01 3.290052e+00
      vertex -1.031875e+01 1.398710e+01 2.220446e-15
    endloop
  endfacet
  facet normal 7.477314e-16 1.000000e+00 4.527882e-15
    outer loop
      vertex -7.143750e+00 1.658103e+01 1.998401e-15
      vertex -2.600057e+01 1.658103e+01 3.290052e+00
      vertex -7.143750e+00 1.658103e+01 3.290052e+00
    endloop
  endfacet
  facet normal 7.477314e-16 1.000000e+00 4.527882e-15
    outer loop
      vertex -2.600057e+01 1.658103e+01 3.290052e+00
      vertex -7.143750e+00 1.658103e+01 1.998401e-15
      vertex -2.600057e+01 1.658103e+01 3.108624e-15
    endloop
  endfacet
  facet normal 1.816268e-17 -9.549959e-01 2.966191e-01
    outer loop
      vertex -1.190625e+01 7.686032e-01 7.018004e+00
      vertex -7.207779e+00 6.456781e-01 6.622234e+00
      vertex -7.207779e+00 7.686032e-01 7.018004e+00
    endloop
  endfacet
  facet normal 1.816268e-17 -9.549959e-01 2.966191e-01
    outer loop
      vertex -7.207779e+00 6.456781e-01 6.622234e+00
      vertex -1.190625e+01 7.686032e-01 7.018004e+00
      vertex -1.190625e+01 6.456781e-01 6.622234e+00
    endloop
  endfacet
  facet normal -2.850627e-17 -8.850254e-01 -4.655427e-01
    outer loop
      vertex -1.190625e+01 5.005478e-01 8.203086e+00
      vertex -7.207779e+00 6.934783e-01 7.836313e+00
      vertex -7.207779e+00 5.005478e-01 8.203086e+00
    endloop
  endfacet
  facet normal -2.850627e-17 -8.850254e-01 -4.655427e-01
    outer loop
      vertex -7.207779e+00 6.934783e-01 7.836313e+00
      vertex -1.190625e+01 5.005478e-01 8.203086e+00
      vertex -1.190625e+01 6.934783e-01 7.836313e+00
    endloop
  endfacet
  facet normal 5.972359e-17 -2.206183e-01 9.753602e-01
    outer loop
      vertex -7.207779e+00 -2.466048e-01 5.797550e+00
      vertex -1.190625e+01 -6.508150e-01 5.706122e+00
      vertex -7.207779e+00 -6.508150e-01 5.706122e+00
    endloop
  endfacet
  facet normal 5.972359e-17 -2.206183e-01 9.753602e-01
    outer loop
      vertex -1.190625e+01 -6.508150e-01 5.706122e+00
      vertex -7.207779e+00 -2.466048e-01 5.797550e+00
      vertex -1.190625e+01 -2.466048e-01 5.797550e+00
    endloop
  endfacet
  facet normal -5.178324e-17 -5.336831e-01 -8.456845e-01
    outer loop
      vertex -1.190625e+01 2.192635e-01 8.507428e+00
      vertex -7.207779e+00 -1.312057e-01 8.728597e+00
      vertex -1.190625e+01 -1.312057e-01 8.728597e+00
    endloop
  endfacet
  facet normal -5.178324e-17 -5.336831e-01 -8.456845e-01
    outer loop
      vertex -7.207779e+00 -1.312057e-01 8.728597e+00
      vertex -1.190625e+01 2.192635e-01 8.507428e+00
      vertex -7.207779e+00 2.192635e-01 8.507428e+00
    endloop
  endfacet
  facet normal -4.156091e-17 -7.343776e-01 -6.787411e-01
    outer loop
      vertex -1.190625e+01 2.192635e-01 8.507428e+00
      vertex -7.207779e+00 5.005478e-01 8.203086e+00
      vertex -7.207779e+00 2.192635e-01 8.507428e+00
    endloop
  endfacet
  facet normal -4.156091e-17 -7.343776e-01 -6.787411e-01
    outer loop
      vertex -7.207779e+00 5.005478e-01 8.203086e+00
      vertex -1.190625e+01 2.192635e-01 8.507428e+00
      vertex -1.190625e+01 5.005478e-01 8.203086e+00
    endloop
  endfacet
  facet normal 2.960595e-16 -1.000000e+00 1.374554e-16
    outer loop
      vertex -1.190625e+01 -1.587720e+01 1.046197e+01
      vertex -7.207779e+00 -1.587720e+01 1.998401e-15
      vertex -7.207779e+00 -1.587720e+01 1.046197e+01
    endloop
  endfacet
  facet normal 2.960595e-16 -1.000000e+00 1.374554e-16
    outer loop
      vertex -7.207779e+00 -1.587720e+01 1.998401e-15
      vertex -1.190625e+01 -1.587720e+01 1.046197e+01
      vertex -1.190625e+01 -1.587720e+01 2.220446e-15
    endloop
  endfacet
  facet normal 2.408934e-18 -9.992259e-01 3.934087e-02
    outer loop
      vertex -1.190625e+01 7.849070e-01 7.432104e+00
      vertex -7.207779e+00 7.686032e-01 7.018004e+00
      vertex -7.207779e+00 7.849070e-01 7.432104e+00
    endloop
  endfacet
  facet normal 2.408934e-18 -9.992259e-01 3.934087e-02
    outer loop
      vertex -7.207779e+00 7.686032e-01 7.018004e+00
      vertex -1.190625e+01 7.849070e-01 7.432104e+00
      vertex -1.190625e+01 7.686032e-01 7.018004e+00
    endloop
  endfacet
  facet normal 4.496766e-17 -6.787411e-01 7.343776e-01
    outer loop
      vertex -7.207779e+00 4.245085e-01 6.271765e+00
      vertex -1.190625e+01 1.201674e-01 5.990481e+00
      vertex -7.207779e+00 1.201674e-01 5.990481e+00
    endloop
  endfacet
  facet normal 4.496766e-17 -6.787411e-01 7.343776e-01
    outer loop
      vertex -1.190625e+01 1.201674e-01 5.990481e+00
      vertex -7.207779e+00 4.245085e-01 6.271765e+00
      vertex -1.190625e+01 4.245085e-01 6.271765e+00
    endloop
  endfacet
  facet normal 5.178324e-17 5.336831e-01 8.456845e-01
    outer loop
      vertex -7.207779e+00 -1.460684e+00 5.845350e+00
      vertex -1.190625e+01 -1.811154e+00 6.066519e+00
      vertex -7.207779e+00 -1.811154e+00 6.066519e+00
    endloop
  endfacet
  facet normal 5.178324e-17 5.336831e-01 8.456845e-01
    outer loop
      vertex -1.190625e+01 -1.811154e+00 6.066519e+00
      vertex -7.207779e+00 -1.460684e+00 5.845350e+00
      vertex -1.190625e+01 -1.460684e+00 5.845350e+00
    endloop
  endfacet
  facet normal 4.156091e-17 7.343776e-01 6.787411e-01
    outer loop
      vertex -1.190625e+01 -1.811154e+00 6.066519e+00
      vertex -7.207779e+00 -2.092438e+00 6.370860e+00
      vertex -7.207779e+00 -1.811154e+00 6.066519e+00
    endloop
  endfacet
  facet normal 4.156091e-17 7.343776e-01 6.787411e-01
    outer loop
      vertex -7.207779e+00 -2.092438e+00 6.370860e+00
      vertex -1.190625e+01 -1.811154e+00 6.066519e+00
      vertex -1.190625e+01 -2.092438e+00 6.370860e+00
    endloop
  endfacet
  facet normal -5.847663e-17 -2.966191e-01 -9.549959e-01
    outer loop
      vertex -1.190625e+01 -1.312057e-01 8.728597e+00
      vertex -7.207779e+00 -5.269762e-01 8.851522e+00
      vertex -1.190625e+01 -5.269762e-01 8.851522e+00
    endloop
  endfacet
  facet normal -5.847663e-17 -2.966191e-01 -9.549959e-01
    outer loop
      vertex -7.207779e+00 -5.269762e-01 8.851522e+00
      vertex -1.190625e+01 -1.312057e-01 8.728597e+00
      vertex -7.207779e+00 -1.312057e-01 8.728597e+00
    endloop
  endfacet
  facet normal -6.123234e-17 0.000000e+00 -1.000000e+00
    outer loop
      vertex -1.190625e+01 3.271439e+00 2.220446e-15
      vertex -7.207779e+00 -1.587720e+01 1.998401e-15
      vertex -1.190625e+01 -1.587720e+01 2.220446e-15
    endloop
  endfacet
  facet normal -6.123234e-17 0.000000e+00 -1.000000e+00
    outer loop
      vertex -7.207779e+00 -1.587720e+01 1.998401e-15
      vertex -1.190625e+01 3.271439e+00 2.220446e-15
      vertex -7.207779e+00 3.271439e+00 1.998401e-15
    endloop
  endfacet
  facet normal 2.850627e-17 8.850254e-01 4.655427e-01
    outer loop
      vertex -1.190625e+01 -2.092438e+00 6.370860e+00
      vertex -7.207779e+00 -2.285368e+00 6.737633e+00
      vertex -7.207779e+00 -2.092438e+00 6.370860e+00
    endloop
  endfacet
  facet normal 2.850627e-17 8.850254e-01 4.655427e-01
    outer loop
      vertex -7.207779e+00 -2.285368e+00 6.737633e+00
      vertex -1.190625e+01 -2.092438e+00 6.370860e+00
      vertex -1.190625e+01 -2.285368e+00 6.737633e+00
    endloop
  endfacet
  facet normal -1.350898e-17 -9.753602e-01 -2.206183e-01
    outer loop
      vertex -1.190625e+01 6.934783e-01 7.836313e+00
      vertex -7.207779e+00 7.849070e-01 7.432104e+00
      vertex -7.207779e+00 6.934783e-01 7.836313e+00
    endloop
  endfacet
  facet normal -1.350898e-17 -9.753602e-01 -2.206183e-01
    outer loop
      vertex -7.207779e+00 7.849070e-01 7.432104e+00
      vertex -1.190625e+01 6.934783e-01 7.836313e+00
      vertex -1.190625e+01 7.849070e-01 7.432104e+00
    endloop
  endfacet
  facet normal 6.123234e-17 0.000000e+00 1.000000e+00
    outer loop
      vertex -7.207779e+00 -1.587720e+01 1.046197e+01
      vertex -1.190625e+01 3.271439e+00 1.046197e+01
      vertex -1.190625e+01 -1.587720e+01 1.046197e+01
    endloop
  endfacet
  facet normal 6.123234e-17 0.000000e+00 1.000000e+00
    outer loop
      vertex -1.190625e+01 3.271439e+00 1.046197e+01
      vertex -7.207779e+00 -1.587720e+01 1.046197e+01
      vertex -7.207779e+00 3.271439e+00 1.046197e+01
    endloop
  endfacet
  facet normal 6.118494e-17 3.934087e-02 9.992259e-01
    outer loop
      vertex -7.207779e+00 -6.508150e-01 5.706122e+00
      vertex -1.190625e+01 -1.064914e+00 5.722425e+00
      vertex -7.207779e+00 -1.064914e+00 5.722425e+00
    endloop
  endfacet
  facet normal 6.118494e-17 3.934087e-02 9.992259e-01
    outer loop
      vertex -1.190625e+01 -1.064914e+00 5.722425e+00
      vertex -7.207779e+00 -6.508150e-01 5.706122e+00
      vertex -1.190625e+01 -6.508150e-01 5.706122e+00
    endloop
  endfacet
  facet normal 5.847663e-17 2.966191e-01 9.549959e-01
    outer loop
      vertex -7.207779e+00 -1.064914e+00 5.722425e+00
      vertex -1.190625e+01 -1.460684e+00 5.845350e+00
      vertex -7.207779e+00 -1.460684e+00 5.845350e+00
    endloop
  endfacet
  facet normal 5.847663e-17 2.966191e-01 9.549959e-01
    outer loop
      vertex -1.190625e+01 -1.460684e+00 5.845350e+00
      vertex -7.207779e+00 -1.064914e+00 5.722425e+00
      vertex -1.190625e+01 -1.064914e+00 5.722425e+00
    endloop
  endfacet
  facet normal 3.267867e-17 -8.456845e-01 5.336831e-01
    outer loop
      vertex -1.190625e+01 6.456781e-01 6.622234e+00
      vertex -7.207779e+00 4.245085e-01 6.271765e+00
      vertex -7.207779e+00 6.456781e-01 6.622234e+00
    endloop
  endfacet
  facet normal 3.267867e-17 -8.456845e-01 5.336831e-01
    outer loop
      vertex -7.207779e+00 4.245085e-01 6.271765e+00
      vertex -1.190625e+01 6.456781e-01 6.622234e+00
      vertex -1.190625e+01 4.245085e-01 6.271765e+00
    endloop
  endfacet
  facet normal 5.419218e-17 -4.655427e-01 8.850254e-01
    outer loop
      vertex -7.207779e+00 1.201674e-01 5.990481e+00
      vertex -1.190625e+01 -2.466048e-01 5.797550e+00
      vertex -7.207779e+00 -2.466048e-01 5.797550e+00
    endloop
  endfacet
  facet normal 5.419218e-17 -4.655427e-01 8.850254e-01
    outer loop
      vertex -1.190625e+01 -2.466048e-01 5.797550e+00
      vertex -7.207779e+00 1.201674e-01 5.990481e+00
      vertex -1.190625e+01 1.201674e-01 5.990481e+00
    endloop
  endfacet
  facet normal 5.012008e-17 5.744739e-01 8.185230e-01
    outer loop
      vertex -7.207779e+00 -1.264301e+01 5.879648e+00
      vertex -1.190625e+01 -1.298223e+01 6.117722e+00
      vertex -7.207779e+00 -1.298223e+01 6.117722e+00
    endloop
  endfacet
  facet normal 5.012008e-17 5.744739e-01 8.185230e-01
    outer loop
      vertex -1.190625e+01 -1.298223e+01 6.117722e+00
      vertex -7.207779e+00 -1.264301e+01 5.879648e+00
      vertex -1.190625e+01 -1.264301e+01 5.879648e+00
    endloop
  endfacet
  facet normal 4.694980e-17 -6.419477e-01 7.667484e-01
    outer loop
      vertex -7.207779e+00 -1.073919e+01 6.213192e+00
      vertex -1.190625e+01 -1.105695e+01 5.947156e+00
      vertex -7.207779e+00 -1.105695e+01 5.947156e+00
    endloop
  endfacet
  facet normal 4.694980e-17 -6.419477e-01 7.667484e-01
    outer loop
      vertex -1.190625e+01 -1.105695e+01 5.947156e+00
      vertex -7.207779e+00 -1.073919e+01 6.213192e+00
      vertex -1.190625e+01 -1.073919e+01 6.213192e+00
    endloop
  endfacet
  facet normal -4.694980e-17 6.419477e-01 -7.667484e-01
    outer loop
      vertex -1.190625e+01 -1.275994e+01 8.626792e+00
      vertex -7.207779e+00 -1.307770e+01 8.360755e+00
      vertex -1.190625e+01 -1.307770e+01 8.360755e+00
    endloop
  endfacet
  facet normal -4.694980e-17 6.419477e-01 -7.667484e-01
    outer loop
      vertex -7.207779e+00 -1.307770e+01 8.360755e+00
      vertex -1.190625e+01 -1.275994e+01 8.626792e+00
      vertex -7.207779e+00 -1.275994e+01 8.626792e+00
    endloop
  endfacet
  facet normal -2.581707e-17 -9.067704e-01 -4.216247e-01
    outer loop
      vertex -1.190625e+01 -1.056863e+01 8.138469e+00
      vertex -7.207779e+00 -1.039390e+01 7.762684e+00
      vertex -7.207779e+00 -1.056863e+01 8.138469e+00
    endloop
  endfacet
  facet normal -2.581707e-17 -9.067704e-01 -4.216247e-01
    outer loop
      vertex -7.207779e+00 -1.039390e+01 7.762684e+00
      vertex -1.190625e+01 -1.056863e+01 8.138469e+00
      vertex -1.190625e+01 -1.039390e+01 7.762684e+00
    endloop
  endfacet
  facet normal 5.403599e-18 -9.960986e-01 8.824746e-02
    outer loop
      vertex -1.190625e+01 -1.032238e+01 7.354481e+00
      vertex -7.207779e+00 -1.035895e+01 6.941677e+00
      vertex -7.207779e+00 -1.032238e+01 7.354481e+00
    endloop
  endfacet
  facet normal 5.403599e-18 -9.960986e-01 8.824746e-02
    outer loop
      vertex -7.207779e+00 -1.035895e+01 6.941677e+00
      vertex -1.190625e+01 -1.032238e+01 7.354481e+00
      vertex -1.190625e+01 -1.035895e+01 6.941677e+00
    endloop
  endfacet
  facet normal -5.012008e-17 -5.744739e-01 -8.185230e-01
    outer loop
      vertex -1.190625e+01 -1.083466e+01 8.456226e+00
      vertex -7.207779e+00 -1.117388e+01 8.694299e+00
      vertex -1.190625e+01 -1.117388e+01 8.694299e+00
    endloop
  endfacet
  facet normal -5.012008e-17 -5.744739e-01 -8.185230e-01
    outer loop
      vertex -7.207779e+00 -1.117388e+01 8.694299e+00
      vertex -1.190625e+01 -1.083466e+01 8.456226e+00
      vertex -7.207779e+00 -1.083466e+01 8.456226e+00
    endloop
  endfacet
  facet normal 5.751659e-17 3.430498e-01 9.393172e-01
    outer loop
      vertex -7.207779e+00 -1.225374e+01 5.737481e+00
      vertex -1.190625e+01 -1.264301e+01 5.879648e+00
      vertex -7.207779e+00 -1.264301e+01 5.879648e+00
    endloop
  endfacet
  facet normal 5.751659e-17 3.430498e-01 9.393172e-01
    outer loop
      vertex -1.190625e+01 -1.264301e+01 5.879648e+00
      vertex -7.207779e+00 -1.225374e+01 5.737481e+00
      vertex -1.190625e+01 -1.225374e+01 5.737481e+00
    endloop
  endfacet
  facet normal -2.100574e-17 9.393172e-01 -3.430498e-01
    outer loop
      vertex -1.190625e+01 -1.345794e+01 7.632270e+00
      vertex -7.207779e+00 -1.331577e+01 8.021542e+00
      vertex -7.207779e+00 -1.345794e+01 7.632270e+00
    endloop
  endfacet
  facet normal -2.100574e-17 9.393172e-01 -3.430498e-01
    outer loop
      vertex -7.207779e+00 -1.331577e+01 8.021542e+00
      vertex -1.190625e+01 -1.345794e+01 7.632270e+00
      vertex -1.190625e+01 -1.331577e+01 8.021542e+00
    endloop
  endfacet
  facet normal -5.403599e-18 9.960986e-01 -8.824746e-02
    outer loop
      vertex -1.190625e+01 -1.349451e+01 7.219466e+00
      vertex -7.207779e+00 -1.345794e+01 7.632270e+00
      vertex -7.207779e+00 -1.349451e+01 7.219466e+00
    endloop
  endfacet
  facet normal -5.403599e-18 9.960986e-01 -8.824746e-02
    outer loop
      vertex -7.207779e+00 -1.345794e+01 7.632270e+00
      vertex -1.190625e+01 -1.349451e+01 7.219466e+00
      vertex -1.190625e+01 -1.345794e+01 7.632270e+00
    endloop
  endfacet
  facet normal -5.751659e-17 -3.430498e-01 -9.393172e-01
    outer loop
      vertex -1.190625e+01 -1.117388e+01 8.694299e+00
      vertex -7.207779e+00 -1.156315e+01 8.836466e+00
      vertex -1.190625e+01 -1.156315e+01 8.836466e+00
    endloop
  endfacet
  facet normal -5.751659e-17 -3.430498e-01 -9.393172e-01
    outer loop
      vertex -7.207779e+00 -1.156315e+01 8.836466e+00
      vertex -1.190625e+01 -1.117388e+01 8.694299e+00
      vertex -7.207779e+00 -1.117388e+01 8.694299e+00
    endloop
  endfacet
  facet normal 1.056679e-17 9.849975e-01 1.725688e-01
    outer loop
      vertex -1.190625e+01 -1.342299e+01 6.811262e+00
      vertex -7.207779e+00 -1.349451e+01 7.219466e+00
      vertex -7.207779e+00 -1.342299e+01 6.811262e+00
    endloop
  endfacet
  facet normal 1.056679e-17 9.849975e-01 1.725688e-01
    outer loop
      vertex -7.207779e+00 -1.349451e+01 7.219466e+00
      vertex -1.190625e+01 -1.342299e+01 6.811262e+00
      vertex -1.190625e+01 -1.349451e+01 7.219466e+00
    endloop
  endfacet
  facet normal 2.581707e-17 9.067704e-01 4.216247e-01
    outer loop
      vertex -1.190625e+01 -1.324826e+01 6.435478e+00
      vertex -7.207779e+00 -1.342299e+01 6.811262e+00
      vertex -7.207779e+00 -1.324826e+01 6.435478e+00
    endloop
  endfacet
  facet normal 2.581707e-17 9.067704e-01 4.216247e-01
    outer loop
      vertex -7.207779e+00 -1.342299e+01 6.811262e+00
      vertex -1.190625e+01 -1.324826e+01 6.435478e+00
      vertex -1.190625e+01 -1.342299e+01 6.811262e+00
    endloop
  endfacet
  facet normal -6.099345e-17 -8.824746e-02 -9.960986e-01
    outer loop
      vertex -1.190625e+01 -1.156315e+01 8.836466e+00
      vertex -7.207779e+00 -1.197595e+01 8.873038e+00
      vertex -1.190625e+01 -1.197595e+01 8.873038e+00
    endloop
  endfacet
  facet normal -6.099345e-17 -8.824746e-02 -9.960986e-01
    outer loop
      vertex -7.207779e+00 -1.197595e+01 8.873038e+00
      vertex -1.190625e+01 -1.156315e+01 8.836466e+00
      vertex -7.207779e+00 -1.156315e+01 8.836466e+00
    endloop
  endfacet
  facet normal -3.517638e-17 8.185230e-01 -5.744739e-01
    outer loop
      vertex -1.190625e+01 -1.331577e+01 8.021542e+00
      vertex -7.207779e+00 -1.307770e+01 8.360755e+00
      vertex -7.207779e+00 -1.331577e+01 8.021542e+00
    endloop
  endfacet
  facet normal -3.517638e-17 8.185230e-01 -5.744739e-01
    outer loop
      vertex -7.207779e+00 -1.307770e+01 8.360755e+00
      vertex -1.190625e+01 -1.331577e+01 8.021542e+00
      vertex -1.190625e+01 -1.307770e+01 8.360755e+00
    endloop
  endfacet
  facet normal -1.056679e-17 -9.849975e-01 -1.725688e-01
    outer loop
      vertex -1.190625e+01 -1.039390e+01 7.762684e+00
      vertex -7.207779e+00 -1.032238e+01 7.354481e+00
      vertex -7.207779e+00 -1.039390e+01 7.762684e+00
    endloop
  endfacet
  facet normal -1.056679e-17 -9.849975e-01 -1.725688e-01
    outer loop
      vertex -7.207779e+00 -1.032238e+01 7.354481e+00
      vertex -1.190625e+01 -1.039390e+01 7.762684e+00
      vertex -1.190625e+01 -1.032238e+01 7.354481e+00
    endloop
  endfacet
  facet normal -6.118494e-17 -3.934087e-02 -9.992259e-01
    outer loop
      vertex -1.190625e+01 -5.269762e-01 8.851522e+00
      vertex -7.207779e+00 -9.410759e-01 8.867826e+00
      vertex -1.190625e+01 -9.410759e-01 8.867826e+00
    endloop
  endfacet
  facet normal -6.118494e-17 -3.934087e-02 -9.992259e-01
    outer loop
      vertex -7.207779e+00 -9.410759e-01 8.867826e+00
      vertex -1.190625e+01 -5.269762e-01 8.851522e+00
      vertex -7.207779e+00 -5.269762e-01 8.851522e+00
    endloop
  endfacet
  facet normal -5.972359e-17 2.206183e-01 -9.753602e-01
    outer loop
      vertex -1.190625e+01 -9.410759e-01 8.867826e+00
      vertex -7.207779e+00 -1.345285e+00 8.776397e+00
      vertex -1.190625e+01 -1.345285e+00 8.776397e+00
    endloop
  endfacet
  facet normal -5.972359e-17 2.206183e-01 -9.753602e-01
    outer loop
      vertex -7.207779e+00 -1.345285e+00 8.776397e+00
      vertex -1.190625e+01 -9.410759e-01 8.867826e+00
      vertex -7.207779e+00 -9.410759e-01 8.867826e+00
    endloop
  endfacet
  facet normal 6.099345e-17 8.824746e-02 9.960986e-01
    outer loop
      vertex -7.207779e+00 -1.184094e+01 5.700910e+00
      vertex -1.190625e+01 -1.225374e+01 5.737481e+00
      vertex -7.207779e+00 -1.225374e+01 5.737481e+00
    endloop
  endfacet
  facet normal 6.099345e-17 8.824746e-02 9.960986e-01
    outer loop
      vertex -1.190625e+01 -1.225374e+01 5.737481e+00
      vertex -7.207779e+00 -1.184094e+01 5.700910e+00
      vertex -1.190625e+01 -1.184094e+01 5.700910e+00
    endloop
  endfacet
  facet normal 3.517638e-17 -8.185230e-01 5.744739e-01
    outer loop
      vertex -1.190625e+01 -1.050112e+01 6.552405e+00
      vertex -7.207779e+00 -1.073919e+01 6.213192e+00
      vertex -7.207779e+00 -1.050112e+01 6.552405e+00
    endloop
  endfacet
  facet normal 3.517638e-17 -8.185230e-01 5.744739e-01
    outer loop
      vertex -7.207779e+00 -1.073919e+01 6.213192e+00
      vertex -1.190625e+01 -1.050112e+01 6.552405e+00
      vertex -1.190625e+01 -1.073919e+01 6.213192e+00
    endloop
  endfacet
  facet normal 2.100574e-17 -9.393172e-01 3.430498e-01
    outer loop
      vertex -1.190625e+01 -1.035895e+01 6.941677e+00
      vertex -7.207779e+00 -1.050112e+01 6.552405e+00
      vertex -7.207779e+00 -1.035895e+01 6.941677e+00
    endloop
  endfacet
  facet normal 2.100574e-17 -9.393172e-01 3.430498e-01
    outer loop
      vertex -7.207779e+00 -1.050112e+01 6.552405e+00
      vertex -1.190625e+01 -1.035895e+01 6.941677e+00
      vertex -1.190625e+01 -1.050112e+01 6.552405e+00
    endloop
  endfacet
  facet normal -2.408934e-18 9.992259e-01 -3.934087e-02
    outer loop
      vertex -1.190625e+01 -2.376797e+00 7.141843e+00
      vertex -7.207779e+00 -2.360494e+00 7.555943e+00
      vertex -7.207779e+00 -2.376797e+00 7.141843e+00
    endloop
  endfacet
  facet normal -2.408934e-18 9.992259e-01 -3.934087e-02
    outer loop
      vertex -7.207779e+00 -2.360494e+00 7.555943e+00
      vertex -1.190625e+01 -2.376797e+00 7.141843e+00
      vertex -1.190625e+01 -2.360494e+00 7.555943e+00
    endloop
  endfacet
  facet normal -1.816268e-17 9.549959e-01 -2.966191e-01
    outer loop
      vertex -1.190625e+01 -2.360494e+00 7.555943e+00
      vertex -7.207779e+00 -2.237569e+00 7.951713e+00
      vertex -7.207779e+00 -2.360494e+00 7.555943e+00
    endloop
  endfacet
  facet normal -1.816268e-17 9.549959e-01 -2.966191e-01
    outer loop
      vertex -7.207779e+00 -2.237569e+00 7.951713e+00
      vertex -1.190625e+01 -2.360494e+00 7.555943e+00
      vertex -1.190625e+01 -2.237569e+00 7.951713e+00
    endloop
  endfacet
  facet normal -5.552367e-17 4.216247e-01 -9.067704e-01
    outer loop
      vertex -1.190625e+01 -1.238416e+01 8.801521e+00
      vertex -7.207779e+00 -1.275994e+01 8.626792e+00
      vertex -1.190625e+01 -1.275994e+01 8.626792e+00
    endloop
  endfacet
  facet normal -5.552367e-17 4.216247e-01 -9.067704e-01
    outer loop
      vertex -7.207779e+00 -1.275994e+01 8.626792e+00
      vertex -1.190625e+01 -1.238416e+01 8.801521e+00
      vertex -7.207779e+00 -1.238416e+01 8.801521e+00
    endloop
  endfacet
  facet normal -3.267867e-17 8.456845e-01 -5.336831e-01
    outer loop
      vertex -1.190625e+01 -2.237569e+00 7.951713e+00
      vertex -7.207779e+00 -2.016399e+00 8.302182e+00
      vertex -7.207779e+00 -2.237569e+00 7.951713e+00
    endloop
  endfacet
  facet normal -3.267867e-17 8.456845e-01 -5.336831e-01
    outer loop
      vertex -7.207779e+00 -2.016399e+00 8.302182e+00
      vertex -1.190625e+01 -2.237569e+00 7.951713e+00
      vertex -1.190625e+01 -2.016399e+00 8.302182e+00
    endloop
  endfacet
  facet normal -4.496766e-17 6.787411e-01 -7.343776e-01
    outer loop
      vertex -1.190625e+01 -1.712058e+00 8.583466e+00
      vertex -7.207779e+00 -2.016399e+00 8.302182e+00
      vertex -1.190625e+01 -2.016399e+00 8.302182e+00
    endloop
  endfacet
  facet normal -4.496766e-17 6.787411e-01 -7.343776e-01
    outer loop
      vertex -7.207779e+00 -2.016399e+00 8.302182e+00
      vertex -1.190625e+01 -1.712058e+00 8.583466e+00
      vertex -7.207779e+00 -1.712058e+00 8.583466e+00
    endloop
  endfacet
  facet normal -5.419218e-17 4.655427e-01 -8.850254e-01
    outer loop
      vertex -1.190625e+01 -1.345285e+00 8.776397e+00
      vertex -7.207779e+00 -1.712058e+00 8.583466e+00
      vertex -1.190625e+01 -1.712058e+00 8.583466e+00
    endloop
  endfacet
  facet normal -5.419218e-17 4.655427e-01 -8.850254e-01
    outer loop
      vertex -7.207779e+00 -1.712058e+00 8.583466e+00
      vertex -1.190625e+01 -1.345285e+00 8.776397e+00
      vertex -7.207779e+00 -1.345285e+00 8.776397e+00
    endloop
  endfacet
  facet normal 5.552367e-17 -4.216247e-01 9.067704e-01
    outer loop
      vertex -7.207779e+00 -1.105695e+01 5.947156e+00
      vertex -1.190625e+01 -1.143273e+01 5.772425e+00
      vertex -7.207779e+00 -1.143273e+01 5.772425e+00
    endloop
  endfacet
  facet normal 5.552367e-17 -4.216247e-01 9.067704e-01
    outer loop
      vertex -1.190625e+01 -1.143273e+01 5.772425e+00
      vertex -7.207779e+00 -1.105695e+01 5.947156e+00
      vertex -1.190625e+01 -1.105695e+01 5.947156e+00
    endloop
  endfacet
  facet normal 6.031370e-17 -1.725688e-01 9.849975e-01
    outer loop
      vertex -7.207779e+00 -1.143273e+01 5.772425e+00
      vertex -1.190625e+01 -1.184094e+01 5.700910e+00
      vertex -7.207779e+00 -1.184094e+01 5.700910e+00
    endloop
  endfacet
  facet normal 6.031370e-17 -1.725688e-01 9.849975e-01
    outer loop
      vertex -1.190625e+01 -1.184094e+01 5.700910e+00
      vertex -7.207779e+00 -1.143273e+01 5.772425e+00
      vertex -1.190625e+01 -1.143273e+01 5.772425e+00
    endloop
  endfacet
  facet normal 3.930796e-17 7.667484e-01 6.419477e-01
    outer loop
      vertex -1.190625e+01 -1.298223e+01 6.117722e+00
      vertex -7.207779e+00 -1.324826e+01 6.435478e+00
      vertex -7.207779e+00 -1.298223e+01 6.117722e+00
    endloop
  endfacet
  facet normal 3.930796e-17 7.667484e-01 6.419477e-01
    outer loop
      vertex -7.207779e+00 -1.324826e+01 6.435478e+00
      vertex -1.190625e+01 -1.298223e+01 6.117722e+00
      vertex -1.190625e+01 -1.324826e+01 6.435478e+00
    endloop
  endfacet
  facet normal -6.031370e-17 1.725688e-01 -9.849975e-01
    outer loop
      vertex -1.190625e+01 -1.197595e+01 8.873038e+00
      vertex -7.207779e+00 -1.238416e+01 8.801521e+00
      vertex -1.190625e+01 -1.238416e+01 8.801521e+00
    endloop
  endfacet
  facet normal -6.031370e-17 1.725688e-01 -9.849975e-01
    outer loop
      vertex -7.207779e+00 -1.238416e+01 8.801521e+00
      vertex -1.190625e+01 -1.197595e+01 8.873038e+00
      vertex -7.207779e+00 -1.197595e+01 8.873038e+00
    endloop
  endfacet
  facet normal 1.350898e-17 9.753602e-01 2.206183e-01
    outer loop
      vertex -1.190625e+01 -2.285368e+00 6.737633e+00
      vertex -7.207779e+00 -2.376797e+00 7.141843e+00
      vertex -7.207779e+00 -2.285368e+00 6.737633e+00
    endloop
  endfacet
  facet normal 1.350898e-17 9.753602e-01 2.206183e-01
    outer loop
      vertex -7.207779e+00 -2.376797e+00 7.141843e+00
      vertex -1.190625e+01 -2.285368e+00 6.737633e+00
      vertex -1.190625e+01 -2.376797e+00 7.141843e+00
    endloop
  endfacet
  facet normal -3.930796e-17 -7.667484e-01 -6.419477e-01
    outer loop
      vertex -1.190625e+01 -1.083466e+01 8.456226e+00
      vertex -7.207779e+00 -1.056863e+01 8.138469e+00
      vertex -7.207779e+00 -1.083466e+01 8.456226e+00
    endloop
  endfacet
  facet normal -3.930796e-17 -7.667484e-01 -6.419477e-01
    outer loop
      vertex -7.207779e+00 -1.056863e+01 8.138469e+00
      vertex -1.190625e+01 -1.083466e+01 8.456226e+00
      vertex -1.190625e+01 -1.056863e+01 8.138469e+00
    endloop
  endfacet
  facet normal -7.502351e-16 1.000000e+00 1.928518e-15
    outer loop
      vertex -1.190625e+01 3.271439e+00 2.220446e-15
      vertex -7.207779e+00 3.271439e+00 3.290052e+00
      vertex -7.207779e+00 3.271439e+00 1.998401e-15
    endloop
  endfacet
  facet normal -7.502351e-16 1.000000e+00 1.928518e-15
    outer loop
      vertex -7.207779e+00 3.271439e+00 3.290052e+00
      vertex -1.190625e+01 3.271439e+00 2.220446e-15
      vertex -1.190625e+01 3.271439e+00 3.290052e+00
    endloop
  endfacet
  facet normal -7.051975e-32 1.000000e+00 -1.973730e-16
    outer loop
      vertex -1.190625e+01 3.271439e+00 3.318223e+00
      vertex -7.207779e+00 3.271439e+00 1.046197e+01
      vertex -7.207779e+00 3.271439e+00 3.318223e+00
    endloop
  endfacet
  facet normal -7.051975e-32 1.000000e+00 -1.973730e-16
    outer loop
      vertex -7.207779e+00 3.271439e+00 1.046197e+01
      vertex -1.190625e+01 3.271439e+00 3.318223e+00
      vertex -1.190625e+01 3.271439e+00 1.046197e+01
    endloop
  endfacet
  facet normal -1.000000e+00 -2.316017e-16 -1.514531e-16
    outer loop
      vertex -1.190625e+01 -1.143273e+01 5.772425e+00
      vertex -1.190625e+01 -6.508150e-01 5.706122e+00
      vertex -1.190625e+01 -1.184094e+01 5.700910e+00
    endloop
  endfacet
  facet normal -1.000000e+00 -2.316017e-16 -1.514531e-16
    outer loop
      vertex -1.190625e+01 -6.508150e-01 5.706122e+00
      vertex -1.190625e+01 -1.143273e+01 5.772425e+00
      vertex -1.190625e+01 -1.064914e+00 5.722425e+00
    endloop
  endfacet
  facet normal -1.000000e+00 -2.316017e-16 -1.514531e-16
    outer loop
      vertex -1.190625e+01 -1.064914e+00 5.722425e+00
      vertex -1.190625e+01 -1.143273e+01 5.772425e+00
      vertex -1.190625e+01 -1.460684e+00 5.845350e+00
    endloop
  endfacet
  facet normal -1.000000e+00 -2.316017e-16 -1.514531e-16
    outer loop
      vertex -1.190625e+01 -1.460684e+00 5.845350e+00
      vertex -1.190625e+01 -1.143273e+01 5.772425e+00
      vertex -1.190625e+01 -1.105695e+01 5.947156e+00
    endloop
  endfacet
  facet normal -1.000000e+00 -2.316017e-16 -1.514531e-16
    outer loop
      vertex -1.190625e+01 -1.460684e+00 5.845350e+00
      vertex -1.190625e+01 -1.105695e+01 5.947156e+00
      vertex -1.190625e+01 -1.811154e+00 6.066519e+00
    endloop
  endfacet
  facet normal -1.000000e+00 -2.316017e-16 -1.514531e-16
    outer loop
      vertex -1.190625e+01 -1.811154e+00 6.066519e+00
      vertex -1.190625e+01 -1.105695e+01 5.947156e+00
      vertex -1.190625e+01 -1.073919e+01 6.213192e+00
    endloop
  endfacet
  facet normal -1.000000e+00 -2.316017e-16 -1.514531e-16
    outer loop
      vertex -1.190625e+01 -1.811154e+00 6.066519e+00
      vertex -1.190625e+01 -1.073919e+01 6.213192e+00
      vertex -1.190625e+01 -2.092438e+00 6.370860e+00
    endloop
  endfacet
  facet normal -1.000000e+00 -2.316017e-16 -1.514531e-16
    outer loop
      vertex -1.190625e+01 -2.092438e+00 6.370860e+00
      vertex -1.190625e+01 -1.073919e+01 6.213192e+00
      vertex -1.190625e+01 -1.050112e+01 6.552405e+00
    endloop
  endfacet
  facet normal -1.000000e+00 -2.316017e-16 -1.514531e-16
    outer loop
      vertex -1.190625e+01 -2.092438e+00 6.370860e+00
      vertex -1.190625e+01 -1.050112e+01 6.552405e+00
      vertex -1.190625e+01 -2.285368e+00 6.737633e+00
    endloop
  endfacet
  facet normal -1.000000e+00 -2.316017e-16 -1.514531e-16
    outer loop
      vertex -1.190625e+01 -2.285368e+00 6.737633e+00
      vertex -1.190625e+01 -1.050112e+01 6.552405e+00
      vertex -1.190625e+01 -1.035895e+01 6.941677e+00
    endloop
  endfacet
  facet normal -1.000000e+00 -2.316017e-16 -1.514531e-16
    outer loop
      vertex -1.190625e+01 -2.285368e+00 6.737633e+00
      vertex -1.190625e+01 -1.035895e+01 6.941677e+00
      vertex -1.190625e+01 -2.376797e+00 7.141843e+00
    endloop
  endfacet
  facet normal -1.000000e+00 -2.316017e-16 -1.514531e-16
    outer loop
      vertex -1.190625e+01 -2.376797e+00 7.141843e+00
      vertex -1.190625e+01 -1.035895e+01 6.941677e+00
      vertex -1.190625e+01 -1.032238e+01 7.354481e+00
    endloop
  endfacet
  facet normal -1.000000e+00 -2.316017e-16 -1.514531e-16
    outer loop
      vertex -1.190625e+01 -2.376797e+00 7.141843e+00
      vertex -1.190625e+01 -1.032238e+01 7.354481e+00
      vertex -1.190625e+01 -2.360494e+00 7.555943e+00
    endloop
  endfacet
  facet normal -1.000000e+00 -2.316017e-16 -1.514531e-16
    outer loop
      vertex -1.190625e+01 -2.360494e+00 7.555943e+00
      vertex -1.190625e+01 -1.032238e+01 7.354481e+00
      vertex -1.190625e+01 -1.039390e+01 7.762684e+00
    endloop
  endfacet
  facet normal -1.000000e+00 -2.316017e-16 -1.514531e-16
    outer loop
      vertex -1.190625e+01 -2.360494e+00 7.555943e+00
      vertex -1.190625e+01 -1.039390e+01 7.762684e+00
      vertex -1.190625e+01 -2.237569e+00 7.951713e+00
    endloop
  endfacet
  facet normal -1.000000e+00 -2.316017e-16 -1.514531e-16
    outer loop
      vertex -1.190625e+01 -2.237569e+00 7.951713e+00
      vertex -1.190625e+01 -1.039390e+01 7.762684e+00
      vertex -1.190625e+01 -1.056863e+01 8.138469e+00
    endloop
  endfacet
  facet normal -1.000000e+00 -2.316017e-16 -1.514531e-16
    outer loop
      vertex -1.190625e+01 -2.237569e+00 7.951713e+00
      vertex -1.190625e+01 -1.056863e+01 8.138469e+00
      vertex -1.190625e+01 -2.016399e+00 8.302182e+00
    endloop
  endfacet
  facet normal -1.000000e+00 -2.316017e-16 -1.514531e-16
    outer loop
      vertex -1.190625e+01 -2.016399e+00 8.302182e+00
      vertex -1.190625e+01 -1.056863e+01 8.138469e+00
      vertex -1.190625e+01 -1.083466e+01 8.456226e+00
    endloop
  endfacet
  facet normal -1.000000e+00 -2.316017e-16 -1.514531e-16
    outer loop
      vertex -1.190625e+01 -2.016399e+00 8.302182e+00
      vertex -1.190625e+01 -1.083466e+01 8.456226e+00
      vertex -1.190625e+01 -1.712058e+00 8.583466e+00
    endloop
  endfacet
  facet normal -1.000000e+00 -2.316017e-16 -1.514531e-16
    outer loop
      vertex -1.190625e+01 -1.712058e+00 8.583466e+00
      vertex -1.190625e+01 -1.083466e+01 8.456226e+00
      vertex -1.190625e+01 -1.117388e+01 8.694299e+00
    endloop
  endfacet
  facet normal -1.000000e+00 -2.316017e-16 -1.514531e-16
    outer loop
      vertex -1.190625e+01 -1.712058e+00 8.583466e+00
      vertex -1.190625e+01 -1.117388e+01 8.694299e+00
      vertex -1.190625e+01 -1.345285e+00 8.776397e+00
    endloop
  endfacet
  facet normal -1.000000e+00 -2.316017e-16 -1.514531e-16
    outer loop
      vertex -1.190625e+01 -1.345285e+00 8.776397e+00
      vertex -1.190625e+01 -1.117388e+01 8.694299e+00
      vertex -1.190625e+01 -1.156315e+01 8.836466e+00
    endloop
  endfacet
  facet normal -1.000000e+00 -2.316017e-16 -1.514531e-16
    outer loop
      vertex -1.190625e+01 -1.345285e+00 8.776397e+00
      vertex -1.190625e+01 -1.156315e+01 8.836466e+00
      vertex -1.190625e+01 -9.410759e-01 8.867826e+00
    endloop
  endfacet
  facet normal -1.000000e+00 -2.316017e-16 -1.514531e-16
    outer loop
      vertex -1.190625e+01 -9.410759e-01 8.867826e+00
      vertex -1.190625e+01 -1.156315e+01 8.836466e+00
      vertex -1.190625e+01 -1.197595e+01 8.873038e+00
    endloop
  endfacet
  facet normal -1.000000e+00 -2.316017e-16 -1.514531e-16
    outer loop
      vertex -1.190625e+01 -1.587720e+01 2.220446e-15
      vertex -1.190625e+01 -1.264301e+01 5.879648e+00
      vertex -1.190625e+01 3.271439e+00 2.220446e-15
    endloop
  endfacet
  facet normal -1.000000e+00 -2.316017e-16 -1.514531e-16
    outer loop
      vertex -1.190625e+01 -1.264301e+01 5.879648e+00
      vertex -1.190625e+01 -1.587720e+01 2.220446e-15
      vertex -1.190625e+01 -1.298223e+01 6.117722e+00
    endloop
  endfacet
  facet normal -1.000000e+00 -2.316017e-16 -1.514531e-16
    outer loop
      vertex -1.190625e+01 -1.298223e+01 6.117722e+00
      vertex -1.190625e+01 -1.587720e+01 2.220446e-15
      vertex -1.190625e+01 -1.324826e+01 6.435478e+00
    endloop
  endfacet
  facet normal -1.000000e+00 -2.316017e-16 -1.514531e-16
    outer loop
      vertex -1.190625e+01 -1.324826e+01 6.435478e+00
      vertex -1.190625e+01 -1.587720e+01 2.220446e-15
      vertex -1.190625e+01 -1.587720e+01 1.046197e+01
    endloop
  endfacet
  facet normal -1.000000e+00 -2.316017e-16 -1.514531e-16
    outer loop
      vertex -1.190625e+01 3.271439e+00 2.220446e-15
      vertex -1.190625e+01 -1.264301e+01 5.879648e+00
      vertex -1.190625e+01 -1.225374e+01 5.737481e+00
    endloop
  endfacet
  facet normal -1.000000e+00 -2.316017e-16 -1.514531e-16
    outer loop
      vertex -1.190625e+01 3.271439e+00 2.220446e-15
      vertex -1.190625e+01 -1.225374e+01 5.737481e+00
      vertex -1.190625e+01 3.271439e+00 3.290052e+00
    endloop
  endfacet
  facet normal -1.000000e+00 -2.316017e-16 -1.514531e-16
    outer loop
      vertex -1.190625e+01 3.271439e+00 3.290052e+00
      vertex -1.190625e+01 -1.225374e+01 5.737481e+00
      vertex -1.190625e+01 3.271439e+00 3.318223e+00
    endloop
  endfacet
  facet normal -1.000000e+00 -2.316017e-16 -1.514531e-16
    outer loop
      vertex -1.190625e+01 3.271439e+00 3.318223e+00
      vertex -1.190625e+01 -1.225374e+01 5.737481e+00
      vertex -1.190625e+01 -1.184094e+01 5.700910e+00
    endloop
  endfacet
  facet normal -1.000000e+00 -2.316017e-16 -1.514531e-16
    outer loop
      vertex -1.190625e+01 -1.324826e+01 6.435478e+00
      vertex -1.190625e+01 -1.587720e+01 1.046197e+01
      vertex -1.190625e+01 -1.342299e+01 6.811262e+00
    endloop
  endfacet
  facet normal -1.000000e+00 -2.316017e-16 -1.514531e-16
    outer loop
      vertex -1.190625e+01 -1.342299e+01 6.811262e+00
      vertex -1.190625e+01 -1.587720e+01 1.046197e+01
      vertex -1.190625e+01 -1.349451e+01 7.219466e+00
    endloop
  endfacet
  facet normal -1.000000e+00 -2.316017e-16 -1.514531e-16
    outer loop
      vertex -1.190625e+01 -1.349451e+01 7.219466e+00
      vertex -1.190625e+01 -1.587720e+01 1.046197e+01
      vertex -1.190625e+01 -1.345794e+01 7.632270e+00
    endloop
  endfacet
  facet normal -1.000000e+00 -2.316017e-16 -1.514531e-16
    outer loop
      vertex -1.190625e+01 -1.345794e+01 7.632270e+00
      vertex -1.190625e+01 -1.587720e+01 1.046197e+01
      vertex -1.190625e+01 -1.331577e+01 8.021542e+00
    endloop
  endfacet
  facet normal -1.000000e+00 -2.316017e-16 -1.514531e-16
    outer loop
      vertex -1.190625e+01 -1.331577e+01 8.021542e+00
      vertex -1.190625e+01 -1.587720e+01 1.046197e+01
      vertex -1.190625e+01 -1.307770e+01 8.360755e+00
    endloop
  endfacet
  facet normal -1.000000e+00 -2.316017e-16 -1.514531e-16
    outer loop
      vertex -1.190625e+01 -1.307770e+01 8.360755e+00
      vertex -1.190625e+01 -1.587720e+01 1.046197e+01
      vertex -1.190625e+01 -1.275994e+01 8.626792e+00
    endloop
  endfacet
  facet normal -1.000000e+00 -2.316017e-16 -1.514531e-16
    outer loop
      vertex -1.190625e+01 -1.275994e+01 8.626792e+00
      vertex -1.190625e+01 -1.587720e+01 1.046197e+01
      vertex -1.190625e+01 -1.238416e+01 8.801521e+00
    endloop
  endfacet
  facet normal -1.000000e+00 -2.316017e-16 -1.514531e-16
    outer loop
      vertex -1.190625e+01 -1.238416e+01 8.801521e+00
      vertex -1.190625e+01 -1.587720e+01 1.046197e+01
      vertex -1.190625e+01 -1.197595e+01 8.873038e+00
    endloop
  endfacet
  facet normal -1.000000e+00 -2.316017e-16 -1.514531e-16
    outer loop
      vertex -1.190625e+01 3.271439e+00 3.318223e+00
      vertex -1.190625e+01 4.245085e-01 6.271765e+00
      vertex -1.190625e+01 3.271439e+00 1.046197e+01
    endloop
  endfacet
  facet normal -1.000000e+00 -2.316017e-16 -1.514531e-16
    outer loop
      vertex -1.190625e+01 4.245085e-01 6.271765e+00
      vertex -1.190625e+01 3.271439e+00 3.318223e+00
      vertex -1.190625e+01 1.201674e-01 5.990481e+00
    endloop
  endfacet
  facet normal -1.000000e+00 -2.316017e-16 -1.514531e-16
    outer loop
      vertex -1.190625e+01 1.201674e-01 5.990481e+00
      vertex -1.190625e+01 3.271439e+00 3.318223e+00
      vertex -1.190625e+01 -2.466048e-01 5.797550e+00
    endloop
  endfacet
  facet normal -1.000000e+00 -2.316017e-16 -1.514531e-16
    outer loop
      vertex -1.190625e+01 -2.466048e-01 5.797550e+00
      vertex -1.190625e+01 3.271439e+00 3.318223e+00
      vertex -1.190625e+01 -6.508150e-01 5.706122e+00
    endloop
  endfacet
  facet normal -1.000000e+00 -2.316017e-16 -1.514531e-16
    outer loop
      vertex -1.190625e+01 -6.508150e-01 5.706122e+00
      vertex -1.190625e+01 3.271439e+00 3.318223e+00
      vertex -1.190625e+01 -1.184094e+01 5.700910e+00
    endloop
  endfacet
  facet normal -1.000000e+00 -2.316017e-16 -1.514531e-16
    outer loop
      vertex -1.190625e+01 3.271439e+00 1.046197e+01
      vertex -1.190625e+01 4.245085e-01 6.271765e+00
      vertex -1.190625e+01 6.456781e-01 6.622234e+00
    endloop
  endfacet
  facet normal -1.000000e+00 -2.316017e-16 -1.514531e-16
    outer loop
      vertex -1.190625e+01 3.271439e+00 1.046197e+01
      vertex -1.190625e+01 6.456781e-01 6.622234e+00
      vertex -1.190625e+01 7.686032e-01 7.018004e+00
    endloop
  endfacet
  facet normal -1.000000e+00 -2.316017e-16 -1.514531e-16
    outer loop
      vertex -1.190625e+01 3.271439e+00 1.046197e+01
      vertex -1.190625e+01 7.686032e-01 7.018004e+00
      vertex -1.190625e+01 7.849070e-01 7.432104e+00
    endloop
  endfacet
  facet normal -1.000000e+00 -2.316017e-16 -1.514531e-16
    outer loop
      vertex -1.190625e+01 3.271439e+00 1.046197e+01
      vertex -1.190625e+01 7.849070e-01 7.432104e+00
      vertex -1.190625e+01 6.934783e-01 7.836313e+00
    endloop
  endfacet
  facet normal -1.000000e+00 -2.316017e-16 -1.514531e-16
    outer loop
      vertex -1.190625e+01 3.271439e+00 1.046197e+01
      vertex -1.190625e+01 6.934783e-01 7.836313e+00
      vertex -1.190625e+01 5.005478e-01 8.203086e+00
    endloop
  endfacet
  facet normal -1.000000e+00 -2.316017e-16 -1.514531e-16
    outer loop
      vertex -1.190625e+01 3.271439e+00 1.046197e+01
      vertex -1.190625e+01 5.005478e-01 8.203086e+00
      vertex -1.190625e+01 2.192635e-01 8.507428e+00
    endloop
  endfacet
  facet normal -1.000000e+00 -2.316017e-16 -1.514531e-16
    outer loop
      vertex -1.190625e+01 3.271439e+00 1.046197e+01
      vertex -1.190625e+01 2.192635e-01 8.507428e+00
      vertex -1.190625e+01 -1.312057e-01 8.728597e+00
    endloop
  endfacet
  facet normal -1.000000e+00 -2.316017e-16 -1.514531e-16
    outer loop
      vertex -1.190625e+01 3.271439e+00 1.046197e+01
      vertex -1.190625e+01 -1.312057e-01 8.728597e+00
      vertex -1.190625e+01 -5.269762e-01 8.851522e+00
    endloop
  endfacet
  facet normal -1.000000e+00 -2.316017e-16 -1.514531e-16
    outer loop
      vertex -1.190625e+01 3.271439e+00 1.046197e+01
      vertex -1.190625e+01 -5.269762e-01 8.851522e+00
      vertex -1.190625e+01 -9.410759e-01 8.867826e+00
    endloop
  endfacet
  facet normal -1.000000e+00 -2.316017e-16 -1.514531e-16
    outer loop
      vertex -1.190625e+01 3.271439e+00 1.046197e+01
      vertex -1.190625e+01 -9.410759e-01 8.867826e+00
      vertex -1.190625e+01 -1.197595e+01 8.873038e+00
    endloop
  endfacet
  facet normal -1.000000e+00 -2.316017e-16 -1.514531e-16
    outer loop
      vertex -1.190625e+01 3.271439e+00 1.046197e+01
      vertex -1.190625e+01 -1.197595e+01 8.873038e+00
      vertex -1.190625e+01 -1.587720e+01 1.046197e+01
    endloop
  endfacet
  facet normal 1.000000e+00 5.561135e-19 -6.161294e-17
    outer loop
      vertex -7.207779e+00 3.271439e+00 3.318223e+00
      vertex -7.207779e+00 -6.508150e-01 5.706122e+00
      vertex -7.207779e+00 -1.184094e+01 5.700910e+00
    endloop
  endfacet
  facet normal 1.000000e+00 5.561135e-19 -6.161294e-17
    outer loop
      vertex -7.207779e+00 -6.508150e-01 5.706122e+00
      vertex -7.207779e+00 3.271439e+00 3.318223e+00
      vertex -7.207779e+00 -2.466048e-01 5.797550e+00
    endloop
  endfacet
  facet normal 1.000000e+00 5.561135e-19 -6.161294e-17
    outer loop
      vertex -7.207779e+00 -2.466048e-01 5.797550e+00
      vertex -7.207779e+00 3.271439e+00 3.318223e+00
      vertex -7.207779e+00 1.201674e-01 5.990481e+00
    endloop
  endfacet
  facet normal 1.000000e+00 5.561135e-19 -6.161294e-17
    outer loop
      vertex -7.207779e+00 1.201674e-01 5.990481e+00
      vertex -7.207779e+00 3.271439e+00 3.318223e+00
      vertex -7.207779e+00 4.245085e-01 6.271765e+00
    endloop
  endfacet
  facet normal 1.000000e+00 5.561135e-19 -6.161294e-17
    outer loop
      vertex -7.207779e+00 4.245085e-01 6.271765e+00
      vertex -7.207779e+00 3.271439e+00 3.318223e+00
      vertex -7.207779e+00 3.271439e+00 1.046197e+01
    endloop
  endfacet
  facet normal 1.000000e+00 5.561135e-19 -6.161294e-17
    outer loop
      vertex -7.207779e+00 4.245085e-01 6.271765e+00
      vertex -7.207779e+00 3.271439e+00 1.046197e+01
      vertex -7.207779e+00 6.456781e-01 6.622234e+00
    endloop
  endfacet
  facet normal 1.000000e+00 5.561135e-19 -6.161294e-17
    outer loop
      vertex -7.207779e+00 6.456781e-01 6.622234e+00
      vertex -7.207779e+00 3.271439e+00 1.046197e+01
      vertex -7.207779e+00 7.686032e-01 7.018004e+00
    endloop
  endfacet
  facet normal 1.000000e+00 5.561135e-19 -6.161294e-17
    outer loop
      vertex -7.207779e+00 7.686032e-01 7.018004e+00
      vertex -7.207779e+00 3.271439e+00 1.046197e+01
      vertex -7.207779e+00 7.849070e-01 7.432104e+00
    endloop
  endfacet
  facet normal 1.000000e+00 5.561135e-19 -6.161294e-17
    outer loop
      vertex -7.207779e+00 7.849070e-01 7.432104e+00
      vertex -7.207779e+00 3.271439e+00 1.046197e+01
      vertex -7.207779e+00 6.934783e-01 7.836313e+00
    endloop
  endfacet
  facet normal 1.000000e+00 5.561135e-19 -6.161294e-17
    outer loop
      vertex -7.207779e+00 6.934783e-01 7.836313e+00
      vertex -7.207779e+00 3.271439e+00 1.046197e+01
      vertex -7.207779e+00 5.005478e-01 8.203086e+00
    endloop
  endfacet
  facet normal 1.000000e+00 5.561135e-19 -6.161294e-17
    outer loop
      vertex -7.207779e+00 5.005478e-01 8.203086e+00
      vertex -7.207779e+00 3.271439e+00 1.046197e+01
      vertex -7.207779e+00 2.192635e-01 8.507428e+00
    endloop
  endfacet
  facet normal 1.000000e+00 5.561135e-19 -6.161294e-17
    outer loop
      vertex -7.207779e+00 2.192635e-01 8.507428e+00
      vertex -7.207779e+00 3.271439e+00 1.046197e+01
      vertex -7.207779e+00 -1.312057e-01 8.728597e+00
    endloop
  endfacet
  facet normal 1.000000e+00 5.561135e-19 -6.161294e-17
    outer loop
      vertex -7.207779e+00 -1.312057e-01 8.728597e+00
      vertex -7.207779e+00 3.271439e+00 1.046197e+01
      vertex -7.207779e+00 -5.269762e-01 8.851522e+00
    endloop
  endfacet
  facet normal 1.000000e+00 5.561135e-19 -6.161294e-17
    outer loop
      vertex -7.207779e+00 -5.269762e-01 8.851522e+00
      vertex -7.207779e+00 3.271439e+00 1.046197e+01
      vertex -7.207779e+00 -9.410759e-01 8.867826e+00
    endloop
  endfacet
  facet normal 1.000000e+00 5.561135e-19 -6.161294e-17
    outer loop
      vertex -7.207779e+00 -9.410759e-01 8.867826e+00
      vertex -7.207779e+00 3.271439e+00 1.046197e+01
      vertex -7.207779e+00 -1.197595e+01 8.873038e+00
    endloop
  endfacet
  facet normal 1.000000e+00 5.561135e-19 -6.161294e-17
    outer loop
      vertex -7.207779e+00 3.271439e+00 3.290052e+00
      vertex -7.207779e+00 -1.587720e+01 1.998401e-15
      vertex -7.207779e+00 3.271439e+00 1.998401e-15
    endloop
  endfacet
  facet normal 1.000000e+00 5.561135e-19 -6.161294e-17
    outer loop
      vertex -7.207779e+00 -1.587720e+01 1.998401e-15
      vertex -7.207779e+00 3.271439e+00 3.290052e+00
      vertex -7.207779e+00 -1.225374e+01 5.737481e+00
    endloop
  endfacet
  facet normal 1.000000e+00 5.561135e-19 -6.161294e-17
    outer loop
      vertex -7.207779e+00 -1.587720e+01 1.998401e-15
      vertex -7.207779e+00 -1.225374e+01 5.737481e+00
      vertex -7.207779e+00 -1.264301e+01 5.879648e+00
    endloop
  endfacet
  facet normal 1.000000e+00 5.561135e-19 -6.161294e-17
    outer loop
      vertex -7.207779e+00 -1.587720e+01 1.998401e-15
      vertex -7.207779e+00 -1.264301e+01 5.879648e+00
      vertex -7.207779e+00 -1.298223e+01 6.117722e+00
    endloop
  endfacet
  facet normal 1.000000e+00 5.561135e-19 -6.161294e-17
    outer loop
      vertex -7.207779e+00 -1.587720e+01 1.998401e-15
      vertex -7.207779e+00 -1.298223e+01 6.117722e+00
      vertex -7.207779e+00 -1.324826e+01 6.435478e+00
    endloop
  endfacet
  facet normal 1.000000e+00 5.561135e-19 -6.161294e-17
    outer loop
      vertex -7.207779e+00 -1.587720e+01 1.998401e-15
      vertex -7.207779e+00 -1.324826e+01 6.435478e+00
      vertex -7.207779e+00 -1.587720e+01 1.046197e+01
    endloop
  endfacet
  facet normal 1.000000e+00 5.561135e-19 -6.161294e-17
    outer loop
      vertex -7.207779e+00 -1.225374e+01 5.737481e+00
      vertex -7.207779e+00 3.271439e+00 3.290052e+00
      vertex -7.207779e+00 3.271439e+00 3.318223e+00
    endloop
  endfacet
  facet normal 1.000000e+00 5.561135e-19 -6.161294e-17
    outer loop
      vertex -7.207779e+00 -1.225374e+01 5.737481e+00
      vertex -7.207779e+00 3.271439e+00 3.318223e+00
      vertex -7.207779e+00 -1.184094e+01 5.700910e+00
    endloop
  endfacet
  facet normal 1.000000e+00 5.561135e-19 -6.161294e-17
    outer loop
      vertex -7.207779e+00 -1.587720e+01 1.046197e+01
      vertex -7.207779e+00 -1.324826e+01 6.435478e+00
      vertex -7.207779e+00 -1.342299e+01 6.811262e+00
    endloop
  endfacet
  facet normal 1.000000e+00 5.561135e-19 -6.161294e-17
    outer loop
      vertex -7.207779e+00 -1.587720e+01 1.046197e+01
      vertex -7.207779e+00 -1.342299e+01 6.811262e+00
      vertex -7.207779e+00 -1.349451e+01 7.219466e+00
    endloop
  endfacet
  facet normal 1.000000e+00 5.561135e-19 -6.161294e-17
    outer loop
      vertex -7.207779e+00 -1.587720e+01 1.046197e+01
      vertex -7.207779e+00 -1.349451e+01 7.219466e+00
      vertex -7.207779e+00 -1.345794e+01 7.632270e+00
    endloop
  endfacet
  facet normal 1.000000e+00 5.561135e-19 -6.161294e-17
    outer loop
      vertex -7.207779e+00 -1.587720e+01 1.046197e+01
      vertex -7.207779e+00 -1.345794e+01 7.632270e+00
      vertex -7.207779e+00 -1.331577e+01 8.021542e+00
    endloop
  endfacet
  facet normal 1.000000e+00 5.561135e-19 -6.161294e-17
    outer loop
      vertex -7.207779e+00 -1.587720e+01 1.046197e+01
      vertex -7.207779e+00 -1.331577e+01 8.021542e+00
      vertex -7.207779e+00 -1.307770e+01 8.360755e+00
    endloop
  endfacet
  facet normal 1.000000e+00 5.561135e-19 -6.161294e-17
    outer loop
      vertex -7.207779e+00 -1.587720e+01 1.046197e+01
      vertex -7.207779e+00 -1.307770e+01 8.360755e+00
      vertex -7.207779e+00 -1.275994e+01 8.626792e+00
    endloop
  endfacet
  facet normal 1.000000e+00 5.561135e-19 -6.161294e-17
    outer loop
      vertex -7.207779e+00 -1.587720e+01 1.046197e+01
      vertex -7.207779e+00 -1.275994e+01 8.626792e+00
      vertex -7.207779e+00 -1.238416e+01 8.801521e+00
    endloop
  endfacet
  facet normal 1.000000e+00 5.561135e-19 -6.161294e-17
    outer loop
      vertex -7.207779e+00 -1.587720e+01 1.046197e+01
      vertex -7.207779e+00 -1.238416e+01 8.801521e+00
      vertex -7.207779e+00 -1.197595e+01 8.873038e+00
    endloop
  endfacet
  facet normal 1.000000e+00 5.561135e-19 -6.161294e-17
    outer loop
      vertex -7.207779e+00 -1.587720e+01 1.046197e+01
      vertex -7.207779e+00 -1.197595e+01 8.873038e+00
      vertex -7.207779e+00 3.271439e+00 1.046197e+01
    endloop
  endfacet
  facet normal 1.000000e+00 5.561135e-19 -6.161294e-17
    outer loop
      vertex -7.207779e+00 -6.508150e-01 5.706122e+00
      vertex -7.207779e+00 -1.143273e+01 5.772425e+00
      vertex -7.207779e+00 -1.184094e+01 5.700910e+00
    endloop
  endfacet
  facet normal 1.000000e+00 5.561135e-19 -6.161294e-17
    outer loop
      vertex -7.207779e+00 -1.143273e+01 5.772425e+00
      vertex -7.207779e+00 -6.508150e-01 5.706122e+00
      vertex -7.207779e+00 -1.064914e+00 5.722425e+00
    endloop
  endfacet
  facet normal 1.000000e+00 5.561135e-19 -6.161294e-17
    outer loop
      vertex -7.207779e+00 -1.143273e+01 5.772425e+00
      vertex -7.207779e+00 -1.064914e+00 5.722425e+00
      vertex -7.207779e+00 -1.460684e+00 5.845350e+00
    endloop
  endfacet
  facet normal 1.000000e+00 5.561135e-19 -6.161294e-17
    outer loop
      vertex -7.207779e+00 -1.143273e+01 5.772425e+00
      vertex -7.207779e+00 -1.460684e+00 5.845350e+00
      vertex -7.207779e+00 -1.105695e+01 5.947156e+00
    endloop
  endfacet
  facet normal 1.000000e+00 5.561135e-19 -6.161294e-17
    outer loop
      vertex -7.207779e+00 -1.105695e+01 5.947156e+00
      vertex -7.207779e+00 -1.460684e+00 5.845350e+00
      vertex -7.207779e+00 -1.811154e+00 6.066519e+00
    endloop
  endfacet
  facet normal 1.000000e+00 5.561135e-19 -6.161294e-17
    outer loop
      vertex -7.207779e+00 -1.105695e+01 5.947156e+00
      vertex -7.207779e+00 -1.811154e+00 6.066519e+00
      vertex -7.207779e+00 -1.073919e+01 6.213192e+00
    endloop
  endfacet
  facet normal 1.000000e+00 5.561135e-19 -6.161294e-17
    outer loop
      vertex -7.207779e+00 -1.073919e+01 6.213192e+00
      vertex -7.207779e+00 -1.811154e+00 6.066519e+00
      vertex -7.207779e+00 -2.092438e+00 6.370860e+00
    endloop
  endfacet
  facet normal 1.000000e+00 5.561135e-19 -6.161294e-17
    outer loop
      vertex -7.207779e+00 -1.073919e+01 6.213192e+00
      vertex -7.207779e+00 -2.092438e+00 6.370860e+00
      vertex -7.207779e+00 -1.050112e+01 6.552405e+00
    endloop
  endfacet
  facet normal 1.000000e+00 5.561135e-19 -6.161294e-17
    outer loop
      vertex -7.207779e+00 -1.050112e+01 6.552405e+00
      vertex -7.207779e+00 -2.092438e+00 6.370860e+00
      vertex -7.207779e+00 -2.285368e+00 6.737633e+00
    endloop
  endfacet
  facet normal 1.000000e+00 5.561135e-19 -6.161294e-17
    outer loop
      vertex -7.207779e+00 -1.050112e+01 6.552405e+00
      vertex -7.207779e+00 -2.285368e+00 6.737633e+00
      vertex -7.207779e+00 -1.035895e+01 6.941677e+00
    endloop
  endfacet
  facet normal 1.000000e+00 5.561135e-19 -6.161294e-17
    outer loop
      vertex -7.207779e+00 -1.035895e+01 6.941677e+00
      vertex -7.207779e+00 -2.285368e+00 6.737633e+00
      vertex -7.207779e+00 -2.376797e+00 7.141843e+00
    endloop
  endfacet
  facet normal 1.000000e+00 5.561135e-19 -6.161294e-17
    outer loop
      vertex -7.207779e+00 -1.035895e+01 6.941677e+00
      vertex -7.207779e+00 -2.376797e+00 7.141843e+00
      vertex -7.207779e+00 -1.032238e+01 7.354481e+00
    endloop
  endfacet
  facet normal 1.000000e+00 5.561135e-19 -6.161294e-17
    outer loop
      vertex -7.207779e+00 -1.032238e+01 7.354481e+00
      vertex -7.207779e+00 -2.376797e+00 7.141843e+00
      vertex -7.207779e+00 -2.360494e+00 7.555943e+00
    endloop
  endfacet
  facet normal 1.000000e+00 5.561135e-19 -6.161294e-17
    outer loop
      vertex -7.207779e+00 -1.032238e+01 7.354481e+00
      vertex -7.207779e+00 -2.360494e+00 7.555943e+00
      vertex -7.207779e+00 -1.039390e+01 7.762684e+00
    endloop
  endfacet
  facet normal 1.000000e+00 5.561135e-19 -6.161294e-17
    outer loop
      vertex -7.207779e+00 -1.039390e+01 7.762684e+00
      vertex -7.207779e+00 -2.360494e+00 7.555943e+00
      vertex -7.207779e+00 -2.237569e+00 7.951713e+00
    endloop
  endfacet
  facet normal 1.000000e+00 5.561135e-19 -6.161294e-17
    outer loop
      vertex -7.207779e+00 -1.039390e+01 7.762684e+00
      vertex -7.207779e+00 -2.237569e+00 7.951713e+00
      vertex -7.207779e+00 -1.056863e+01 8.138469e+00
    endloop
  endfacet
  facet normal 1.000000e+00 5.561135e-19 -6.161294e-17
    outer loop
      vertex -7.207779e+00 -1.056863e+01 8.138469e+00
      vertex -7.207779e+00 -2.237569e+00 7.951713e+00
      vertex -7.207779e+00 -2.016399e+00 8.302182e+00
    endloop
  endfacet
  facet normal 1.000000e+00 5.561135e-19 -6.161294e-17
    outer loop
      vertex -7.207779e+00 -1.056863e+01 8.138469e+00
      vertex -7.207779e+00 -2.016399e+00 8.302182e+00
      vertex -7.207779e+00 -1.083466e+01 8.456226e+00
    endloop
  endfacet
  facet normal 1.000000e+00 5.561135e-19 -6.161294e-17
    outer loop
      vertex -7.207779e+00 -1.083466e+01 8.456226e+00
      vertex -7.207779e+00 -2.016399e+00 8.302182e+00
      vertex -7.207779e+00 -1.712058e+00 8.583466e+00
    endloop
  endfacet
  facet normal 1.000000e+00 5.561135e-19 -6.161294e-17
    outer loop
      vertex -7.207779e+00 -1.083466e+01 8.456226e+00
      vertex -7.207779e+00 -1.712058e+00 8.583466e+00
      vertex -7.207779e+00 -1.117388e+01 8.694299e+00
    endloop
  endfacet
  facet normal 1.000000e+00 5.561135e-19 -6.161294e-17
    outer loop
      vertex -7.207779e+00 -1.117388e+01 8.694299e+00
      vertex -7.207779e+00 -1.712058e+00 8.583466e+00
      vertex -7.207779e+00 -1.345285e+00 8.776397e+00
    endloop
  endfacet
  facet normal 1.000000e+00 5.561135e-19 -6.161294e-17
    outer loop
      vertex -7.207779e+00 -1.117388e+01 8.694299e+00
      vertex -7.207779e+00 -1.345285e+00 8.776397e+00
      vertex -7.207779e+00 -1.156315e+01 8.836466e+00
    endloop
  endfacet
  facet normal 1.000000e+00 5.561135e-19 -6.161294e-17
    outer loop
      vertex -7.207779e+00 -1.156315e+01 8.836466e+00
      vertex -7.207779e+00 -1.345285e+00 8.776397e+00
      vertex -7.207779e+00 -9.410759e-01 8.867826e+00
    endloop
  endfacet
  facet normal 1.000000e+00 5.561135e-19 -6.161294e-17
    outer loop
      vertex -7.207779e+00 -1.156315e+01 8.836466e+00
      vertex -7.207779e+00 -9.410759e-01 8.867826e+00
      vertex -7.207779e+00 -1.197595e+01 8.873038e+00
    endloop
  endfacet
  facet normal 9.999884e-01 -4.810660e-03 -9.087173e-17
    outer loop
      vertex -7.143750e+00 1.658103e+01 1.998401e-15
      vertex -7.207779e+00 3.271439e+00 3.290052e+00
      vertex -7.207779e+00 3.271439e+00 1.998401e-15
    endloop
  endfacet
  facet normal 9.999884e-01 -4.810660e-03 -9.087173e-17
    outer loop
      vertex -7.207779e+00 3.271439e+00 3.290052e+00
      vertex -7.143750e+00 1.658103e+01 1.998401e-15
      vertex -7.143750e+00 1.658103e+01 3.290052e+00
    endloop
  endfacet
  facet normal -6.309860e-16 9.416532e-16 -1.000000e+00
    outer loop
      vertex -2.222500e+01 1.102478e+01 2.886580e-15
      vertex -1.152338e+01 1.107888e+01 2.220446e-15
      vertex -1.111250e+01 1.102478e+01 2.220446e-15
    endloop
  endfacet
  facet normal -6.309860e-16 9.416532e-16 -1.000000e+00
    outer loop
      vertex -1.152338e+01 1.107888e+01 2.220446e-15
      vertex -2.222500e+01 1.102478e+01 2.886580e-15
      vertex -2.181413e+01 1.107888e+01 2.886580e-15
    endloop
  endfacet
  facet normal -6.309860e-16 9.416532e-16 -1.000000e+00
    outer loop
      vertex -1.152338e+01 1.107888e+01 2.220446e-15
      vertex -2.181413e+01 1.107888e+01 2.886580e-15
      vertex -1.190625e+01 1.123747e+01 2.220446e-15
    endloop
  endfacet
  facet normal -6.309860e-16 9.416532e-16 -1.000000e+00
    outer loop
      vertex -1.190625e+01 1.123747e+01 2.220446e-15
      vertex -2.181413e+01 1.107888e+01 2.886580e-15
      vertex -2.143125e+01 1.123747e+01 2.886580e-15
    endloop
  endfacet
  facet normal -6.309860e-16 9.416532e-16 -1.000000e+00
    outer loop
      vertex -1.190625e+01 1.123747e+01 2.220446e-15
      vertex -2.143125e+01 1.123747e+01 2.886580e-15
      vertex -2.110247e+01 1.148975e+01 2.886580e-15
    endloop
  endfacet
  facet normal -6.309860e-16 9.416532e-16 -1.000000e+00
    outer loop
      vertex -1.190625e+01 1.123747e+01 2.220446e-15
      vertex -2.110247e+01 1.148975e+01 2.886580e-15
      vertex -1.223503e+01 1.148975e+01 2.220446e-15
    endloop
  endfacet
  facet normal -6.309860e-16 9.416532e-16 -1.000000e+00
    outer loop
      vertex -1.223503e+01 1.148975e+01 2.220446e-15
      vertex -2.110247e+01 1.148975e+01 2.886580e-15
      vertex -1.248732e+01 1.181853e+01 2.220446e-15
    endloop
  endfacet
  facet normal -6.309860e-16 9.416532e-16 -1.000000e+00
    outer loop
      vertex -1.248732e+01 1.181853e+01 2.220446e-15
      vertex -2.110247e+01 1.148975e+01 2.886580e-15
      vertex -2.085019e+01 1.181853e+01 2.886580e-15
    endloop
  endfacet
  facet normal -6.309860e-16 9.416532e-16 -1.000000e+00
    outer loop
      vertex -1.248732e+01 1.181853e+01 2.220446e-15
      vertex -2.085019e+01 1.181853e+01 2.886580e-15
      vertex -2.069159e+01 1.220141e+01 2.886580e-15
    endloop
  endfacet
  facet normal -6.309860e-16 9.416532e-16 -1.000000e+00
    outer loop
      vertex -1.248732e+01 1.181853e+01 2.220446e-15
      vertex -2.069159e+01 1.220141e+01 2.886580e-15
      vertex -1.264591e+01 1.220141e+01 2.442491e-15
    endloop
  endfacet
  facet normal -6.309860e-16 9.416532e-16 -1.000000e+00
    outer loop
      vertex -1.264591e+01 1.220141e+01 2.442491e-15
      vertex -2.069159e+01 1.220141e+01 2.886580e-15
      vertex -2.063750e+01 1.261228e+01 2.886580e-15
    endloop
  endfacet
  facet normal -6.309860e-16 9.416532e-16 -1.000000e+00
    outer loop
      vertex -1.264591e+01 1.220141e+01 2.442491e-15
      vertex -2.063750e+01 1.261228e+01 2.886580e-15
      vertex -1.270000e+01 1.261228e+01 2.442491e-15
    endloop
  endfacet
  facet normal -6.309860e-16 9.416532e-16 -1.000000e+00
    outer loop
      vertex -1.270000e+01 1.261228e+01 2.442491e-15
      vertex -2.063750e+01 1.261228e+01 2.886580e-15
      vertex -2.069159e+01 1.302316e+01 2.886580e-15
    endloop
  endfacet
  facet normal -6.309860e-16 9.416532e-16 -1.000000e+00
    outer loop
      vertex -1.270000e+01 1.261228e+01 2.442491e-15
      vertex -2.069159e+01 1.302316e+01 2.886580e-15
      vertex -1.264591e+01 1.302316e+01 2.442491e-15
    endloop
  endfacet
  facet normal -6.309860e-16 9.416532e-16 -1.000000e+00
    outer loop
      vertex -1.264591e+01 1.302316e+01 2.442491e-15
      vertex -2.069159e+01 1.302316e+01 2.886580e-15
      vertex -2.085019e+01 1.340603e+01 2.886580e-15
    endloop
  endfacet
  facet normal -6.309860e-16 9.416532e-16 -1.000000e+00
    outer loop
      vertex -1.264591e+01 1.302316e+01 2.442491e-15
      vertex -2.085019e+01 1.340603e+01 2.886580e-15
      vertex -1.248732e+01 1.340603e+01 2.220446e-15
    endloop
  endfacet
  facet normal -6.309860e-16 9.416532e-16 -1.000000e+00
    outer loop
      vertex -1.248732e+01 1.340603e+01 2.220446e-15
      vertex -2.085019e+01 1.340603e+01 2.886580e-15
      vertex -1.223503e+01 1.373482e+01 2.220446e-15
    endloop
  endfacet
  facet normal -6.309860e-16 9.416532e-16 -1.000000e+00
    outer loop
      vertex -1.223503e+01 1.373482e+01 2.220446e-15
      vertex -2.085019e+01 1.340603e+01 2.886580e-15
      vertex -2.110247e+01 1.373482e+01 2.886580e-15
    endloop
  endfacet
  facet normal -6.309860e-16 9.416532e-16 -1.000000e+00
    outer loop
      vertex -1.223503e+01 1.373482e+01 2.220446e-15
      vertex -2.110247e+01 1.373482e+01 2.886580e-15
      vertex -1.190625e+01 1.398710e+01 2.220446e-15
    endloop
  endfacet
  facet normal -6.309860e-16 9.416532e-16 -1.000000e+00
    outer loop
      vertex -1.190625e+01 1.398710e+01 2.220446e-15
      vertex -2.110247e+01 1.373482e+01 2.886580e-15
      vertex -2.143125e+01 1.398710e+01 2.886580e-15
    endloop
  endfacet
  facet normal -6.309860e-16 9.416532e-16 -1.000000e+00
    outer loop
      vertex -1.190625e+01 1.398710e+01 2.220446e-15
      vertex -2.143125e+01 1.398710e+01 2.886580e-15
      vertex -2.181413e+01 1.414569e+01 2.886580e-15
    endloop
  endfacet
  facet normal -6.309860e-16 9.416532e-16 -1.000000e+00
    outer loop
      vertex -1.190625e+01 1.398710e+01 2.220446e-15
      vertex -2.181413e+01 1.414569e+01 2.886580e-15
      vertex -1.152338e+01 1.414569e+01 2.220446e-15
    endloop
  endfacet
  facet normal -6.309860e-16 9.416532e-16 -1.000000e+00
    outer loop
      vertex -1.152338e+01 1.414569e+01 2.220446e-15
      vertex -2.181413e+01 1.414569e+01 2.886580e-15
      vertex -1.111250e+01 1.419978e+01 2.220446e-15
    endloop
  endfacet
  facet normal -6.309860e-16 9.416532e-16 -1.000000e+00
    outer loop
      vertex -1.111250e+01 1.419978e+01 2.220446e-15
      vertex -2.181413e+01 1.414569e+01 2.886580e-15
      vertex -2.222500e+01 1.419978e+01 2.886580e-15
    endloop
  endfacet
  facet normal -6.309860e-16 9.416532e-16 -1.000000e+00
    outer loop
      vertex -2.606459e+01 3.271439e+00 3.108624e-15
      vertex -2.301875e+01 1.123747e+01 2.886580e-15
      vertex -1.190625e+01 3.271439e+00 2.220446e-15
    endloop
  endfacet
  facet normal -6.309860e-16 9.416532e-16 -1.000000e+00
    outer loop
      vertex -2.301875e+01 1.123747e+01 2.886580e-15
      vertex -2.606459e+01 3.271439e+00 3.108624e-15
      vertex -2.334753e+01 1.148975e+01 2.886580e-15
    endloop
  endfacet
  facet normal -6.309860e-16 9.416532e-16 -1.000000e+00
    outer loop
      vertex -2.334753e+01 1.148975e+01 2.886580e-15
      vertex -2.606459e+01 3.271439e+00 3.108624e-15
      vertex -2.359981e+01 1.181853e+01 3.108624e-15
    endloop
  endfacet
  facet normal -6.309860e-16 9.416532e-16 -1.000000e+00
    outer loop
      vertex -2.359981e+01 1.181853e+01 3.108624e-15
      vertex -2.606459e+01 3.271439e+00 3.108624e-15
      vertex -2.600057e+01 1.658103e+01 3.108624e-15
    endloop
  endfacet
  facet normal -6.309860e-16 9.416532e-16 -1.000000e+00
    outer loop
      vertex -1.190625e+01 3.271439e+00 2.220446e-15
      vertex -2.301875e+01 1.123747e+01 2.886580e-15
      vertex -7.207779e+00 3.271439e+00 1.998401e-15
    endloop
  endfacet
  facet normal -6.309860e-16 9.416532e-16 -1.000000e+00
    outer loop
      vertex -7.207779e+00 3.271439e+00 1.998401e-15
      vertex -2.301875e+01 1.123747e+01 2.886580e-15
      vertex -2.263587e+01 1.107888e+01 2.886580e-15
    endloop
  endfacet
  facet normal -6.309860e-16 9.416532e-16 -1.000000e+00
    outer loop
      vertex -7.207779e+00 3.271439e+00 1.998401e-15
      vertex -2.263587e+01 1.107888e+01 2.886580e-15
      vertex -2.222500e+01 1.102478e+01 2.886580e-15
    endloop
  endfacet
  facet normal -6.309860e-16 9.416532e-16 -1.000000e+00
    outer loop
      vertex -7.207779e+00 3.271439e+00 1.998401e-15
      vertex -2.222500e+01 1.102478e+01 2.886580e-15
      vertex -1.111250e+01 1.102478e+01 2.220446e-15
    endloop
  endfacet
  facet normal -6.309860e-16 9.416532e-16 -1.000000e+00
    outer loop
      vertex -2.359981e+01 1.181853e+01 3.108624e-15
      vertex -2.600057e+01 1.658103e+01 3.108624e-15
      vertex -2.375841e+01 1.220141e+01 3.108624e-15
    endloop
  endfacet
  facet normal -6.309860e-16 9.416532e-16 -1.000000e+00
    outer loop
      vertex -2.375841e+01 1.220141e+01 3.108624e-15
      vertex -2.600057e+01 1.658103e+01 3.108624e-15
      vertex -2.381250e+01 1.261228e+01 3.108624e-15
    endloop
  endfacet
  facet normal -6.309860e-16 9.416532e-16 -1.000000e+00
    outer loop
      vertex -2.381250e+01 1.261228e+01 3.108624e-15
      vertex -2.600057e+01 1.658103e+01 3.108624e-15
      vertex -2.375841e+01 1.302316e+01 3.108624e-15
    endloop
  endfacet
  facet normal -6.309860e-16 9.416532e-16 -1.000000e+00
    outer loop
      vertex -2.375841e+01 1.302316e+01 3.108624e-15
      vertex -2.600057e+01 1.658103e+01 3.108624e-15
      vertex -2.359981e+01 1.340603e+01 3.108624e-15
    endloop
  endfacet
  facet normal -6.309860e-16 9.416532e-16 -1.000000e+00
    outer loop
      vertex -2.359981e+01 1.340603e+01 3.108624e-15
      vertex -2.600057e+01 1.658103e+01 3.108624e-15
      vertex -2.334753e+01 1.373482e+01 2.886580e-15
    endloop
  endfacet
  facet normal -6.309860e-16 9.416532e-16 -1.000000e+00
    outer loop
      vertex -2.334753e+01 1.373482e+01 2.886580e-15
      vertex -2.600057e+01 1.658103e+01 3.108624e-15
      vertex -2.301875e+01 1.398710e+01 2.886580e-15
    endloop
  endfacet
  facet normal -6.309860e-16 9.416532e-16 -1.000000e+00
    outer loop
      vertex -2.301875e+01 1.398710e+01 2.886580e-15
      vertex -2.600057e+01 1.658103e+01 3.108624e-15
      vertex -2.263587e+01 1.414569e+01 2.886580e-15
    endloop
  endfacet
  facet normal -6.309860e-16 9.416532e-16 -1.000000e+00
    outer loop
      vertex -2.263587e+01 1.414569e+01 2.886580e-15
      vertex -2.600057e+01 1.658103e+01 3.108624e-15
      vertex -2.222500e+01 1.419978e+01 2.886580e-15
    endloop
  endfacet
  facet normal -6.309860e-16 9.416532e-16 -1.000000e+00
    outer loop
      vertex -2.222500e+01 1.419978e+01 2.886580e-15
      vertex -2.600057e+01 1.658103e+01 3.108624e-15
      vertex -7.143750e+00 1.658103e+01 1.998401e-15
    endloop
  endfacet
  facet normal -6.309860e-16 9.416532e-16 -1.000000e+00
    outer loop
      vertex -7.207779e+00 3.271439e+00 1.998401e-15
      vertex -9.737685e+00 1.181853e+01 2.220446e-15
      vertex -7.143750e+00 1.658103e+01 1.998401e-15
    endloop
  endfacet
  facet normal -6.309860e-16 9.416532e-16 -1.000000e+00
    outer loop
      vertex -9.737685e+00 1.181853e+01 2.220446e-15
      vertex -7.207779e+00 3.271439e+00 1.998401e-15
      vertex -9.989968e+00 1.148975e+01 2.220446e-15
    endloop
  endfacet
  facet normal -6.309860e-16 9.416532e-16 -1.000000e+00
    outer loop
      vertex -9.989968e+00 1.148975e+01 2.220446e-15
      vertex -7.207779e+00 3.271439e+00 1.998401e-15
      vertex -1.031875e+01 1.123747e+01 2.220446e-15
    endloop
  endfacet
  facet normal -6.309860e-16 9.416532e-16 -1.000000e+00
    outer loop
      vertex -1.031875e+01 1.123747e+01 2.220446e-15
      vertex -7.207779e+00 3.271439e+00 1.998401e-15
      vertex -1.070162e+01 1.107888e+01 2.220446e-15
    endloop
  endfacet
  facet normal -6.309860e-16 9.416532e-16 -1.000000e+00
    outer loop
      vertex -1.070162e+01 1.107888e+01 2.220446e-15
      vertex -7.207779e+00 3.271439e+00 1.998401e-15
      vertex -1.111250e+01 1.102478e+01 2.220446e-15
    endloop
  endfacet
  facet normal -6.309860e-16 9.416532e-16 -1.000000e+00
    outer loop
      vertex -7.143750e+00 1.658103e+01 1.998401e-15
      vertex -9.737685e+00 1.181853e+01 2.220446e-15
      vertex -9.579093e+00 1.220141e+01 2.220446e-15
    endloop
  endfacet
  facet normal -6.309860e-16 9.416532e-16 -1.000000e+00
    outer loop
      vertex -7.143750e+00 1.658103e+01 1.998401e-15
      vertex -9.579093e+00 1.220141e+01 2.220446e-15
      vertex -9.525000e+00 1.261228e+01 2.220446e-15
    endloop
  endfacet
  facet normal -6.309860e-16 9.416532e-16 -1.000000e+00
    outer loop
      vertex -7.143750e+00 1.658103e+01 1.998401e-15
      vertex -9.525000e+00 1.261228e+01 2.220446e-15
      vertex -9.579093e+00 1.302316e+01 2.220446e-15
    endloop
  endfacet
  facet normal -6.309860e-16 9.416532e-16 -1.000000e+00
    outer loop
      vertex -7.143750e+00 1.658103e+01 1.998401e-15
      vertex -9.579093e+00 1.302316e+01 2.220446e-15
      vertex -9.737685e+00 1.340603e+01 2.220446e-15
    endloop
  endfacet
  facet normal -6.309860e-16 9.416532e-16 -1.000000e+00
    outer loop
      vertex -7.143750e+00 1.658103e+01 1.998401e-15
      vertex -9.737685e+00 1.340603e+01 2.220446e-15
      vertex -9.989968e+00 1.373482e+01 2.220446e-15
    endloop
  endfacet
  facet normal -6.309860e-16 9.416532e-16 -1.000000e+00
    outer loop
      vertex -7.143750e+00 1.658103e+01 1.998401e-15
      vertex -9.989968e+00 1.373482e+01 2.220446e-15
      vertex -1.031875e+01 1.398710e+01 2.220446e-15
    endloop
  endfacet
  facet normal -6.309860e-16 9.416532e-16 -1.000000e+00
    outer loop
      vertex -7.143750e+00 1.658103e+01 1.998401e-15
      vertex -1.031875e+01 1.398710e+01 2.220446e-15
      vertex -1.070162e+01 1.414569e+01 2.220446e-15
    endloop
  endfacet
  facet normal -6.309860e-16 9.416532e-16 -1.000000e+00
    outer loop
      vertex -7.143750e+00 1.658103e+01 1.998401e-15
      vertex -1.070162e+01 1.414569e+01 2.220446e-15
      vertex -1.111250e+01 1.419978e+01 2.220446e-15
    endloop
  endfacet
  facet normal -6.309860e-16 9.416532e-16 -1.000000e+00
    outer loop
      vertex -7.143750e+00 1.658103e+01 1.998401e-15
      vertex -1.111250e+01 1.419978e+01 2.220446e-15
      vertex -2.222500e+01 1.419978e+01 2.886580e-15
    endloop
  endfacet
  facet normal 4.481403e-16 -1.000000e+00 1.071399e-15
    outer loop
      vertex -1.190625e+01 3.271439e+00 3.290052e+00
      vertex -2.606459e+01 3.271439e+00 3.108624e-15
      vertex -1.190625e+01 3.271439e+00 2.220446e-15
    endloop
  endfacet
  facet normal 4.481403e-16 -1.000000e+00 1.071399e-15
    outer loop
      vertex -2.606459e+01 3.271439e+00 3.108624e-15
      vertex -1.190625e+01 3.271439e+00 3.290052e+00
      vertex -2.606459e+01 3.271439e+00 3.290052e+00
    endloop
  endfacet
  facet normal -9.999884e-01 4.810660e-03 -8.350317e-16
    outer loop
      vertex -2.606459e+01 3.271439e+00 3.290052e+00
      vertex -2.600057e+01 1.658103e+01 3.108624e-15
      vertex -2.606459e+01 3.271439e+00 3.108624e-15
    endloop
  endfacet
  facet normal -9.999884e-01 4.810660e-03 -8.350317e-16
    outer loop
      vertex -2.600057e+01 1.658103e+01 3.108624e-15
      vertex -2.606459e+01 3.271439e+00 3.290052e+00
      vertex -2.600057e+01 1.658103e+01 3.290052e+00
    endloop
  endfacet
  facet normal 5.017842e-16 4.089177e-16 1.000000e+00
    outer loop
      vertex -1.152338e+01 1.107888e+01 3.290052e+00
      vertex -2.222500e+01 1.102478e+01 3.290052e+00
      vertex -1.111250e+01 1.102478e+01 3.290052e+00
    endloop
  endfacet
  facet normal 5.017842e-16 4.089177e-16 1.000000e+00
    outer loop
      vertex -2.222500e+01 1.102478e+01 3.290052e+00
      vertex -1.152338e+01 1.107888e+01 3.290052e+00
      vertex -2.181413e+01 1.107888e+01 3.290052e+00
    endloop
  endfacet
  facet normal 5.017842e-16 4.089177e-16 1.000000e+00
    outer loop
      vertex -2.181413e+01 1.107888e+01 3.290052e+00
      vertex -1.152338e+01 1.107888e+01 3.290052e+00
      vertex -1.190625e+01 1.123747e+01 3.290052e+00
    endloop
  endfacet
  facet normal 5.017842e-16 4.089177e-16 1.000000e+00
    outer loop
      vertex -2.181413e+01 1.107888e+01 3.290052e+00
      vertex -1.190625e+01 1.123747e+01 3.290052e+00
      vertex -2.143125e+01 1.123747e+01 3.290052e+00
    endloop
  endfacet
  facet normal 5.017842e-16 4.089177e-16 1.000000e+00
    outer loop
      vertex -2.143125e+01 1.123747e+01 3.290052e+00
      vertex -1.190625e+01 1.123747e+01 3.290052e+00
      vertex -2.110247e+01 1.148975e+01 3.290052e+00
    endloop
  endfacet
  facet normal 5.017842e-16 4.089177e-16 1.000000e+00
    outer loop
      vertex -2.110247e+01 1.148975e+01 3.290052e+00
      vertex -1.190625e+01 1.123747e+01 3.290052e+00
      vertex -1.223503e+01 1.148975e+01 3.290052e+00
    endloop
  endfacet
  facet normal 5.017842e-16 4.089177e-16 1.000000e+00
    outer loop
      vertex -2.110247e+01 1.148975e+01 3.290052e+00
      vertex -1.223503e+01 1.148975e+01 3.290052e+00
      vertex -1.248732e+01 1.181853e+01 3.290052e+00
    endloop
  endfacet
  facet normal 5.017842e-16 4.089177e-16 1.000000e+00
    outer loop
      vertex -2.110247e+01 1.148975e+01 3.290052e+00
      vertex -1.248732e+01 1.181853e+01 3.290052e+00
      vertex -2.085019e+01 1.181853e+01 3.290052e+00
    endloop
  endfacet
  facet normal 5.017842e-16 4.089177e-16 1.000000e+00
    outer loop
      vertex -2.085019e+01 1.181853e+01 3.290052e+00
      vertex -1.248732e+01 1.181853e+01 3.290052e+00
      vertex -1.264591e+01 1.220141e+01 3.290052e+00
    endloop
  endfacet
  facet normal 5.017842e-16 4.089177e-16 1.000000e+00
    outer loop
      vertex -2.085019e+01 1.181853e+01 3.290052e+00
      vertex -1.264591e+01 1.220141e+01 3.290052e+00
      vertex -2.069159e+01 1.220141e+01 3.290052e+00
    endloop
  endfacet
  facet normal 5.017842e-16 4.089177e-16 1.000000e+00
    outer loop
      vertex -2.069159e+01 1.220141e+01 3.290052e+00
      vertex -1.264591e+01 1.220141e+01 3.290052e+00
      vertex -1.270000e+01 1.261228e+01 3.290052e+00
    endloop
  endfacet
  facet normal 5.017842e-16 4.089177e-16 1.000000e+00
    outer loop
      vertex -2.069159e+01 1.220141e+01 3.290052e+00
      vertex -1.270000e+01 1.261228e+01 3.290052e+00
      vertex -2.063750e+01 1.261228e+01 3.290052e+00
    endloop
  endfacet
  facet normal 5.017842e-16 4.089177e-16 1.000000e+00
    outer loop
      vertex -2.063750e+01 1.261228e+01 3.290052e+00
      vertex -1.270000e+01 1.261228e+01 3.290052e+00
      vertex -1.264591e+01 1.302316e+01 3.290052e+00
    endloop
  endfacet
  facet normal 5.017842e-16 4.089177e-16 1.000000e+00
    outer loop
      vertex -2.063750e+01 1.261228e+01 3.290052e+00
      vertex -1.264591e+01 1.302316e+01 3.290052e+00
      vertex -2.069159e+01 1.302316e+01 3.290052e+00
    endloop
  endfacet
  facet normal 5.017842e-16 4.089177e-16 1.000000e+00
    outer loop
      vertex -2.069159e+01 1.302316e+01 3.290052e+00
      vertex -1.264591e+01 1.302316e+01 3.290052e+00
      vertex -1.248732e+01 1.340603e+01 3.290052e+00
    endloop
  endfacet
  facet normal 5.017842e-16 4.089177e-16 1.000000e+00
    outer loop
      vertex -2.069159e+01 1.302316e+01 3.290052e+00
      vertex -1.248732e+01 1.340603e+01 3.290052e+00
      vertex -2.085019e+01 1.340603e+01 3.290052e+00
    endloop
  endfacet
  facet normal 5.017842e-16 4.089177e-16 1.000000e+00
    outer loop
      vertex -2.085019e+01 1.340603e+01 3.290052e+00
      vertex -1.248732e+01 1.340603e+01 3.290052e+00
      vertex -1.223503e+01 1.373482e+01 3.290052e+00
    endloop
  endfacet
  facet normal 5.017842e-16 4.089177e-16 1.000000e+00
    outer loop
      vertex -2.085019e+01 1.340603e+01 3.290052e+00
      vertex -1.223503e+01 1.373482e+01 3.290052e+00
      vertex -2.110247e+01 1.373482e+01 3.290052e+00
    endloop
  endfacet
  facet normal 5.017842e-16 4.089177e-16 1.000000e+00
    outer loop
      vertex -2.110247e+01 1.373482e+01 3.290052e+00
      vertex -1.223503e+01 1.373482e+01 3.290052e+00
      vertex -1.190625e+01 1.398710e+01 3.290052e+00
    endloop
  endfacet
  facet normal 5.017842e-16 4.089177e-16 1.000000e+00
    outer loop
      vertex -2.110247e+01 1.373482e+01 3.290052e+00
      vertex -1.190625e+01 1.398710e+01 3.290052e+00
      vertex -2.143125e+01 1.398710e+01 3.290052e+00
    endloop
  endfacet
  facet normal 5.017842e-16 4.089177e-16 1.000000e+00
    outer loop
      vertex -2.143125e+01 1.398710e+01 3.290052e+00
      vertex -1.190625e+01 1.398710e+01 3.290052e+00
      vertex -1.152338e+01 1.414569e+01 3.290052e+00
    endloop
  endfacet
  facet normal 5.017842e-16 4.089177e-16 1.000000e+00
    outer loop
      vertex -2.143125e+01 1.398710e+01 3.290052e+00
      vertex -1.152338e+01 1.414569e+01 3.290052e+00
      vertex -2.181413e+01 1.414569e+01 3.290052e+00
    endloop
  endfacet
  facet normal 5.017842e-16 4.089177e-16 1.000000e+00
    outer loop
      vertex -2.181413e+01 1.414569e+01 3.290052e+00
      vertex -1.152338e+01 1.414569e+01 3.290052e+00
      vertex -1.111250e+01 1.419978e+01 3.290052e+00
    endloop
  endfacet
  facet normal 5.017842e-16 4.089177e-16 1.000000e+00
    outer loop
      vertex -2.181413e+01 1.414569e+01 3.290052e+00
      vertex -1.111250e+01 1.419978e+01 3.290052e+00
      vertex -2.222500e+01 1.419978e+01 3.290052e+00
    endloop
  endfacet
  facet normal 5.017842e-16 4.089177e-16 1.000000e+00
    outer loop
      vertex -7.143750e+00 1.658103e+01 3.290052e+00
      vertex -1.190625e+01 3.271439e+00 3.290052e+00
      vertex -7.207779e+00 3.271439e+00 3.290052e+00
    endloop
  endfacet
  facet normal 5.017842e-16 4.089177e-16 1.000000e+00
    outer loop
      vertex -1.190625e+01 3.271439e+00 3.290052e+00
      vertex -7.143750e+00 1.658103e+01 3.290052e+00
      vertex -9.737685e+00 1.181853e+01 3.290052e+00
    endloop
  endfacet
  facet normal 5.017842e-16 4.089177e-16 1.000000e+00
    outer loop
      vertex -1.190625e+01 3.271439e+00 3.290052e+00
      vertex -9.737685e+00 1.181853e+01 3.290052e+00
      vertex -9.989968e+00 1.148975e+01 3.290052e+00
    endloop
  endfacet
  facet normal 5.017842e-16 4.089177e-16 1.000000e+00
    outer loop
      vertex -1.190625e+01 3.271439e+00 3.290052e+00
      vertex -9.989968e+00 1.148975e+01 3.290052e+00
      vertex -1.031875e+01 1.123747e+01 3.290052e+00
    endloop
  endfacet
  facet normal 5.017842e-16 4.089177e-16 1.000000e+00
    outer loop
      vertex -1.190625e+01 3.271439e+00 3.290052e+00
      vertex -1.031875e+01 1.123747e+01 3.290052e+00
      vertex -1.070162e+01 1.107888e+01 3.290052e+00
    endloop
  endfacet
  facet normal 5.017842e-16 4.089177e-16 1.000000e+00
    outer loop
      vertex -1.190625e+01 3.271439e+00 3.290052e+00
      vertex -1.070162e+01 1.107888e+01 3.290052e+00
      vertex -1.111250e+01 1.102478e+01 3.290052e+00
    endloop
  endfacet
  facet normal 5.017842e-16 4.089177e-16 1.000000e+00
    outer loop
      vertex -9.737685e+00 1.181853e+01 3.290052e+00
      vertex -7.143750e+00 1.658103e+01 3.290052e+00
      vertex -9.579093e+00 1.220141e+01 3.290052e+00
    endloop
  endfacet
  facet normal 5.017842e-16 4.089177e-16 1.000000e+00
    outer loop
      vertex -9.579093e+00 1.220141e+01 3.290052e+00
      vertex -7.143750e+00 1.658103e+01 3.290052e+00
      vertex -9.525000e+00 1.261228e+01 3.290052e+00
    endloop
  endfacet
  facet normal 5.017842e-16 4.089177e-16 1.000000e+00
    outer loop
      vertex -9.525000e+00 1.261228e+01 3.290052e+00
      vertex -7.143750e+00 1.658103e+01 3.290052e+00
      vertex -9.579093e+00 1.302316e+01 3.290052e+00
    endloop
  endfacet
  facet normal 5.017842e-16 4.089177e-16 1.000000e+00
    outer loop
      vertex -9.579093e+00 1.302316e+01 3.290052e+00
      vertex -7.143750e+00 1.658103e+01 3.290052e+00
      vertex -9.737685e+00 1.340603e+01 3.290052e+00
    endloop
  endfacet
  facet normal 5.017842e-16 4.089177e-16 1.000000e+00
    outer loop
      vertex -9.737685e+00 1.340603e+01 3.290052e+00
      vertex -7.143750e+00 1.658103e+01 3.290052e+00
      vertex -9.989968e+00 1.373482e+01 3.290052e+00
    endloop
  endfacet
  facet normal 5.017842e-16 4.089177e-16 1.000000e+00
    outer loop
      vertex -9.989968e+00 1.373482e+01 3.290052e+00
      vertex -7.143750e+00 1.658103e+01 3.290052e+00
      vertex -1.031875e+01 1.398710e+01 3.290052e+00
    endloop
  endfacet
  facet normal 5.017842e-16 4.089177e-16 1.000000e+00
    outer loop
      vertex -1.031875e+01 1.398710e+01 3.290052e+00
      vertex -7.143750e+00 1.658103e+01 3.290052e+00
      vertex -1.070162e+01 1.414569e+01 3.290052e+00
    endloop
  endfacet
  facet normal 5.017842e-16 4.089177e-16 1.000000e+00
    outer loop
      vertex -1.070162e+01 1.414569e+01 3.290052e+00
      vertex -7.143750e+00 1.658103e+01 3.290052e+00
      vertex -1.111250e+01 1.419978e+01 3.290052e+00
    endloop
  endfacet
  facet normal 5.017842e-16 4.089177e-16 1.000000e+00
    outer loop
      vertex -2.606459e+01 3.271439e+00 3.290052e+00
      vertex -2.359981e+01 1.181853e+01 3.290052e+00
      vertex -2.600057e+01 1.658103e+01 3.290052e+00
    endloop
  endfacet
  facet normal 5.017842e-16 4.089177e-16 1.000000e+00
    outer loop
      vertex -2.359981e+01 1.181853e+01 3.290052e+00
      vertex -2.606459e+01 3.271439e+00 3.290052e+00
      vertex -2.334753e+01 1.148975e+01 3.290052e+00
    endloop
  endfacet
  facet normal 5.017842e-16 4.089177e-16 1.000000e+00
    outer loop
      vertex -2.334753e+01 1.148975e+01 3.290052e+00
      vertex -2.606459e+01 3.271439e+00 3.290052e+00
      vertex -2.301875e+01 1.123747e+01 3.290052e+00
    endloop
  endfacet
  facet normal 5.017842e-16 4.089177e-16 1.000000e+00
    outer loop
      vertex -2.301875e+01 1.123747e+01 3.290052e+00
      vertex -2.606459e+01 3.271439e+00 3.290052e+00
      vertex -1.190625e+01 3.271439e+00 3.290052e+00
    endloop
  endfacet
  facet normal 5.017842e-16 4.089177e-16 1.000000e+00
    outer loop
      vertex -2.301875e+01 1.123747e+01 3.290052e+00
      vertex -1.190625e+01 3.271439e+00 3.290052e+00
      vertex -2.263587e+01 1.107888e+01 3.290052e+00
    endloop
  endfacet
  facet normal 5.017842e-16 4.089177e-16 1.000000e+00
    outer loop
      vertex -2.263587e+01 1.107888e+01 3.290052e+00
      vertex -1.190625e+01 3.271439e+00 3.290052e+00
      vertex -2.222500e+01 1.102478e+01 3.290052e+00
    endloop
  endfacet
  facet normal 5.017842e-16 4.089177e-16 1.000000e+00
    outer loop
      vertex -2.222500e+01 1.102478e+01 3.290052e+00
      vertex -1.190625e+01 3.271439e+00 3.290052e+00
      vertex -1.111250e+01 1.102478e+01 3.290052e+00
    endloop
  endfacet
  facet normal 5.017842e-16 4.089177e-16 1.000000e+00
    outer loop
      vertex -2.600057e+01 1.658103e+01 3.290052e+00
      vertex -2.359981e+01 1.181853e+01 3.290052e+00
      vertex -2.375841e+01 1.220141e+01 3.290052e+00
    endloop
  endfacet
  facet normal 5.017842e-16 4.089177e-16 1.000000e+00
    outer loop
      vertex -2.600057e+01 1.658103e+01 3.290052e+00
      vertex -2.375841e+01 1.220141e+01 3.290052e+00
      vertex -2.381250e+01 1.261228e+01 3.290052e+00
    endloop
  endfacet
  facet normal 5.017842e-16 4.089177e-16 1.000000e+00
    outer loop
      vertex -2.600057e+01 1.658103e+01 3.290052e+00
      vertex -2.381250e+01 1.261228e+01 3.290052e+00
      vertex -2.375841e+01 1.302316e+01 3.290052e+00
    endloop
  endfacet
  facet normal 5.017842e-16 4.089177e-16 1.000000e+00
    outer loop
      vertex -2.600057e+01 1.658103e+01 3.290052e+00
      vertex -2.375841e+01 1.302316e+01 3.290052e+00
      vertex -2.359981e+01 1.340603e+01 3.290052e+00
    endloop
  endfacet
  facet normal 5.017842e-16 4.089177e-16 1.000000e+00
    outer loop
      vertex -2.600057e+01 1.658103e+01 3.290052e+00
      vertex -2.359981e+01 1.340603e+01 3.290052e+00
      vertex -2.334753e+01 1.373482e+01 3.290052e+00
    endloop
  endfacet
  facet normal 5.017842e-16 4.089177e-16 1.000000e+00
    outer loop
      vertex -2.600057e+01 1.658103e+01 3.290052e+00
      vertex -2.334753e+01 1.373482e+01 3.290052e+00
      vertex -2.301875e+01 1.398710e+01 3.290052e+00
    endloop
  endfacet
  facet normal 5.017842e-16 4.089177e-16 1.000000e+00
    outer loop
      vertex -2.600057e+01 1.658103e+01 3.290052e+00
      vertex -2.301875e+01 1.398710e+01 3.290052e+00
      vertex -2.263587e+01 1.414569e+01 3.290052e+00
    endloop
  endfacet
  facet normal 5.017842e-16 4.089177e-16 1.000000e+00
    outer loop
      vertex -2.600057e+01 1.658103e+01 3.290052e+00
      vertex -2.263587e+01 1.414569e+01 3.290052e+00
      vertex -2.222500e+01 1.419978e+01 3.290052e+00
    endloop
  endfacet
  facet normal 5.017842e-16 4.089177e-16 1.000000e+00
    outer loop
      vertex -2.600057e+01 1.658103e+01 3.290052e+00
      vertex -2.222500e+01 1.419978e+01 3.290052e+00
      vertex -1.111250e+01 1.419978e+01 3.290052e+00
    endloop
  endfacet
  facet normal 5.017842e-16 4.089177e-16 1.000000e+00
    outer loop
      vertex -2.600057e+01 1.658103e+01 3.290052e+00
      vertex -1.111250e+01 1.419978e+01 3.290052e+00
      vertex -7.143750e+00 1.658103e+01 3.290052e+00
    endloop
  endfacet
endsolid Default
