solid Default
  facet normal 9.999884e-01 -4.810660e-03 -6.829367e-17
    outer loop
      vertex 2.606459e+01 1.577856e+01 0.000000e+00
      vertex 2.600057e+01 2.468966e+00 3.114002e+00
      vertex 2.600057e+01 2.468966e+00 0.000000e+00
    endloop
  endfacet
  facet normal 9.999884e-01 -4.810660e-03 -6.829367e-17
    outer loop
      vertex 2.600057e+01 2.468966e+00 3.114002e+00
      vertex 2.606459e+01 1.577856e+01 0.000000e+00
      vertex 2.606459e+01 1.577856e+01 3.114002e+00
    endloop
  endfacet
  facet normal 6.123234e-17 0.000000e+00 1.000000e+00
    outer loop
      vertex 1.190625e+01 -1.658103e+01 7.082752e+00
      vertex 7.143750e+00 2.468966e+00 7.082752e+00
      vertex 7.143750e+00 -1.658103e+01 7.082752e+00
    endloop
  endfacet
  facet normal 6.123234e-17 0.000000e+00 1.000000e+00
    outer loop
      vertex 7.143750e+00 2.468966e+00 7.082752e+00
      vertex 1.190625e+01 -1.658103e+01 7.082752e+00
      vertex 1.190625e+01 2.468966e+00 7.082752e+00
    endloop
  endfacet
  facet normal 1.480297e-16 -1.000000e+00 9.953640e-17
    outer loop
      vertex 7.143750e+00 -1.658103e+01 7.082752e+00
      vertex 1.190625e+01 -1.658103e+01 8.881784e-16
      vertex 1.190625e+01 -1.658103e+01 7.082752e+00
    endloop
  endfacet
  facet normal 1.480297e-16 -1.000000e+00 9.953640e-17
    outer loop
      vertex 1.190625e+01 -1.658103e+01 8.881784e-16
      vertex 7.143750e+00 -1.658103e+01 7.082752e+00
      vertex 7.143750e+00 -1.658103e+01 1.110223e-15
    endloop
  endfacet
  facet normal 1.000000e+00 0.000000e+00 -6.123234e-17
    outer loop
      vertex 1.190625e+01 2.468966e+00 8.881784e-16
      vertex 1.190625e+01 -1.354653e+00 2.326900e+00
      vertex 1.190625e+01 -1.658103e+01 8.881784e-16
    endloop
  endfacet
  facet normal 1.000000e+00 0.000000e+00 -6.123234e-17
    outer loop
      vertex 1.190625e+01 -1.354653e+00 2.326900e+00
      vertex 1.190625e+01 2.468966e+00 8.881784e-16
      vertex 1.190625e+01 2.468966e+00 3.114002e+00
    endloop
  endfacet
  facet normal 1.000000e+00 0.000000e+00 -6.123234e-17
    outer loop
      vertex 1.190625e+01 -1.658103e+01 8.881784e-16
      vertex 1.190625e+01 -1.354653e+00 2.326900e+00
      vertex 1.190625e+01 -1.254478e+01 2.321688e+00
    endloop
  endfacet
  facet normal 1.000000e+00 0.000000e+00 -6.123234e-17
    outer loop
      vertex 1.190625e+01 -1.354653e+00 2.326900e+00
      vertex 1.190625e+01 2.468966e+00 3.114002e+00
      vertex 1.190625e+01 -9.504435e-01 2.418329e+00
    endloop
  endfacet
  facet normal 1.000000e+00 0.000000e+00 -6.123234e-17
    outer loop
      vertex 1.190625e+01 -9.504435e-01 2.418329e+00
      vertex 1.190625e+01 2.468966e+00 3.114002e+00
      vertex 1.190625e+01 -5.836709e-01 2.611259e+00
    endloop
  endfacet
  facet normal 1.000000e+00 0.000000e+00 -6.123234e-17
    outer loop
      vertex 1.190625e+01 -5.836709e-01 2.611259e+00
      vertex 1.190625e+01 2.468966e+00 3.114002e+00
      vertex 1.190625e+01 -2.793298e-01 2.892544e+00
    endloop
  endfacet
  facet normal 1.000000e+00 0.000000e+00 -6.123234e-17
    outer loop
      vertex 1.190625e+01 -2.793298e-01 2.892544e+00
      vertex 1.190625e+01 2.468966e+00 3.114002e+00
      vertex 1.190625e+01 -5.816021e-02 3.243013e+00
    endloop
  endfacet
  facet normal 1.000000e+00 0.000000e+00 -6.123234e-17
    outer loop
      vertex 1.190625e+01 -5.816021e-02 3.243013e+00
      vertex 1.190625e+01 2.468966e+00 3.114002e+00
      vertex 1.190625e+01 2.468966e+00 7.082752e+00
    endloop
  endfacet
  facet normal 1.000000e+00 0.000000e+00 -6.123234e-17
    outer loop
      vertex 1.190625e+01 -5.816021e-02 3.243013e+00
      vertex 1.190625e+01 2.468966e+00 7.082752e+00
      vertex 1.190625e+01 6.476485e-02 3.638783e+00
    endloop
  endfacet
  facet normal 1.000000e+00 0.000000e+00 -6.123234e-17
    outer loop
      vertex 1.190625e+01 6.476485e-02 3.638783e+00
      vertex 1.190625e+01 2.468966e+00 7.082752e+00
      vertex 1.190625e+01 8.106866e-02 4.052883e+00
    endloop
  endfacet
  facet normal 1.000000e+00 0.000000e+00 -6.123234e-17
    outer loop
      vertex 1.190625e+01 8.106866e-02 4.052883e+00
      vertex 1.190625e+01 2.468966e+00 7.082752e+00
      vertex 1.190625e+01 -1.036001e-02 4.457092e+00
    endloop
  endfacet
  facet normal 1.000000e+00 0.000000e+00 -6.123234e-17
    outer loop
      vertex 1.190625e+01 -1.036001e-02 4.457092e+00
      vertex 1.190625e+01 2.468966e+00 7.082752e+00
      vertex 1.190625e+01 -2.032905e-01 4.823865e+00
    endloop
  endfacet
  facet normal 1.000000e+00 0.000000e+00 -6.123234e-17
    outer loop
      vertex 1.190625e+01 -2.032905e-01 4.823865e+00
      vertex 1.190625e+01 2.468966e+00 7.082752e+00
      vertex 1.190625e+01 -4.845748e-01 5.128206e+00
    endloop
  endfacet
  facet normal 1.000000e+00 0.000000e+00 -6.123234e-17
    outer loop
      vertex 1.190625e+01 -4.845748e-01 5.128206e+00
      vertex 1.190625e+01 2.468966e+00 7.082752e+00
      vertex 1.190625e+01 -8.350443e-01 5.349376e+00
    endloop
  endfacet
  facet normal 1.000000e+00 0.000000e+00 -6.123234e-17
    outer loop
      vertex 1.190625e+01 -8.350443e-01 5.349376e+00
      vertex 1.190625e+01 2.468966e+00 7.082752e+00
      vertex 1.190625e+01 -1.230814e+00 5.472301e+00
    endloop
  endfacet
  facet normal 1.000000e+00 0.000000e+00 -6.123234e-17
    outer loop
      vertex 1.190625e+01 -1.230814e+00 5.472301e+00
      vertex 1.190625e+01 2.468966e+00 7.082752e+00
      vertex 1.190625e+01 -1.644914e+00 5.488604e+00
    endloop
  endfacet
  facet normal 1.000000e+00 0.000000e+00 -6.123234e-17
    outer loop
      vertex 1.190625e+01 -1.644914e+00 5.488604e+00
      vertex 1.190625e+01 2.468966e+00 7.082752e+00
      vertex 1.190625e+01 -1.267979e+01 5.493816e+00
    endloop
  endfacet
  facet normal 1.000000e+00 0.000000e+00 -6.123234e-17
    outer loop
      vertex 1.190625e+01 -1.658103e+01 8.881784e-16
      vertex 1.190625e+01 -1.395210e+01 3.056257e+00
      vertex 1.190625e+01 -1.658103e+01 7.082752e+00
    endloop
  endfacet
  facet normal 1.000000e+00 0.000000e+00 -6.123234e-17
    outer loop
      vertex 1.190625e+01 -1.395210e+01 3.056257e+00
      vertex 1.190625e+01 -1.658103e+01 8.881784e-16
      vertex 1.190625e+01 -1.368607e+01 2.738501e+00
    endloop
  endfacet
  facet normal 1.000000e+00 0.000000e+00 -6.123234e-17
    outer loop
      vertex 1.190625e+01 -1.368607e+01 2.738501e+00
      vertex 1.190625e+01 -1.658103e+01 8.881784e-16
      vertex 1.190625e+01 -1.334685e+01 2.500427e+00
    endloop
  endfacet
  facet normal 1.000000e+00 0.000000e+00 -6.123234e-17
    outer loop
      vertex 1.190625e+01 -1.334685e+01 2.500427e+00
      vertex 1.190625e+01 -1.658103e+01 8.881784e-16
      vertex 1.190625e+01 -1.295758e+01 2.358260e+00
    endloop
  endfacet
  facet normal 1.000000e+00 0.000000e+00 -6.123234e-17
    outer loop
      vertex 1.190625e+01 -1.295758e+01 2.358260e+00
      vertex 1.190625e+01 -1.658103e+01 8.881784e-16
      vertex 1.190625e+01 -1.254478e+01 2.321688e+00
    endloop
  endfacet
  facet normal 1.000000e+00 0.000000e+00 -6.123234e-17
    outer loop
      vertex 1.190625e+01 -1.658103e+01 7.082752e+00
      vertex 1.190625e+01 -1.395210e+01 3.056257e+00
      vertex 1.190625e+01 -1.412683e+01 3.432041e+00
    endloop
  endfacet
  facet normal 1.000000e+00 0.000000e+00 -6.123234e-17
    outer loop
      vertex 1.190625e+01 -1.658103e+01 7.082752e+00
      vertex 1.190625e+01 -1.412683e+01 3.432041e+00
      vertex 1.190625e+01 -1.419835e+01 3.840244e+00
    endloop
  endfacet
  facet normal 1.000000e+00 0.000000e+00 -6.123234e-17
    outer loop
      vertex 1.190625e+01 -1.658103e+01 7.082752e+00
      vertex 1.190625e+01 -1.419835e+01 3.840244e+00
      vertex 1.190625e+01 -1.416178e+01 4.253048e+00
    endloop
  endfacet
  facet normal 1.000000e+00 0.000000e+00 -6.123234e-17
    outer loop
      vertex 1.190625e+01 -1.658103e+01 7.082752e+00
      vertex 1.190625e+01 -1.416178e+01 4.253048e+00
      vertex 1.190625e+01 -1.401961e+01 4.642321e+00
    endloop
  endfacet
  facet normal 1.000000e+00 0.000000e+00 -6.123234e-17
    outer loop
      vertex 1.190625e+01 -1.658103e+01 7.082752e+00
      vertex 1.190625e+01 -1.401961e+01 4.642321e+00
      vertex 1.190625e+01 -1.378154e+01 4.981534e+00
    endloop
  endfacet
  facet normal 1.000000e+00 0.000000e+00 -6.123234e-17
    outer loop
      vertex 1.190625e+01 -1.658103e+01 7.082752e+00
      vertex 1.190625e+01 -1.378154e+01 4.981534e+00
      vertex 1.190625e+01 -1.346378e+01 5.247570e+00
    endloop
  endfacet
  facet normal 1.000000e+00 0.000000e+00 -6.123234e-17
    outer loop
      vertex 1.190625e+01 -1.658103e+01 7.082752e+00
      vertex 1.190625e+01 -1.346378e+01 5.247570e+00
      vertex 1.190625e+01 -1.308799e+01 5.422300e+00
    endloop
  endfacet
  facet normal 1.000000e+00 0.000000e+00 -6.123234e-17
    outer loop
      vertex 1.190625e+01 -1.658103e+01 7.082752e+00
      vertex 1.190625e+01 -1.308799e+01 5.422300e+00
      vertex 1.190625e+01 -1.267979e+01 5.493816e+00
    endloop
  endfacet
  facet normal 1.000000e+00 0.000000e+00 -6.123234e-17
    outer loop
      vertex 1.190625e+01 -1.658103e+01 7.082752e+00
      vertex 1.190625e+01 -1.267979e+01 5.493816e+00
      vertex 1.190625e+01 2.468966e+00 7.082752e+00
    endloop
  endfacet
  facet normal 1.000000e+00 0.000000e+00 -6.123234e-17
    outer loop
      vertex 1.190625e+01 -1.354653e+00 2.326900e+00
      vertex 1.190625e+01 -1.213657e+01 2.393204e+00
      vertex 1.190625e+01 -1.254478e+01 2.321688e+00
    endloop
  endfacet
  facet normal 1.000000e+00 0.000000e+00 -6.123234e-17
    outer loop
      vertex 1.190625e+01 -1.213657e+01 2.393204e+00
      vertex 1.190625e+01 -1.354653e+00 2.326900e+00
      vertex 1.190625e+01 -1.768753e+00 2.343203e+00
    endloop
  endfacet
  facet normal 1.000000e+00 0.000000e+00 -6.123234e-17
    outer loop
      vertex 1.190625e+01 -1.213657e+01 2.393204e+00
      vertex 1.190625e+01 -1.768753e+00 2.343203e+00
      vertex 1.190625e+01 -2.164523e+00 2.466129e+00
    endloop
  endfacet
  facet normal 1.000000e+00 0.000000e+00 -6.123234e-17
    outer loop
      vertex 1.190625e+01 -1.213657e+01 2.393204e+00
      vertex 1.190625e+01 -2.164523e+00 2.466129e+00
      vertex 1.190625e+01 -1.176079e+01 2.567934e+00
    endloop
  endfacet
  facet normal 1.000000e+00 0.000000e+00 -6.123234e-17
    outer loop
      vertex 1.190625e+01 -1.176079e+01 2.567934e+00
      vertex 1.190625e+01 -2.164523e+00 2.466129e+00
      vertex 1.190625e+01 -2.514992e+00 2.687298e+00
    endloop
  endfacet
  facet normal 1.000000e+00 0.000000e+00 -6.123234e-17
    outer loop
      vertex 1.190625e+01 -1.176079e+01 2.567934e+00
      vertex 1.190625e+01 -2.514992e+00 2.687298e+00
      vertex 1.190625e+01 -1.144303e+01 2.833971e+00
    endloop
  endfacet
  facet normal 1.000000e+00 0.000000e+00 -6.123234e-17
    outer loop
      vertex 1.190625e+01 -1.144303e+01 2.833971e+00
      vertex 1.190625e+01 -2.514992e+00 2.687298e+00
      vertex 1.190625e+01 -2.796276e+00 2.991639e+00
    endloop
  endfacet
  facet normal 1.000000e+00 0.000000e+00 -6.123234e-17
    outer loop
      vertex 1.190625e+01 -1.144303e+01 2.833971e+00
      vertex 1.190625e+01 -2.796276e+00 2.991639e+00
      vertex 1.190625e+01 -1.120496e+01 3.173183e+00
    endloop
  endfacet
  facet normal 1.000000e+00 0.000000e+00 -6.123234e-17
    outer loop
      vertex 1.190625e+01 -1.120496e+01 3.173183e+00
      vertex 1.190625e+01 -2.796276e+00 2.991639e+00
      vertex 1.190625e+01 -2.989207e+00 3.358412e+00
    endloop
  endfacet
  facet normal 1.000000e+00 0.000000e+00 -6.123234e-17
    outer loop
      vertex 1.190625e+01 -1.120496e+01 3.173183e+00
      vertex 1.190625e+01 -2.989207e+00 3.358412e+00
      vertex 1.190625e+01 -1.106279e+01 3.562456e+00
    endloop
  endfacet
  facet normal 1.000000e+00 0.000000e+00 -6.123234e-17
    outer loop
      vertex 1.190625e+01 -1.106279e+01 3.562456e+00
      vertex 1.190625e+01 -2.989207e+00 3.358412e+00
      vertex 1.190625e+01 -3.080636e+00 3.762622e+00
    endloop
  endfacet
  facet normal 1.000000e+00 0.000000e+00 -6.123234e-17
    outer loop
      vertex 1.190625e+01 -1.106279e+01 3.562456e+00
      vertex 1.190625e+01 -3.080636e+00 3.762622e+00
      vertex 1.190625e+01 -1.102622e+01 3.975260e+00
    endloop
  endfacet
  facet normal 1.000000e+00 0.000000e+00 -6.123234e-17
    outer loop
      vertex 1.190625e+01 -1.102622e+01 3.975260e+00
      vertex 1.190625e+01 -3.080636e+00 3.762622e+00
      vertex 1.190625e+01 -3.064332e+00 4.176721e+00
    endloop
  endfacet
  facet normal 1.000000e+00 0.000000e+00 -6.123234e-17
    outer loop
      vertex 1.190625e+01 -1.102622e+01 3.975260e+00
      vertex 1.190625e+01 -3.064332e+00 4.176721e+00
      vertex 1.190625e+01 -1.109774e+01 4.383463e+00
    endloop
  endfacet
  facet normal 1.000000e+00 0.000000e+00 -6.123234e-17
    outer loop
      vertex 1.190625e+01 -1.109774e+01 4.383463e+00
      vertex 1.190625e+01 -3.064332e+00 4.176721e+00
      vertex 1.190625e+01 -2.941407e+00 4.572491e+00
    endloop
  endfacet
  facet normal 1.000000e+00 0.000000e+00 -6.123234e-17
    outer loop
      vertex 1.190625e+01 -1.109774e+01 4.383463e+00
      vertex 1.190625e+01 -2.941407e+00 4.572491e+00
      vertex 1.190625e+01 -1.127247e+01 4.759248e+00
    endloop
  endfacet
  facet normal 1.000000e+00 0.000000e+00 -6.123234e-17
    outer loop
      vertex 1.190625e+01 -1.127247e+01 4.759248e+00
      vertex 1.190625e+01 -2.941407e+00 4.572491e+00
      vertex 1.190625e+01 -2.720238e+00 4.922960e+00
    endloop
  endfacet
  facet normal 1.000000e+00 0.000000e+00 -6.123234e-17
    outer loop
      vertex 1.190625e+01 -1.127247e+01 4.759248e+00
      vertex 1.190625e+01 -2.720238e+00 4.922960e+00
      vertex 1.190625e+01 -1.153850e+01 5.077004e+00
    endloop
  endfacet
  facet normal 1.000000e+00 0.000000e+00 -6.123234e-17
    outer loop
      vertex 1.190625e+01 -1.153850e+01 5.077004e+00
      vertex 1.190625e+01 -2.720238e+00 4.922960e+00
      vertex 1.190625e+01 -2.415897e+00 5.204245e+00
    endloop
  endfacet
  facet normal 1.000000e+00 0.000000e+00 -6.123234e-17
    outer loop
      vertex 1.190625e+01 -1.153850e+01 5.077004e+00
      vertex 1.190625e+01 -2.415897e+00 5.204245e+00
      vertex 1.190625e+01 -1.187771e+01 5.315078e+00
    endloop
  endfacet
  facet normal 1.000000e+00 0.000000e+00 -6.123234e-17
    outer loop
      vertex 1.190625e+01 -1.187771e+01 5.315078e+00
      vertex 1.190625e+01 -2.415897e+00 5.204245e+00
      vertex 1.190625e+01 -2.049124e+00 5.397175e+00
    endloop
  endfacet
  facet normal 1.000000e+00 0.000000e+00 -6.123234e-17
    outer loop
      vertex 1.190625e+01 -1.187771e+01 5.315078e+00
      vertex 1.190625e+01 -2.049124e+00 5.397175e+00
      vertex 1.190625e+01 -1.226699e+01 5.457244e+00
    endloop
  endfacet
  facet normal 1.000000e+00 0.000000e+00 -6.123234e-17
    outer loop
      vertex 1.190625e+01 -1.226699e+01 5.457244e+00
      vertex 1.190625e+01 -2.049124e+00 5.397175e+00
      vertex 1.190625e+01 -1.644914e+00 5.488604e+00
    endloop
  endfacet
  facet normal 1.000000e+00 0.000000e+00 -6.123234e-17
    outer loop
      vertex 1.190625e+01 -1.226699e+01 5.457244e+00
      vertex 1.190625e+01 -1.644914e+00 5.488604e+00
      vertex 1.190625e+01 -1.267979e+01 5.493816e+00
    endloop
  endfacet
  facet normal 3.826834e-01 -9.238795e-01 -3.698688e-16
    outer loop
      vertex 1.018959e+01 1.318463e+01 3.114002e+00
      vertex 1.057247e+01 1.334322e+01 8.881784e-16
      vertex 1.057247e+01 1.334322e+01 3.114002e+00
    endloop
  endfacet
  facet normal 3.826834e-01 -9.238795e-01 -3.698688e-16
    outer loop
      vertex 1.057247e+01 1.334322e+01 8.881784e-16
      vertex 1.018959e+01 1.318463e+01 3.114002e+00
      vertex 1.018959e+01 1.318463e+01 8.881784e-16
    endloop
  endfacet
  facet normal 1.305262e-01 -9.914448e-01 -7.859688e-18
    outer loop
      vertex 1.057247e+01 1.334322e+01 3.114002e+00
      vertex 1.098334e+01 1.339731e+01 8.881784e-16
      vertex 1.098334e+01 1.339731e+01 3.114002e+00
    endloop
  endfacet
  facet normal 1.305262e-01 -9.914448e-01 -7.859688e-18
    outer loop
      vertex 1.098334e+01 1.339731e+01 8.881784e-16
      vertex 1.057247e+01 1.334322e+01 3.114002e+00
      vertex 1.057247e+01 1.334322e+01 8.881784e-16
    endloop
  endfacet
  facet normal -1.305262e-01 -9.914448e-01 8.505772e-18
    outer loop
      vertex 1.098334e+01 1.339731e+01 3.114002e+00
      vertex 1.139422e+01 1.334322e+01 8.881784e-16
      vertex 1.139422e+01 1.334322e+01 3.114002e+00
    endloop
  endfacet
  facet normal -1.305262e-01 -9.914448e-01 8.505772e-18
    outer loop
      vertex 1.139422e+01 1.334322e+01 8.881784e-16
      vertex 1.098334e+01 1.339731e+01 3.114002e+00
      vertex 1.098334e+01 1.339731e+01 8.881784e-16
    endloop
  endfacet
  facet normal -3.826834e-01 -9.238795e-01 2.272217e-17
    outer loop
      vertex 1.139422e+01 1.334322e+01 3.114002e+00
      vertex 1.177709e+01 1.318463e+01 8.881784e-16
      vertex 1.177709e+01 1.318463e+01 3.114002e+00
    endloop
  endfacet
  facet normal -3.826834e-01 -9.238795e-01 2.272217e-17
    outer loop
      vertex 1.177709e+01 1.318463e+01 8.881784e-16
      vertex 1.139422e+01 1.334322e+01 3.114002e+00
      vertex 1.139422e+01 1.334322e+01 8.881784e-16
    endloop
  endfacet
  facet normal -6.087614e-01 -7.933533e-01 -1.307808e-16
    outer loop
      vertex 1.177709e+01 1.318463e+01 3.114002e+00
      vertex 1.210588e+01 1.293234e+01 8.881784e-16
      vertex 1.210588e+01 1.293234e+01 3.114002e+00
    endloop
  endfacet
  facet normal -6.087614e-01 -7.933533e-01 -1.307808e-16
    outer loop
      vertex 1.210588e+01 1.293234e+01 8.881784e-16
      vertex 1.177709e+01 1.318463e+01 3.114002e+00
      vertex 1.177709e+01 1.318463e+01 8.881784e-16
    endloop
  endfacet
  facet normal -7.933533e-01 -6.087614e-01 -3.325382e-16
    outer loop
      vertex 1.235816e+01 1.260356e+01 3.114002e+00
      vertex 1.210588e+01 1.293234e+01 8.881784e-16
      vertex 1.235816e+01 1.260356e+01 8.881784e-16
    endloop
  endfacet
  facet normal -7.933533e-01 -6.087614e-01 -3.325382e-16
    outer loop
      vertex 1.210588e+01 1.293234e+01 8.881784e-16
      vertex 1.235816e+01 1.260356e+01 3.114002e+00
      vertex 1.210588e+01 1.293234e+01 3.114002e+00
    endloop
  endfacet
  facet normal -9.238795e-01 -3.826834e-01 8.941768e-16
    outer loop
      vertex 1.251675e+01 1.222069e+01 8.881784e-16
      vertex 1.235816e+01 1.260356e+01 3.114002e+00
      vertex 1.235816e+01 1.260356e+01 8.881784e-16
    endloop
  endfacet
  facet normal -9.238795e-01 -3.826834e-01 8.941768e-16
    outer loop
      vertex 1.235816e+01 1.260356e+01 3.114002e+00
      vertex 1.251675e+01 1.222069e+01 8.881784e-16
      vertex 1.251675e+01 1.222069e+01 3.114002e+00
    endloop
  endfacet
  facet normal -9.914448e-01 -1.305262e-01 8.402799e-16
    outer loop
      vertex 1.257084e+01 1.180981e+01 3.114002e+00
      vertex 1.251675e+01 1.222069e+01 8.881784e-16
      vertex 1.257084e+01 1.180981e+01 8.881784e-16
    endloop
  endfacet
  facet normal -9.914448e-01 -1.305262e-01 8.402799e-16
    outer loop
      vertex 1.251675e+01 1.222069e+01 8.881784e-16
      vertex 1.257084e+01 1.180981e+01 3.114002e+00
      vertex 1.251675e+01 1.222069e+01 3.114002e+00
    endloop
  endfacet
  facet normal -9.914448e-01 1.305262e-01 1.313578e-15
    outer loop
      vertex 1.251675e+01 1.139894e+01 8.881784e-16
      vertex 1.257084e+01 1.180981e+01 3.114002e+00
      vertex 1.257084e+01 1.180981e+01 8.881784e-16
    endloop
  endfacet
  facet normal -9.914448e-01 1.305262e-01 1.313578e-15
    outer loop
      vertex 1.257084e+01 1.180981e+01 3.114002e+00
      vertex 1.251675e+01 1.139894e+01 8.881784e-16
      vertex 1.251675e+01 1.139894e+01 3.114002e+00
    endloop
  endfacet
  facet normal -9.238795e-01 3.826834e-01 2.423738e-15
    outer loop
      vertex 1.235816e+01 1.101606e+01 3.114002e+00
      vertex 1.251675e+01 1.139894e+01 8.881784e-16
      vertex 1.235816e+01 1.101606e+01 8.881784e-16
    endloop
  endfacet
  facet normal -9.238795e-01 3.826834e-01 2.423738e-15
    outer loop
      vertex 1.251675e+01 1.139894e+01 8.881784e-16
      vertex 1.235816e+01 1.101606e+01 3.114002e+00
      vertex 1.251675e+01 1.139894e+01 3.114002e+00
    endloop
  endfacet
  facet normal -7.933533e-01 6.087614e-01 2.421122e-15
    outer loop
      vertex 1.210588e+01 1.068728e+01 8.881784e-16
      vertex 1.235816e+01 1.101606e+01 3.114002e+00
      vertex 1.235816e+01 1.101606e+01 8.881784e-16
    endloop
  endfacet
  facet normal -7.933533e-01 6.087614e-01 2.421122e-15
    outer loop
      vertex 1.235816e+01 1.101606e+01 3.114002e+00
      vertex 1.210588e+01 1.068728e+01 8.881784e-16
      vertex 1.210588e+01 1.068728e+01 3.114002e+00
    endloop
  endfacet
  facet normal -6.087614e-01 7.933533e-01 2.189988e-15
    outer loop
      vertex 1.177709e+01 1.043500e+01 8.881784e-16
      vertex 1.210588e+01 1.068728e+01 3.114002e+00
      vertex 1.210588e+01 1.068728e+01 8.881784e-16
    endloop
  endfacet
  facet normal -6.087614e-01 7.933533e-01 2.189988e-15
    outer loop
      vertex 1.210588e+01 1.068728e+01 3.114002e+00
      vertex 1.177709e+01 1.043500e+01 8.881784e-16
      vertex 1.177709e+01 1.043500e+01 3.114002e+00
    endloop
  endfacet
  facet normal -3.826834e-01 9.238795e-01 1.697310e-15
    outer loop
      vertex 1.139422e+01 1.027640e+01 8.881784e-16
      vertex 1.177709e+01 1.043500e+01 3.114002e+00
      vertex 1.177709e+01 1.043500e+01 8.881784e-16
    endloop
  endfacet
  facet normal -3.826834e-01 9.238795e-01 1.697310e-15
    outer loop
      vertex 1.177709e+01 1.043500e+01 3.114002e+00
      vertex 1.139422e+01 1.027640e+01 8.881784e-16
      vertex 1.139422e+01 1.027640e+01 3.114002e+00
    endloop
  endfacet
  facet normal -1.305262e-01 9.914448e-01 9.053963e-16
    outer loop
      vertex 1.098334e+01 1.022231e+01 8.881784e-16
      vertex 1.139422e+01 1.027640e+01 3.114002e+00
      vertex 1.139422e+01 1.027640e+01 8.881784e-16
    endloop
  endfacet
  facet normal -1.305262e-01 9.914448e-01 9.053963e-16
    outer loop
      vertex 1.139422e+01 1.027640e+01 3.114002e+00
      vertex 1.098334e+01 1.022231e+01 8.881784e-16
      vertex 1.098334e+01 1.022231e+01 3.114002e+00
    endloop
  endfacet
  facet normal 1.305262e-01 9.914448e-01 -1.267113e-16
    outer loop
      vertex 1.057247e+01 1.027640e+01 8.881784e-16
      vertex 1.098334e+01 1.022231e+01 3.114002e+00
      vertex 1.098334e+01 1.022231e+01 8.881784e-16
    endloop
  endfacet
  facet normal 1.305262e-01 9.914448e-01 -1.267113e-16
    outer loop
      vertex 1.098334e+01 1.022231e+01 3.114002e+00
      vertex 1.057247e+01 1.027640e+01 8.881784e-16
      vertex 1.057247e+01 1.027640e+01 3.114002e+00
    endloop
  endfacet
  facet normal 3.826834e-01 9.238795e-01 1.303053e-15
    outer loop
      vertex 1.057247e+01 1.027640e+01 8.881784e-16
      vertex 1.018959e+01 1.043500e+01 3.114002e+00
      vertex 1.057247e+01 1.027640e+01 3.114002e+00
    endloop
  endfacet
  facet normal 3.826834e-01 9.238795e-01 1.303053e-15
    outer loop
      vertex 1.018959e+01 1.043500e+01 3.114002e+00
      vertex 1.057247e+01 1.027640e+01 8.881784e-16
      vertex 1.018959e+01 1.043500e+01 8.881784e-16
    endloop
  endfacet
  facet normal 6.087614e-01 7.933533e-01 3.552659e-15
    outer loop
      vertex 9.860813e+00 1.068728e+01 8.881784e-16
      vertex 1.018959e+01 1.043500e+01 3.114002e+00
      vertex 1.018959e+01 1.043500e+01 8.881784e-16
    endloop
  endfacet
  facet normal 6.087614e-01 7.933533e-01 3.552659e-15
    outer loop
      vertex 1.018959e+01 1.043500e+01 3.114002e+00
      vertex 9.860813e+00 1.068728e+01 8.881784e-16
      vertex 9.860813e+00 1.068728e+01 3.114002e+00
    endloop
  endfacet
  facet normal 7.933533e-01 6.087614e-01 1.437544e-15
    outer loop
      vertex 9.608530e+00 1.101606e+01 3.114002e+00
      vertex 9.860813e+00 1.068728e+01 8.881784e-16
      vertex 9.608530e+00 1.101606e+01 8.881784e-16
    endloop
  endfacet
  facet normal 7.933533e-01 6.087614e-01 1.437544e-15
    outer loop
      vertex 9.860813e+00 1.068728e+01 8.881784e-16
      vertex 9.608530e+00 1.101606e+01 3.114002e+00
      vertex 9.860813e+00 1.068728e+01 3.114002e+00
    endloop
  endfacet
  facet normal 9.238795e-01 3.826834e-01 -2.006738e-16
    outer loop
      vertex 9.449938e+00 1.139894e+01 3.114002e+00
      vertex 9.608530e+00 1.101606e+01 8.881784e-16
      vertex 9.449938e+00 1.139894e+01 8.881784e-16
    endloop
  endfacet
  facet normal 9.238795e-01 3.826834e-01 -2.006738e-16
    outer loop
      vertex 9.608530e+00 1.101606e+01 8.881784e-16
      vertex 9.449938e+00 1.139894e+01 3.114002e+00
      vertex 9.608530e+00 1.101606e+01 3.114002e+00
    endloop
  endfacet
  facet normal 9.914448e-01 1.305262e-01 2.943286e-16
    outer loop
      vertex 9.395844e+00 1.180981e+01 3.114002e+00
      vertex 9.449938e+00 1.139894e+01 8.881784e-16
      vertex 9.395844e+00 1.180981e+01 8.881784e-16
    endloop
  endfacet
  facet normal 9.914448e-01 1.305262e-01 2.943286e-16
    outer loop
      vertex 9.449938e+00 1.139894e+01 8.881784e-16
      vertex 9.395844e+00 1.180981e+01 3.114002e+00
      vertex 9.449938e+00 1.139894e+01 3.114002e+00
    endloop
  endfacet
  facet normal 9.914448e-01 -1.305262e-01 -1.788364e-16
    outer loop
      vertex 9.449938e+00 1.222069e+01 3.114002e+00
      vertex 9.395844e+00 1.180981e+01 8.881784e-16
      vertex 9.449938e+00 1.222069e+01 8.881784e-16
    endloop
  endfacet
  facet normal 9.914448e-01 -1.305262e-01 -1.788364e-16
    outer loop
      vertex 9.395844e+00 1.180981e+01 8.881784e-16
      vertex 9.449938e+00 1.222069e+01 3.114002e+00
      vertex 9.395844e+00 1.180981e+01 3.114002e+00
    endloop
  endfacet
  facet normal 9.238795e-01 -3.826834e-01 -8.931945e-16
    outer loop
      vertex 9.608530e+00 1.260356e+01 3.114002e+00
      vertex 9.449938e+00 1.222069e+01 8.881784e-16
      vertex 9.608530e+00 1.260356e+01 8.881784e-16
    endloop
  endfacet
  facet normal 9.238795e-01 -3.826834e-01 -8.931945e-16
    outer loop
      vertex 9.449938e+00 1.222069e+01 8.881784e-16
      vertex 9.608530e+00 1.260356e+01 3.114002e+00
      vertex 9.449938e+00 1.222069e+01 3.114002e+00
    endloop
  endfacet
  facet normal 7.933533e-01 -6.087614e-01 -3.138140e-15
    outer loop
      vertex 9.860813e+00 1.293234e+01 8.881784e-16
      vertex 9.608530e+00 1.260356e+01 3.114002e+00
      vertex 9.608530e+00 1.260356e+01 8.881784e-16
    endloop
  endfacet
  facet normal 7.933533e-01 -6.087614e-01 -3.138140e-15
    outer loop
      vertex 9.608530e+00 1.260356e+01 3.114002e+00
      vertex 9.860813e+00 1.293234e+01 8.881784e-16
      vertex 9.860813e+00 1.293234e+01 3.114002e+00
    endloop
  endfacet
  facet normal 6.087614e-01 -7.933533e-01 -2.576842e-15
    outer loop
      vertex 9.860813e+00 1.293234e+01 3.114002e+00
      vertex 1.018959e+01 1.318463e+01 8.881784e-16
      vertex 1.018959e+01 1.318463e+01 3.114002e+00
    endloop
  endfacet
  facet normal 6.087614e-01 -7.933533e-01 -2.576842e-15
    outer loop
      vertex 1.018959e+01 1.318463e+01 8.881784e-16
      vertex 9.860813e+00 1.293234e+01 3.114002e+00
      vertex 9.860813e+00 1.293234e+01 8.881784e-16
    endloop
  endfacet
  facet normal -2.100574e-17 9.393172e-01 -3.430498e-01
    outer loop
      vertex 7.143750e+00 -1.416178e+01 4.253048e+00
      vertex 1.190625e+01 -1.401961e+01 4.642321e+00
      vertex 1.190625e+01 -1.416178e+01 4.253048e+00
    endloop
  endfacet
  facet normal -2.100574e-17 9.393172e-01 -3.430498e-01
    outer loop
      vertex 1.190625e+01 -1.401961e+01 4.642321e+00
      vertex 7.143750e+00 -1.416178e+01 4.253048e+00
      vertex 7.143750e+00 -1.401961e+01 4.642321e+00
    endloop
  endfacet
  facet normal -5.403599e-18 9.960986e-01 -8.824746e-02
    outer loop
      vertex 7.143750e+00 -1.419835e+01 3.840244e+00
      vertex 1.190625e+01 -1.416178e+01 4.253048e+00
      vertex 1.190625e+01 -1.419835e+01 3.840244e+00
    endloop
  endfacet
  facet normal -5.403599e-18 9.960986e-01 -8.824746e-02
    outer loop
      vertex 1.190625e+01 -1.416178e+01 4.253048e+00
      vertex 7.143750e+00 -1.419835e+01 3.840244e+00
      vertex 7.143750e+00 -1.416178e+01 4.253048e+00
    endloop
  endfacet
  facet normal 1.056679e-17 9.849975e-01 1.725688e-01
    outer loop
      vertex 7.143750e+00 -1.412683e+01 3.432041e+00
      vertex 1.190625e+01 -1.419835e+01 3.840244e+00
      vertex 1.190625e+01 -1.412683e+01 3.432041e+00
    endloop
  endfacet
  facet normal 1.056679e-17 9.849975e-01 1.725688e-01
    outer loop
      vertex 1.190625e+01 -1.419835e+01 3.840244e+00
      vertex 7.143750e+00 -1.412683e+01 3.432041e+00
      vertex 7.143750e+00 -1.419835e+01 3.840244e+00
    endloop
  endfacet
  facet normal 2.581707e-17 9.067704e-01 4.216247e-01
    outer loop
      vertex 7.143750e+00 -1.395210e+01 3.056257e+00
      vertex 1.190625e+01 -1.412683e+01 3.432041e+00
      vertex 1.190625e+01 -1.395210e+01 3.056257e+00
    endloop
  endfacet
  facet normal 2.581707e-17 9.067704e-01 4.216247e-01
    outer loop
      vertex 1.190625e+01 -1.412683e+01 3.432041e+00
      vertex 7.143750e+00 -1.395210e+01 3.056257e+00
      vertex 7.143750e+00 -1.412683e+01 3.432041e+00
    endloop
  endfacet
  facet normal 3.930796e-17 7.667484e-01 6.419477e-01
    outer loop
      vertex 7.143750e+00 -1.368607e+01 2.738501e+00
      vertex 1.190625e+01 -1.395210e+01 3.056257e+00
      vertex 1.190625e+01 -1.368607e+01 2.738501e+00
    endloop
  endfacet
  facet normal 3.930796e-17 7.667484e-01 6.419477e-01
    outer loop
      vertex 1.190625e+01 -1.395210e+01 3.056257e+00
      vertex 7.143750e+00 -1.368607e+01 2.738501e+00
      vertex 7.143750e+00 -1.395210e+01 3.056257e+00
    endloop
  endfacet
  facet normal 5.012008e-17 5.744739e-01 8.185230e-01
    outer loop
      vertex 1.190625e+01 -1.334685e+01 2.500427e+00
      vertex 7.143750e+00 -1.368607e+01 2.738501e+00
      vertex 1.190625e+01 -1.368607e+01 2.738501e+00
    endloop
  endfacet
  facet normal 5.012008e-17 5.744739e-01 8.185230e-01
    outer loop
      vertex 7.143750e+00 -1.368607e+01 2.738501e+00
      vertex 1.190625e+01 -1.334685e+01 2.500427e+00
      vertex 7.143750e+00 -1.334685e+01 2.500427e+00
    endloop
  endfacet
  facet normal 5.751659e-17 3.430498e-01 9.393172e-01
    outer loop
      vertex 1.190625e+01 -1.295758e+01 2.358260e+00
      vertex 7.143750e+00 -1.334685e+01 2.500427e+00
      vertex 1.190625e+01 -1.334685e+01 2.500427e+00
    endloop
  endfacet
  facet normal 5.751659e-17 3.430498e-01 9.393172e-01
    outer loop
      vertex 7.143750e+00 -1.334685e+01 2.500427e+00
      vertex 1.190625e+01 -1.295758e+01 2.358260e+00
      vertex 7.143750e+00 -1.295758e+01 2.358260e+00
    endloop
  endfacet
  facet normal 6.099345e-17 8.824746e-02 9.960986e-01
    outer loop
      vertex 1.190625e+01 -1.254478e+01 2.321688e+00
      vertex 7.143750e+00 -1.295758e+01 2.358260e+00
      vertex 1.190625e+01 -1.295758e+01 2.358260e+00
    endloop
  endfacet
  facet normal 6.099345e-17 8.824746e-02 9.960986e-01
    outer loop
      vertex 7.143750e+00 -1.295758e+01 2.358260e+00
      vertex 1.190625e+01 -1.254478e+01 2.321688e+00
      vertex 7.143750e+00 -1.254478e+01 2.321688e+00
    endloop
  endfacet
  facet normal 6.031370e-17 -1.725688e-01 9.849975e-01
    outer loop
      vertex 1.190625e+01 -1.213657e+01 2.393204e+00
      vertex 7.143750e+00 -1.254478e+01 2.321688e+00
      vertex 1.190625e+01 -1.254478e+01 2.321688e+00
    endloop
  endfacet
  facet normal 6.031370e-17 -1.725688e-01 9.849975e-01
    outer loop
      vertex 7.143750e+00 -1.254478e+01 2.321688e+00
      vertex 1.190625e+01 -1.213657e+01 2.393204e+00
      vertex 7.143750e+00 -1.213657e+01 2.393204e+00
    endloop
  endfacet
  facet normal 5.552367e-17 -4.216247e-01 9.067704e-01
    outer loop
      vertex 1.190625e+01 -1.176079e+01 2.567934e+00
      vertex 7.143750e+00 -1.213657e+01 2.393204e+00
      vertex 1.190625e+01 -1.213657e+01 2.393204e+00
    endloop
  endfacet
  facet normal 5.552367e-17 -4.216247e-01 9.067704e-01
    outer loop
      vertex 7.143750e+00 -1.213657e+01 2.393204e+00
      vertex 1.190625e+01 -1.176079e+01 2.567934e+00
      vertex 7.143750e+00 -1.176079e+01 2.567934e+00
    endloop
  endfacet
  facet normal 4.694980e-17 -6.419477e-01 7.667484e-01
    outer loop
      vertex 1.190625e+01 -1.144303e+01 2.833971e+00
      vertex 7.143750e+00 -1.176079e+01 2.567934e+00
      vertex 1.190625e+01 -1.176079e+01 2.567934e+00
    endloop
  endfacet
  facet normal 4.694980e-17 -6.419477e-01 7.667484e-01
    outer loop
      vertex 7.143750e+00 -1.176079e+01 2.567934e+00
      vertex 1.190625e+01 -1.144303e+01 2.833971e+00
      vertex 7.143750e+00 -1.144303e+01 2.833971e+00
    endloop
  endfacet
  facet normal 3.517638e-17 -8.185230e-01 5.744739e-01
    outer loop
      vertex 7.143750e+00 -1.120496e+01 3.173183e+00
      vertex 1.190625e+01 -1.144303e+01 2.833971e+00
      vertex 1.190625e+01 -1.120496e+01 3.173183e+00
    endloop
  endfacet
  facet normal 3.517638e-17 -8.185230e-01 5.744739e-01
    outer loop
      vertex 1.190625e+01 -1.144303e+01 2.833971e+00
      vertex 7.143750e+00 -1.120496e+01 3.173183e+00
      vertex 7.143750e+00 -1.144303e+01 2.833971e+00
    endloop
  endfacet
  facet normal 2.100574e-17 -9.393172e-01 3.430498e-01
    outer loop
      vertex 7.143750e+00 -1.106279e+01 3.562456e+00
      vertex 1.190625e+01 -1.120496e+01 3.173183e+00
      vertex 1.190625e+01 -1.106279e+01 3.562456e+00
    endloop
  endfacet
  facet normal 2.100574e-17 -9.393172e-01 3.430498e-01
    outer loop
      vertex 1.190625e+01 -1.120496e+01 3.173183e+00
      vertex 7.143750e+00 -1.106279e+01 3.562456e+00
      vertex 7.143750e+00 -1.120496e+01 3.173183e+00
    endloop
  endfacet
  facet normal 5.403599e-18 -9.960986e-01 8.824746e-02
    outer loop
      vertex 7.143750e+00 -1.102622e+01 3.975260e+00
      vertex 1.190625e+01 -1.106279e+01 3.562456e+00
      vertex 1.190625e+01 -1.102622e+01 3.975260e+00
    endloop
  endfacet
  facet normal 5.403599e-18 -9.960986e-01 8.824746e-02
    outer loop
      vertex 1.190625e+01 -1.106279e+01 3.562456e+00
      vertex 7.143750e+00 -1.102622e+01 3.975260e+00
      vertex 7.143750e+00 -1.106279e+01 3.562456e+00
    endloop
  endfacet
  facet normal -1.056679e-17 -9.849975e-01 -1.725688e-01
    outer loop
      vertex 7.143750e+00 -1.109774e+01 4.383463e+00
      vertex 1.190625e+01 -1.102622e+01 3.975260e+00
      vertex 1.190625e+01 -1.109774e+01 4.383463e+00
    endloop
  endfacet
  facet normal -1.056679e-17 -9.849975e-01 -1.725688e-01
    outer loop
      vertex 1.190625e+01 -1.102622e+01 3.975260e+00
      vertex 7.143750e+00 -1.109774e+01 4.383463e+00
      vertex 7.143750e+00 -1.102622e+01 3.975260e+00
    endloop
  endfacet
  facet normal -2.581707e-17 -9.067704e-01 -4.216247e-01
    outer loop
      vertex 7.143750e+00 -1.127247e+01 4.759248e+00
      vertex 1.190625e+01 -1.109774e+01 4.383463e+00
      vertex 1.190625e+01 -1.127247e+01 4.759248e+00
    endloop
  endfacet
  facet normal -2.581707e-17 -9.067704e-01 -4.216247e-01
    outer loop
      vertex 1.190625e+01 -1.109774e+01 4.383463e+00
      vertex 7.143750e+00 -1.127247e+01 4.759248e+00
      vertex 7.143750e+00 -1.109774e+01 4.383463e+00
    endloop
  endfacet
  facet normal -3.930796e-17 -7.667484e-01 -6.419477e-01
    outer loop
      vertex 7.143750e+00 -1.153850e+01 5.077004e+00
      vertex 1.190625e+01 -1.127247e+01 4.759248e+00
      vertex 1.190625e+01 -1.153850e+01 5.077004e+00
    endloop
  endfacet
  facet normal -3.930796e-17 -7.667484e-01 -6.419477e-01
    outer loop
      vertex 1.190625e+01 -1.127247e+01 4.759248e+00
      vertex 7.143750e+00 -1.153850e+01 5.077004e+00
      vertex 7.143750e+00 -1.127247e+01 4.759248e+00
    endloop
  endfacet
  facet normal -5.012008e-17 -5.744739e-01 -8.185230e-01
    outer loop
      vertex 7.143750e+00 -1.153850e+01 5.077004e+00
      vertex 1.190625e+01 -1.187771e+01 5.315078e+00
      vertex 7.143750e+00 -1.187771e+01 5.315078e+00
    endloop
  endfacet
  facet normal -5.012008e-17 -5.744739e-01 -8.185230e-01
    outer loop
      vertex 1.190625e+01 -1.187771e+01 5.315078e+00
      vertex 7.143750e+00 -1.153850e+01 5.077004e+00
      vertex 1.190625e+01 -1.153850e+01 5.077004e+00
    endloop
  endfacet
  facet normal -5.751659e-17 -3.430498e-01 -9.393172e-01
    outer loop
      vertex 7.143750e+00 -1.187771e+01 5.315078e+00
      vertex 1.190625e+01 -1.226699e+01 5.457244e+00
      vertex 7.143750e+00 -1.226699e+01 5.457244e+00
    endloop
  endfacet
  facet normal -5.751659e-17 -3.430498e-01 -9.393172e-01
    outer loop
      vertex 1.190625e+01 -1.226699e+01 5.457244e+00
      vertex 7.143750e+00 -1.187771e+01 5.315078e+00
      vertex 1.190625e+01 -1.187771e+01 5.315078e+00
    endloop
  endfacet
  facet normal -6.099345e-17 -8.824746e-02 -9.960986e-01
    outer loop
      vertex 7.143750e+00 -1.226699e+01 5.457244e+00
      vertex 1.190625e+01 -1.267979e+01 5.493816e+00
      vertex 7.143750e+00 -1.267979e+01 5.493816e+00
    endloop
  endfacet
  facet normal -6.099345e-17 -8.824746e-02 -9.960986e-01
    outer loop
      vertex 1.190625e+01 -1.267979e+01 5.493816e+00
      vertex 7.143750e+00 -1.226699e+01 5.457244e+00
      vertex 1.190625e+01 -1.226699e+01 5.457244e+00
    endloop
  endfacet
  facet normal -6.031370e-17 1.725688e-01 -9.849975e-01
    outer loop
      vertex 7.143750e+00 -1.267979e+01 5.493816e+00
      vertex 1.190625e+01 -1.308799e+01 5.422300e+00
      vertex 7.143750e+00 -1.308799e+01 5.422300e+00
    endloop
  endfacet
  facet normal -6.031370e-17 1.725688e-01 -9.849975e-01
    outer loop
      vertex 1.190625e+01 -1.308799e+01 5.422300e+00
      vertex 7.143750e+00 -1.267979e+01 5.493816e+00
      vertex 1.190625e+01 -1.267979e+01 5.493816e+00
    endloop
  endfacet
  facet normal -5.552367e-17 4.216247e-01 -9.067704e-01
    outer loop
      vertex 7.143750e+00 -1.308799e+01 5.422300e+00
      vertex 1.190625e+01 -1.346378e+01 5.247570e+00
      vertex 7.143750e+00 -1.346378e+01 5.247570e+00
    endloop
  endfacet
  facet normal -5.552367e-17 4.216247e-01 -9.067704e-01
    outer loop
      vertex 1.190625e+01 -1.346378e+01 5.247570e+00
      vertex 7.143750e+00 -1.308799e+01 5.422300e+00
      vertex 1.190625e+01 -1.308799e+01 5.422300e+00
    endloop
  endfacet
  facet normal -4.694980e-17 6.419477e-01 -7.667484e-01
    outer loop
      vertex 7.143750e+00 -1.346378e+01 5.247570e+00
      vertex 1.190625e+01 -1.378154e+01 4.981534e+00
      vertex 7.143750e+00 -1.378154e+01 4.981534e+00
    endloop
  endfacet
  facet normal -4.694980e-17 6.419477e-01 -7.667484e-01
    outer loop
      vertex 1.190625e+01 -1.378154e+01 4.981534e+00
      vertex 7.143750e+00 -1.346378e+01 5.247570e+00
      vertex 1.190625e+01 -1.346378e+01 5.247570e+00
    endloop
  endfacet
  facet normal -3.517638e-17 8.185230e-01 -5.744739e-01
    outer loop
      vertex 7.143750e+00 -1.401961e+01 4.642321e+00
      vertex 1.190625e+01 -1.378154e+01 4.981534e+00
      vertex 1.190625e+01 -1.401961e+01 4.642321e+00
    endloop
  endfacet
  facet normal -3.517638e-17 8.185230e-01 -5.744739e-01
    outer loop
      vertex 1.190625e+01 -1.378154e+01 4.981534e+00
      vertex 7.143750e+00 -1.401961e+01 4.642321e+00
      vertex 7.143750e+00 -1.378154e+01 4.981534e+00
    endloop
  endfacet
  facet normal -6.118494e-17 -3.934087e-02 -9.992259e-01
    outer loop
      vertex 7.143750e+00 -1.230814e+00 5.472301e+00
      vertex 1.190625e+01 -1.644914e+00 5.488604e+00
      vertex 7.143750e+00 -1.644914e+00 5.488604e+00
    endloop
  endfacet
  facet normal -6.118494e-17 -3.934087e-02 -9.992259e-01
    outer loop
      vertex 1.190625e+01 -1.644914e+00 5.488604e+00
      vertex 7.143750e+00 -1.230814e+00 5.472301e+00
      vertex 1.190625e+01 -1.230814e+00 5.472301e+00
    endloop
  endfacet
  facet normal -5.972359e-17 2.206183e-01 -9.753602e-01
    outer loop
      vertex 7.143750e+00 -1.644914e+00 5.488604e+00
      vertex 1.190625e+01 -2.049124e+00 5.397175e+00
      vertex 7.143750e+00 -2.049124e+00 5.397175e+00
    endloop
  endfacet
  facet normal -5.972359e-17 2.206183e-01 -9.753602e-01
    outer loop
      vertex 1.190625e+01 -2.049124e+00 5.397175e+00
      vertex 7.143750e+00 -1.644914e+00 5.488604e+00
      vertex 1.190625e+01 -1.644914e+00 5.488604e+00
    endloop
  endfacet
  facet normal -5.419218e-17 4.655427e-01 -8.850254e-01
    outer loop
      vertex 7.143750e+00 -2.049124e+00 5.397175e+00
      vertex 1.190625e+01 -2.415897e+00 5.204245e+00
      vertex 7.143750e+00 -2.415897e+00 5.204245e+00
    endloop
  endfacet
  facet normal -5.419218e-17 4.655427e-01 -8.850254e-01
    outer loop
      vertex 1.190625e+01 -2.415897e+00 5.204245e+00
      vertex 7.143750e+00 -2.049124e+00 5.397175e+00
      vertex 1.190625e+01 -2.049124e+00 5.397175e+00
    endloop
  endfacet
  facet normal -4.496766e-17 6.787411e-01 -7.343776e-01
    outer loop
      vertex 7.143750e+00 -2.415897e+00 5.204245e+00
      vertex 1.190625e+01 -2.720238e+00 4.922960e+00
      vertex 7.143750e+00 -2.720238e+00 4.922960e+00
    endloop
  endfacet
  facet normal -4.496766e-17 6.787411e-01 -7.343776e-01
    outer loop
      vertex 1.190625e+01 -2.720238e+00 4.922960e+00
      vertex 7.143750e+00 -2.415897e+00 5.204245e+00
      vertex 1.190625e+01 -2.415897e+00 5.204245e+00
    endloop
  endfacet
  facet normal -3.267867e-17 8.456845e-01 -5.336831e-01
    outer loop
      vertex 7.143750e+00 -2.941407e+00 4.572491e+00
      vertex 1.190625e+01 -2.720238e+00 4.922960e+00
      vertex 1.190625e+01 -2.941407e+00 4.572491e+00
    endloop
  endfacet
  facet normal -3.267867e-17 8.456845e-01 -5.336831e-01
    outer loop
      vertex 1.190625e+01 -2.720238e+00 4.922960e+00
      vertex 7.143750e+00 -2.941407e+00 4.572491e+00
      vertex 7.143750e+00 -2.720238e+00 4.922960e+00
    endloop
  endfacet
  facet normal -1.816268e-17 9.549959e-01 -2.966191e-01
    outer loop
      vertex 7.143750e+00 -3.064332e+00 4.176721e+00
      vertex 1.190625e+01 -2.941407e+00 4.572491e+00
      vertex 1.190625e+01 -3.064332e+00 4.176721e+00
    endloop
  endfacet
  facet normal -1.816268e-17 9.549959e-01 -2.966191e-01
    outer loop
      vertex 1.190625e+01 -2.941407e+00 4.572491e+00
      vertex 7.143750e+00 -3.064332e+00 4.176721e+00
      vertex 7.143750e+00 -2.941407e+00 4.572491e+00
    endloop
  endfacet
  facet normal -2.408934e-18 9.992259e-01 -3.934087e-02
    outer loop
      vertex 7.143750e+00 -3.080636e+00 3.762622e+00
      vertex 1.190625e+01 -3.064332e+00 4.176721e+00
      vertex 1.190625e+01 -3.080636e+00 3.762622e+00
    endloop
  endfacet
  facet normal -2.408934e-18 9.992259e-01 -3.934087e-02
    outer loop
      vertex 1.190625e+01 -3.064332e+00 4.176721e+00
      vertex 7.143750e+00 -3.080636e+00 3.762622e+00
      vertex 7.143750e+00 -3.064332e+00 4.176721e+00
    endloop
  endfacet
  facet normal 1.350898e-17 9.753602e-01 2.206183e-01
    outer loop
      vertex 7.143750e+00 -2.989207e+00 3.358412e+00
      vertex 1.190625e+01 -3.080636e+00 3.762622e+00
      vertex 1.190625e+01 -2.989207e+00 3.358412e+00
    endloop
  endfacet
  facet normal 1.350898e-17 9.753602e-01 2.206183e-01
    outer loop
      vertex 1.190625e+01 -3.080636e+00 3.762622e+00
      vertex 7.143750e+00 -2.989207e+00 3.358412e+00
      vertex 7.143750e+00 -3.080636e+00 3.762622e+00
    endloop
  endfacet
  facet normal 2.850627e-17 8.850254e-01 4.655427e-01
    outer loop
      vertex 7.143750e+00 -2.796276e+00 2.991639e+00
      vertex 1.190625e+01 -2.989207e+00 3.358412e+00
      vertex 1.190625e+01 -2.796276e+00 2.991639e+00
    endloop
  endfacet
  facet normal 2.850627e-17 8.850254e-01 4.655427e-01
    outer loop
      vertex 1.190625e+01 -2.989207e+00 3.358412e+00
      vertex 7.143750e+00 -2.796276e+00 2.991639e+00
      vertex 7.143750e+00 -2.989207e+00 3.358412e+00
    endloop
  endfacet
  facet normal 4.156091e-17 7.343776e-01 6.787411e-01
    outer loop
      vertex 7.143750e+00 -2.514992e+00 2.687298e+00
      vertex 1.190625e+01 -2.796276e+00 2.991639e+00
      vertex 1.190625e+01 -2.514992e+00 2.687298e+00
    endloop
  endfacet
  facet normal 4.156091e-17 7.343776e-01 6.787411e-01
    outer loop
      vertex 1.190625e+01 -2.796276e+00 2.991639e+00
      vertex 7.143750e+00 -2.514992e+00 2.687298e+00
      vertex 7.143750e+00 -2.796276e+00 2.991639e+00
    endloop
  endfacet
  facet normal 5.178324e-17 5.336831e-01 8.456845e-01
    outer loop
      vertex 1.190625e+01 -2.164523e+00 2.466129e+00
      vertex 7.143750e+00 -2.514992e+00 2.687298e+00
      vertex 1.190625e+01 -2.514992e+00 2.687298e+00
    endloop
  endfacet
  facet normal 5.178324e-17 5.336831e-01 8.456845e-01
    outer loop
      vertex 7.143750e+00 -2.514992e+00 2.687298e+00
      vertex 1.190625e+01 -2.164523e+00 2.466129e+00
      vertex 7.143750e+00 -2.164523e+00 2.466129e+00
    endloop
  endfacet
  facet normal 5.847663e-17 2.966191e-01 9.549959e-01
    outer loop
      vertex 1.190625e+01 -1.768753e+00 2.343203e+00
      vertex 7.143750e+00 -2.164523e+00 2.466129e+00
      vertex 1.190625e+01 -2.164523e+00 2.466129e+00
    endloop
  endfacet
  facet normal 5.847663e-17 2.966191e-01 9.549959e-01
    outer loop
      vertex 7.143750e+00 -2.164523e+00 2.466129e+00
      vertex 1.190625e+01 -1.768753e+00 2.343203e+00
      vertex 7.143750e+00 -1.768753e+00 2.343203e+00
    endloop
  endfacet
  facet normal 6.118494e-17 3.934087e-02 9.992259e-01
    outer loop
      vertex 1.190625e+01 -1.354653e+00 2.326900e+00
      vertex 7.143750e+00 -1.768753e+00 2.343203e+00
      vertex 1.190625e+01 -1.768753e+00 2.343203e+00
    endloop
  endfacet
  facet normal 6.118494e-17 3.934087e-02 9.992259e-01
    outer loop
      vertex 7.143750e+00 -1.768753e+00 2.343203e+00
      vertex 1.190625e+01 -1.354653e+00 2.326900e+00
      vertex 7.143750e+00 -1.354653e+00 2.326900e+00
    endloop
  endfacet
  facet normal 5.972359e-17 -2.206183e-01 9.753602e-01
    outer loop
      vertex 1.190625e+01 -9.504435e-01 2.418329e+00
      vertex 7.143750e+00 -1.354653e+00 2.326900e+00
      vertex 1.190625e+01 -1.354653e+00 2.326900e+00
    endloop
  endfacet
  facet normal 5.972359e-17 -2.206183e-01 9.753602e-01
    outer loop
      vertex 7.143750e+00 -1.354653e+00 2.326900e+00
      vertex 1.190625e+01 -9.504435e-01 2.418329e+00
      vertex 7.143750e+00 -9.504435e-01 2.418329e+00
    endloop
  endfacet
  facet normal 5.419218e-17 -4.655427e-01 8.850254e-01
    outer loop
      vertex 1.190625e+01 -5.836709e-01 2.611259e+00
      vertex 7.143750e+00 -9.504435e-01 2.418329e+00
      vertex 1.190625e+01 -9.504435e-01 2.418329e+00
    endloop
  endfacet
  facet normal 5.419218e-17 -4.655427e-01 8.850254e-01
    outer loop
      vertex 7.143750e+00 -9.504435e-01 2.418329e+00
      vertex 1.190625e+01 -5.836709e-01 2.611259e+00
      vertex 7.143750e+00 -5.836709e-01 2.611259e+00
    endloop
  endfacet
  facet normal 4.496766e-17 -6.787411e-01 7.343776e-01
    outer loop
      vertex 1.190625e+01 -2.793298e-01 2.892544e+00
      vertex 7.143750e+00 -5.836709e-01 2.611259e+00
      vertex 1.190625e+01 -5.836709e-01 2.611259e+00
    endloop
  endfacet
  facet normal 4.496766e-17 -6.787411e-01 7.343776e-01
    outer loop
      vertex 7.143750e+00 -5.836709e-01 2.611259e+00
      vertex 1.190625e+01 -2.793298e-01 2.892544e+00
      vertex 7.143750e+00 -2.793298e-01 2.892544e+00
    endloop
  endfacet
  facet normal 3.267867e-17 -8.456845e-01 5.336831e-01
    outer loop
      vertex 7.143750e+00 -5.816021e-02 3.243013e+00
      vertex 1.190625e+01 -2.793298e-01 2.892544e+00
      vertex 1.190625e+01 -5.816021e-02 3.243013e+00
    endloop
  endfacet
  facet normal 3.267867e-17 -8.456845e-01 5.336831e-01
    outer loop
      vertex 1.190625e+01 -2.793298e-01 2.892544e+00
      vertex 7.143750e+00 -5.816021e-02 3.243013e+00
      vertex 7.143750e+00 -2.793298e-01 2.892544e+00
    endloop
  endfacet
  facet normal 1.816268e-17 -9.549959e-01 2.966191e-01
    outer loop
      vertex 7.143750e+00 6.476485e-02 3.638783e+00
      vertex 1.190625e+01 -5.816021e-02 3.243013e+00
      vertex 1.190625e+01 6.476485e-02 3.638783e+00
    endloop
  endfacet
  facet normal 1.816268e-17 -9.549959e-01 2.966191e-01
    outer loop
      vertex 1.190625e+01 -5.816021e-02 3.243013e+00
      vertex 7.143750e+00 6.476485e-02 3.638783e+00
      vertex 7.143750e+00 -5.816021e-02 3.243013e+00
    endloop
  endfacet
  facet normal 2.408934e-18 -9.992259e-01 3.934087e-02
    outer loop
      vertex 7.143750e+00 8.106866e-02 4.052883e+00
      vertex 1.190625e+01 6.476485e-02 3.638783e+00
      vertex 1.190625e+01 8.106866e-02 4.052883e+00
    endloop
  endfacet
  facet normal 2.408934e-18 -9.992259e-01 3.934087e-02
    outer loop
      vertex 1.190625e+01 6.476485e-02 3.638783e+00
      vertex 7.143750e+00 8.106866e-02 4.052883e+00
      vertex 7.143750e+00 6.476485e-02 3.638783e+00
    endloop
  endfacet
  facet normal -1.350898e-17 -9.753602e-01 -2.206183e-01
    outer loop
      vertex 7.143750e+00 -1.036001e-02 4.457092e+00
      vertex 1.190625e+01 8.106866e-02 4.052883e+00
      vertex 1.190625e+01 -1.036001e-02 4.457092e+00
    endloop
  endfacet
  facet normal -1.350898e-17 -9.753602e-01 -2.206183e-01
    outer loop
      vertex 1.190625e+01 8.106866e-02 4.052883e+00
      vertex 7.143750e+00 -1.036001e-02 4.457092e+00
      vertex 7.143750e+00 8.106866e-02 4.052883e+00
    endloop
  endfacet
  facet normal -2.850627e-17 -8.850254e-01 -4.655427e-01
    outer loop
      vertex 7.143750e+00 -2.032905e-01 4.823865e+00
      vertex 1.190625e+01 -1.036001e-02 4.457092e+00
      vertex 1.190625e+01 -2.032905e-01 4.823865e+00
    endloop
  endfacet
  facet normal -2.850627e-17 -8.850254e-01 -4.655427e-01
    outer loop
      vertex 1.190625e+01 -1.036001e-02 4.457092e+00
      vertex 7.143750e+00 -2.032905e-01 4.823865e+00
      vertex 7.143750e+00 -1.036001e-02 4.457092e+00
    endloop
  endfacet
  facet normal -4.156091e-17 -7.343776e-01 -6.787411e-01
    outer loop
      vertex 7.143750e+00 -4.845748e-01 5.128206e+00
      vertex 1.190625e+01 -2.032905e-01 4.823865e+00
      vertex 1.190625e+01 -4.845748e-01 5.128206e+00
    endloop
  endfacet
  facet normal -4.156091e-17 -7.343776e-01 -6.787411e-01
    outer loop
      vertex 1.190625e+01 -2.032905e-01 4.823865e+00
      vertex 7.143750e+00 -4.845748e-01 5.128206e+00
      vertex 7.143750e+00 -2.032905e-01 4.823865e+00
    endloop
  endfacet
  facet normal -5.178324e-17 -5.336831e-01 -8.456845e-01
    outer loop
      vertex 7.143750e+00 -4.845748e-01 5.128206e+00
      vertex 1.190625e+01 -8.350443e-01 5.349376e+00
      vertex 7.143750e+00 -8.350443e-01 5.349376e+00
    endloop
  endfacet
  facet normal -5.178324e-17 -5.336831e-01 -8.456845e-01
    outer loop
      vertex 1.190625e+01 -8.350443e-01 5.349376e+00
      vertex 7.143750e+00 -4.845748e-01 5.128206e+00
      vertex 1.190625e+01 -4.845748e-01 5.128206e+00
    endloop
  endfacet
  facet normal -5.847663e-17 -2.966191e-01 -9.549959e-01
    outer loop
      vertex 7.143750e+00 -8.350443e-01 5.349376e+00
      vertex 1.190625e+01 -1.230814e+00 5.472301e+00
      vertex 7.143750e+00 -1.230814e+00 5.472301e+00
    endloop
  endfacet
  facet normal -5.847663e-17 -2.966191e-01 -9.549959e-01
    outer loop
      vertex 1.190625e+01 -1.230814e+00 5.472301e+00
      vertex 7.143750e+00 -8.350443e-01 5.349376e+00
      vertex 1.190625e+01 -8.350443e-01 5.349376e+00
    endloop
  endfacet
  facet normal -7.933533e-01 -6.087614e-01 -1.684336e-16
    outer loop
      vertex 2.347066e+01 1.260356e+01 3.114002e+00
      vertex 2.321838e+01 1.293234e+01 2.220446e-16
      vertex 2.347066e+01 1.260356e+01 2.220446e-16
    endloop
  endfacet
  facet normal -7.933533e-01 -6.087614e-01 -1.684336e-16
    outer loop
      vertex 2.321838e+01 1.293234e+01 2.220446e-16
      vertex 2.347066e+01 1.260356e+01 3.114002e+00
      vertex 2.321838e+01 1.293234e+01 3.114002e+00
    endloop
  endfacet
  facet normal -9.238795e-01 -3.826834e-01 5.695669e-17
    outer loop
      vertex 2.362925e+01 1.222069e+01 2.220446e-16
      vertex 2.347066e+01 1.260356e+01 3.114002e+00
      vertex 2.347066e+01 1.260356e+01 2.220446e-16
    endloop
  endfacet
  facet normal -9.238795e-01 -3.826834e-01 5.695669e-17
    outer loop
      vertex 2.347066e+01 1.260356e+01 3.114002e+00
      vertex 2.362925e+01 1.222069e+01 2.220446e-16
      vertex 2.362925e+01 1.222069e+01 3.114002e+00
    endloop
  endfacet
  facet normal -9.914448e-01 -1.305262e-01 6.094877e-17
    outer loop
      vertex 2.368334e+01 1.180981e+01 3.114002e+00
      vertex 2.362925e+01 1.222069e+01 2.220446e-16
      vertex 2.368334e+01 1.180981e+01 0.000000e+00
    endloop
  endfacet
  facet normal -9.914448e-01 -1.305262e-01 6.094877e-17
    outer loop
      vertex 2.362925e+01 1.222069e+01 2.220446e-16
      vertex 2.368334e+01 1.180981e+01 3.114002e+00
      vertex 2.362925e+01 1.222069e+01 3.114002e+00
    endloop
  endfacet
  facet normal -9.914448e-01 1.305262e-01 4.160411e-16
    outer loop
      vertex 2.362925e+01 1.139894e+01 2.220446e-16
      vertex 2.368334e+01 1.180981e+01 3.114002e+00
      vertex 2.368334e+01 1.180981e+01 0.000000e+00
    endloop
  endfacet
  facet normal -9.914448e-01 1.305262e-01 4.160411e-16
    outer loop
      vertex 2.368334e+01 1.180981e+01 3.114002e+00
      vertex 2.362925e+01 1.139894e+01 2.220446e-16
      vertex 2.362925e+01 1.139894e+01 3.114002e+00
    endloop
  endfacet
  facet normal -9.238795e-01 3.826834e-01 7.499019e-16
    outer loop
      vertex 2.347066e+01 1.101606e+01 3.114002e+00
      vertex 2.362925e+01 1.139894e+01 2.220446e-16
      vertex 2.347066e+01 1.101606e+01 2.220446e-16
    endloop
  endfacet
  facet normal -9.238795e-01 3.826834e-01 7.499019e-16
    outer loop
      vertex 2.362925e+01 1.139894e+01 2.220446e-16
      vertex 2.347066e+01 1.101606e+01 3.114002e+00
      vertex 2.362925e+01 1.139894e+01 3.114002e+00
    endloop
  endfacet
  facet normal -7.933533e-01 6.087614e-01 1.703863e-15
    outer loop
      vertex 2.321838e+01 1.068728e+01 3.114002e+00
      vertex 2.347066e+01 1.101606e+01 2.220446e-16
      vertex 2.321838e+01 1.068728e+01 2.220446e-16
    endloop
  endfacet
  facet normal -7.933533e-01 6.087614e-01 1.703863e-15
    outer loop
      vertex 2.347066e+01 1.101606e+01 2.220446e-16
      vertex 2.321838e+01 1.068728e+01 3.114002e+00
      vertex 2.347066e+01 1.101606e+01 3.114002e+00
    endloop
  endfacet
  facet normal -6.087614e-01 7.933533e-01 1.472587e-15
    outer loop
      vertex 2.288959e+01 1.043500e+01 2.220446e-16
      vertex 2.321838e+01 1.068728e+01 3.114002e+00
      vertex 2.321838e+01 1.068728e+01 2.220446e-16
    endloop
  endfacet
  facet normal -6.087614e-01 7.933533e-01 1.472587e-15
    outer loop
      vertex 2.321838e+01 1.068728e+01 3.114002e+00
      vertex 2.288959e+01 1.043500e+01 2.220446e-16
      vertex 2.288959e+01 1.043500e+01 3.114002e+00
    endloop
  endfacet
  facet normal -3.826834e-01 9.238795e-01 8.598036e-16
    outer loop
      vertex 2.250672e+01 1.027640e+01 2.220446e-16
      vertex 2.288959e+01 1.043500e+01 3.114002e+00
      vertex 2.288959e+01 1.043500e+01 2.220446e-16
    endloop
  endfacet
  facet normal -3.826834e-01 9.238795e-01 8.598036e-16
    outer loop
      vertex 2.288959e+01 1.043500e+01 3.114002e+00
      vertex 2.250672e+01 1.027640e+01 2.220446e-16
      vertex 2.250672e+01 1.027640e+01 3.114002e+00
    endloop
  endfacet
  facet normal -1.305262e-01 9.914448e-01 9.096680e-18
    outer loop
      vertex 2.209584e+01 1.022231e+01 2.220446e-16
      vertex 2.250672e+01 1.027640e+01 3.114002e+00
      vertex 2.250672e+01 1.027640e+01 2.220446e-16
    endloop
  endfacet
  facet normal -1.305262e-01 9.914448e-01 9.096680e-18
    outer loop
      vertex 2.250672e+01 1.027640e+01 3.114002e+00
      vertex 2.209584e+01 1.022231e+01 2.220446e-16
      vertex 2.209584e+01 1.022231e+01 3.114002e+00
    endloop
  endfacet
  facet normal 1.305262e-01 9.914448e-01 -1.141645e-15
    outer loop
      vertex 2.168497e+01 1.027640e+01 2.220446e-16
      vertex 2.209584e+01 1.022231e+01 3.114002e+00
      vertex 2.209584e+01 1.022231e+01 2.220446e-16
    endloop
  endfacet
  facet normal 1.305262e-01 9.914448e-01 -1.141645e-15
    outer loop
      vertex 2.209584e+01 1.022231e+01 3.114002e+00
      vertex 2.168497e+01 1.027640e+01 2.220446e-16
      vertex 2.168497e+01 1.027640e+01 3.114002e+00
    endloop
  endfacet
  facet normal 3.826834e-01 9.238795e-01 -1.408574e-15
    outer loop
      vertex 2.168497e+01 1.027640e+01 2.220446e-16
      vertex 2.130209e+01 1.043500e+01 3.114002e+00
      vertex 2.168497e+01 1.027640e+01 3.114002e+00
    endloop
  endfacet
  facet normal 3.826834e-01 9.238795e-01 -1.408574e-15
    outer loop
      vertex 2.130209e+01 1.043500e+01 3.114002e+00
      vertex 2.168497e+01 1.027640e+01 2.220446e-16
      vertex 2.130209e+01 1.043500e+01 2.220446e-16
    endloop
  endfacet
  facet normal 6.087614e-01 7.933533e-01 3.008914e-16
    outer loop
      vertex 2.130209e+01 1.043500e+01 2.220446e-16
      vertex 2.097331e+01 1.068728e+01 3.114002e+00
      vertex 2.130209e+01 1.043500e+01 3.114002e+00
    endloop
  endfacet
  facet normal 6.087614e-01 7.933533e-01 3.008914e-16
    outer loop
      vertex 2.097331e+01 1.068728e+01 3.114002e+00
      vertex 2.130209e+01 1.043500e+01 2.220446e-16
      vertex 2.097331e+01 1.068728e+01 2.220446e-16
    endloop
  endfacet
  facet normal 7.933533e-01 6.087614e-01 2.154066e-15
    outer loop
      vertex 2.072103e+01 1.101606e+01 3.114002e+00
      vertex 2.097331e+01 1.068728e+01 2.220446e-16
      vertex 2.072103e+01 1.101606e+01 2.220446e-16
    endloop
  endfacet
  facet normal 7.933533e-01 6.087614e-01 2.154066e-15
    outer loop
      vertex 2.097331e+01 1.068728e+01 2.220446e-16
      vertex 2.072103e+01 1.101606e+01 3.114002e+00
      vertex 2.097331e+01 1.068728e+01 3.114002e+00
    endloop
  endfacet
  facet normal 9.238795e-01 3.826834e-01 9.859560e-16
    outer loop
      vertex 2.056244e+01 1.139894e+01 2.220446e-16
      vertex 2.072103e+01 1.101606e+01 3.114002e+00
      vertex 2.072103e+01 1.101606e+01 2.220446e-16
    endloop
  endfacet
  facet normal 9.238795e-01 3.826834e-01 9.859560e-16
    outer loop
      vertex 2.072103e+01 1.101606e+01 3.114002e+00
      vertex 2.056244e+01 1.139894e+01 2.220446e-16
      vertex 2.056244e+01 1.139894e+01 3.114002e+00
    endloop
  endfacet
  facet normal 9.914448e-01 1.305262e-01 -1.500449e-15
    outer loop
      vertex 2.050834e+01 1.180981e+01 3.114002e+00
      vertex 2.056244e+01 1.139894e+01 2.220446e-16
      vertex 2.050834e+01 1.180981e+01 2.220446e-16
    endloop
  endfacet
  facet normal 9.914448e-01 1.305262e-01 -1.500449e-15
    outer loop
      vertex 2.056244e+01 1.139894e+01 2.220446e-16
      vertex 2.050834e+01 1.180981e+01 3.114002e+00
      vertex 2.056244e+01 1.139894e+01 3.114002e+00
    endloop
  endfacet
  facet normal 9.914448e-01 -1.305262e-01 -2.093190e-15
    outer loop
      vertex 2.056244e+01 1.222069e+01 2.220446e-16
      vertex 2.050834e+01 1.180981e+01 3.114002e+00
      vertex 2.050834e+01 1.180981e+01 2.220446e-16
    endloop
  endfacet
  facet normal 9.914448e-01 -1.305262e-01 -2.093190e-15
    outer loop
      vertex 2.050834e+01 1.180981e+01 3.114002e+00
      vertex 2.056244e+01 1.222069e+01 2.220446e-16
      vertex 2.056244e+01 1.222069e+01 3.114002e+00
    endloop
  endfacet
  facet normal 9.238795e-01 -3.826834e-01 -4.002134e-16
    outer loop
      vertex 2.072103e+01 1.260356e+01 3.114002e+00
      vertex 2.056244e+01 1.222069e+01 2.220446e-16
      vertex 2.072103e+01 1.260356e+01 2.220446e-16
    endloop
  endfacet
  facet normal 9.238795e-01 -3.826834e-01 -4.002134e-16
    outer loop
      vertex 2.056244e+01 1.222069e+01 2.220446e-16
      vertex 2.072103e+01 1.260356e+01 3.114002e+00
      vertex 2.056244e+01 1.222069e+01 3.114002e+00
    endloop
  endfacet
  facet normal 7.933533e-01 -6.087614e-01 -2.035939e-15
    outer loop
      vertex 2.097331e+01 1.293234e+01 2.220446e-16
      vertex 2.072103e+01 1.260356e+01 3.114002e+00
      vertex 2.072103e+01 1.260356e+01 2.220446e-16
    endloop
  endfacet
  facet normal 7.933533e-01 -6.087614e-01 -2.035939e-15
    outer loop
      vertex 2.072103e+01 1.260356e+01 3.114002e+00
      vertex 2.097331e+01 1.293234e+01 2.220446e-16
      vertex 2.097331e+01 1.293234e+01 3.114002e+00
    endloop
  endfacet
  facet normal 6.087614e-01 -7.933533e-01 -1.139760e-15
    outer loop
      vertex 2.097331e+01 1.293234e+01 3.114002e+00
      vertex 2.130209e+01 1.318463e+01 2.220446e-16
      vertex 2.130209e+01 1.318463e+01 3.114002e+00
    endloop
  endfacet
  facet normal 6.087614e-01 -7.933533e-01 -1.139760e-15
    outer loop
      vertex 2.130209e+01 1.318463e+01 2.220446e-16
      vertex 2.097331e+01 1.293234e+01 3.114002e+00
      vertex 2.097331e+01 1.293234e+01 2.220446e-16
    endloop
  endfacet
  facet normal 3.826834e-01 -9.238795e-01 1.217321e-16
    outer loop
      vertex 2.130209e+01 1.318463e+01 3.114002e+00
      vertex 2.168497e+01 1.334322e+01 2.220446e-16
      vertex 2.168497e+01 1.334322e+01 3.114002e+00
    endloop
  endfacet
  facet normal 3.826834e-01 -9.238795e-01 1.217321e-16
    outer loop
      vertex 2.168497e+01 1.334322e+01 2.220446e-16
      vertex 2.130209e+01 1.318463e+01 3.114002e+00
      vertex 2.130209e+01 1.318463e+01 2.220446e-16
    endloop
  endfacet
  facet normal 1.305262e-01 -9.914448e-01 2.449699e-15
    outer loop
      vertex 2.168497e+01 1.334322e+01 3.114002e+00
      vertex 2.209584e+01 1.339731e+01 2.220446e-16
      vertex 2.209584e+01 1.339731e+01 3.114002e+00
    endloop
  endfacet
  facet normal 1.305262e-01 -9.914448e-01 2.449699e-15
    outer loop
      vertex 2.209584e+01 1.339731e+01 2.220446e-16
      vertex 2.168497e+01 1.334322e+01 3.114002e+00
      vertex 2.168497e+01 1.334322e+01 2.220446e-16
    endloop
  endfacet
  facet normal -1.305262e-01 -9.914448e-01 1.803579e-15
    outer loop
      vertex 2.209584e+01 1.339731e+01 3.114002e+00
      vertex 2.250672e+01 1.334322e+01 2.220446e-16
      vertex 2.250672e+01 1.334322e+01 3.114002e+00
    endloop
  endfacet
  facet normal -1.305262e-01 -9.914448e-01 1.803579e-15
    outer loop
      vertex 2.250672e+01 1.334322e+01 2.220446e-16
      vertex 2.209584e+01 1.339731e+01 3.114002e+00
      vertex 2.209584e+01 1.339731e+01 2.220446e-16
    endloop
  endfacet
  facet normal -3.826834e-01 -9.238795e-01 -8.119827e-16
    outer loop
      vertex 2.250672e+01 1.334322e+01 3.114002e+00
      vertex 2.288959e+01 1.318463e+01 2.220446e-16
      vertex 2.288959e+01 1.318463e+01 3.114002e+00
    endloop
  endfacet
  facet normal -3.826834e-01 -9.238795e-01 -8.119827e-16
    outer loop
      vertex 2.288959e+01 1.318463e+01 2.220446e-16
      vertex 2.250672e+01 1.334322e+01 3.114002e+00
      vertex 2.250672e+01 1.334322e+01 2.220446e-16
    endloop
  endfacet
  facet normal -6.087614e-01 -7.933533e-01 -2.978884e-16
    outer loop
      vertex 2.288959e+01 1.318463e+01 3.114002e+00
      vertex 2.321838e+01 1.293234e+01 2.220446e-16
      vertex 2.321838e+01 1.293234e+01 3.114002e+00
    endloop
  endfacet
  facet normal -6.087614e-01 -7.933533e-01 -2.978884e-16
    outer loop
      vertex 2.321838e+01 1.293234e+01 2.220446e-16
      vertex 2.288959e+01 1.318463e+01 3.114002e+00
      vertex 2.288959e+01 1.318463e+01 2.220446e-16
    endloop
  endfacet
  facet normal -6.123234e-17 0.000000e+00 -1.000000e+00
    outer loop
      vertex 7.143750e+00 2.468966e+00 1.110223e-15
      vertex 1.190625e+01 -1.658103e+01 8.881784e-16
      vertex 7.143750e+00 -1.658103e+01 1.110223e-15
    endloop
  endfacet
  facet normal -6.123234e-17 0.000000e+00 -1.000000e+00
    outer loop
      vertex 1.190625e+01 -1.658103e+01 8.881784e-16
      vertex 7.143750e+00 2.468966e+00 1.110223e-15
      vertex 1.190625e+01 2.468966e+00 8.881784e-16
    endloop
  endfacet
  facet normal -9.999884e-01 4.810660e-03 -8.350317e-16
    outer loop
      vertex 7.143750e+00 2.468966e+00 3.114002e+00
      vertex 7.207778e+00 1.577856e+01 1.110223e-15
      vertex 7.143750e+00 2.468966e+00 1.110223e-15
    endloop
  endfacet
  facet normal -9.999884e-01 4.810660e-03 -8.350317e-16
    outer loop
      vertex 7.207778e+00 1.577856e+01 1.110223e-15
      vertex 7.143750e+00 2.468966e+00 3.114002e+00
      vertex 7.207778e+00 1.577856e+01 3.114002e+00
    endloop
  endfacet
  facet normal -1.000000e+00 -2.002237e-16 -3.199718e-16
    outer loop
      vertex 7.143750e+00 -1.213657e+01 2.393204e+00
      vertex 7.143750e+00 -1.354653e+00 2.326900e+00
      vertex 7.143750e+00 -1.254478e+01 2.321688e+00
    endloop
  endfacet
  facet normal -1.000000e+00 -2.002237e-16 -3.199718e-16
    outer loop
      vertex 7.143750e+00 -1.354653e+00 2.326900e+00
      vertex 7.143750e+00 -1.213657e+01 2.393204e+00
      vertex 7.143750e+00 -1.768753e+00 2.343203e+00
    endloop
  endfacet
  facet normal -1.000000e+00 -2.002237e-16 -3.199718e-16
    outer loop
      vertex 7.143750e+00 -1.768753e+00 2.343203e+00
      vertex 7.143750e+00 -1.213657e+01 2.393204e+00
      vertex 7.143750e+00 -2.164523e+00 2.466129e+00
    endloop
  endfacet
  facet normal -1.000000e+00 -2.002237e-16 -3.199718e-16
    outer loop
      vertex 7.143750e+00 -2.164523e+00 2.466129e+00
      vertex 7.143750e+00 -1.213657e+01 2.393204e+00
      vertex 7.143750e+00 -1.176079e+01 2.567934e+00
    endloop
  endfacet
  facet normal -1.000000e+00 -2.002237e-16 -3.199718e-16
    outer loop
      vertex 7.143750e+00 -2.164523e+00 2.466129e+00
      vertex 7.143750e+00 -1.176079e+01 2.567934e+00
      vertex 7.143750e+00 -2.514992e+00 2.687298e+00
    endloop
  endfacet
  facet normal -1.000000e+00 -2.002237e-16 -3.199718e-16
    outer loop
      vertex 7.143750e+00 -2.514992e+00 2.687298e+00
      vertex 7.143750e+00 -1.176079e+01 2.567934e+00
      vertex 7.143750e+00 -1.144303e+01 2.833971e+00
    endloop
  endfacet
  facet normal -1.000000e+00 -2.002237e-16 -3.199718e-16
    outer loop
      vertex 7.143750e+00 -2.514992e+00 2.687298e+00
      vertex 7.143750e+00 -1.144303e+01 2.833971e+00
      vertex 7.143750e+00 -2.796276e+00 2.991639e+00
    endloop
  endfacet
  facet normal -1.000000e+00 -2.002237e-16 -3.199718e-16
    outer loop
      vertex 7.143750e+00 -2.796276e+00 2.991639e+00
      vertex 7.143750e+00 -1.144303e+01 2.833971e+00
      vertex 7.143750e+00 -1.120496e+01 3.173183e+00
    endloop
  endfacet
  facet normal -1.000000e+00 -2.002237e-16 -3.199718e-16
    outer loop
      vertex 7.143750e+00 -2.796276e+00 2.991639e+00
      vertex 7.143750e+00 -1.120496e+01 3.173183e+00
      vertex 7.143750e+00 -2.989207e+00 3.358412e+00
    endloop
  endfacet
  facet normal -1.000000e+00 -2.002237e-16 -3.199718e-16
    outer loop
      vertex 7.143750e+00 -2.989207e+00 3.358412e+00
      vertex 7.143750e+00 -1.120496e+01 3.173183e+00
      vertex 7.143750e+00 -1.106279e+01 3.562456e+00
    endloop
  endfacet
  facet normal -1.000000e+00 -2.002237e-16 -3.199718e-16
    outer loop
      vertex 7.143750e+00 -2.989207e+00 3.358412e+00
      vertex 7.143750e+00 -1.106279e+01 3.562456e+00
      vertex 7.143750e+00 -3.080636e+00 3.762622e+00
    endloop
  endfacet
  facet normal -1.000000e+00 -2.002237e-16 -3.199718e-16
    outer loop
      vertex 7.143750e+00 -3.080636e+00 3.762622e+00
      vertex 7.143750e+00 -1.106279e+01 3.562456e+00
      vertex 7.143750e+00 -1.102622e+01 3.975260e+00
    endloop
  endfacet
  facet normal -1.000000e+00 -2.002237e-16 -3.199718e-16
    outer loop
      vertex 7.143750e+00 -3.080636e+00 3.762622e+00
      vertex 7.143750e+00 -1.102622e+01 3.975260e+00
      vertex 7.143750e+00 -3.064332e+00 4.176721e+00
    endloop
  endfacet
  facet normal -1.000000e+00 -2.002237e-16 -3.199718e-16
    outer loop
      vertex 7.143750e+00 -3.064332e+00 4.176721e+00
      vertex 7.143750e+00 -1.102622e+01 3.975260e+00
      vertex 7.143750e+00 -1.109774e+01 4.383463e+00
    endloop
  endfacet
  facet normal -1.000000e+00 -2.002237e-16 -3.199718e-16
    outer loop
      vertex 7.143750e+00 -3.064332e+00 4.176721e+00
      vertex 7.143750e+00 -1.109774e+01 4.383463e+00
      vertex 7.143750e+00 -2.941407e+00 4.572491e+00
    endloop
  endfacet
  facet normal -1.000000e+00 -2.002237e-16 -3.199718e-16
    outer loop
      vertex 7.143750e+00 -2.941407e+00 4.572491e+00
      vertex 7.143750e+00 -1.109774e+01 4.383463e+00
      vertex 7.143750e+00 -1.127247e+01 4.759248e+00
    endloop
  endfacet
  facet normal -1.000000e+00 -2.002237e-16 -3.199718e-16
    outer loop
      vertex 7.143750e+00 -2.941407e+00 4.572491e+00
      vertex 7.143750e+00 -1.127247e+01 4.759248e+00
      vertex 7.143750e+00 -2.720238e+00 4.922960e+00
    endloop
  endfacet
  facet normal -1.000000e+00 -2.002237e-16 -3.199718e-16
    outer loop
      vertex 7.143750e+00 -2.720238e+00 4.922960e+00
      vertex 7.143750e+00 -1.127247e+01 4.759248e+00
      vertex 7.143750e+00 -1.153850e+01 5.077004e+00
    endloop
  endfacet
  facet normal -1.000000e+00 -2.002237e-16 -3.199718e-16
    outer loop
      vertex 7.143750e+00 -2.720238e+00 4.922960e+00
      vertex 7.143750e+00 -1.153850e+01 5.077004e+00
      vertex 7.143750e+00 -2.415897e+00 5.204245e+00
    endloop
  endfacet
  facet normal -1.000000e+00 -2.002237e-16 -3.199718e-16
    outer loop
      vertex 7.143750e+00 -2.415897e+00 5.204245e+00
      vertex 7.143750e+00 -1.153850e+01 5.077004e+00
      vertex 7.143750e+00 -1.187771e+01 5.315078e+00
    endloop
  endfacet
  facet normal -1.000000e+00 -2.002237e-16 -3.199718e-16
    outer loop
      vertex 7.143750e+00 -2.415897e+00 5.204245e+00
      vertex 7.143750e+00 -1.187771e+01 5.315078e+00
      vertex 7.143750e+00 -2.049124e+00 5.397175e+00
    endloop
  endfacet
  facet normal -1.000000e+00 -2.002237e-16 -3.199718e-16
    outer loop
      vertex 7.143750e+00 -2.049124e+00 5.397175e+00
      vertex 7.143750e+00 -1.187771e+01 5.315078e+00
      vertex 7.143750e+00 -1.226699e+01 5.457244e+00
    endloop
  endfacet
  facet normal -1.000000e+00 -2.002237e-16 -3.199718e-16
    outer loop
      vertex 7.143750e+00 -2.049124e+00 5.397175e+00
      vertex 7.143750e+00 -1.226699e+01 5.457244e+00
      vertex 7.143750e+00 -1.644914e+00 5.488604e+00
    endloop
  endfacet
  facet normal -1.000000e+00 -2.002237e-16 -3.199718e-16
    outer loop
      vertex 7.143750e+00 -1.644914e+00 5.488604e+00
      vertex 7.143750e+00 -1.226699e+01 5.457244e+00
      vertex 7.143750e+00 -1.267979e+01 5.493816e+00
    endloop
  endfacet
  facet normal -1.000000e+00 -2.002237e-16 -3.199718e-16
    outer loop
      vertex 7.143750e+00 -1.658103e+01 1.110223e-15
      vertex 7.143750e+00 -1.295758e+01 2.358260e+00
      vertex 7.143750e+00 2.468966e+00 1.110223e-15
    endloop
  endfacet
  facet normal -1.000000e+00 -2.002237e-16 -3.199718e-16
    outer loop
      vertex 7.143750e+00 -1.295758e+01 2.358260e+00
      vertex 7.143750e+00 -1.658103e+01 1.110223e-15
      vertex 7.143750e+00 -1.334685e+01 2.500427e+00
    endloop
  endfacet
  facet normal -1.000000e+00 -2.002237e-16 -3.199718e-16
    outer loop
      vertex 7.143750e+00 -1.334685e+01 2.500427e+00
      vertex 7.143750e+00 -1.658103e+01 1.110223e-15
      vertex 7.143750e+00 -1.368607e+01 2.738501e+00
    endloop
  endfacet
  facet normal -1.000000e+00 -2.002237e-16 -3.199718e-16
    outer loop
      vertex 7.143750e+00 -1.368607e+01 2.738501e+00
      vertex 7.143750e+00 -1.658103e+01 1.110223e-15
      vertex 7.143750e+00 -1.395210e+01 3.056257e+00
    endloop
  endfacet
  facet normal -1.000000e+00 -2.002237e-16 -3.199718e-16
    outer loop
      vertex 7.143750e+00 -1.395210e+01 3.056257e+00
      vertex 7.143750e+00 -1.658103e+01 1.110223e-15
      vertex 7.143750e+00 -1.658103e+01 7.082752e+00
    endloop
  endfacet
  facet normal -1.000000e+00 -2.002237e-16 -3.199718e-16
    outer loop
      vertex 7.143750e+00 2.468966e+00 1.110223e-15
      vertex 7.143750e+00 -1.295758e+01 2.358260e+00
      vertex 7.143750e+00 -1.254478e+01 2.321688e+00
    endloop
  endfacet
  facet normal -1.000000e+00 -2.002237e-16 -3.199718e-16
    outer loop
      vertex 7.143750e+00 -1.395210e+01 3.056257e+00
      vertex 7.143750e+00 -1.658103e+01 7.082752e+00
      vertex 7.143750e+00 -1.412683e+01 3.432041e+00
    endloop
  endfacet
  facet normal -1.000000e+00 -2.002237e-16 -3.199718e-16
    outer loop
      vertex 7.143750e+00 -1.412683e+01 3.432041e+00
      vertex 7.143750e+00 -1.658103e+01 7.082752e+00
      vertex 7.143750e+00 -1.419835e+01 3.840244e+00
    endloop
  endfacet
  facet normal -1.000000e+00 -2.002237e-16 -3.199718e-16
    outer loop
      vertex 7.143750e+00 -1.419835e+01 3.840244e+00
      vertex 7.143750e+00 -1.658103e+01 7.082752e+00
      vertex 7.143750e+00 -1.416178e+01 4.253048e+00
    endloop
  endfacet
  facet normal -1.000000e+00 -2.002237e-16 -3.199718e-16
    outer loop
      vertex 7.143750e+00 -1.416178e+01 4.253048e+00
      vertex 7.143750e+00 -1.658103e+01 7.082752e+00
      vertex 7.143750e+00 -1.401961e+01 4.642321e+00
    endloop
  endfacet
  facet normal -1.000000e+00 -2.002237e-16 -3.199718e-16
    outer loop
      vertex 7.143750e+00 -1.401961e+01 4.642321e+00
      vertex 7.143750e+00 -1.658103e+01 7.082752e+00
      vertex 7.143750e+00 -1.378154e+01 4.981534e+00
    endloop
  endfacet
  facet normal -1.000000e+00 -2.002237e-16 -3.199718e-16
    outer loop
      vertex 7.143750e+00 -1.378154e+01 4.981534e+00
      vertex 7.143750e+00 -1.658103e+01 7.082752e+00
      vertex 7.143750e+00 -1.346378e+01 5.247570e+00
    endloop
  endfacet
  facet normal -1.000000e+00 -2.002237e-16 -3.199718e-16
    outer loop
      vertex 7.143750e+00 -1.346378e+01 5.247570e+00
      vertex 7.143750e+00 -1.658103e+01 7.082752e+00
      vertex 7.143750e+00 -1.308799e+01 5.422300e+00
    endloop
  endfacet
  facet normal -1.000000e+00 -2.002237e-16 -3.199718e-16
    outer loop
      vertex 7.143750e+00 -1.308799e+01 5.422300e+00
      vertex 7.143750e+00 -1.658103e+01 7.082752e+00
      vertex 7.143750e+00 -1.267979e+01 5.493816e+00
    endloop
  endfacet
  facet normal -1.000000e+00 -2.002237e-16 -3.199718e-16
    outer loop
      vertex 7.143750e+00 2.468966e+00 1.110223e-15
      vertex 7.143750e+00 -1.354653e+00 2.326900e+00
      vertex 7.143750e+00 2.468966e+00 3.114002e+00
    endloop
  endfacet
  facet normal -1.000000e+00 -2.002237e-16 -3.199718e-16
    outer loop
      vertex 7.143750e+00 -1.354653e+00 2.326900e+00
      vertex 7.143750e+00 2.468966e+00 1.110223e-15
      vertex 7.143750e+00 -1.254478e+01 2.321688e+00
    endloop
  endfacet
  facet normal -1.000000e+00 -2.002237e-16 -3.199718e-16
    outer loop
      vertex 7.143750e+00 2.468966e+00 3.114002e+00
      vertex 7.143750e+00 -1.354653e+00 2.326900e+00
      vertex 7.143750e+00 -9.504435e-01 2.418329e+00
    endloop
  endfacet
  facet normal -1.000000e+00 -2.002237e-16 -3.199718e-16
    outer loop
      vertex 7.143750e+00 2.468966e+00 3.114002e+00
      vertex 7.143750e+00 -9.504435e-01 2.418329e+00
      vertex 7.143750e+00 -5.836709e-01 2.611259e+00
    endloop
  endfacet
  facet normal -1.000000e+00 -2.002237e-16 -3.199718e-16
    outer loop
      vertex 7.143750e+00 2.468966e+00 3.114002e+00
      vertex 7.143750e+00 -5.836709e-01 2.611259e+00
      vertex 7.143750e+00 -2.793298e-01 2.892544e+00
    endloop
  endfacet
  facet normal -1.000000e+00 -2.002237e-16 -3.199718e-16
    outer loop
      vertex 7.143750e+00 2.468966e+00 3.114002e+00
      vertex 7.143750e+00 -2.793298e-01 2.892544e+00
      vertex 7.143750e+00 -5.816021e-02 3.243013e+00
    endloop
  endfacet
  facet normal -1.000000e+00 -2.002237e-16 -3.199718e-16
    outer loop
      vertex 7.143750e+00 2.468966e+00 3.114002e+00
      vertex 7.143750e+00 -5.816021e-02 3.243013e+00
      vertex 7.143750e+00 2.468966e+00 7.082752e+00
    endloop
  endfacet
  facet normal -1.000000e+00 -2.002237e-16 -3.199718e-16
    outer loop
      vertex 7.143750e+00 2.468966e+00 7.082752e+00
      vertex 7.143750e+00 -5.816021e-02 3.243013e+00
      vertex 7.143750e+00 6.476485e-02 3.638783e+00
    endloop
  endfacet
  facet normal -1.000000e+00 -2.002237e-16 -3.199718e-16
    outer loop
      vertex 7.143750e+00 2.468966e+00 7.082752e+00
      vertex 7.143750e+00 6.476485e-02 3.638783e+00
      vertex 7.143750e+00 8.106866e-02 4.052883e+00
    endloop
  endfacet
  facet normal -1.000000e+00 -2.002237e-16 -3.199718e-16
    outer loop
      vertex 7.143750e+00 2.468966e+00 7.082752e+00
      vertex 7.143750e+00 8.106866e-02 4.052883e+00
      vertex 7.143750e+00 -1.036001e-02 4.457092e+00
    endloop
  endfacet
  facet normal -1.000000e+00 -2.002237e-16 -3.199718e-16
    outer loop
      vertex 7.143750e+00 2.468966e+00 7.082752e+00
      vertex 7.143750e+00 -1.036001e-02 4.457092e+00
      vertex 7.143750e+00 -2.032905e-01 4.823865e+00
    endloop
  endfacet
  facet normal -1.000000e+00 -2.002237e-16 -3.199718e-16
    outer loop
      vertex 7.143750e+00 2.468966e+00 7.082752e+00
      vertex 7.143750e+00 -2.032905e-01 4.823865e+00
      vertex 7.143750e+00 -4.845748e-01 5.128206e+00
    endloop
  endfacet
  facet normal -1.000000e+00 -2.002237e-16 -3.199718e-16
    outer loop
      vertex 7.143750e+00 2.468966e+00 7.082752e+00
      vertex 7.143750e+00 -4.845748e-01 5.128206e+00
      vertex 7.143750e+00 -8.350443e-01 5.349376e+00
    endloop
  endfacet
  facet normal -1.000000e+00 -2.002237e-16 -3.199718e-16
    outer loop
      vertex 7.143750e+00 2.468966e+00 7.082752e+00
      vertex 7.143750e+00 -8.350443e-01 5.349376e+00
      vertex 7.143750e+00 -1.230814e+00 5.472301e+00
    endloop
  endfacet
  facet normal -1.000000e+00 -2.002237e-16 -3.199718e-16
    outer loop
      vertex 7.143750e+00 2.468966e+00 7.082752e+00
      vertex 7.143750e+00 -1.230814e+00 5.472301e+00
      vertex 7.143750e+00 -1.644914e+00 5.488604e+00
    endloop
  endfacet
  facet normal -1.000000e+00 -2.002237e-16 -3.199718e-16
    outer loop
      vertex 7.143750e+00 2.468966e+00 7.082752e+00
      vertex 7.143750e+00 -1.644914e+00 5.488604e+00
      vertex 7.143750e+00 -1.267979e+01 5.493816e+00
    endloop
  endfacet
  facet normal -1.000000e+00 -2.002237e-16 -3.199718e-16
    outer loop
      vertex 7.143750e+00 2.468966e+00 7.082752e+00
      vertex 7.143750e+00 -1.267979e+01 5.493816e+00
      vertex 7.143750e+00 -1.658103e+01 7.082752e+00
    endloop
  endfacet
  facet normal 7.477314e-16 1.000000e+00 4.527882e-15
    outer loop
      vertex 7.207778e+00 1.577856e+01 1.110223e-15
      vertex 2.606459e+01 1.577856e+01 3.114002e+00
      vertex 2.606459e+01 1.577856e+01 0.000000e+00
    endloop
  endfacet
  facet normal 7.477314e-16 1.000000e+00 4.527882e-15
    outer loop
      vertex 2.606459e+01 1.577856e+01 3.114002e+00
      vertex 7.207778e+00 1.577856e+01 1.110223e-15
      vertex 7.207778e+00 1.577856e+01 3.114002e+00
    endloop
  endfacet
  facet normal 5.041279e-16 4.051763e-16 1.000000e+00
    outer loop
      vertex 2.168497e+01 1.027640e+01 3.114002e+00
      vertex 1.098334e+01 1.022231e+01 3.114002e+00
      vertex 2.209584e+01 1.022231e+01 3.114002e+00
    endloop
  endfacet
  facet normal 5.041279e-16 4.051763e-16 1.000000e+00
    outer loop
      vertex 1.098334e+01 1.022231e+01 3.114002e+00
      vertex 2.168497e+01 1.027640e+01 3.114002e+00
      vertex 1.139422e+01 1.027640e+01 3.114002e+00
    endloop
  endfacet
  facet normal 5.041279e-16 4.051763e-16 1.000000e+00
    outer loop
      vertex 1.139422e+01 1.027640e+01 3.114002e+00
      vertex 2.168497e+01 1.027640e+01 3.114002e+00
      vertex 2.130209e+01 1.043500e+01 3.114002e+00
    endloop
  endfacet
  facet normal 5.041279e-16 4.051763e-16 1.000000e+00
    outer loop
      vertex 1.139422e+01 1.027640e+01 3.114002e+00
      vertex 2.130209e+01 1.043500e+01 3.114002e+00
      vertex 1.177709e+01 1.043500e+01 3.114002e+00
    endloop
  endfacet
  facet normal 5.041279e-16 4.051763e-16 1.000000e+00
    outer loop
      vertex 1.177709e+01 1.043500e+01 3.114002e+00
      vertex 2.130209e+01 1.043500e+01 3.114002e+00
      vertex 1.210588e+01 1.068728e+01 3.114002e+00
    endloop
  endfacet
  facet normal 5.041279e-16 4.051763e-16 1.000000e+00
    outer loop
      vertex 1.210588e+01 1.068728e+01 3.114002e+00
      vertex 2.130209e+01 1.043500e+01 3.114002e+00
      vertex 2.097331e+01 1.068728e+01 3.114002e+00
    endloop
  endfacet
  facet normal 5.041279e-16 4.051763e-16 1.000000e+00
    outer loop
      vertex 1.210588e+01 1.068728e+01 3.114002e+00
      vertex 2.097331e+01 1.068728e+01 3.114002e+00
      vertex 2.072103e+01 1.101606e+01 3.114002e+00
    endloop
  endfacet
  facet normal 5.041279e-16 4.051763e-16 1.000000e+00
    outer loop
      vertex 1.210588e+01 1.068728e+01 3.114002e+00
      vertex 2.072103e+01 1.101606e+01 3.114002e+00
      vertex 1.235816e+01 1.101606e+01 3.114002e+00
    endloop
  endfacet
  facet normal 5.041279e-16 4.051763e-16 1.000000e+00
    outer loop
      vertex 1.235816e+01 1.101606e+01 3.114002e+00
      vertex 2.072103e+01 1.101606e+01 3.114002e+00
      vertex 2.056244e+01 1.139894e+01 3.114002e+00
    endloop
  endfacet
  facet normal 5.041279e-16 4.051763e-16 1.000000e+00
    outer loop
      vertex 1.235816e+01 1.101606e+01 3.114002e+00
      vertex 2.056244e+01 1.139894e+01 3.114002e+00
      vertex 1.251675e+01 1.139894e+01 3.114002e+00
    endloop
  endfacet
  facet normal 5.041279e-16 4.051763e-16 1.000000e+00
    outer loop
      vertex 1.251675e+01 1.139894e+01 3.114002e+00
      vertex 2.056244e+01 1.139894e+01 3.114002e+00
      vertex 2.050834e+01 1.180981e+01 3.114002e+00
    endloop
  endfacet
  facet normal 5.041279e-16 4.051763e-16 1.000000e+00
    outer loop
      vertex 1.251675e+01 1.139894e+01 3.114002e+00
      vertex 2.050834e+01 1.180981e+01 3.114002e+00
      vertex 1.257084e+01 1.180981e+01 3.114002e+00
    endloop
  endfacet
  facet normal 5.041279e-16 4.051763e-16 1.000000e+00
    outer loop
      vertex 1.257084e+01 1.180981e+01 3.114002e+00
      vertex 2.050834e+01 1.180981e+01 3.114002e+00
      vertex 2.056244e+01 1.222069e+01 3.114002e+00
    endloop
  endfacet
  facet normal 5.041279e-16 4.051763e-16 1.000000e+00
    outer loop
      vertex 1.257084e+01 1.180981e+01 3.114002e+00
      vertex 2.056244e+01 1.222069e+01 3.114002e+00
      vertex 1.251675e+01 1.222069e+01 3.114002e+00
    endloop
  endfacet
  facet normal 5.041279e-16 4.051763e-16 1.000000e+00
    outer loop
      vertex 1.251675e+01 1.222069e+01 3.114002e+00
      vertex 2.056244e+01 1.222069e+01 3.114002e+00
      vertex 2.072103e+01 1.260356e+01 3.114002e+00
    endloop
  endfacet
  facet normal 5.041279e-16 4.051763e-16 1.000000e+00
    outer loop
      vertex 1.251675e+01 1.222069e+01 3.114002e+00
      vertex 2.072103e+01 1.260356e+01 3.114002e+00
      vertex 1.235816e+01 1.260356e+01 3.114002e+00
    endloop
  endfacet
  facet normal 5.041279e-16 4.051763e-16 1.000000e+00
    outer loop
      vertex 1.235816e+01 1.260356e+01 3.114002e+00
      vertex 2.072103e+01 1.260356e+01 3.114002e+00
      vertex 2.097331e+01 1.293234e+01 3.114002e+00
    endloop
  endfacet
  facet normal 5.041279e-16 4.051763e-16 1.000000e+00
    outer loop
      vertex 1.235816e+01 1.260356e+01 3.114002e+00
      vertex 2.097331e+01 1.293234e+01 3.114002e+00
      vertex 1.210588e+01 1.293234e+01 3.114002e+00
    endloop
  endfacet
  facet normal 5.041279e-16 4.051763e-16 1.000000e+00
    outer loop
      vertex 1.210588e+01 1.293234e+01 3.114002e+00
      vertex 2.097331e+01 1.293234e+01 3.114002e+00
      vertex 2.130209e+01 1.318463e+01 3.114002e+00
    endloop
  endfacet
  facet normal 5.041279e-16 4.051763e-16 1.000000e+00
    outer loop
      vertex 1.210588e+01 1.293234e+01 3.114002e+00
      vertex 2.130209e+01 1.318463e+01 3.114002e+00
      vertex 1.177709e+01 1.318463e+01 3.114002e+00
    endloop
  endfacet
  facet normal 5.041279e-16 4.051763e-16 1.000000e+00
    outer loop
      vertex 1.177709e+01 1.318463e+01 3.114002e+00
      vertex 2.130209e+01 1.318463e+01 3.114002e+00
      vertex 2.168497e+01 1.334322e+01 3.114002e+00
    endloop
  endfacet
  facet normal 5.041279e-16 4.051763e-16 1.000000e+00
    outer loop
      vertex 1.177709e+01 1.318463e+01 3.114002e+00
      vertex 2.168497e+01 1.334322e+01 3.114002e+00
      vertex 1.139422e+01 1.334322e+01 3.114002e+00
    endloop
  endfacet
  facet normal 5.041279e-16 4.051763e-16 1.000000e+00
    outer loop
      vertex 1.139422e+01 1.334322e+01 3.114002e+00
      vertex 2.168497e+01 1.334322e+01 3.114002e+00
      vertex 2.209584e+01 1.339731e+01 3.114002e+00
    endloop
  endfacet
  facet normal 5.041279e-16 4.051763e-16 1.000000e+00
    outer loop
      vertex 1.139422e+01 1.334322e+01 3.114002e+00
      vertex 2.209584e+01 1.339731e+01 3.114002e+00
      vertex 1.098334e+01 1.339731e+01 3.114002e+00
    endloop
  endfacet
  facet normal 5.041279e-16 4.051763e-16 1.000000e+00
    outer loop
      vertex 2.600057e+01 2.468966e+00 3.114002e+00
      vertex 2.288959e+01 1.043500e+01 3.114002e+00
      vertex 1.190625e+01 2.468966e+00 3.114002e+00
    endloop
  endfacet
  facet normal 5.041279e-16 4.051763e-16 1.000000e+00
    outer loop
      vertex 2.288959e+01 1.043500e+01 3.114002e+00
      vertex 2.600057e+01 2.468966e+00 3.114002e+00
      vertex 2.321838e+01 1.068728e+01 3.114002e+00
    endloop
  endfacet
  facet normal 5.041279e-16 4.051763e-16 1.000000e+00
    outer loop
      vertex 2.321838e+01 1.068728e+01 3.114002e+00
      vertex 2.600057e+01 2.468966e+00 3.114002e+00
      vertex 2.347066e+01 1.101606e+01 3.114002e+00
    endloop
  endfacet
  facet normal 5.041279e-16 4.051763e-16 1.000000e+00
    outer loop
      vertex 2.347066e+01 1.101606e+01 3.114002e+00
      vertex 2.600057e+01 2.468966e+00 3.114002e+00
      vertex 2.606459e+01 1.577856e+01 3.114002e+00
    endloop
  endfacet
  facet normal 5.041279e-16 4.051763e-16 1.000000e+00
    outer loop
      vertex 1.190625e+01 2.468966e+00 3.114002e+00
      vertex 2.288959e+01 1.043500e+01 3.114002e+00
      vertex 2.250672e+01 1.027640e+01 3.114002e+00
    endloop
  endfacet
  facet normal 5.041279e-16 4.051763e-16 1.000000e+00
    outer loop
      vertex 1.190625e+01 2.468966e+00 3.114002e+00
      vertex 2.250672e+01 1.027640e+01 3.114002e+00
      vertex 2.209584e+01 1.022231e+01 3.114002e+00
    endloop
  endfacet
  facet normal 5.041279e-16 4.051763e-16 1.000000e+00
    outer loop
      vertex 2.347066e+01 1.101606e+01 3.114002e+00
      vertex 2.606459e+01 1.577856e+01 3.114002e+00
      vertex 2.362925e+01 1.139894e+01 3.114002e+00
    endloop
  endfacet
  facet normal 5.041279e-16 4.051763e-16 1.000000e+00
    outer loop
      vertex 2.362925e+01 1.139894e+01 3.114002e+00
      vertex 2.606459e+01 1.577856e+01 3.114002e+00
      vertex 2.368334e+01 1.180981e+01 3.114002e+00
    endloop
  endfacet
  facet normal 5.041279e-16 4.051763e-16 1.000000e+00
    outer loop
      vertex 2.368334e+01 1.180981e+01 3.114002e+00
      vertex 2.606459e+01 1.577856e+01 3.114002e+00
      vertex 2.362925e+01 1.222069e+01 3.114002e+00
    endloop
  endfacet
  facet normal 5.041279e-16 4.051763e-16 1.000000e+00
    outer loop
      vertex 2.362925e+01 1.222069e+01 3.114002e+00
      vertex 2.606459e+01 1.577856e+01 3.114002e+00
      vertex 2.347066e+01 1.260356e+01 3.114002e+00
    endloop
  endfacet
  facet normal 5.041279e-16 4.051763e-16 1.000000e+00
    outer loop
      vertex 2.347066e+01 1.260356e+01 3.114002e+00
      vertex 2.606459e+01 1.577856e+01 3.114002e+00
      vertex 2.321838e+01 1.293234e+01 3.114002e+00
    endloop
  endfacet
  facet normal 5.041279e-16 4.051763e-16 1.000000e+00
    outer loop
      vertex 2.321838e+01 1.293234e+01 3.114002e+00
      vertex 2.606459e+01 1.577856e+01 3.114002e+00
      vertex 2.288959e+01 1.318463e+01 3.114002e+00
    endloop
  endfacet
  facet normal 5.041279e-16 4.051763e-16 1.000000e+00
    outer loop
      vertex 2.288959e+01 1.318463e+01 3.114002e+00
      vertex 2.606459e+01 1.577856e+01 3.114002e+00
      vertex 2.250672e+01 1.334322e+01 3.114002e+00
    endloop
  endfacet
  facet normal 5.041279e-16 4.051763e-16 1.000000e+00
    outer loop
      vertex 2.250672e+01 1.334322e+01 3.114002e+00
      vertex 2.606459e+01 1.577856e+01 3.114002e+00
      vertex 2.209584e+01 1.339731e+01 3.114002e+00
    endloop
  endfacet
  facet normal 5.041279e-16 4.051763e-16 1.000000e+00
    outer loop
      vertex 1.190625e+01 2.468966e+00 3.114002e+00
      vertex 7.207778e+00 1.577856e+01 3.114002e+00
      vertex 7.143750e+00 2.468966e+00 3.114002e+00
    endloop
  endfacet
  facet normal 5.041279e-16 4.051763e-16 1.000000e+00
    outer loop
      vertex 7.207778e+00 1.577856e+01 3.114002e+00
      vertex 1.190625e+01 2.468966e+00 3.114002e+00
      vertex 9.608530e+00 1.101606e+01 3.114002e+00
    endloop
  endfacet
  facet normal 5.041279e-16 4.051763e-16 1.000000e+00
    outer loop
      vertex 9.608530e+00 1.101606e+01 3.114002e+00
      vertex 1.190625e+01 2.468966e+00 3.114002e+00
      vertex 9.860813e+00 1.068728e+01 3.114002e+00
    endloop
  endfacet
  facet normal 5.041279e-16 4.051763e-16 1.000000e+00
    outer loop
      vertex 9.860813e+00 1.068728e+01 3.114002e+00
      vertex 1.190625e+01 2.468966e+00 3.114002e+00
      vertex 1.018959e+01 1.043500e+01 3.114002e+00
    endloop
  endfacet
  facet normal 5.041279e-16 4.051763e-16 1.000000e+00
    outer loop
      vertex 1.018959e+01 1.043500e+01 3.114002e+00
      vertex 1.190625e+01 2.468966e+00 3.114002e+00
      vertex 1.057247e+01 1.027640e+01 3.114002e+00
    endloop
  endfacet
  facet normal 5.041279e-16 4.051763e-16 1.000000e+00
    outer loop
      vertex 1.057247e+01 1.027640e+01 3.114002e+00
      vertex 1.190625e+01 2.468966e+00 3.114002e+00
      vertex 1.098334e+01 1.022231e+01 3.114002e+00
    endloop
  endfacet
  facet normal 5.041279e-16 4.051763e-16 1.000000e+00
    outer loop
      vertex 1.098334e+01 1.022231e+01 3.114002e+00
      vertex 1.190625e+01 2.468966e+00 3.114002e+00
      vertex 2.209584e+01 1.022231e+01 3.114002e+00
    endloop
  endfacet
  facet normal 5.041279e-16 4.051763e-16 1.000000e+00
    outer loop
      vertex 7.207778e+00 1.577856e+01 3.114002e+00
      vertex 9.608530e+00 1.101606e+01 3.114002e+00
      vertex 9.449938e+00 1.139894e+01 3.114002e+00
    endloop
  endfacet
  facet normal 5.041279e-16 4.051763e-16 1.000000e+00
    outer loop
      vertex 7.207778e+00 1.577856e+01 3.114002e+00
      vertex 9.449938e+00 1.139894e+01 3.114002e+00
      vertex 9.395844e+00 1.180981e+01 3.114002e+00
    endloop
  endfacet
  facet normal 5.041279e-16 4.051763e-16 1.000000e+00
    outer loop
      vertex 7.207778e+00 1.577856e+01 3.114002e+00
      vertex 9.395844e+00 1.180981e+01 3.114002e+00
      vertex 9.449938e+00 1.222069e+01 3.114002e+00
    endloop
  endfacet
  facet normal 5.041279e-16 4.051763e-16 1.000000e+00
    outer loop
      vertex 7.207778e+00 1.577856e+01 3.114002e+00
      vertex 9.449938e+00 1.222069e+01 3.114002e+00
      vertex 9.608530e+00 1.260356e+01 3.114002e+00
    endloop
  endfacet
  facet normal 5.041279e-16 4.051763e-16 1.000000e+00
    outer loop
      vertex 7.207778e+00 1.577856e+01 3.114002e+00
      vertex 9.608530e+00 1.260356e+01 3.114002e+00
      vertex 9.860813e+00 1.293234e+01 3.114002e+00
    endloop
  endfacet
  facet normal 5.041279e-16 4.051763e-16 1.000000e+00
    outer loop
      vertex 7.207778e+00 1.577856e+01 3.114002e+00
      vertex 9.860813e+00 1.293234e+01 3.114002e+00
      vertex 1.018959e+01 1.318463e+01 3.114002e+00
    endloop
  endfacet
  facet normal 5.041279e-16 4.051763e-16 1.000000e+00
    outer loop
      vertex 7.207778e+00 1.577856e+01 3.114002e+00
      vertex 1.018959e+01 1.318463e+01 3.114002e+00
      vertex 1.057247e+01 1.334322e+01 3.114002e+00
    endloop
  endfacet
  facet normal 5.041279e-16 4.051763e-16 1.000000e+00
    outer loop
      vertex 7.207778e+00 1.577856e+01 3.114002e+00
      vertex 1.057247e+01 1.334322e+01 3.114002e+00
      vertex 1.098334e+01 1.339731e+01 3.114002e+00
    endloop
  endfacet
  facet normal 5.041279e-16 4.051763e-16 1.000000e+00
    outer loop
      vertex 7.207778e+00 1.577856e+01 3.114002e+00
      vertex 1.098334e+01 1.339731e+01 3.114002e+00
      vertex 2.209584e+01 1.339731e+01 3.114002e+00
    endloop
  endfacet
  facet normal 5.041279e-16 4.051763e-16 1.000000e+00
    outer loop
      vertex 7.207778e+00 1.577856e+01 3.114002e+00
      vertex 2.209584e+01 1.339731e+01 3.114002e+00
      vertex 2.606459e+01 1.577856e+01 3.114002e+00
    endloop
  endfacet
  facet normal -1.480297e-16 1.000000e+00 -1.243450e-15
    outer loop
      vertex 7.143750e+00 2.468966e+00 3.114002e+00
      vertex 1.190625e+01 2.468966e+00 7.082752e+00
      vertex 1.190625e+01 2.468966e+00 3.114002e+00
    endloop
  endfacet
  facet normal -1.480297e-16 1.000000e+00 -1.243450e-15
    outer loop
      vertex 1.190625e+01 2.468966e+00 7.082752e+00
      vertex 7.143750e+00 2.468966e+00 3.114002e+00
      vertex 7.143750e+00 2.468966e+00 7.082752e+00
    endloop
  endfacet
  facet normal -3.001174e-16 -1.000000e+00 -4.527881e-16
    outer loop
      vertex 1.190625e+01 2.468966e+00 3.114002e+00
      vertex 2.600057e+01 2.468966e+00 0.000000e+00
      vertex 2.600057e+01 2.468966e+00 3.114002e+00
    endloop
  endfacet
  facet normal -3.001174e-16 -1.000000e+00 -4.527881e-16
    outer loop
      vertex 2.600057e+01 2.468966e+00 0.000000e+00
      vertex 1.190625e+01 2.468966e+00 3.114002e+00
      vertex 1.190625e+01 2.468966e+00 8.881784e-16
    endloop
  endfacet
  facet normal -7.252076e-16 9.282824e-16 -1.000000e+00
    outer loop
      vertex 1.098334e+01 1.022231e+01 8.881784e-16
      vertex 2.168497e+01 1.027640e+01 2.220446e-16
      vertex 2.209584e+01 1.022231e+01 2.220446e-16
    endloop
  endfacet
  facet normal -7.252076e-16 9.282824e-16 -1.000000e+00
    outer loop
      vertex 2.168497e+01 1.027640e+01 2.220446e-16
      vertex 1.098334e+01 1.022231e+01 8.881784e-16
      vertex 1.139422e+01 1.027640e+01 8.881784e-16
    endloop
  endfacet
  facet normal -7.252076e-16 9.282824e-16 -1.000000e+00
    outer loop
      vertex 2.168497e+01 1.027640e+01 2.220446e-16
      vertex 1.139422e+01 1.027640e+01 8.881784e-16
      vertex 2.130209e+01 1.043500e+01 2.220446e-16
    endloop
  endfacet
  facet normal -7.252076e-16 9.282824e-16 -1.000000e+00
    outer loop
      vertex 2.130209e+01 1.043500e+01 2.220446e-16
      vertex 1.139422e+01 1.027640e+01 8.881784e-16
      vertex 1.177709e+01 1.043500e+01 8.881784e-16
    endloop
  endfacet
  facet normal -7.252076e-16 9.282824e-16 -1.000000e+00
    outer loop
      vertex 2.130209e+01 1.043500e+01 2.220446e-16
      vertex 1.177709e+01 1.043500e+01 8.881784e-16
      vertex 1.210588e+01 1.068728e+01 8.881784e-16
    endloop
  endfacet
  facet normal -7.252076e-16 9.282824e-16 -1.000000e+00
    outer loop
      vertex 2.130209e+01 1.043500e+01 2.220446e-16
      vertex 1.210588e+01 1.068728e+01 8.881784e-16
      vertex 2.097331e+01 1.068728e+01 2.220446e-16
    endloop
  endfacet
  facet normal -7.252076e-16 9.282824e-16 -1.000000e+00
    outer loop
      vertex 2.097331e+01 1.068728e+01 2.220446e-16
      vertex 1.210588e+01 1.068728e+01 8.881784e-16
      vertex 2.072103e+01 1.101606e+01 2.220446e-16
    endloop
  endfacet
  facet normal -7.252076e-16 9.282824e-16 -1.000000e+00
    outer loop
      vertex 2.072103e+01 1.101606e+01 2.220446e-16
      vertex 1.210588e+01 1.068728e+01 8.881784e-16
      vertex 1.235816e+01 1.101606e+01 8.881784e-16
    endloop
  endfacet
  facet normal -7.252076e-16 9.282824e-16 -1.000000e+00
    outer loop
      vertex 2.072103e+01 1.101606e+01 2.220446e-16
      vertex 1.235816e+01 1.101606e+01 8.881784e-16
      vertex 1.251675e+01 1.139894e+01 8.881784e-16
    endloop
  endfacet
  facet normal -7.252076e-16 9.282824e-16 -1.000000e+00
    outer loop
      vertex 2.072103e+01 1.101606e+01 2.220446e-16
      vertex 1.251675e+01 1.139894e+01 8.881784e-16
      vertex 2.056244e+01 1.139894e+01 2.220446e-16
    endloop
  endfacet
  facet normal -7.252076e-16 9.282824e-16 -1.000000e+00
    outer loop
      vertex 2.056244e+01 1.139894e+01 2.220446e-16
      vertex 1.251675e+01 1.139894e+01 8.881784e-16
      vertex 1.257084e+01 1.180981e+01 8.881784e-16
    endloop
  endfacet
  facet normal -7.252076e-16 9.282824e-16 -1.000000e+00
    outer loop
      vertex 2.056244e+01 1.139894e+01 2.220446e-16
      vertex 1.257084e+01 1.180981e+01 8.881784e-16
      vertex 2.050834e+01 1.180981e+01 2.220446e-16
    endloop
  endfacet
  facet normal -7.252076e-16 9.282824e-16 -1.000000e+00
    outer loop
      vertex 2.050834e+01 1.180981e+01 2.220446e-16
      vertex 1.257084e+01 1.180981e+01 8.881784e-16
      vertex 1.251675e+01 1.222069e+01 8.881784e-16
    endloop
  endfacet
  facet normal -7.252076e-16 9.282824e-16 -1.000000e+00
    outer loop
      vertex 2.050834e+01 1.180981e+01 2.220446e-16
      vertex 1.251675e+01 1.222069e+01 8.881784e-16
      vertex 2.056244e+01 1.222069e+01 2.220446e-16
    endloop
  endfacet
  facet normal -7.252076e-16 9.282824e-16 -1.000000e+00
    outer loop
      vertex 2.056244e+01 1.222069e+01 2.220446e-16
      vertex 1.251675e+01 1.222069e+01 8.881784e-16
      vertex 1.235816e+01 1.260356e+01 8.881784e-16
    endloop
  endfacet
  facet normal -7.252076e-16 9.282824e-16 -1.000000e+00
    outer loop
      vertex 2.056244e+01 1.222069e+01 2.220446e-16
      vertex 1.235816e+01 1.260356e+01 8.881784e-16
      vertex 2.072103e+01 1.260356e+01 2.220446e-16
    endloop
  endfacet
  facet normal -7.252076e-16 9.282824e-16 -1.000000e+00
    outer loop
      vertex 2.072103e+01 1.260356e+01 2.220446e-16
      vertex 1.235816e+01 1.260356e+01 8.881784e-16
      vertex 2.097331e+01 1.293234e+01 2.220446e-16
    endloop
  endfacet
  facet normal -7.252076e-16 9.282824e-16 -1.000000e+00
    outer loop
      vertex 2.097331e+01 1.293234e+01 2.220446e-16
      vertex 1.235816e+01 1.260356e+01 8.881784e-16
      vertex 1.210588e+01 1.293234e+01 8.881784e-16
    endloop
  endfacet
  facet normal -7.252076e-16 9.282824e-16 -1.000000e+00
    outer loop
      vertex 2.097331e+01 1.293234e+01 2.220446e-16
      vertex 1.210588e+01 1.293234e+01 8.881784e-16
      vertex 2.130209e+01 1.318463e+01 2.220446e-16
    endloop
  endfacet
  facet normal -7.252076e-16 9.282824e-16 -1.000000e+00
    outer loop
      vertex 2.130209e+01 1.318463e+01 2.220446e-16
      vertex 1.210588e+01 1.293234e+01 8.881784e-16
      vertex 1.177709e+01 1.318463e+01 8.881784e-16
    endloop
  endfacet
  facet normal -7.252076e-16 9.282824e-16 -1.000000e+00
    outer loop
      vertex 2.130209e+01 1.318463e+01 2.220446e-16
      vertex 1.177709e+01 1.318463e+01 8.881784e-16
      vertex 1.139422e+01 1.334322e+01 8.881784e-16
    endloop
  endfacet
  facet normal -7.252076e-16 9.282824e-16 -1.000000e+00
    outer loop
      vertex 2.130209e+01 1.318463e+01 2.220446e-16
      vertex 1.139422e+01 1.334322e+01 8.881784e-16
      vertex 2.168497e+01 1.334322e+01 2.220446e-16
    endloop
  endfacet
  facet normal -7.252076e-16 9.282824e-16 -1.000000e+00
    outer loop
      vertex 2.168497e+01 1.334322e+01 2.220446e-16
      vertex 1.139422e+01 1.334322e+01 8.881784e-16
      vertex 2.209584e+01 1.339731e+01 2.220446e-16
    endloop
  endfacet
  facet normal -7.252076e-16 9.282824e-16 -1.000000e+00
    outer loop
      vertex 2.209584e+01 1.339731e+01 2.220446e-16
      vertex 1.139422e+01 1.334322e+01 8.881784e-16
      vertex 1.098334e+01 1.339731e+01 8.881784e-16
    endloop
  endfacet
  facet normal -7.252076e-16 9.282824e-16 -1.000000e+00
    outer loop
      vertex 7.207778e+00 1.577856e+01 1.110223e-15
      vertex 1.190625e+01 2.468966e+00 8.881784e-16
      vertex 7.143750e+00 2.468966e+00 1.110223e-15
    endloop
  endfacet
  facet normal -7.252076e-16 9.282824e-16 -1.000000e+00
    outer loop
      vertex 1.190625e+01 2.468966e+00 8.881784e-16
      vertex 7.207778e+00 1.577856e+01 1.110223e-15
      vertex 9.608530e+00 1.101606e+01 8.881784e-16
    endloop
  endfacet
  facet normal -7.252076e-16 9.282824e-16 -1.000000e+00
    outer loop
      vertex 1.190625e+01 2.468966e+00 8.881784e-16
      vertex 9.608530e+00 1.101606e+01 8.881784e-16
      vertex 9.860813e+00 1.068728e+01 8.881784e-16
    endloop
  endfacet
  facet normal -7.252076e-16 9.282824e-16 -1.000000e+00
    outer loop
      vertex 1.190625e+01 2.468966e+00 8.881784e-16
      vertex 9.860813e+00 1.068728e+01 8.881784e-16
      vertex 1.018959e+01 1.043500e+01 8.881784e-16
    endloop
  endfacet
  facet normal -7.252076e-16 9.282824e-16 -1.000000e+00
    outer loop
      vertex 1.190625e+01 2.468966e+00 8.881784e-16
      vertex 1.018959e+01 1.043500e+01 8.881784e-16
      vertex 1.057247e+01 1.027640e+01 8.881784e-16
    endloop
  endfacet
  facet normal -7.252076e-16 9.282824e-16 -1.000000e+00
    outer loop
      vertex 1.190625e+01 2.468966e+00 8.881784e-16
      vertex 1.057247e+01 1.027640e+01 8.881784e-16
      vertex 1.098334e+01 1.022231e+01 8.881784e-16
    endloop
  endfacet
  facet normal -7.252076e-16 9.282824e-16 -1.000000e+00
    outer loop
      vertex 1.190625e+01 2.468966e+00 8.881784e-16
      vertex 1.098334e+01 1.022231e+01 8.881784e-16
      vertex 2.209584e+01 1.022231e+01 2.220446e-16
    endloop
  endfacet
  facet normal -7.252076e-16 9.282824e-16 -1.000000e+00
    outer loop
      vertex 9.608530e+00 1.101606e+01 8.881784e-16
      vertex 7.207778e+00 1.577856e+01 1.110223e-15
      vertex 9.449938e+00 1.139894e+01 8.881784e-16
    endloop
  endfacet
  facet normal -7.252076e-16 9.282824e-16 -1.000000e+00
    outer loop
      vertex 9.449938e+00 1.139894e+01 8.881784e-16
      vertex 7.207778e+00 1.577856e+01 1.110223e-15
      vertex 9.395844e+00 1.180981e+01 8.881784e-16
    endloop
  endfacet
  facet normal -7.252076e-16 9.282824e-16 -1.000000e+00
    outer loop
      vertex 9.395844e+00 1.180981e+01 8.881784e-16
      vertex 7.207778e+00 1.577856e+01 1.110223e-15
      vertex 9.449938e+00 1.222069e+01 8.881784e-16
    endloop
  endfacet
  facet normal -7.252076e-16 9.282824e-16 -1.000000e+00
    outer loop
      vertex 9.449938e+00 1.222069e+01 8.881784e-16
      vertex 7.207778e+00 1.577856e+01 1.110223e-15
      vertex 9.608530e+00 1.260356e+01 8.881784e-16
    endloop
  endfacet
  facet normal -7.252076e-16 9.282824e-16 -1.000000e+00
    outer loop
      vertex 9.608530e+00 1.260356e+01 8.881784e-16
      vertex 7.207778e+00 1.577856e+01 1.110223e-15
      vertex 9.860813e+00 1.293234e+01 8.881784e-16
    endloop
  endfacet
  facet normal -7.252076e-16 9.282824e-16 -1.000000e+00
    outer loop
      vertex 9.860813e+00 1.293234e+01 8.881784e-16
      vertex 7.207778e+00 1.577856e+01 1.110223e-15
      vertex 1.018959e+01 1.318463e+01 8.881784e-16
    endloop
  endfacet
  facet normal -7.252076e-16 9.282824e-16 -1.000000e+00
    outer loop
      vertex 1.018959e+01 1.318463e+01 8.881784e-16
      vertex 7.207778e+00 1.577856e+01 1.110223e-15
      vertex 1.057247e+01 1.334322e+01 8.881784e-16
    endloop
  endfacet
  facet normal -7.252076e-16 9.282824e-16 -1.000000e+00
    outer loop
      vertex 1.057247e+01 1.334322e+01 8.881784e-16
      vertex 7.207778e+00 1.577856e+01 1.110223e-15
      vertex 1.098334e+01 1.339731e+01 8.881784e-16
    endloop
  endfacet
  facet normal -7.252076e-16 9.282824e-16 -1.000000e+00
    outer loop
      vertex 1.098334e+01 1.339731e+01 8.881784e-16
      vertex 7.207778e+00 1.577856e+01 1.110223e-15
      vertex 2.606459e+01 1.577856e+01 0.000000e+00
    endloop
  endfacet
  facet normal -7.252076e-16 9.282824e-16 -1.000000e+00
    outer loop
      vertex 2.600057e+01 2.468966e+00 0.000000e+00
      vertex 2.347066e+01 1.101606e+01 2.220446e-16
      vertex 2.606459e+01 1.577856e+01 0.000000e+00
    endloop
  endfacet
  facet normal -7.252076e-16 9.282824e-16 -1.000000e+00
    outer loop
      vertex 2.347066e+01 1.101606e+01 2.220446e-16
      vertex 2.600057e+01 2.468966e+00 0.000000e+00
      vertex 2.321838e+01 1.068728e+01 2.220446e-16
    endloop
  endfacet
  facet normal -7.252076e-16 9.282824e-16 -1.000000e+00
    outer loop
      vertex 2.321838e+01 1.068728e+01 2.220446e-16
      vertex 2.600057e+01 2.468966e+00 0.000000e+00
      vertex 2.288959e+01 1.043500e+01 2.220446e-16
    endloop
  endfacet
  facet normal -7.252076e-16 9.282824e-16 -1.000000e+00
    outer loop
      vertex 2.288959e+01 1.043500e+01 2.220446e-16
      vertex 2.600057e+01 2.468966e+00 0.000000e+00
      vertex 1.190625e+01 2.468966e+00 8.881784e-16
    endloop
  endfacet
  facet normal -7.252076e-16 9.282824e-16 -1.000000e+00
    outer loop
      vertex 2.288959e+01 1.043500e+01 2.220446e-16
      vertex 1.190625e+01 2.468966e+00 8.881784e-16
      vertex 2.250672e+01 1.027640e+01 2.220446e-16
    endloop
  endfacet
  facet normal -7.252076e-16 9.282824e-16 -1.000000e+00
    outer loop
      vertex 2.250672e+01 1.027640e+01 2.220446e-16
      vertex 1.190625e+01 2.468966e+00 8.881784e-16
      vertex 2.209584e+01 1.022231e+01 2.220446e-16
    endloop
  endfacet
  facet normal -7.252076e-16 9.282824e-16 -1.000000e+00
    outer loop
      vertex 2.606459e+01 1.577856e+01 0.000000e+00
      vertex 2.347066e+01 1.101606e+01 2.220446e-16
      vertex 2.362925e+01 1.139894e+01 2.220446e-16
    endloop
  endfacet
  facet normal -7.252076e-16 9.282824e-16 -1.000000e+00
    outer loop
      vertex 2.606459e+01 1.577856e+01 0.000000e+00
      vertex 2.362925e+01 1.139894e+01 2.220446e-16
      vertex 2.368334e+01 1.180981e+01 0.000000e+00
    endloop
  endfacet
  facet normal -7.252076e-16 9.282824e-16 -1.000000e+00
    outer loop
      vertex 2.606459e+01 1.577856e+01 0.000000e+00
      vertex 2.368334e+01 1.180981e+01 0.000000e+00
      vertex 2.362925e+01 1.222069e+01 2.220446e-16
    endloop
  endfacet
  facet normal -7.252076e-16 9.282824e-16 -1.000000e+00
    outer loop
      vertex 2.606459e+01 1.577856e+01 0.000000e+00
      vertex 2.362925e+01 1.222069e+01 2.220446e-16
      vertex 2.347066e+01 1.260356e+01 2.220446e-16
    endloop
  endfacet
  facet normal -7.252076e-16 9.282824e-16 -1.000000e+00
    outer loop
      vertex 2.606459e+01 1.577856e+01 0.000000e+00
      vertex 2.347066e+01 1.260356e+01 2.220446e-16
      vertex 2.321838e+01 1.293234e+01 2.220446e-16
    endloop
  endfacet
  facet normal -7.252076e-16 9.282824e-16 -1.000000e+00
    outer loop
      vertex 2.606459e+01 1.577856e+01 0.000000e+00
      vertex 2.321838e+01 1.293234e+01 2.220446e-16
      vertex 2.288959e+01 1.318463e+01 2.220446e-16
    endloop
  endfacet
  facet normal -7.252076e-16 9.282824e-16 -1.000000e+00
    outer loop
      vertex 2.606459e+01 1.577856e+01 0.000000e+00
      vertex 2.288959e+01 1.318463e+01 2.220446e-16
      vertex 2.250672e+01 1.334322e+01 2.220446e-16
    endloop
  endfacet
  facet normal -7.252076e-16 9.282824e-16 -1.000000e+00
    outer loop
      vertex 2.606459e+01 1.577856e+01 0.000000e+00
      vertex 2.250672e+01 1.334322e+01 2.220446e-16
      vertex 2.209584e+01 1.339731e+01 2.220446e-16
    endloop
  endfacet
  facet normal -7.252076e-16 9.282824e-16 -1.000000e+00
    outer loop
      vertex 2.606459e+01 1.577856e+01 0.000000e+00
      vertex 2.209584e+01 1.339731e+01 2.220446e-16
      vertex 1.098334e+01 1.339731e+01 8.881784e-16
    endloop
  endfacet
  facet normal -1.184238e-15 1.000000e+00 -1.140504e-30
    outer loop
      vertex 7.143750e+00 2.468966e+00 1.110223e-15
      vertex 1.190625e+01 2.468966e+00 3.114002e+00
      vertex 1.190625e+01 2.468966e+00 8.881784e-16
    endloop
  endfacet
  facet normal -1.184238e-15 1.000000e+00 -1.140504e-30
    outer loop
      vertex 1.190625e+01 2.468966e+00 3.114002e+00
      vertex 7.143750e+00 2.468966e+00 1.110223e-15
      vertex 7.143750e+00 2.468966e+00 3.114002e+00
    endloop
  endfacet
  facet normal -9.238795e-01 3.826834e-01 1.239551e-15
    outer loop
      vertex -2.085019e+01 1.181853e+01 3.290052e+00
      vertex -2.069159e+01 1.220141e+01 2.886580e-15
      vertex -2.085019e+01 1.181853e+01 2.886580e-15
    endloop
  endfacet
  facet normal -9.238795e-01 3.826834e-01 1.239551e-15
    outer loop
      vertex -2.069159e+01 1.220141e+01 2.886580e-15
      vertex -2.085019e+01 1.181853e+01 3.290052e+00
      vertex -2.069159e+01 1.220141e+01 3.290052e+00
    endloop
  endfacet
  facet normal -7.933533e-01 6.087614e-01 1.148952e-15
    outer loop
      vertex -2.110247e+01 1.148975e+01 2.886580e-15
      vertex -2.085019e+01 1.181853e+01 3.290052e+00
      vertex -2.085019e+01 1.181853e+01 2.886580e-15
    endloop
  endfacet
  facet normal -7.933533e-01 6.087614e-01 1.148952e-15
    outer loop
      vertex -2.085019e+01 1.181853e+01 3.290052e+00
      vertex -2.110247e+01 1.148975e+01 2.886580e-15
      vertex -2.110247e+01 1.148975e+01 3.290052e+00
    endloop
  endfacet
  facet normal -6.087614e-01 7.933533e-01 9.206792e-16
    outer loop
      vertex -2.143125e+01 1.123747e+01 2.886580e-15
      vertex -2.110247e+01 1.148975e+01 3.290052e+00
      vertex -2.110247e+01 1.148975e+01 2.886580e-15
    endloop
  endfacet
  facet normal -6.087614e-01 7.933533e-01 9.206792e-16
    outer loop
      vertex -2.110247e+01 1.148975e+01 3.290052e+00
      vertex -2.143125e+01 1.123747e+01 2.886580e-15
      vertex -2.143125e+01 1.123747e+01 3.290052e+00
    endloop
  endfacet
  facet normal -3.826834e-01 9.238795e-01 5.128363e-16
    outer loop
      vertex -2.181413e+01 1.107888e+01 2.886580e-15
      vertex -2.143125e+01 1.123747e+01 3.290052e+00
      vertex -2.143125e+01 1.123747e+01 2.886580e-15
    endloop
  endfacet
  facet normal -3.826834e-01 9.238795e-01 5.128363e-16
    outer loop
      vertex -2.143125e+01 1.123747e+01 3.290052e+00
      vertex -2.181413e+01 1.107888e+01 2.886580e-15
      vertex -2.181413e+01 1.107888e+01 3.290052e+00
    endloop
  endfacet
  facet normal -1.305262e-01 9.914448e-01 -1.107740e-16
    outer loop
      vertex -2.222500e+01 1.102478e+01 2.886580e-15
      vertex -2.181413e+01 1.107888e+01 3.290052e+00
      vertex -2.181413e+01 1.107888e+01 2.886580e-15
    endloop
  endfacet
  facet normal -1.305262e-01 9.914448e-01 -1.107740e-16
    outer loop
      vertex -2.181413e+01 1.107888e+01 3.290052e+00
      vertex -2.222500e+01 1.102478e+01 2.886580e-15
      vertex -2.222500e+01 1.102478e+01 3.290052e+00
    endloop
  endfacet
  facet normal 1.305262e-01 9.914448e-01 -9.065558e-16
    outer loop
      vertex -2.263587e+01 1.107888e+01 2.886580e-15
      vertex -2.222500e+01 1.102478e+01 3.290052e+00
      vertex -2.222500e+01 1.102478e+01 2.886580e-15
    endloop
  endfacet
  facet normal 1.305262e-01 9.914448e-01 -9.065558e-16
    outer loop
      vertex -2.222500e+01 1.102478e+01 3.290052e+00
      vertex -2.263587e+01 1.107888e+01 2.886580e-15
      vertex -2.263587e+01 1.107888e+01 3.290052e+00
    endloop
  endfacet
  facet normal 3.826834e-01 9.238795e-01 8.131177e-16
    outer loop
      vertex -2.263587e+01 1.107888e+01 2.886580e-15
      vertex -2.301875e+01 1.123747e+01 3.290052e+00
      vertex -2.263587e+01 1.107888e+01 3.290052e+00
    endloop
  endfacet
  facet normal 3.826834e-01 9.238795e-01 8.131177e-16
    outer loop
      vertex -2.301875e+01 1.123747e+01 3.290052e+00
      vertex -2.263587e+01 1.107888e+01 2.886580e-15
      vertex -2.301875e+01 1.123747e+01 2.886580e-15
    endloop
  endfacet
  facet normal 6.087614e-01 7.933533e-01 3.385552e-15
    outer loop
      vertex -2.334753e+01 1.148975e+01 2.886580e-15
      vertex -2.301875e+01 1.123747e+01 3.290052e+00
      vertex -2.301875e+01 1.123747e+01 2.886580e-15
    endloop
  endfacet
  facet normal 6.087614e-01 7.933533e-01 3.385552e-15
    outer loop
      vertex -2.301875e+01 1.123747e+01 3.290052e+00
      vertex -2.334753e+01 1.148975e+01 2.886580e-15
      vertex -2.334753e+01 1.148975e+01 3.290052e+00
    endloop
  endfacet
  facet normal 7.933533e-01 6.087614e-01 1.604652e-15
    outer loop
      vertex -2.359981e+01 1.181853e+01 3.290052e+00
      vertex -2.334753e+01 1.148975e+01 2.886580e-15
      vertex -2.359981e+01 1.181853e+01 3.108624e-15
    endloop
  endfacet
  facet normal 7.933533e-01 6.087614e-01 1.604652e-15
    outer loop
      vertex -2.334753e+01 1.148975e+01 2.886580e-15
      vertex -2.359981e+01 1.181853e+01 3.290052e+00
      vertex -2.334753e+01 1.148975e+01 3.290052e+00
    endloop
  endfacet
  facet normal 9.238795e-01 3.826834e-01 2.892610e-16
    outer loop
      vertex -2.375841e+01 1.220141e+01 3.290052e+00
      vertex -2.359981e+01 1.181853e+01 3.108624e-15
      vertex -2.375841e+01 1.220141e+01 3.108624e-15
    endloop
  endfacet
  facet normal 9.238795e-01 3.826834e-01 2.892610e-16
    outer loop
      vertex -2.359981e+01 1.181853e+01 3.108624e-15
      vertex -2.375841e+01 1.220141e+01 3.290052e+00
      vertex -2.359981e+01 1.181853e+01 3.290052e+00
    endloop
  endfacet
  facet normal 9.914448e-01 1.305262e-01 1.073232e-15
    outer loop
      vertex -2.381250e+01 1.261228e+01 3.290052e+00
      vertex -2.375841e+01 1.220141e+01 3.108624e-15
      vertex -2.381250e+01 1.261228e+01 3.108624e-15
    endloop
  endfacet
  facet normal 9.914448e-01 1.305262e-01 1.073232e-15
    outer loop
      vertex -2.375841e+01 1.220141e+01 3.108624e-15
      vertex -2.381250e+01 1.261228e+01 3.290052e+00
      vertex -2.375841e+01 1.220141e+01 3.290052e+00
    endloop
  endfacet
  facet normal 9.914448e-01 -1.305262e-01 8.382279e-16
    outer loop
      vertex -2.375841e+01 1.302316e+01 3.290052e+00
      vertex -2.381250e+01 1.261228e+01 3.108624e-15
      vertex -2.375841e+01 1.302316e+01 3.108624e-15
    endloop
  endfacet
  facet normal 9.914448e-01 -1.305262e-01 8.382279e-16
    outer loop
      vertex -2.381250e+01 1.261228e+01 3.108624e-15
      vertex -2.375841e+01 1.302316e+01 3.290052e+00
      vertex -2.381250e+01 1.261228e+01 3.290052e+00
    endloop
  endfacet
  facet normal 9.238795e-01 -3.826834e-01 2.896127e-16
    outer loop
      vertex -2.359981e+01 1.340603e+01 3.290052e+00
      vertex -2.375841e+01 1.302316e+01 3.108624e-15
      vertex -2.359981e+01 1.340603e+01 3.108624e-15
    endloop
  endfacet
  facet normal 9.238795e-01 -3.826834e-01 2.896127e-16
    outer loop
      vertex -2.375841e+01 1.302316e+01 3.108624e-15
      vertex -2.359981e+01 1.340603e+01 3.290052e+00
      vertex -2.375841e+01 1.302316e+01 3.290052e+00
    endloop
  endfacet
  facet normal 7.933533e-01 -6.087614e-01 -1.865971e-15
    outer loop
      vertex -2.334753e+01 1.373482e+01 2.886580e-15
      vertex -2.359981e+01 1.340603e+01 3.290052e+00
      vertex -2.359981e+01 1.340603e+01 3.108624e-15
    endloop
  endfacet
  facet normal 7.933533e-01 -6.087614e-01 -1.865971e-15
    outer loop
      vertex -2.359981e+01 1.340603e+01 3.290052e+00
      vertex -2.334753e+01 1.373482e+01 2.886580e-15
      vertex -2.334753e+01 1.373482e+01 3.290052e+00
    endloop
  endfacet
  facet normal 6.087614e-01 -7.933533e-01 -1.307533e-15
    outer loop
      vertex -2.334753e+01 1.373482e+01 3.290052e+00
      vertex -2.301875e+01 1.398710e+01 2.886580e-15
      vertex -2.301875e+01 1.398710e+01 3.290052e+00
    endloop
  endfacet
  facet normal 6.087614e-01 -7.933533e-01 -1.307533e-15
    outer loop
      vertex -2.301875e+01 1.398710e+01 2.886580e-15
      vertex -2.334753e+01 1.373482e+01 3.290052e+00
      vertex -2.334753e+01 1.373482e+01 2.886580e-15
    endloop
  endfacet
  facet normal 3.826834e-01 -9.238795e-01 8.129384e-16
    outer loop
      vertex -2.301875e+01 1.398710e+01 3.290052e+00
      vertex -2.263587e+01 1.414569e+01 2.886580e-15
      vertex -2.263587e+01 1.414569e+01 3.290052e+00
    endloop
  endfacet
  facet normal 3.826834e-01 -9.238795e-01 8.129384e-16
    outer loop
      vertex -2.263587e+01 1.414569e+01 2.886580e-15
      vertex -2.301875e+01 1.398710e+01 3.290052e+00
      vertex -2.301875e+01 1.398710e+01 2.886580e-15
    endloop
  endfacet
  facet normal 1.305262e-01 -9.914448e-01 1.008311e-15
    outer loop
      vertex -2.263587e+01 1.414569e+01 3.290052e+00
      vertex -2.222500e+01 1.419978e+01 2.886580e-15
      vertex -2.222500e+01 1.419978e+01 3.290052e+00
    endloop
  endfacet
  facet normal 1.305262e-01 -9.914448e-01 1.008311e-15
    outer loop
      vertex -2.222500e+01 1.419978e+01 2.886580e-15
      vertex -2.263587e+01 1.414569e+01 3.290052e+00
      vertex -2.263587e+01 1.414569e+01 2.886580e-15
    endloop
  endfacet
  facet normal -1.305262e-01 -9.914448e-01 7.874087e-16
    outer loop
      vertex -2.222500e+01 1.419978e+01 3.290052e+00
      vertex -2.181413e+01 1.414569e+01 2.886580e-15
      vertex -2.181413e+01 1.414569e+01 3.290052e+00
    endloop
  endfacet
  facet normal -1.305262e-01 -9.914448e-01 7.874087e-16
    outer loop
      vertex -2.181413e+01 1.414569e+01 2.886580e-15
      vertex -2.222500e+01 1.419978e+01 3.290052e+00
      vertex -2.222500e+01 1.419978e+01 2.886580e-15
    endloop
  endfacet
  facet normal -3.826834e-01 -9.238795e-01 5.129428e-16
    outer loop
      vertex -2.181413e+01 1.414569e+01 3.290052e+00
      vertex -2.143125e+01 1.398710e+01 2.886580e-15
      vertex -2.143125e+01 1.398710e+01 3.290052e+00
    endloop
  endfacet
  facet normal -3.826834e-01 -9.238795e-01 5.129428e-16
    outer loop
      vertex -2.143125e+01 1.398710e+01 2.886580e-15
      vertex -2.181413e+01 1.414569e+01 3.290052e+00
      vertex -2.181413e+01 1.414569e+01 2.886580e-15
    endloop
  endfacet
  facet normal -6.087614e-01 -7.933533e-01 3.632685e-17
    outer loop
      vertex -2.143125e+01 1.398710e+01 3.290052e+00
      vertex -2.110247e+01 1.373482e+01 2.886580e-15
      vertex -2.110247e+01 1.373482e+01 3.290052e+00
    endloop
  endfacet
  facet normal -6.087614e-01 -7.933533e-01 3.632685e-17
    outer loop
      vertex -2.110247e+01 1.373482e+01 2.886580e-15
      vertex -2.143125e+01 1.398710e+01 3.290052e+00
      vertex -2.143125e+01 1.398710e+01 2.886580e-15
    endloop
  endfacet
  facet normal -7.933533e-01 -6.087614e-01 -4.996459e-16
    outer loop
      vertex -2.085019e+01 1.340603e+01 3.290052e+00
      vertex -2.110247e+01 1.373482e+01 2.886580e-15
      vertex -2.085019e+01 1.340603e+01 2.886580e-15
    endloop
  endfacet
  facet normal -7.933533e-01 -6.087614e-01 -4.996459e-16
    outer loop
      vertex -2.110247e+01 1.373482e+01 2.886580e-15
      vertex -2.085019e+01 1.340603e+01 3.290052e+00
      vertex -2.110247e+01 1.373482e+01 3.290052e+00
    endloop
  endfacet
  facet normal -9.238795e-01 -3.826834e-01 4.011957e-16
    outer loop
      vertex -2.069159e+01 1.302316e+01 2.886580e-15
      vertex -2.085019e+01 1.340603e+01 3.290052e+00
      vertex -2.085019e+01 1.340603e+01 2.886580e-15
    endloop
  endfacet
  facet normal -9.238795e-01 -3.826834e-01 4.011957e-16
    outer loop
      vertex -2.085019e+01 1.340603e+01 3.290052e+00
      vertex -2.069159e+01 1.302316e+01 2.886580e-15
      vertex -2.069159e+01 1.302316e+01 3.290052e+00
    endloop
  endfacet
  facet normal -9.914448e-01 -1.305262e-01 6.043542e-17
    outer loop
      vertex -2.063750e+01 1.261228e+01 3.290052e+00
      vertex -2.069159e+01 1.302316e+01 2.886580e-15
      vertex -2.063750e+01 1.261228e+01 2.886580e-15
    endloop
  endfacet
  facet normal -9.914448e-01 -1.305262e-01 6.043542e-17
    outer loop
      vertex -2.069159e+01 1.302316e+01 2.886580e-15
      vertex -2.063750e+01 1.261228e+01 3.290052e+00
      vertex -2.069159e+01 1.302316e+01 3.290052e+00
    endloop
  endfacet
  facet normal -9.914448e-01 1.305262e-01 2.974074e-16
    outer loop
      vertex -2.069159e+01 1.220141e+01 2.886580e-15
      vertex -2.063750e+01 1.261228e+01 3.290052e+00
      vertex -2.063750e+01 1.261228e+01 2.886580e-15
    endloop
  endfacet
  facet normal -9.914448e-01 1.305262e-01 2.974074e-16
    outer loop
      vertex -2.063750e+01 1.261228e+01 3.290052e+00
      vertex -2.069159e+01 1.220141e+01 2.886580e-15
      vertex -2.069159e+01 1.220141e+01 3.290052e+00
    endloop
  endfacet
  facet normal -7.933533e-01 -6.087614e-01 3.826668e-16
    outer loop
      vertex -9.737685e+00 1.340603e+01 3.290052e+00
      vertex -9.989968e+00 1.373482e+01 2.220446e-15
      vertex -9.737685e+00 1.340603e+01 2.220446e-15
    endloop
  endfacet
  facet normal -7.933533e-01 -6.087614e-01 3.826668e-16
    outer loop
      vertex -9.989968e+00 1.373482e+01 2.220446e-15
      vertex -9.737685e+00 1.340603e+01 3.290052e+00
      vertex -9.989968e+00 1.373482e+01 3.290052e+00
    endloop
  endfacet
  facet normal -9.238795e-01 -3.826834e-01 4.031071e-16
    outer loop
      vertex -9.579093e+00 1.302316e+01 2.220446e-15
      vertex -9.737685e+00 1.340603e+01 3.290052e+00
      vertex -9.737685e+00 1.340603e+01 2.220446e-15
    endloop
  endfacet
  facet normal -9.238795e-01 -3.826834e-01 4.031071e-16
    outer loop
      vertex -9.737685e+00 1.340603e+01 3.290052e+00
      vertex -9.579093e+00 1.302316e+01 2.220446e-15
      vertex -9.579093e+00 1.302316e+01 3.290052e+00
    endloop
  endfacet
  facet normal -9.914448e-01 -1.305262e-01 1.777470e-16
    outer loop
      vertex -9.525000e+00 1.261228e+01 3.290052e+00
      vertex -9.579093e+00 1.302316e+01 2.220446e-15
      vertex -9.525000e+00 1.261228e+01 2.220446e-15
    endloop
  endfacet
  facet normal -9.914448e-01 -1.305262e-01 1.777470e-16
    outer loop
      vertex -9.579093e+00 1.302316e+01 2.220446e-15
      vertex -9.525000e+00 1.261228e+01 3.290052e+00
      vertex -9.579093e+00 1.302316e+01 3.290052e+00
    endloop
  endfacet
  facet normal -9.914448e-01 1.305262e-01 2.974074e-16
    outer loop
      vertex -9.579093e+00 1.220141e+01 2.220446e-15
      vertex -9.525000e+00 1.261228e+01 3.290052e+00
      vertex -9.525000e+00 1.261228e+01 2.220446e-15
    endloop
  endfacet
  facet normal -9.914448e-01 1.305262e-01 2.974074e-16
    outer loop
      vertex -9.525000e+00 1.261228e+01 3.290052e+00
      vertex -9.579093e+00 1.220141e+01 2.220446e-15
      vertex -9.579093e+00 1.220141e+01 3.290052e+00
    endloop
  endfacet
  facet normal -9.238795e-01 3.826834e-01 4.065120e-16
    outer loop
      vertex -9.737685e+00 1.181853e+01 3.290052e+00
      vertex -9.579093e+00 1.220141e+01 2.220446e-15
      vertex -9.737685e+00 1.181853e+01 2.220446e-15
    endloop
  endfacet
  facet normal -9.238795e-01 3.826834e-01 4.065120e-16
    outer loop
      vertex -9.579093e+00 1.220141e+01 2.220446e-15
      vertex -9.737685e+00 1.181853e+01 3.290052e+00
      vertex -9.579093e+00 1.220141e+01 3.290052e+00
    endloop
  endfacet
  facet normal -7.933533e-01 6.087614e-01 1.152763e-15
    outer loop
      vertex -9.989968e+00 1.148975e+01 3.290052e+00
      vertex -9.737685e+00 1.181853e+01 2.220446e-15
      vertex -9.989968e+00 1.148975e+01 2.220446e-15
    endloop
  endfacet
  facet normal -7.933533e-01 6.087614e-01 1.152763e-15
    outer loop
      vertex -9.737685e+00 1.181853e+01 2.220446e-15
      vertex -9.989968e+00 1.148975e+01 3.290052e+00
      vertex -9.737685e+00 1.181853e+01 3.290052e+00
    endloop
  endfacet
  facet normal -6.087614e-01 7.933533e-01 7.543789e-16
    outer loop
      vertex -1.031875e+01 1.123747e+01 2.220446e-15
      vertex -9.989968e+00 1.148975e+01 3.290052e+00
      vertex -9.989968e+00 1.148975e+01 2.220446e-15
    endloop
  endfacet
  facet normal -6.087614e-01 7.933533e-01 7.543789e-16
    outer loop
      vertex -9.989968e+00 1.148975e+01 3.290052e+00
      vertex -1.031875e+01 1.123747e+01 2.220446e-15
      vertex -1.031875e+01 1.123747e+01 3.290052e+00
    endloop
  endfacet
  facet normal -3.826834e-01 9.238795e-01 2.343260e-17
    outer loop
      vertex -1.070162e+01 1.107888e+01 2.220446e-15
      vertex -1.031875e+01 1.123747e+01 3.290052e+00
      vertex -1.031875e+01 1.123747e+01 2.220446e-15
    endloop
  endfacet
  facet normal -3.826834e-01 9.238795e-01 2.343260e-17
    outer loop
      vertex -1.031875e+01 1.123747e+01 3.290052e+00
      vertex -1.070162e+01 1.107888e+01 2.220446e-15
      vertex -1.070162e+01 1.107888e+01 3.290052e+00
    endloop
  endfacet
  facet normal -1.305262e-01 9.914448e-01 -8.902279e-16
    outer loop
      vertex -1.111250e+01 1.102478e+01 2.220446e-15
      vertex -1.070162e+01 1.107888e+01 3.290052e+00
      vertex -1.070162e+01 1.107888e+01 2.220446e-15
    endloop
  endfacet
  facet normal -1.305262e-01 9.914448e-01 -8.902279e-16
    outer loop
      vertex -1.070162e+01 1.107888e+01 3.290052e+00
      vertex -1.111250e+01 1.102478e+01 2.220446e-15
      vertex -1.111250e+01 1.102478e+01 3.290052e+00
    endloop
  endfacet
  facet normal 1.305262e-01 9.914448e-01 -2.041017e-15
    outer loop
      vertex -1.152338e+01 1.107888e+01 2.220446e-15
      vertex -1.111250e+01 1.102478e+01 3.290052e+00
      vertex -1.111250e+01 1.102478e+01 2.220446e-15
    endloop
  endfacet
  facet normal 1.305262e-01 9.914448e-01 -2.041017e-15
    outer loop
      vertex -1.111250e+01 1.102478e+01 3.290052e+00
      vertex -1.152338e+01 1.107888e+01 2.220446e-15
      vertex -1.152338e+01 1.107888e+01 3.290052e+00
    endloop
  endfacet
  facet normal 3.826834e-01 9.238795e-01 -2.244944e-15
    outer loop
      vertex -1.152338e+01 1.107888e+01 2.220446e-15
      vertex -1.190625e+01 1.123747e+01 3.290052e+00
      vertex -1.152338e+01 1.107888e+01 3.290052e+00
    endloop
  endfacet
  facet normal 3.826834e-01 9.238795e-01 -2.244944e-15
    outer loop
      vertex -1.190625e+01 1.123747e+01 3.290052e+00
      vertex -1.152338e+01 1.107888e+01 2.220446e-15
      vertex -1.190625e+01 1.123747e+01 2.220446e-15
    endloop
  endfacet
  facet normal 6.087614e-01 7.933533e-01 -4.223736e-16
    outer loop
      vertex -1.190625e+01 1.123747e+01 2.220446e-15
      vertex -1.223503e+01 1.148975e+01 3.290052e+00
      vertex -1.190625e+01 1.123747e+01 3.290052e+00
    endloop
  endfacet
  facet normal 6.087614e-01 7.933533e-01 -4.223736e-16
    outer loop
      vertex -1.223503e+01 1.148975e+01 3.290052e+00
      vertex -1.190625e+01 1.123747e+01 2.220446e-15
      vertex -1.223503e+01 1.148975e+01 2.220446e-15
    endloop
  endfacet
  facet normal 7.933533e-01 6.087614e-01 1.602966e-15
    outer loop
      vertex -1.248732e+01 1.181853e+01 3.290052e+00
      vertex -1.223503e+01 1.148975e+01 2.220446e-15
      vertex -1.248732e+01 1.181853e+01 2.220446e-15
    endloop
  endfacet
  facet normal 7.933533e-01 6.087614e-01 1.602966e-15
    outer loop
      vertex -1.223503e+01 1.148975e+01 2.220446e-15
      vertex -1.248732e+01 1.181853e+01 3.290052e+00
      vertex -1.223503e+01 1.148975e+01 3.290052e+00
    endloop
  endfacet
  facet normal 9.238795e-01 3.826834e-01 6.364735e-16
    outer loop
      vertex -1.264591e+01 1.220141e+01 2.442491e-15
      vertex -1.248732e+01 1.181853e+01 3.290052e+00
      vertex -1.248732e+01 1.181853e+01 2.220446e-15
    endloop
  endfacet
  facet normal 9.238795e-01 3.826834e-01 6.364735e-16
    outer loop
      vertex -1.248732e+01 1.181853e+01 3.290052e+00
      vertex -1.264591e+01 1.220141e+01 2.442491e-15
      vertex -1.264591e+01 1.220141e+01 3.290052e+00
    endloop
  endfacet
  facet normal 9.914448e-01 1.305262e-01 -1.619977e-15
    outer loop
      vertex -1.270000e+01 1.261228e+01 3.290052e+00
      vertex -1.264591e+01 1.220141e+01 2.442491e-15
      vertex -1.270000e+01 1.261228e+01 2.442491e-15
    endloop
  endfacet
  facet normal 9.914448e-01 1.305262e-01 -1.619977e-15
    outer loop
      vertex -1.264591e+01 1.220141e+01 2.442491e-15
      vertex -1.270000e+01 1.261228e+01 3.290052e+00
      vertex -1.264591e+01 1.220141e+01 3.290052e+00
    endloop
  endfacet
  facet normal 9.914448e-01 -1.305262e-01 -1.975450e-15
    outer loop
      vertex -1.264591e+01 1.302316e+01 2.442491e-15
      vertex -1.270000e+01 1.261228e+01 3.290052e+00
      vertex -1.270000e+01 1.261228e+01 2.442491e-15
    endloop
  endfacet
  facet normal 9.914448e-01 -1.305262e-01 -1.975450e-15
    outer loop
      vertex -1.270000e+01 1.261228e+01 3.290052e+00
      vertex -1.264591e+01 1.302316e+01 2.442491e-15
      vertex -1.264591e+01 1.302316e+01 3.290052e+00
    endloop
  endfacet
  facet normal 9.238795e-01 -3.826834e-01 -5.682350e-17
    outer loop
      vertex -1.248732e+01 1.340603e+01 3.290052e+00
      vertex -1.264591e+01 1.302316e+01 2.442491e-15
      vertex -1.248732e+01 1.340603e+01 2.220446e-15
    endloop
  endfacet
  facet normal 9.238795e-01 -3.826834e-01 -5.682350e-17
    outer loop
      vertex -1.264591e+01 1.302316e+01 2.442491e-15
      vertex -1.248732e+01 1.340603e+01 3.290052e+00
      vertex -1.264591e+01 1.302316e+01 3.290052e+00
    endloop
  endfacet
  facet normal 7.933533e-01 -6.087614e-01 -1.484839e-15
    outer loop
      vertex -1.223503e+01 1.373482e+01 2.220446e-15
      vertex -1.248732e+01 1.340603e+01 3.290052e+00
      vertex -1.248732e+01 1.340603e+01 2.220446e-15
    endloop
  endfacet
  facet normal 7.933533e-01 -6.087614e-01 -1.484839e-15
    outer loop
      vertex -1.248732e+01 1.340603e+01 3.290052e+00
      vertex -1.223503e+01 1.373482e+01 2.220446e-15
      vertex -1.223503e+01 1.373482e+01 3.290052e+00
    endloop
  endfacet
  facet normal 6.087614e-01 -7.933533e-01 -4.222177e-16
    outer loop
      vertex -1.223503e+01 1.373482e+01 3.290052e+00
      vertex -1.190625e+01 1.398710e+01 2.220446e-15
      vertex -1.190625e+01 1.398710e+01 3.290052e+00
    endloop
  endfacet
  facet normal 6.087614e-01 -7.933533e-01 -4.222177e-16
    outer loop
      vertex -1.190625e+01 1.398710e+01 2.220446e-15
      vertex -1.223503e+01 1.373482e+01 3.290052e+00
      vertex -1.223503e+01 1.373482e+01 2.220446e-15
    endloop
  endfacet
  facet normal 3.826834e-01 -9.238795e-01 9.597691e-16
    outer loop
      vertex -1.190625e+01 1.398710e+01 3.290052e+00
      vertex -1.152338e+01 1.414569e+01 2.220446e-15
      vertex -1.152338e+01 1.414569e+01 3.290052e+00
    endloop
  endfacet
  facet normal 3.826834e-01 -9.238795e-01 9.597691e-16
    outer loop
      vertex -1.152338e+01 1.414569e+01 2.220446e-15
      vertex -1.190625e+01 1.398710e+01 3.290052e+00
      vertex -1.190625e+01 1.398710e+01 2.220446e-15
    endloop
  endfacet
  facet normal 1.305262e-01 -9.914448e-01 3.347235e-15
    outer loop
      vertex -1.152338e+01 1.414569e+01 3.290052e+00
      vertex -1.111250e+01 1.419978e+01 2.220446e-15
      vertex -1.111250e+01 1.419978e+01 3.290052e+00
    endloop
  endfacet
  facet normal 1.305262e-01 -9.914448e-01 3.347235e-15
    outer loop
      vertex -1.111250e+01 1.419978e+01 2.220446e-15
      vertex -1.152338e+01 1.414569e+01 3.290052e+00
      vertex -1.152338e+01 1.414569e+01 2.220446e-15
    endloop
  endfacet
  facet normal -1.305262e-01 -9.914448e-01 2.701116e-15
    outer loop
      vertex -1.111250e+01 1.419978e+01 3.290052e+00
      vertex -1.070162e+01 1.414569e+01 2.220446e-15
      vertex -1.070162e+01 1.414569e+01 3.290052e+00
    endloop
  endfacet
  facet normal -1.305262e-01 -9.914448e-01 2.701116e-15
    outer loop
      vertex -1.070162e+01 1.414569e+01 2.220446e-15
      vertex -1.111250e+01 1.419978e+01 3.290052e+00
      vertex -1.111250e+01 1.419978e+01 2.220446e-15
    endloop
  endfacet
  facet normal -3.826834e-01 -9.238795e-01 2.272217e-17
    outer loop
      vertex -1.070162e+01 1.414569e+01 3.290052e+00
      vertex -1.031875e+01 1.398710e+01 2.220446e-15
      vertex -1.031875e+01 1.398710e+01 3.290052e+00
    endloop
  endfacet
  facet normal -3.826834e-01 -9.238795e-01 2.272217e-17
    outer loop
      vertex -1.031875e+01 1.398710e+01 2.220446e-15
      vertex -1.070162e+01 1.414569e+01 3.290052e+00
      vertex -1.070162e+01 1.414569e+01 2.220446e-15
    endloop
  endfacet
  facet normal -6.087614e-01 -7.933533e-01 4.203197e-16
    outer loop
      vertex -1.031875e+01 1.398710e+01 3.290052e+00
      vertex -9.989968e+00 1.373482e+01 2.220446e-15
      vertex -9.989968e+00 1.373482e+01 3.290052e+00
    endloop
  endfacet
  facet normal -6.087614e-01 -7.933533e-01 4.203197e-16
    outer loop
      vertex -9.989968e+00 1.373482e+01 2.220446e-15
      vertex -1.031875e+01 1.398710e+01 3.290052e+00
      vertex -1.031875e+01 1.398710e+01 2.220446e-15
    endloop
  endfacet
  facet normal 7.477314e-16 1.000000e+00 4.527882e-15
    outer loop
      vertex -7.143750e+00 1.658103e+01 1.998401e-15
      vertex -2.600057e+01 1.658103e+01 3.290052e+00
      vertex -7.143750e+00 1.658103e+01 3.290052e+00
    endloop
  endfacet
  facet normal 7.477314e-16 1.000000e+00 4.527882e-15
    outer loop
      vertex -2.600057e+01 1.658103e+01 3.290052e+00
      vertex -7.143750e+00 1.658103e+01 1.998401e-15
      vertex -2.600057e+01 1.658103e+01 3.108624e-15
    endloop
  endfacet
  facet normal 1.816268e-17 -9.549959e-01 2.966191e-01
    outer loop
      vertex -1.190625e+01 7.686032e-01 3.843004e+00
      vertex -7.207779e+00 6.456781e-01 3.447234e+00
      vertex -7.207779e+00 7.686032e-01 3.843004e+00
    endloop
  endfacet
  facet normal 1.816268e-17 -9.549959e-01 2.966191e-01
    outer loop
      vertex -7.207779e+00 6.456781e-01 3.447234e+00
      vertex -1.190625e+01 7.686032e-01 3.843004e+00
      vertex -1.190625e+01 6.456781e-01 3.447234e+00
    endloop
  endfacet
  facet normal -2.850627e-17 -8.850254e-01 -4.655427e-01
    outer loop
      vertex -1.190625e+01 5.005478e-01 5.028086e+00
      vertex -7.207779e+00 6.934783e-01 4.661313e+00
      vertex -7.207779e+00 5.005478e-01 5.028086e+00
    endloop
  endfacet
  facet normal -2.850627e-17 -8.850254e-01 -4.655427e-01
    outer loop
      vertex -7.207779e+00 6.934783e-01 4.661313e+00
      vertex -1.190625e+01 5.005478e-01 5.028086e+00
      vertex -1.190625e+01 6.934783e-01 4.661313e+00
    endloop
  endfacet
  facet normal 5.972359e-17 -2.206183e-01 9.753602e-01
    outer loop
      vertex -7.207779e+00 -2.466048e-01 2.622550e+00
      vertex -1.190625e+01 -6.508150e-01 2.531122e+00
      vertex -7.207779e+00 -6.508150e-01 2.531122e+00
    endloop
  endfacet
  facet normal 5.972359e-17 -2.206183e-01 9.753602e-01
    outer loop
      vertex -1.190625e+01 -6.508150e-01 2.531122e+00
      vertex -7.207779e+00 -2.466048e-01 2.622550e+00
      vertex -1.190625e+01 -2.466048e-01 2.622550e+00
    endloop
  endfacet
  facet normal -5.178324e-17 -5.336831e-01 -8.456845e-01
    outer loop
      vertex -1.190625e+01 2.192635e-01 5.332428e+00
      vertex -7.207779e+00 -1.312057e-01 5.553597e+00
      vertex -1.190625e+01 -1.312057e-01 5.553597e+00
    endloop
  endfacet
  facet normal -5.178324e-17 -5.336831e-01 -8.456845e-01
    outer loop
      vertex -7.207779e+00 -1.312057e-01 5.553597e+00
      vertex -1.190625e+01 2.192635e-01 5.332428e+00
      vertex -7.207779e+00 2.192635e-01 5.332428e+00
    endloop
  endfacet
  facet normal -4.156091e-17 -7.343776e-01 -6.787411e-01
    outer loop
      vertex -1.190625e+01 2.192635e-01 5.332428e+00
      vertex -7.207779e+00 5.005478e-01 5.028086e+00
      vertex -7.207779e+00 2.192635e-01 5.332428e+00
    endloop
  endfacet
  facet normal -4.156091e-17 -7.343776e-01 -6.787411e-01
    outer loop
      vertex -7.207779e+00 5.005478e-01 5.028086e+00
      vertex -1.190625e+01 2.192635e-01 5.332428e+00
      vertex -1.190625e+01 5.005478e-01 5.028086e+00
    endloop
  endfacet
  facet normal 3.000940e-16 -1.000000e+00 1.934937e-16
    outer loop
      vertex -1.190625e+01 -1.587720e+01 7.286974e+00
      vertex -7.207779e+00 -1.587720e+01 1.998401e-15
      vertex -7.207779e+00 -1.587720e+01 7.286974e+00
    endloop
  endfacet
  facet normal 3.000940e-16 -1.000000e+00 1.934937e-16
    outer loop
      vertex -7.207779e+00 -1.587720e+01 1.998401e-15
      vertex -1.190625e+01 -1.587720e+01 7.286974e+00
      vertex -1.190625e+01 -1.587720e+01 2.220446e-15
    endloop
  endfacet
  facet normal 2.408934e-18 -9.992259e-01 3.934087e-02
    outer loop
      vertex -1.190625e+01 7.849070e-01 4.257104e+00
      vertex -7.207779e+00 7.686032e-01 3.843004e+00
      vertex -7.207779e+00 7.849070e-01 4.257104e+00
    endloop
  endfacet
  facet normal 2.408934e-18 -9.992259e-01 3.934087e-02
    outer loop
      vertex -7.207779e+00 7.686032e-01 3.843004e+00
      vertex -1.190625e+01 7.849070e-01 4.257104e+00
      vertex -1.190625e+01 7.686032e-01 3.843004e+00
    endloop
  endfacet
  facet normal 4.496766e-17 -6.787411e-01 7.343776e-01
    outer loop
      vertex -7.207779e+00 4.245085e-01 3.096765e+00
      vertex -1.190625e+01 1.201674e-01 2.815481e+00
      vertex -7.207779e+00 1.201674e-01 2.815481e+00
    endloop
  endfacet
  facet normal 4.496766e-17 -6.787411e-01 7.343776e-01
    outer loop
      vertex -1.190625e+01 1.201674e-01 2.815481e+00
      vertex -7.207779e+00 4.245085e-01 3.096765e+00
      vertex -1.190625e+01 4.245085e-01 3.096765e+00
    endloop
  endfacet
  facet normal 5.178324e-17 5.336831e-01 8.456845e-01
    outer loop
      vertex -7.207779e+00 -1.460684e+00 2.670350e+00
      vertex -1.190625e+01 -1.811154e+00 2.891520e+00
      vertex -7.207779e+00 -1.811154e+00 2.891520e+00
    endloop
  endfacet
  facet normal 5.178324e-17 5.336831e-01 8.456845e-01
    outer loop
      vertex -1.190625e+01 -1.811154e+00 2.891520e+00
      vertex -7.207779e+00 -1.460684e+00 2.670350e+00
      vertex -1.190625e+01 -1.460684e+00 2.670350e+00
    endloop
  endfacet
  facet normal 4.156091e-17 7.343776e-01 6.787411e-01
    outer loop
      vertex -1.190625e+01 -1.811154e+00 2.891520e+00
      vertex -7.207779e+00 -2.092438e+00 3.195861e+00
      vertex -7.207779e+00 -1.811154e+00 2.891520e+00
    endloop
  endfacet
  facet normal 4.156091e-17 7.343776e-01 6.787411e-01
    outer loop
      vertex -7.207779e+00 -2.092438e+00 3.195861e+00
      vertex -1.190625e+01 -1.811154e+00 2.891520e+00
      vertex -1.190625e+01 -2.092438e+00 3.195861e+00
    endloop
  endfacet
  facet normal -5.847663e-17 -2.966191e-01 -9.549959e-01
    outer loop
      vertex -1.190625e+01 -1.312057e-01 5.553597e+00
      vertex -7.207779e+00 -5.269762e-01 5.676522e+00
      vertex -1.190625e+01 -5.269762e-01 5.676522e+00
    endloop
  endfacet
  facet normal -5.847663e-17 -2.966191e-01 -9.549959e-01
    outer loop
      vertex -7.207779e+00 -5.269762e-01 5.676522e+00
      vertex -1.190625e+01 -1.312057e-01 5.553597e+00
      vertex -7.207779e+00 -1.312057e-01 5.553597e+00
    endloop
  endfacet
  facet normal -6.123234e-17 0.000000e+00 -1.000000e+00
    outer loop
      vertex -1.190625e+01 3.271439e+00 2.220446e-15
      vertex -7.207779e+00 -1.587720e+01 1.998401e-15
      vertex -1.190625e+01 -1.587720e+01 2.220446e-15
    endloop
  endfacet
  facet normal -6.123234e-17 0.000000e+00 -1.000000e+00
    outer loop
      vertex -7.207779e+00 -1.587720e+01 1.998401e-15
      vertex -1.190625e+01 3.271439e+00 2.220446e-15
      vertex -7.207779e+00 3.271439e+00 1.998401e-15
    endloop
  endfacet
  facet normal 2.850627e-17 8.850254e-01 4.655427e-01
    outer loop
      vertex -1.190625e+01 -2.092438e+00 3.195861e+00
      vertex -7.207779e+00 -2.285368e+00 3.562633e+00
      vertex -7.207779e+00 -2.092438e+00 3.195861e+00
    endloop
  endfacet
  facet normal 2.850627e-17 8.850254e-01 4.655427e-01
    outer loop
      vertex -7.207779e+00 -2.285368e+00 3.562633e+00
      vertex -1.190625e+01 -2.092438e+00 3.195861e+00
      vertex -1.190625e+01 -2.285368e+00 3.562633e+00
    endloop
  endfacet
  facet normal -1.350898e-17 -9.753602e-01 -2.206183e-01
    outer loop
      vertex -1.190625e+01 6.934783e-01 4.661313e+00
      vertex -7.207779e+00 7.849070e-01 4.257104e+00
      vertex -7.207779e+00 6.934783e-01 4.661313e+00
    endloop
  endfacet
  facet normal -1.350898e-17 -9.753602e-01 -2.206183e-01
    outer loop
      vertex -7.207779e+00 7.849070e-01 4.257104e+00
      vertex -1.190625e+01 6.934783e-01 4.661313e+00
      vertex -1.190625e+01 7.849070e-01 4.257104e+00
    endloop
  endfacet
  facet normal 6.123234e-17 0.000000e+00 1.000000e+00
    outer loop
      vertex -7.207779e+00 -1.587720e+01 7.286974e+00
      vertex -1.190625e+01 3.271439e+00 7.286974e+00
      vertex -1.190625e+01 -1.587720e+01 7.286974e+00
    endloop
  endfacet
  facet normal 6.123234e-17 0.000000e+00 1.000000e+00
    outer loop
      vertex -1.190625e+01 3.271439e+00 7.286974e+00
      vertex -7.207779e+00 -1.587720e+01 7.286974e+00
      vertex -7.207779e+00 3.271439e+00 7.286974e+00
    endloop
  endfacet
  facet normal 6.118494e-17 3.934087e-02 9.992259e-01
    outer loop
      vertex -7.207779e+00 -6.508150e-01 2.531122e+00
      vertex -1.190625e+01 -1.064914e+00 2.547425e+00
      vertex -7.207779e+00 -1.064914e+00 2.547425e+00
    endloop
  endfacet
  facet normal 6.118494e-17 3.934087e-02 9.992259e-01
    outer loop
      vertex -1.190625e+01 -1.064914e+00 2.547425e+00
      vertex -7.207779e+00 -6.508150e-01 2.531122e+00
      vertex -1.190625e+01 -6.508150e-01 2.531122e+00
    endloop
  endfacet
  facet normal 5.847663e-17 2.966191e-01 9.549959e-01
    outer loop
      vertex -7.207779e+00 -1.064914e+00 2.547425e+00
      vertex -1.190625e+01 -1.460684e+00 2.670350e+00
      vertex -7.207779e+00 -1.460684e+00 2.670350e+00
    endloop
  endfacet
  facet normal 5.847663e-17 2.966191e-01 9.549959e-01
    outer loop
      vertex -1.190625e+01 -1.460684e+00 2.670350e+00
      vertex -7.207779e+00 -1.064914e+00 2.547425e+00
      vertex -1.190625e+01 -1.064914e+00 2.547425e+00
    endloop
  endfacet
  facet normal 3.267867e-17 -8.456845e-01 5.336831e-01
    outer loop
      vertex -1.190625e+01 6.456781e-01 3.447234e+00
      vertex -7.207779e+00 4.245085e-01 3.096765e+00
      vertex -7.207779e+00 6.456781e-01 3.447234e+00
    endloop
  endfacet
  facet normal 3.267867e-17 -8.456845e-01 5.336831e-01
    outer loop
      vertex -7.207779e+00 4.245085e-01 3.096765e+00
      vertex -1.190625e+01 6.456781e-01 3.447234e+00
      vertex -1.190625e+01 4.245085e-01 3.096765e+00
    endloop
  endfacet
  facet normal 5.419218e-17 -4.655427e-01 8.850254e-01
    outer loop
      vertex -7.207779e+00 1.201674e-01 2.815481e+00
      vertex -1.190625e+01 -2.466048e-01 2.622550e+00
      vertex -7.207779e+00 -2.466048e-01 2.622550e+00
    endloop
  endfacet
  facet normal 5.419218e-17 -4.655427e-01 8.850254e-01
    outer loop
      vertex -1.190625e+01 -2.466048e-01 2.622550e+00
      vertex -7.207779e+00 1.201674e-01 2.815481e+00
      vertex -1.190625e+01 1.201674e-01 2.815481e+00
    endloop
  endfacet
  facet normal 5.012008e-17 5.744739e-01 8.185230e-01
    outer loop
      vertex -7.207779e+00 -1.264301e+01 2.704648e+00
      vertex -1.190625e+01 -1.298223e+01 2.942722e+00
      vertex -7.207779e+00 -1.298223e+01 2.942722e+00
    endloop
  endfacet
  facet normal 5.012008e-17 5.744739e-01 8.185230e-01
    outer loop
      vertex -1.190625e+01 -1.298223e+01 2.942722e+00
      vertex -7.207779e+00 -1.264301e+01 2.704648e+00
      vertex -1.190625e+01 -1.264301e+01 2.704648e+00
    endloop
  endfacet
  facet normal 4.694980e-17 -6.419477e-01 7.667484e-01
    outer loop
      vertex -7.207779e+00 -1.073919e+01 3.038192e+00
      vertex -1.190625e+01 -1.105695e+01 2.772156e+00
      vertex -7.207779e+00 -1.105695e+01 2.772156e+00
    endloop
  endfacet
  facet normal 4.694980e-17 -6.419477e-01 7.667484e-01
    outer loop
      vertex -1.190625e+01 -1.105695e+01 2.772156e+00
      vertex -7.207779e+00 -1.073919e+01 3.038192e+00
      vertex -1.190625e+01 -1.073919e+01 3.038192e+00
    endloop
  endfacet
  facet normal -4.694980e-17 6.419477e-01 -7.667484e-01
    outer loop
      vertex -1.190625e+01 -1.275994e+01 5.451792e+00
      vertex -7.207779e+00 -1.307770e+01 5.185755e+00
      vertex -1.190625e+01 -1.307770e+01 5.185755e+00
    endloop
  endfacet
  facet normal -4.694980e-17 6.419477e-01 -7.667484e-01
    outer loop
      vertex -7.207779e+00 -1.307770e+01 5.185755e+00
      vertex -1.190625e+01 -1.275994e+01 5.451792e+00
      vertex -7.207779e+00 -1.275994e+01 5.451792e+00
    endloop
  endfacet
  facet normal -2.581707e-17 -9.067704e-01 -4.216247e-01
    outer loop
      vertex -1.190625e+01 -1.056863e+01 4.963469e+00
      vertex -7.207779e+00 -1.039390e+01 4.587684e+00
      vertex -7.207779e+00 -1.056863e+01 4.963469e+00
    endloop
  endfacet
  facet normal -2.581707e-17 -9.067704e-01 -4.216247e-01
    outer loop
      vertex -7.207779e+00 -1.039390e+01 4.587684e+00
      vertex -1.190625e+01 -1.056863e+01 4.963469e+00
      vertex -1.190625e+01 -1.039390e+01 4.587684e+00
    endloop
  endfacet
  facet normal 5.403599e-18 -9.960986e-01 8.824746e-02
    outer loop
      vertex -1.190625e+01 -1.032238e+01 4.179481e+00
      vertex -7.207779e+00 -1.035895e+01 3.766677e+00
      vertex -7.207779e+00 -1.032238e+01 4.179481e+00
    endloop
  endfacet
  facet normal 5.403599e-18 -9.960986e-01 8.824746e-02
    outer loop
      vertex -7.207779e+00 -1.035895e+01 3.766677e+00
      vertex -1.190625e+01 -1.032238e+01 4.179481e+00
      vertex -1.190625e+01 -1.035895e+01 3.766677e+00
    endloop
  endfacet
  facet normal -5.012008e-17 -5.744739e-01 -8.185230e-01
    outer loop
      vertex -1.190625e+01 -1.083466e+01 5.281226e+00
      vertex -7.207779e+00 -1.117388e+01 5.519299e+00
      vertex -1.190625e+01 -1.117388e+01 5.519299e+00
    endloop
  endfacet
  facet normal -5.012008e-17 -5.744739e-01 -8.185230e-01
    outer loop
      vertex -7.207779e+00 -1.117388e+01 5.519299e+00
      vertex -1.190625e+01 -1.083466e+01 5.281226e+00
      vertex -7.207779e+00 -1.083466e+01 5.281226e+00
    endloop
  endfacet
  facet normal 5.751659e-17 3.430498e-01 9.393172e-01
    outer loop
      vertex -7.207779e+00 -1.225374e+01 2.562481e+00
      vertex -1.190625e+01 -1.264301e+01 2.704648e+00
      vertex -7.207779e+00 -1.264301e+01 2.704648e+00
    endloop
  endfacet
  facet normal 5.751659e-17 3.430498e-01 9.393172e-01
    outer loop
      vertex -1.190625e+01 -1.264301e+01 2.704648e+00
      vertex -7.207779e+00 -1.225374e+01 2.562481e+00
      vertex -1.190625e+01 -1.225374e+01 2.562481e+00
    endloop
  endfacet
  facet normal -2.100574e-17 9.393172e-01 -3.430498e-01
    outer loop
      vertex -1.190625e+01 -1.345794e+01 4.457270e+00
      vertex -7.207779e+00 -1.331577e+01 4.846542e+00
      vertex -7.207779e+00 -1.345794e+01 4.457270e+00
    endloop
  endfacet
  facet normal -2.100574e-17 9.393172e-01 -3.430498e-01
    outer loop
      vertex -7.207779e+00 -1.331577e+01 4.846542e+00
      vertex -1.190625e+01 -1.345794e+01 4.457270e+00
      vertex -1.190625e+01 -1.331577e+01 4.846542e+00
    endloop
  endfacet
  facet normal -5.403599e-18 9.960986e-01 -8.824746e-02
    outer loop
      vertex -1.190625e+01 -1.349451e+01 4.044466e+00
      vertex -7.207779e+00 -1.345794e+01 4.457270e+00
      vertex -7.207779e+00 -1.349451e+01 4.044466e+00
    endloop
  endfacet
  facet normal -5.403599e-18 9.960986e-01 -8.824746e-02
    outer loop
      vertex -7.207779e+00 -1.345794e+01 4.457270e+00
      vertex -1.190625e+01 -1.349451e+01 4.044466e+00
      vertex -1.190625e+01 -1.345794e+01 4.457270e+00
    endloop
  endfacet
  facet normal -5.751659e-17 -3.430498e-01 -9.393172e-01
    outer loop
      vertex -1.190625e+01 -1.117388e+01 5.519299e+00
      vertex -7.207779e+00 -1.156315e+01 5.661466e+00
      vertex -1.190625e+01 -1.156315e+01 5.661466e+00
    endloop
  endfacet
  facet normal -5.751659e-17 -3.430498e-01 -9.393172e-01
    outer loop
      vertex -7.207779e+00 -1.156315e+01 5.661466e+00
      vertex -1.190625e+01 -1.117388e+01 5.519299e+00
      vertex -7.207779e+00 -1.117388e+01 5.519299e+00
    endloop
  endfacet
  facet normal 1.056679e-17 9.849975e-01 1.725688e-01
    outer loop
      vertex -1.190625e+01 -1.342299e+01 3.636262e+00
      vertex -7.207779e+00 -1.349451e+01 4.044466e+00
      vertex -7.207779e+00 -1.342299e+01 3.636262e+00
    endloop
  endfacet
  facet normal 1.056679e-17 9.849975e-01 1.725688e-01
    outer loop
      vertex -7.207779e+00 -1.349451e+01 4.044466e+00
      vertex -1.190625e+01 -1.342299e+01 3.636262e+00
      vertex -1.190625e+01 -1.349451e+01 4.044466e+00
    endloop
  endfacet
  facet normal 2.581707e-17 9.067704e-01 4.216247e-01
    outer loop
      vertex -1.190625e+01 -1.324826e+01 3.260478e+00
      vertex -7.207779e+00 -1.342299e+01 3.636262e+00
      vertex -7.207779e+00 -1.324826e+01 3.260478e+00
    endloop
  endfacet
  facet normal 2.581707e-17 9.067704e-01 4.216247e-01
    outer loop
      vertex -7.207779e+00 -1.342299e+01 3.636262e+00
      vertex -1.190625e+01 -1.324826e+01 3.260478e+00
      vertex -1.190625e+01 -1.342299e+01 3.636262e+00
    endloop
  endfacet
  facet normal -6.099345e-17 -8.824746e-02 -9.960986e-01
    outer loop
      vertex -1.190625e+01 -1.156315e+01 5.661466e+00
      vertex -7.207779e+00 -1.197595e+01 5.698038e+00
      vertex -1.190625e+01 -1.197595e+01 5.698038e+00
    endloop
  endfacet
  facet normal -6.099345e-17 -8.824746e-02 -9.960986e-01
    outer loop
      vertex -7.207779e+00 -1.197595e+01 5.698038e+00
      vertex -1.190625e+01 -1.156315e+01 5.661466e+00
      vertex -7.207779e+00 -1.156315e+01 5.661466e+00
    endloop
  endfacet
  facet normal -3.517638e-17 8.185230e-01 -5.744739e-01
    outer loop
      vertex -1.190625e+01 -1.331577e+01 4.846542e+00
      vertex -7.207779e+00 -1.307770e+01 5.185755e+00
      vertex -7.207779e+00 -1.331577e+01 4.846542e+00
    endloop
  endfacet
  facet normal -3.517638e-17 8.185230e-01 -5.744739e-01
    outer loop
      vertex -7.207779e+00 -1.307770e+01 5.185755e+00
      vertex -1.190625e+01 -1.331577e+01 4.846542e+00
      vertex -1.190625e+01 -1.307770e+01 5.185755e+00
    endloop
  endfacet
  facet normal -1.056679e-17 -9.849975e-01 -1.725688e-01
    outer loop
      vertex -1.190625e+01 -1.039390e+01 4.587684e+00
      vertex -7.207779e+00 -1.032238e+01 4.179481e+00
      vertex -7.207779e+00 -1.039390e+01 4.587684e+00
    endloop
  endfacet
  facet normal -1.056679e-17 -9.849975e-01 -1.725688e-01
    outer loop
      vertex -7.207779e+00 -1.032238e+01 4.179481e+00
      vertex -1.190625e+01 -1.039390e+01 4.587684e+00
      vertex -1.190625e+01 -1.032238e+01 4.179481e+00
    endloop
  endfacet
  facet normal -6.118494e-17 -3.934087e-02 -9.992259e-01
    outer loop
      vertex -1.190625e+01 -5.269762e-01 5.676522e+00
      vertex -7.207779e+00 -9.410759e-01 5.692826e+00
      vertex -1.190625e+01 -9.410759e-01 5.692826e+00
    endloop
  endfacet
  facet normal -6.118494e-17 -3.934087e-02 -9.992259e-01
    outer loop
      vertex -7.207779e+00 -9.410759e-01 5.692826e+00
      vertex -1.190625e+01 -5.269762e-01 5.676522e+00
      vertex -7.207779e+00 -5.269762e-01 5.676522e+00
    endloop
  endfacet
  facet normal -5.972359e-17 2.206183e-01 -9.753602e-01
    outer loop
      vertex -1.190625e+01 -9.410759e-01 5.692826e+00
      vertex -7.207779e+00 -1.345285e+00 5.601397e+00
      vertex -1.190625e+01 -1.345285e+00 5.601397e+00
    endloop
  endfacet
  facet normal -5.972359e-17 2.206183e-01 -9.753602e-01
    outer loop
      vertex -7.207779e+00 -1.345285e+00 5.601397e+00
      vertex -1.190625e+01 -9.410759e-01 5.692826e+00
      vertex -7.207779e+00 -9.410759e-01 5.692826e+00
    endloop
  endfacet
  facet normal 6.099345e-17 8.824746e-02 9.960986e-01
    outer loop
      vertex -7.207779e+00 -1.184094e+01 2.525909e+00
      vertex -1.190625e+01 -1.225374e+01 2.562481e+00
      vertex -7.207779e+00 -1.225374e+01 2.562481e+00
    endloop
  endfacet
  facet normal 6.099345e-17 8.824746e-02 9.960986e-01
    outer loop
      vertex -1.190625e+01 -1.225374e+01 2.562481e+00
      vertex -7.207779e+00 -1.184094e+01 2.525909e+00
      vertex -1.190625e+01 -1.184094e+01 2.525909e+00
    endloop
  endfacet
  facet normal 3.517638e-17 -8.185230e-01 5.744739e-01
    outer loop
      vertex -1.190625e+01 -1.050112e+01 3.377405e+00
      vertex -7.207779e+00 -1.073919e+01 3.038192e+00
      vertex -7.207779e+00 -1.050112e+01 3.377405e+00
    endloop
  endfacet
  facet normal 3.517638e-17 -8.185230e-01 5.744739e-01
    outer loop
      vertex -7.207779e+00 -1.073919e+01 3.038192e+00
      vertex -1.190625e+01 -1.050112e+01 3.377405e+00
      vertex -1.190625e+01 -1.073919e+01 3.038192e+00
    endloop
  endfacet
  facet normal 2.100574e-17 -9.393172e-01 3.430498e-01
    outer loop
      vertex -1.190625e+01 -1.035895e+01 3.766677e+00
      vertex -7.207779e+00 -1.050112e+01 3.377405e+00
      vertex -7.207779e+00 -1.035895e+01 3.766677e+00
    endloop
  endfacet
  facet normal 2.100574e-17 -9.393172e-01 3.430498e-01
    outer loop
      vertex -7.207779e+00 -1.050112e+01 3.377405e+00
      vertex -1.190625e+01 -1.035895e+01 3.766677e+00
      vertex -1.190625e+01 -1.050112e+01 3.377405e+00
    endloop
  endfacet
  facet normal -2.408934e-18 9.992259e-01 -3.934087e-02
    outer loop
      vertex -1.190625e+01 -2.376797e+00 3.966843e+00
      vertex -7.207779e+00 -2.360494e+00 4.380943e+00
      vertex -7.207779e+00 -2.376797e+00 3.966843e+00
    endloop
  endfacet
  facet normal -2.408934e-18 9.992259e-01 -3.934087e-02
    outer loop
      vertex -7.207779e+00 -2.360494e+00 4.380943e+00
      vertex -1.190625e+01 -2.376797e+00 3.966843e+00
      vertex -1.190625e+01 -2.360494e+00 4.380943e+00
    endloop
  endfacet
  facet normal -1.816268e-17 9.549959e-01 -2.966191e-01
    outer loop
      vertex -1.190625e+01 -2.360494e+00 4.380943e+00
      vertex -7.207779e+00 -2.237569e+00 4.776713e+00
      vertex -7.207779e+00 -2.360494e+00 4.380943e+00
    endloop
  endfacet
  facet normal -1.816268e-17 9.549959e-01 -2.966191e-01
    outer loop
      vertex -7.207779e+00 -2.237569e+00 4.776713e+00
      vertex -1.190625e+01 -2.360494e+00 4.380943e+00
      vertex -1.190625e+01 -2.237569e+00 4.776713e+00
    endloop
  endfacet
  facet normal -5.552367e-17 4.216247e-01 -9.067704e-01
    outer loop
      vertex -1.190625e+01 -1.238416e+01 5.626521e+00
      vertex -7.207779e+00 -1.275994e+01 5.451792e+00
      vertex -1.190625e+01 -1.275994e+01 5.451792e+00
    endloop
  endfacet
  facet normal -5.552367e-17 4.216247e-01 -9.067704e-01
    outer loop
      vertex -7.207779e+00 -1.275994e+01 5.451792e+00
      vertex -1.190625e+01 -1.238416e+01 5.626521e+00
      vertex -7.207779e+00 -1.238416e+01 5.626521e+00
    endloop
  endfacet
  facet normal -3.267867e-17 8.456845e-01 -5.336831e-01
    outer loop
      vertex -1.190625e+01 -2.237569e+00 4.776713e+00
      vertex -7.207779e+00 -2.016399e+00 5.127182e+00
      vertex -7.207779e+00 -2.237569e+00 4.776713e+00
    endloop
  endfacet
  facet normal -3.267867e-17 8.456845e-01 -5.336831e-01
    outer loop
      vertex -7.207779e+00 -2.016399e+00 5.127182e+00
      vertex -1.190625e+01 -2.237569e+00 4.776713e+00
      vertex -1.190625e+01 -2.016399e+00 5.127182e+00
    endloop
  endfacet
  facet normal -4.496766e-17 6.787411e-01 -7.343776e-01
    outer loop
      vertex -1.190625e+01 -1.712058e+00 5.408466e+00
      vertex -7.207779e+00 -2.016399e+00 5.127182e+00
      vertex -1.190625e+01 -2.016399e+00 5.127182e+00
    endloop
  endfacet
  facet normal -4.496766e-17 6.787411e-01 -7.343776e-01
    outer loop
      vertex -7.207779e+00 -2.016399e+00 5.127182e+00
      vertex -1.190625e+01 -1.712058e+00 5.408466e+00
      vertex -7.207779e+00 -1.712058e+00 5.408466e+00
    endloop
  endfacet
  facet normal -5.419218e-17 4.655427e-01 -8.850254e-01
    outer loop
      vertex -1.190625e+01 -1.345285e+00 5.601397e+00
      vertex -7.207779e+00 -1.712058e+00 5.408466e+00
      vertex -1.190625e+01 -1.712058e+00 5.408466e+00
    endloop
  endfacet
  facet normal -5.419218e-17 4.655427e-01 -8.850254e-01
    outer loop
      vertex -7.207779e+00 -1.712058e+00 5.408466e+00
      vertex -1.190625e+01 -1.345285e+00 5.601397e+00
      vertex -7.207779e+00 -1.345285e+00 5.601397e+00
    endloop
  endfacet
  facet normal 5.552367e-17 -4.216247e-01 9.067704e-01
    outer loop
      vertex -7.207779e+00 -1.105695e+01 2.772156e+00
      vertex -1.190625e+01 -1.143273e+01 2.597426e+00
      vertex -7.207779e+00 -1.143273e+01 2.597426e+00
    endloop
  endfacet
  facet normal 5.552367e-17 -4.216247e-01 9.067704e-01
    outer loop
      vertex -1.190625e+01 -1.143273e+01 2.597426e+00
      vertex -7.207779e+00 -1.105695e+01 2.772156e+00
      vertex -1.190625e+01 -1.105695e+01 2.772156e+00
    endloop
  endfacet
  facet normal 6.031370e-17 -1.725688e-01 9.849975e-01
    outer loop
      vertex -7.207779e+00 -1.143273e+01 2.597426e+00
      vertex -1.190625e+01 -1.184094e+01 2.525909e+00
      vertex -7.207779e+00 -1.184094e+01 2.525909e+00
    endloop
  endfacet
  facet normal 6.031370e-17 -1.725688e-01 9.849975e-01
    outer loop
      vertex -1.190625e+01 -1.184094e+01 2.525909e+00
      vertex -7.207779e+00 -1.143273e+01 2.597426e+00
      vertex -1.190625e+01 -1.143273e+01 2.597426e+00
    endloop
  endfacet
  facet normal 3.930796e-17 7.667484e-01 6.419477e-01
    outer loop
      vertex -1.190625e+01 -1.298223e+01 2.942722e+00
      vertex -7.207779e+00 -1.324826e+01 3.260478e+00
      vertex -7.207779e+00 -1.298223e+01 2.942722e+00
    endloop
  endfacet
  facet normal 3.930796e-17 7.667484e-01 6.419477e-01
    outer loop
      vertex -7.207779e+00 -1.324826e+01 3.260478e+00
      vertex -1.190625e+01 -1.298223e+01 2.942722e+00
      vertex -1.190625e+01 -1.324826e+01 3.260478e+00
    endloop
  endfacet
  facet normal -6.031370e-17 1.725688e-01 -9.849975e-01
    outer loop
      vertex -1.190625e+01 -1.197595e+01 5.698038e+00
      vertex -7.207779e+00 -1.238416e+01 5.626521e+00
      vertex -1.190625e+01 -1.238416e+01 5.626521e+00
    endloop
  endfacet
  facet normal -6.031370e-17 1.725688e-01 -9.849975e-01
    outer loop
      vertex -7.207779e+00 -1.238416e+01 5.626521e+00
      vertex -1.190625e+01 -1.197595e+01 5.698038e+00
      vertex -7.207779e+00 -1.197595e+01 5.698038e+00
    endloop
  endfacet
  facet normal 1.350898e-17 9.753602e-01 2.206183e-01
    outer loop
      vertex -1.190625e+01 -2.285368e+00 3.562633e+00
      vertex -7.207779e+00 -2.376797e+00 3.966843e+00
      vertex -7.207779e+00 -2.285368e+00 3.562633e+00
    endloop
  endfacet
  facet normal 1.350898e-17 9.753602e-01 2.206183e-01
    outer loop
      vertex -7.207779e+00 -2.376797e+00 3.966843e+00
      vertex -1.190625e+01 -2.285368e+00 3.562633e+00
      vertex -1.190625e+01 -2.376797e+00 3.966843e+00
    endloop
  endfacet
  facet normal -3.930796e-17 -7.667484e-01 -6.419477e-01
    outer loop
      vertex -1.190625e+01 -1.083466e+01 5.281226e+00
      vertex -7.207779e+00 -1.056863e+01 4.963469e+00
      vertex -7.207779e+00 -1.083466e+01 5.281226e+00
    endloop
  endfacet
  facet normal -3.930796e-17 -7.667484e-01 -6.419477e-01
    outer loop
      vertex -7.207779e+00 -1.056863e+01 4.963469e+00
      vertex -1.190625e+01 -1.083466e+01 5.281226e+00
      vertex -1.190625e+01 -1.056863e+01 4.963469e+00
    endloop
  endfacet
  facet normal -7.502351e-16 1.000000e+00 1.928518e-15
    outer loop
      vertex -1.190625e+01 3.271439e+00 2.220446e-15
      vertex -7.207779e+00 3.271439e+00 3.290052e+00
      vertex -7.207779e+00 3.271439e+00 1.998401e-15
    endloop
  endfacet
  facet normal -7.502351e-16 1.000000e+00 1.928518e-15
    outer loop
      vertex -7.207779e+00 3.271439e+00 3.290052e+00
      vertex -1.190625e+01 3.271439e+00 2.220446e-15
      vertex -1.190625e+01 3.271439e+00 3.290052e+00
    endloop
  endfacet
  facet normal -1.298218e-31 1.000000e+00 -3.552714e-16
    outer loop
      vertex -1.190625e+01 3.271439e+00 3.318223e+00
      vertex -7.207779e+00 3.271439e+00 7.286974e+00
      vertex -7.207779e+00 3.271439e+00 3.318223e+00
    endloop
  endfacet
  facet normal -1.298218e-31 1.000000e+00 -3.552714e-16
    outer loop
      vertex -7.207779e+00 3.271439e+00 7.286974e+00
      vertex -1.190625e+01 3.271439e+00 3.318223e+00
      vertex -1.190625e+01 3.271439e+00 7.286974e+00
    endloop
  endfacet
  facet normal -1.000000e+00 -2.241631e-16 -3.069321e-16
    outer loop
      vertex -1.190625e+01 -1.143273e+01 2.597426e+00
      vertex -1.190625e+01 -6.508150e-01 2.531122e+00
      vertex -1.190625e+01 -1.184094e+01 2.525909e+00
    endloop
  endfacet
  facet normal -1.000000e+00 -2.241631e-16 -3.069321e-16
    outer loop
      vertex -1.190625e+01 -6.508150e-01 2.531122e+00
      vertex -1.190625e+01 -1.143273e+01 2.597426e+00
      vertex -1.190625e+01 -1.064914e+00 2.547425e+00
    endloop
  endfacet
  facet normal -1.000000e+00 -2.241631e-16 -3.069321e-16
    outer loop
      vertex -1.190625e+01 -1.064914e+00 2.547425e+00
      vertex -1.190625e+01 -1.143273e+01 2.597426e+00
      vertex -1.190625e+01 -1.460684e+00 2.670350e+00
    endloop
  endfacet
  facet normal -1.000000e+00 -2.241631e-16 -3.069321e-16
    outer loop
      vertex -1.190625e+01 -1.460684e+00 2.670350e+00
      vertex -1.190625e+01 -1.143273e+01 2.597426e+00
      vertex -1.190625e+01 -1.105695e+01 2.772156e+00
    endloop
  endfacet
  facet normal -1.000000e+00 -2.241631e-16 -3.069321e-16
    outer loop
      vertex -1.190625e+01 -1.460684e+00 2.670350e+00
      vertex -1.190625e+01 -1.105695e+01 2.772156e+00
      vertex -1.190625e+01 -1.811154e+00 2.891520e+00
    endloop
  endfacet
  facet normal -1.000000e+00 -2.241631e-16 -3.069321e-16
    outer loop
      vertex -1.190625e+01 -1.811154e+00 2.891520e+00
      vertex -1.190625e+01 -1.105695e+01 2.772156e+00
      vertex -1.190625e+01 -1.073919e+01 3.038192e+00
    endloop
  endfacet
  facet normal -1.000000e+00 -2.241631e-16 -3.069321e-16
    outer loop
      vertex -1.190625e+01 -1.811154e+00 2.891520e+00
      vertex -1.190625e+01 -1.073919e+01 3.038192e+00
      vertex -1.190625e+01 -2.092438e+00 3.195861e+00
    endloop
  endfacet
  facet normal -1.000000e+00 -2.241631e-16 -3.069321e-16
    outer loop
      vertex -1.190625e+01 -2.092438e+00 3.195861e+00
      vertex -1.190625e+01 -1.073919e+01 3.038192e+00
      vertex -1.190625e+01 -1.050112e+01 3.377405e+00
    endloop
  endfacet
  facet normal -1.000000e+00 -2.241631e-16 -3.069321e-16
    outer loop
      vertex -1.190625e+01 -2.092438e+00 3.195861e+00
      vertex -1.190625e+01 -1.050112e+01 3.377405e+00
      vertex -1.190625e+01 -2.285368e+00 3.562633e+00
    endloop
  endfacet
  facet normal -1.000000e+00 -2.241631e-16 -3.069321e-16
    outer loop
      vertex -1.190625e+01 -2.285368e+00 3.562633e+00
      vertex -1.190625e+01 -1.050112e+01 3.377405e+00
      vertex -1.190625e+01 -1.035895e+01 3.766677e+00
    endloop
  endfacet
  facet normal -1.000000e+00 -2.241631e-16 -3.069321e-16
    outer loop
      vertex -1.190625e+01 -2.285368e+00 3.562633e+00
      vertex -1.190625e+01 -1.035895e+01 3.766677e+00
      vertex -1.190625e+01 -2.376797e+00 3.966843e+00
    endloop
  endfacet
  facet normal -1.000000e+00 -2.241631e-16 -3.069321e-16
    outer loop
      vertex -1.190625e+01 -2.376797e+00 3.966843e+00
      vertex -1.190625e+01 -1.035895e+01 3.766677e+00
      vertex -1.190625e+01 -1.032238e+01 4.179481e+00
    endloop
  endfacet
  facet normal -1.000000e+00 -2.241631e-16 -3.069321e-16
    outer loop
      vertex -1.190625e+01 -2.376797e+00 3.966843e+00
      vertex -1.190625e+01 -1.032238e+01 4.179481e+00
      vertex -1.190625e+01 -2.360494e+00 4.380943e+00
    endloop
  endfacet
  facet normal -1.000000e+00 -2.241631e-16 -3.069321e-16
    outer loop
      vertex -1.190625e+01 -2.360494e+00 4.380943e+00
      vertex -1.190625e+01 -1.032238e+01 4.179481e+00
      vertex -1.190625e+01 -1.039390e+01 4.587684e+00
    endloop
  endfacet
  facet normal -1.000000e+00 -2.241631e-16 -3.069321e-16
    outer loop
      vertex -1.190625e+01 -2.360494e+00 4.380943e+00
      vertex -1.190625e+01 -1.039390e+01 4.587684e+00
      vertex -1.190625e+01 -2.237569e+00 4.776713e+00
    endloop
  endfacet
  facet normal -1.000000e+00 -2.241631e-16 -3.069321e-16
    outer loop
      vertex -1.190625e+01 -2.237569e+00 4.776713e+00
      vertex -1.190625e+01 -1.039390e+01 4.587684e+00
      vertex -1.190625e+01 -1.056863e+01 4.963469e+00
    endloop
  endfacet
  facet normal -1.000000e+00 -2.241631e-16 -3.069321e-16
    outer loop
      vertex -1.190625e+01 -2.237569e+00 4.776713e+00
      vertex -1.190625e+01 -1.056863e+01 4.963469e+00
      vertex -1.190625e+01 -2.016399e+00 5.127182e+00
    endloop
  endfacet
  facet normal -1.000000e+00 -2.241631e-16 -3.069321e-16
    outer loop
      vertex -1.190625e+01 -2.016399e+00 5.127182e+00
      vertex -1.190625e+01 -1.056863e+01 4.963469e+00
      vertex -1.190625e+01 -1.083466e+01 5.281226e+00
    endloop
  endfacet
  facet normal -1.000000e+00 -2.241631e-16 -3.069321e-16
    outer loop
      vertex -1.190625e+01 -2.016399e+00 5.127182e+00
      vertex -1.190625e+01 -1.083466e+01 5.281226e+00
      vertex -1.190625e+01 -1.712058e+00 5.408466e+00
    endloop
  endfacet
  facet normal -1.000000e+00 -2.241631e-16 -3.069321e-16
    outer loop
      vertex -1.190625e+01 -1.712058e+00 5.408466e+00
      vertex -1.190625e+01 -1.083466e+01 5.281226e+00
      vertex -1.190625e+01 -1.117388e+01 5.519299e+00
    endloop
  endfacet
  facet normal -1.000000e+00 -2.241631e-16 -3.069321e-16
    outer loop
      vertex -1.190625e+01 -1.712058e+00 5.408466e+00
      vertex -1.190625e+01 -1.117388e+01 5.519299e+00
      vertex -1.190625e+01 -1.345285e+00 5.601397e+00
    endloop
  endfacet
  facet normal -1.000000e+00 -2.241631e-16 -3.069321e-16
    outer loop
      vertex -1.190625e+01 -1.345285e+00 5.601397e+00
      vertex -1.190625e+01 -1.117388e+01 5.519299e+00
      vertex -1.190625e+01 -1.156315e+01 5.661466e+00
    endloop
  endfacet
  facet normal -1.000000e+00 -2.241631e-16 -3.069321e-16
    outer loop
      vertex -1.190625e+01 -1.345285e+00 5.601397e+00
      vertex -1.190625e+01 -1.156315e+01 5.661466e+00
      vertex -1.190625e+01 -9.410759e-01 5.692826e+00
    endloop
  endfacet
  facet normal -1.000000e+00 -2.241631e-16 -3.069321e-16
    outer loop
      vertex -1.190625e+01 -9.410759e-01 5.692826e+00
      vertex -1.190625e+01 -1.156315e+01 5.661466e+00
      vertex -1.190625e+01 -1.197595e+01 5.698038e+00
    endloop
  endfacet
  facet normal -1.000000e+00 -2.241631e-16 -3.069321e-16
    outer loop
      vertex -1.190625e+01 -1.587720e+01 2.220446e-15
      vertex -1.190625e+01 -1.225374e+01 2.562481e+00
      vertex -1.190625e+01 3.271439e+00 2.220446e-15
    endloop
  endfacet
  facet normal -1.000000e+00 -2.241631e-16 -3.069321e-16
    outer loop
      vertex -1.190625e+01 -1.225374e+01 2.562481e+00
      vertex -1.190625e+01 -1.587720e+01 2.220446e-15
      vertex -1.190625e+01 -1.264301e+01 2.704648e+00
    endloop
  endfacet
  facet normal -1.000000e+00 -2.241631e-16 -3.069321e-16
    outer loop
      vertex -1.190625e+01 -1.264301e+01 2.704648e+00
      vertex -1.190625e+01 -1.587720e+01 2.220446e-15
      vertex -1.190625e+01 -1.298223e+01 2.942722e+00
    endloop
  endfacet
  facet normal -1.000000e+00 -2.241631e-16 -3.069321e-16
    outer loop
      vertex -1.190625e+01 -1.298223e+01 2.942722e+00
      vertex -1.190625e+01 -1.587720e+01 2.220446e-15
      vertex -1.190625e+01 -1.324826e+01 3.260478e+00
    endloop
  endfacet
  facet normal -1.000000e+00 -2.241631e-16 -3.069321e-16
    outer loop
      vertex -1.190625e+01 -1.324826e+01 3.260478e+00
      vertex -1.190625e+01 -1.587720e+01 2.220446e-15
      vertex -1.190625e+01 -1.587720e+01 7.286974e+00
    endloop
  endfacet
  facet normal -1.000000e+00 -2.241631e-16 -3.069321e-16
    outer loop
      vertex -1.190625e+01 3.271439e+00 2.220446e-15
      vertex -1.190625e+01 -1.225374e+01 2.562481e+00
      vertex -1.190625e+01 -1.184094e+01 2.525909e+00
    endloop
  endfacet
  facet normal -1.000000e+00 -2.241631e-16 -3.069321e-16
    outer loop
      vertex -1.190625e+01 -1.324826e+01 3.260478e+00
      vertex -1.190625e+01 -1.587720e+01 7.286974e+00
      vertex -1.190625e+01 -1.342299e+01 3.636262e+00
    endloop
  endfacet
  facet normal -1.000000e+00 -2.241631e-16 -3.069321e-16
    outer loop
      vertex -1.190625e+01 -1.342299e+01 3.636262e+00
      vertex -1.190625e+01 -1.587720e+01 7.286974e+00
      vertex -1.190625e+01 -1.349451e+01 4.044466e+00
    endloop
  endfacet
  facet normal -1.000000e+00 -2.241631e-16 -3.069321e-16
    outer loop
      vertex -1.190625e+01 -1.349451e+01 4.044466e+00
      vertex -1.190625e+01 -1.587720e+01 7.286974e+00
      vertex -1.190625e+01 -1.345794e+01 4.457270e+00
    endloop
  endfacet
  facet normal -1.000000e+00 -2.241631e-16 -3.069321e-16
    outer loop
      vertex -1.190625e+01 -1.345794e+01 4.457270e+00
      vertex -1.190625e+01 -1.587720e+01 7.286974e+00
      vertex -1.190625e+01 -1.331577e+01 4.846542e+00
    endloop
  endfacet
  facet normal -1.000000e+00 -2.241631e-16 -3.069321e-16
    outer loop
      vertex -1.190625e+01 -1.331577e+01 4.846542e+00
      vertex -1.190625e+01 -1.587720e+01 7.286974e+00
      vertex -1.190625e+01 -1.307770e+01 5.185755e+00
    endloop
  endfacet
  facet normal -1.000000e+00 -2.241631e-16 -3.069321e-16
    outer loop
      vertex -1.190625e+01 -1.307770e+01 5.185755e+00
      vertex -1.190625e+01 -1.587720e+01 7.286974e+00
      vertex -1.190625e+01 -1.275994e+01 5.451792e+00
    endloop
  endfacet
  facet normal -1.000000e+00 -2.241631e-16 -3.069321e-16
    outer loop
      vertex -1.190625e+01 -1.275994e+01 5.451792e+00
      vertex -1.190625e+01 -1.587720e+01 7.286974e+00
      vertex -1.190625e+01 -1.238416e+01 5.626521e+00
    endloop
  endfacet
  facet normal -1.000000e+00 -2.241631e-16 -3.069321e-16
    outer loop
      vertex -1.190625e+01 -1.238416e+01 5.626521e+00
      vertex -1.190625e+01 -1.587720e+01 7.286974e+00
      vertex -1.190625e+01 -1.197595e+01 5.698038e+00
    endloop
  endfacet
  facet normal -1.000000e+00 -2.241631e-16 -3.069321e-16
    outer loop
      vertex -1.190625e+01 3.271439e+00 2.220446e-15
      vertex -1.190625e+01 -6.508150e-01 2.531122e+00
      vertex -1.190625e+01 3.271439e+00 3.290052e+00
    endloop
  endfacet
  facet normal -1.000000e+00 -2.241631e-16 -3.069321e-16
    outer loop
      vertex -1.190625e+01 -6.508150e-01 2.531122e+00
      vertex -1.190625e+01 3.271439e+00 2.220446e-15
      vertex -1.190625e+01 -1.184094e+01 2.525909e+00
    endloop
  endfacet
  facet normal -1.000000e+00 -2.241631e-16 -3.069321e-16
    outer loop
      vertex -1.190625e+01 3.271439e+00 3.290052e+00
      vertex -1.190625e+01 -6.508150e-01 2.531122e+00
      vertex -1.190625e+01 -2.466048e-01 2.622550e+00
    endloop
  endfacet
  facet normal -1.000000e+00 -2.241631e-16 -3.069321e-16
    outer loop
      vertex -1.190625e+01 3.271439e+00 3.290052e+00
      vertex -1.190625e+01 -2.466048e-01 2.622550e+00
      vertex -1.190625e+01 1.201674e-01 2.815481e+00
    endloop
  endfacet
  facet normal -1.000000e+00 -2.241631e-16 -3.069321e-16
    outer loop
      vertex -1.190625e+01 3.271439e+00 3.290052e+00
      vertex -1.190625e+01 1.201674e-01 2.815481e+00
      vertex -1.190625e+01 4.245085e-01 3.096765e+00
    endloop
  endfacet
  facet normal -1.000000e+00 -2.241631e-16 -3.069321e-16
    outer loop
      vertex -1.190625e+01 3.271439e+00 3.290052e+00
      vertex -1.190625e+01 4.245085e-01 3.096765e+00
      vertex -1.190625e+01 6.456781e-01 3.447234e+00
    endloop
  endfacet
  facet normal -1.000000e+00 -2.241631e-16 -3.069321e-16
    outer loop
      vertex -1.190625e+01 3.271439e+00 3.290052e+00
      vertex -1.190625e+01 6.456781e-01 3.447234e+00
      vertex -1.190625e+01 3.271439e+00 3.318223e+00
    endloop
  endfacet
  facet normal -1.000000e+00 -2.241631e-16 -3.069321e-16
    outer loop
      vertex -1.190625e+01 3.271439e+00 3.318223e+00
      vertex -1.190625e+01 6.456781e-01 3.447234e+00
      vertex -1.190625e+01 3.271439e+00 7.286974e+00
    endloop
  endfacet
  facet normal -1.000000e+00 -2.241631e-16 -3.069321e-16
    outer loop
      vertex -1.190625e+01 3.271439e+00 7.286974e+00
      vertex -1.190625e+01 6.456781e-01 3.447234e+00
      vertex -1.190625e+01 7.686032e-01 3.843004e+00
    endloop
  endfacet
  facet normal -1.000000e+00 -2.241631e-16 -3.069321e-16
    outer loop
      vertex -1.190625e+01 3.271439e+00 7.286974e+00
      vertex -1.190625e+01 7.686032e-01 3.843004e+00
      vertex -1.190625e+01 7.849070e-01 4.257104e+00
    endloop
  endfacet
  facet normal -1.000000e+00 -2.241631e-16 -3.069321e-16
    outer loop
      vertex -1.190625e+01 3.271439e+00 7.286974e+00
      vertex -1.190625e+01 7.849070e-01 4.257104e+00
      vertex -1.190625e+01 6.934783e-01 4.661313e+00
    endloop
  endfacet
  facet normal -1.000000e+00 -2.241631e-16 -3.069321e-16
    outer loop
      vertex -1.190625e+01 3.271439e+00 7.286974e+00
      vertex -1.190625e+01 6.934783e-01 4.661313e+00
      vertex -1.190625e+01 5.005478e-01 5.028086e+00
    endloop
  endfacet
  facet normal -1.000000e+00 -2.241631e-16 -3.069321e-16
    outer loop
      vertex -1.190625e+01 3.271439e+00 7.286974e+00
      vertex -1.190625e+01 5.005478e-01 5.028086e+00
      vertex -1.190625e+01 2.192635e-01 5.332428e+00
    endloop
  endfacet
  facet normal -1.000000e+00 -2.241631e-16 -3.069321e-16
    outer loop
      vertex -1.190625e+01 3.271439e+00 7.286974e+00
      vertex -1.190625e+01 2.192635e-01 5.332428e+00
      vertex -1.190625e+01 -1.312057e-01 5.553597e+00
    endloop
  endfacet
  facet normal -1.000000e+00 -2.241631e-16 -3.069321e-16
    outer loop
      vertex -1.190625e+01 3.271439e+00 7.286974e+00
      vertex -1.190625e+01 -1.312057e-01 5.553597e+00
      vertex -1.190625e+01 -5.269762e-01 5.676522e+00
    endloop
  endfacet
  facet normal -1.000000e+00 -2.241631e-16 -3.069321e-16
    outer loop
      vertex -1.190625e+01 3.271439e+00 7.286974e+00
      vertex -1.190625e+01 -5.269762e-01 5.676522e+00
      vertex -1.190625e+01 -9.410759e-01 5.692826e+00
    endloop
  endfacet
  facet normal -1.000000e+00 -2.241631e-16 -3.069321e-16
    outer loop
      vertex -1.190625e+01 3.271439e+00 7.286974e+00
      vertex -1.190625e+01 -9.410759e-01 5.692826e+00
      vertex -1.190625e+01 -1.197595e+01 5.698038e+00
    endloop
  endfacet
  facet normal -1.000000e+00 -2.241631e-16 -3.069321e-16
    outer loop
      vertex -1.190625e+01 3.271439e+00 7.286974e+00
      vertex -1.190625e+01 -1.197595e+01 5.698038e+00
      vertex -1.190625e+01 -1.587720e+01 7.286974e+00
    endloop
  endfacet
  facet normal 1.000000e+00 5.739145e-19 -6.138449e-17
    outer loop
      vertex -7.207779e+00 3.271439e+00 1.998401e-15
      vertex -7.207779e+00 -6.508150e-01 2.531122e+00
      vertex -7.207779e+00 -1.587720e+01 1.998401e-15
    endloop
  endfacet
  facet normal 1.000000e+00 5.739145e-19 -6.138449e-17
    outer loop
      vertex -7.207779e+00 -6.508150e-01 2.531122e+00
      vertex -7.207779e+00 3.271439e+00 1.998401e-15
      vertex -7.207779e+00 3.271439e+00 3.290052e+00
    endloop
  endfacet
  facet normal 1.000000e+00 5.739145e-19 -6.138449e-17
    outer loop
      vertex -7.207779e+00 -1.587720e+01 1.998401e-15
      vertex -7.207779e+00 -6.508150e-01 2.531122e+00
      vertex -7.207779e+00 -1.184094e+01 2.525909e+00
    endloop
  endfacet
  facet normal 1.000000e+00 5.739145e-19 -6.138449e-17
    outer loop
      vertex -7.207779e+00 -6.508150e-01 2.531122e+00
      vertex -7.207779e+00 3.271439e+00 3.290052e+00
      vertex -7.207779e+00 -2.466048e-01 2.622550e+00
    endloop
  endfacet
  facet normal 1.000000e+00 5.739145e-19 -6.138449e-17
    outer loop
      vertex -7.207779e+00 -2.466048e-01 2.622550e+00
      vertex -7.207779e+00 3.271439e+00 3.290052e+00
      vertex -7.207779e+00 1.201674e-01 2.815481e+00
    endloop
  endfacet
  facet normal 1.000000e+00 5.739145e-19 -6.138449e-17
    outer loop
      vertex -7.207779e+00 1.201674e-01 2.815481e+00
      vertex -7.207779e+00 3.271439e+00 3.290052e+00
      vertex -7.207779e+00 4.245085e-01 3.096765e+00
    endloop
  endfacet
  facet normal 1.000000e+00 5.739145e-19 -6.138449e-17
    outer loop
      vertex -7.207779e+00 4.245085e-01 3.096765e+00
      vertex -7.207779e+00 3.271439e+00 3.290052e+00
      vertex -7.207779e+00 6.456781e-01 3.447234e+00
    endloop
  endfacet
  facet normal 1.000000e+00 5.739145e-19 -6.138449e-17
    outer loop
      vertex -7.207779e+00 6.456781e-01 3.447234e+00
      vertex -7.207779e+00 3.271439e+00 3.290052e+00
      vertex -7.207779e+00 3.271439e+00 3.318223e+00
    endloop
  endfacet
  facet normal 1.000000e+00 5.739145e-19 -6.138449e-17
    outer loop
      vertex -7.207779e+00 6.456781e-01 3.447234e+00
      vertex -7.207779e+00 3.271439e+00 3.318223e+00
      vertex -7.207779e+00 3.271439e+00 7.286974e+00
    endloop
  endfacet
  facet normal 1.000000e+00 5.739145e-19 -6.138449e-17
    outer loop
      vertex -7.207779e+00 6.456781e-01 3.447234e+00
      vertex -7.207779e+00 3.271439e+00 7.286974e+00
      vertex -7.207779e+00 7.686032e-01 3.843004e+00
    endloop
  endfacet
  facet normal 1.000000e+00 5.739145e-19 -6.138449e-17
    outer loop
      vertex -7.207779e+00 7.686032e-01 3.843004e+00
      vertex -7.207779e+00 3.271439e+00 7.286974e+00
      vertex -7.207779e+00 7.849070e-01 4.257104e+00
    endloop
  endfacet
  facet normal 1.000000e+00 5.739145e-19 -6.138449e-17
    outer loop
      vertex -7.207779e+00 7.849070e-01 4.257104e+00
      vertex -7.207779e+00 3.271439e+00 7.286974e+00
      vertex -7.207779e+00 6.934783e-01 4.661313e+00
    endloop
  endfacet
  facet normal 1.000000e+00 5.739145e-19 -6.138449e-17
    outer loop
      vertex -7.207779e+00 6.934783e-01 4.661313e+00
      vertex -7.207779e+00 3.271439e+00 7.286974e+00
      vertex -7.207779e+00 5.005478e-01 5.028086e+00
    endloop
  endfacet
  facet normal 1.000000e+00 5.739145e-19 -6.138449e-17
    outer loop
      vertex -7.207779e+00 5.005478e-01 5.028086e+00
      vertex -7.207779e+00 3.271439e+00 7.286974e+00
      vertex -7.207779e+00 2.192635e-01 5.332428e+00
    endloop
  endfacet
  facet normal 1.000000e+00 5.739145e-19 -6.138449e-17
    outer loop
      vertex -7.207779e+00 2.192635e-01 5.332428e+00
      vertex -7.207779e+00 3.271439e+00 7.286974e+00
      vertex -7.207779e+00 -1.312057e-01 5.553597e+00
    endloop
  endfacet
  facet normal 1.000000e+00 5.739145e-19 -6.138449e-17
    outer loop
      vertex -7.207779e+00 -1.312057e-01 5.553597e+00
      vertex -7.207779e+00 3.271439e+00 7.286974e+00
      vertex -7.207779e+00 -5.269762e-01 5.676522e+00
    endloop
  endfacet
  facet normal 1.000000e+00 5.739145e-19 -6.138449e-17
    outer loop
      vertex -7.207779e+00 -5.269762e-01 5.676522e+00
      vertex -7.207779e+00 3.271439e+00 7.286974e+00
      vertex -7.207779e+00 -9.410759e-01 5.692826e+00
    endloop
  endfacet
  facet normal 1.000000e+00 5.739145e-19 -6.138449e-17
    outer loop
      vertex -7.207779e+00 -9.410759e-01 5.692826e+00
      vertex -7.207779e+00 3.271439e+00 7.286974e+00
      vertex -7.207779e+00 -1.197595e+01 5.698038e+00
    endloop
  endfacet
  facet normal 1.000000e+00 5.739145e-19 -6.138449e-17
    outer loop
      vertex -7.207779e+00 -1.587720e+01 1.998401e-15
      vertex -7.207779e+00 -1.324826e+01 3.260478e+00
      vertex -7.207779e+00 -1.587720e+01 7.286974e+00
    endloop
  endfacet
  facet normal 1.000000e+00 5.739145e-19 -6.138449e-17
    outer loop
      vertex -7.207779e+00 -1.324826e+01 3.260478e+00
      vertex -7.207779e+00 -1.587720e+01 1.998401e-15
      vertex -7.207779e+00 -1.298223e+01 2.942722e+00
    endloop
  endfacet
  facet normal 1.000000e+00 5.739145e-19 -6.138449e-17
    outer loop
      vertex -7.207779e+00 -1.298223e+01 2.942722e+00
      vertex -7.207779e+00 -1.587720e+01 1.998401e-15
      vertex -7.207779e+00 -1.264301e+01 2.704648e+00
    endloop
  endfacet
  facet normal 1.000000e+00 5.739145e-19 -6.138449e-17
    outer loop
      vertex -7.207779e+00 -1.264301e+01 2.704648e+00
      vertex -7.207779e+00 -1.587720e+01 1.998401e-15
      vertex -7.207779e+00 -1.225374e+01 2.562481e+00
    endloop
  endfacet
  facet normal 1.000000e+00 5.739145e-19 -6.138449e-17
    outer loop
      vertex -7.207779e+00 -1.225374e+01 2.562481e+00
      vertex -7.207779e+00 -1.587720e+01 1.998401e-15
      vertex -7.207779e+00 -1.184094e+01 2.525909e+00
    endloop
  endfacet
  facet normal 1.000000e+00 5.739145e-19 -6.138449e-17
    outer loop
      vertex -7.207779e+00 -1.587720e+01 7.286974e+00
      vertex -7.207779e+00 -1.324826e+01 3.260478e+00
      vertex -7.207779e+00 -1.342299e+01 3.636262e+00
    endloop
  endfacet
  facet normal 1.000000e+00 5.739145e-19 -6.138449e-17
    outer loop
      vertex -7.207779e+00 -1.587720e+01 7.286974e+00
      vertex -7.207779e+00 -1.342299e+01 3.636262e+00
      vertex -7.207779e+00 -1.349451e+01 4.044466e+00
    endloop
  endfacet
  facet normal 1.000000e+00 5.739145e-19 -6.138449e-17
    outer loop
      vertex -7.207779e+00 -1.587720e+01 7.286974e+00
      vertex -7.207779e+00 -1.349451e+01 4.044466e+00
      vertex -7.207779e+00 -1.345794e+01 4.457270e+00
    endloop
  endfacet
  facet normal 1.000000e+00 5.739145e-19 -6.138449e-17
    outer loop
      vertex -7.207779e+00 -1.587720e+01 7.286974e+00
      vertex -7.207779e+00 -1.345794e+01 4.457270e+00
      vertex -7.207779e+00 -1.331577e+01 4.846542e+00
    endloop
  endfacet
  facet normal 1.000000e+00 5.739145e-19 -6.138449e-17
    outer loop
      vertex -7.207779e+00 -1.587720e+01 7.286974e+00
      vertex -7.207779e+00 -1.331577e+01 4.846542e+00
      vertex -7.207779e+00 -1.307770e+01 5.185755e+00
    endloop
  endfacet
  facet normal 1.000000e+00 5.739145e-19 -6.138449e-17
    outer loop
      vertex -7.207779e+00 -1.587720e+01 7.286974e+00
      vertex -7.207779e+00 -1.307770e+01 5.185755e+00
      vertex -7.207779e+00 -1.275994e+01 5.451792e+00
    endloop
  endfacet
  facet normal 1.000000e+00 5.739145e-19 -6.138449e-17
    outer loop
      vertex -7.207779e+00 -1.587720e+01 7.286974e+00
      vertex -7.207779e+00 -1.275994e+01 5.451792e+00
      vertex -7.207779e+00 -1.238416e+01 5.626521e+00
    endloop
  endfacet
  facet normal 1.000000e+00 5.739145e-19 -6.138449e-17
    outer loop
      vertex -7.207779e+00 -1.587720e+01 7.286974e+00
      vertex -7.207779e+00 -1.238416e+01 5.626521e+00
      vertex -7.207779e+00 -1.197595e+01 5.698038e+00
    endloop
  endfacet
  facet normal 1.000000e+00 5.739145e-19 -6.138449e-17
    outer loop
      vertex -7.207779e+00 -1.587720e+01 7.286974e+00
      vertex -7.207779e+00 -1.197595e+01 5.698038e+00
      vertex -7.207779e+00 3.271439e+00 7.286974e+00
    endloop
  endfacet
  facet normal 1.000000e+00 5.739145e-19 -6.138449e-17
    outer loop
      vertex -7.207779e+00 -6.508150e-01 2.531122e+00
      vertex -7.207779e+00 -1.143273e+01 2.597426e+00
      vertex -7.207779e+00 -1.184094e+01 2.525909e+00
    endloop
  endfacet
  facet normal 1.000000e+00 5.739145e-19 -6.138449e-17
    outer loop
      vertex -7.207779e+00 -1.143273e+01 2.597426e+00
      vertex -7.207779e+00 -6.508150e-01 2.531122e+00
      vertex -7.207779e+00 -1.064914e+00 2.547425e+00
    endloop
  endfacet
  facet normal 1.000000e+00 5.739145e-19 -6.138449e-17
    outer loop
      vertex -7.207779e+00 -1.143273e+01 2.597426e+00
      vertex -7.207779e+00 -1.064914e+00 2.547425e+00
      vertex -7.207779e+00 -1.460684e+00 2.670350e+00
    endloop
  endfacet
  facet normal 1.000000e+00 5.739145e-19 -6.138449e-17
    outer loop
      vertex -7.207779e+00 -1.143273e+01 2.597426e+00
      vertex -7.207779e+00 -1.460684e+00 2.670350e+00
      vertex -7.207779e+00 -1.105695e+01 2.772156e+00
    endloop
  endfacet
  facet normal 1.000000e+00 5.739145e-19 -6.138449e-17
    outer loop
      vertex -7.207779e+00 -1.105695e+01 2.772156e+00
      vertex -7.207779e+00 -1.460684e+00 2.670350e+00
      vertex -7.207779e+00 -1.811154e+00 2.891520e+00
    endloop
  endfacet
  facet normal 1.000000e+00 5.739145e-19 -6.138449e-17
    outer loop
      vertex -7.207779e+00 -1.105695e+01 2.772156e+00
      vertex -7.207779e+00 -1.811154e+00 2.891520e+00
      vertex -7.207779e+00 -1.073919e+01 3.038192e+00
    endloop
  endfacet
  facet normal 1.000000e+00 5.739145e-19 -6.138449e-17
    outer loop
      vertex -7.207779e+00 -1.073919e+01 3.038192e+00
      vertex -7.207779e+00 -1.811154e+00 2.891520e+00
      vertex -7.207779e+00 -2.092438e+00 3.195861e+00
    endloop
  endfacet
  facet normal 1.000000e+00 5.739145e-19 -6.138449e-17
    outer loop
      vertex -7.207779e+00 -1.073919e+01 3.038192e+00
      vertex -7.207779e+00 -2.092438e+00 3.195861e+00
      vertex -7.207779e+00 -1.050112e+01 3.377405e+00
    endloop
  endfacet
  facet normal 1.000000e+00 5.739145e-19 -6.138449e-17
    outer loop
      vertex -7.207779e+00 -1.050112e+01 3.377405e+00
      vertex -7.207779e+00 -2.092438e+00 3.195861e+00
      vertex -7.207779e+00 -2.285368e+00 3.562633e+00
    endloop
  endfacet
  facet normal 1.000000e+00 5.739145e-19 -6.138449e-17
    outer loop
      vertex -7.207779e+00 -1.050112e+01 3.377405e+00
      vertex -7.207779e+00 -2.285368e+00 3.562633e+00
      vertex -7.207779e+00 -1.035895e+01 3.766677e+00
    endloop
  endfacet
  facet normal 1.000000e+00 5.739145e-19 -6.138449e-17
    outer loop
      vertex -7.207779e+00 -1.035895e+01 3.766677e+00
      vertex -7.207779e+00 -2.285368e+00 3.562633e+00
      vertex -7.207779e+00 -2.376797e+00 3.966843e+00
    endloop
  endfacet
  facet normal 1.000000e+00 5.739145e-19 -6.138449e-17
    outer loop
      vertex -7.207779e+00 -1.035895e+01 3.766677e+00
      vertex -7.207779e+00 -2.376797e+00 3.966843e+00
      vertex -7.207779e+00 -1.032238e+01 4.179481e+00
    endloop
  endfacet
  facet normal 1.000000e+00 5.739145e-19 -6.138449e-17
    outer loop
      vertex -7.207779e+00 -1.032238e+01 4.179481e+00
      vertex -7.207779e+00 -2.376797e+00 3.966843e+00
      vertex -7.207779e+00 -2.360494e+00 4.380943e+00
    endloop
  endfacet
  facet normal 1.000000e+00 5.739145e-19 -6.138449e-17
    outer loop
      vertex -7.207779e+00 -1.032238e+01 4.179481e+00
      vertex -7.207779e+00 -2.360494e+00 4.380943e+00
      vertex -7.207779e+00 -1.039390e+01 4.587684e+00
    endloop
  endfacet
  facet normal 1.000000e+00 5.739145e-19 -6.138449e-17
    outer loop
      vertex -7.207779e+00 -1.039390e+01 4.587684e+00
      vertex -7.207779e+00 -2.360494e+00 4.380943e+00
      vertex -7.207779e+00 -2.237569e+00 4.776713e+00
    endloop
  endfacet
  facet normal 1.000000e+00 5.739145e-19 -6.138449e-17
    outer loop
      vertex -7.207779e+00 -1.039390e+01 4.587684e+00
      vertex -7.207779e+00 -2.237569e+00 4.776713e+00
      vertex -7.207779e+00 -1.056863e+01 4.963469e+00
    endloop
  endfacet
  facet normal 1.000000e+00 5.739145e-19 -6.138449e-17
    outer loop
      vertex -7.207779e+00 -1.056863e+01 4.963469e+00
      vertex -7.207779e+00 -2.237569e+00 4.776713e+00
      vertex -7.207779e+00 -2.016399e+00 5.127182e+00
    endloop
  endfacet
  facet normal 1.000000e+00 5.739145e-19 -6.138449e-17
    outer loop
      vertex -7.207779e+00 -1.056863e+01 4.963469e+00
      vertex -7.207779e+00 -2.016399e+00 5.127182e+00
      vertex -7.207779e+00 -1.083466e+01 5.281226e+00
    endloop
  endfacet
  facet normal 1.000000e+00 5.739145e-19 -6.138449e-17
    outer loop
      vertex -7.207779e+00 -1.083466e+01 5.281226e+00
      vertex -7.207779e+00 -2.016399e+00 5.127182e+00
      vertex -7.207779e+00 -1.712058e+00 5.408466e+00
    endloop
  endfacet
  facet normal 1.000000e+00 5.739145e-19 -6.138449e-17
    outer loop
      vertex -7.207779e+00 -1.083466e+01 5.281226e+00
      vertex -7.207779e+00 -1.712058e+00 5.408466e+00
      vertex -7.207779e+00 -1.117388e+01 5.519299e+00
    endloop
  endfacet
  facet normal 1.000000e+00 5.739145e-19 -6.138449e-17
    outer loop
      vertex -7.207779e+00 -1.117388e+01 5.519299e+00
      vertex -7.207779e+00 -1.712058e+00 5.408466e+00
      vertex -7.207779e+00 -1.345285e+00 5.601397e+00
    endloop
  endfacet
  facet normal 1.000000e+00 5.739145e-19 -6.138449e-17
    outer loop
      vertex -7.207779e+00 -1.117388e+01 5.519299e+00
      vertex -7.207779e+00 -1.345285e+00 5.601397e+00
      vertex -7.207779e+00 -1.156315e+01 5.661466e+00
    endloop
  endfacet
  facet normal 1.000000e+00 5.739145e-19 -6.138449e-17
    outer loop
      vertex -7.207779e+00 -1.156315e+01 5.661466e+00
      vertex -7.207779e+00 -1.345285e+00 5.601397e+00
      vertex -7.207779e+00 -9.410759e-01 5.692826e+00
    endloop
  endfacet
  facet normal 1.000000e+00 5.739145e-19 -6.138449e-17
    outer loop
      vertex -7.207779e+00 -1.156315e+01 5.661466e+00
      vertex -7.207779e+00 -9.410759e-01 5.692826e+00
      vertex -7.207779e+00 -1.197595e+01 5.698038e+00
    endloop
  endfacet
  facet normal 9.999884e-01 -4.810660e-03 -9.087173e-17
    outer loop
      vertex -7.143750e+00 1.658103e+01 1.998401e-15
      vertex -7.207779e+00 3.271439e+00 3.290052e+00
      vertex -7.207779e+00 3.271439e+00 1.998401e-15
    endloop
  endfacet
  facet normal 9.999884e-01 -4.810660e-03 -9.087173e-17
    outer loop
      vertex -7.207779e+00 3.271439e+00 3.290052e+00
      vertex -7.143750e+00 1.658103e+01 1.998401e-15
      vertex -7.143750e+00 1.658103e+01 3.290052e+00
    endloop
  endfacet
  facet normal -6.309860e-16 9.416532e-16 -1.000000e+00
    outer loop
      vertex -2.222500e+01 1.102478e+01 2.886580e-15
      vertex -1.152338e+01 1.107888e+01 2.220446e-15
      vertex -1.111250e+01 1.102478e+01 2.220446e-15
    endloop
  endfacet
  facet normal -6.309860e-16 9.416532e-16 -1.000000e+00
    outer loop
      vertex -1.152338e+01 1.107888e+01 2.220446e-15
      vertex -2.222500e+01 1.102478e+01 2.886580e-15
      vertex -2.181413e+01 1.107888e+01 2.886580e-15
    endloop
  endfacet
  facet normal -6.309860e-16 9.416532e-16 -1.000000e+00
    outer loop
      vertex -1.152338e+01 1.107888e+01 2.220446e-15
      vertex -2.181413e+01 1.107888e+01 2.886580e-15
      vertex -1.190625e+01 1.123747e+01 2.220446e-15
    endloop
  endfacet
  facet normal -6.309860e-16 9.416532e-16 -1.000000e+00
    outer loop
      vertex -1.190625e+01 1.123747e+01 2.220446e-15
      vertex -2.181413e+01 1.107888e+01 2.886580e-15
      vertex -2.143125e+01 1.123747e+01 2.886580e-15
    endloop
  endfacet
  facet normal -6.309860e-16 9.416532e-16 -1.000000e+00
    outer loop
      vertex -1.190625e+01 1.123747e+01 2.220446e-15
      vertex -2.143125e+01 1.123747e+01 2.886580e-15
      vertex -2.110247e+01 1.148975e+01 2.886580e-15
    endloop
  endfacet
  facet normal -6.309860e-16 9.416532e-16 -1.000000e+00
    outer loop
      vertex -1.190625e+01 1.123747e+01 2.220446e-15
      vertex -2.110247e+01 1.148975e+01 2.886580e-15
      vertex -1.223503e+01 1.148975e+01 2.220446e-15
    endloop
  endfacet
  facet normal -6.309860e-16 9.416532e-16 -1.000000e+00
    outer loop
      vertex -1.223503e+01 1.148975e+01 2.220446e-15
      vertex -2.110247e+01 1.148975e+01 2.886580e-15
      vertex -1.248732e+01 1.181853e+01 2.220446e-15
    endloop
  endfacet
  facet normal -6.309860e-16 9.416532e-16 -1.000000e+00
    outer loop
      vertex -1.248732e+01 1.181853e+01 2.220446e-15
      vertex -2.110247e+01 1.148975e+01 2.886580e-15
      vertex -2.085019e+01 1.181853e+01 2.886580e-15
    endloop
  endfacet
  facet normal -6.309860e-16 9.416532e-16 -1.000000e+00
    outer loop
      vertex -1.248732e+01 1.181853e+01 2.220446e-15
      vertex -2.085019e+01 1.181853e+01 2.886580e-15
      vertex -2.069159e+01 1.220141e+01 2.886580e-15
    endloop
  endfacet
  facet normal -6.309860e-16 9.416532e-16 -1.000000e+00
    outer loop
      vertex -1.248732e+01 1.181853e+01 2.220446e-15
      vertex -2.069159e+01 1.220141e+01 2.886580e-15
      vertex -1.264591e+01 1.220141e+01 2.442491e-15
    endloop
  endfacet
  facet normal -6.309860e-16 9.416532e-16 -1.000000e+00
    outer loop
      vertex -1.264591e+01 1.220141e+01 2.442491e-15
      vertex -2.069159e+01 1.220141e+01 2.886580e-15
      vertex -2.063750e+01 1.261228e+01 2.886580e-15
    endloop
  endfacet
  facet normal -6.309860e-16 9.416532e-16 -1.000000e+00
    outer loop
      vertex -1.264591e+01 1.220141e+01 2.442491e-15
      vertex -2.063750e+01 1.261228e+01 2.886580e-15
      vertex -1.270000e+01 1.261228e+01 2.442491e-15
    endloop
  endfacet
  facet normal -6.309860e-16 9.416532e-16 -1.000000e+00
    outer loop
      vertex -1.270000e+01 1.261228e+01 2.442491e-15
      vertex -2.063750e+01 1.261228e+01 2.886580e-15
      vertex -2.069159e+01 1.302316e+01 2.886580e-15
    endloop
  endfacet
  facet normal -6.309860e-16 9.416532e-16 -1.000000e+00
    outer loop
      vertex -1.270000e+01 1.261228e+01 2.442491e-15
      vertex -2.069159e+01 1.302316e+01 2.886580e-15
      vertex -1.264591e+01 1.302316e+01 2.442491e-15
    endloop
  endfacet
  facet normal -6.309860e-16 9.416532e-16 -1.000000e+00
    outer loop
      vertex -1.264591e+01 1.302316e+01 2.442491e-15
      vertex -2.069159e+01 1.302316e+01 2.886580e-15
      vertex -2.085019e+01 1.340603e+01 2.886580e-15
    endloop
  endfacet
  facet normal -6.309860e-16 9.416532e-16 -1.000000e+00
    outer loop
      vertex -1.264591e+01 1.302316e+01 2.442491e-15
      vertex -2.085019e+01 1.340603e+01 2.886580e-15
      vertex -1.248732e+01 1.340603e+01 2.220446e-15
    endloop
  endfacet
  facet normal -6.309860e-16 9.416532e-16 -1.000000e+00
    outer loop
      vertex -1.248732e+01 1.340603e+01 2.220446e-15
      vertex -2.085019e+01 1.340603e+01 2.886580e-15
      vertex -1.223503e+01 1.373482e+01 2.220446e-15
    endloop
  endfacet
  facet normal -6.309860e-16 9.416532e-16 -1.000000e+00
    outer loop
      vertex -1.223503e+01 1.373482e+01 2.220446e-15
      vertex -2.085019e+01 1.340603e+01 2.886580e-15
      vertex -2.110247e+01 1.373482e+01 2.886580e-15
    endloop
  endfacet
  facet normal -6.309860e-16 9.416532e-16 -1.000000e+00
    outer loop
      vertex -1.223503e+01 1.373482e+01 2.220446e-15
      vertex -2.110247e+01 1.373482e+01 2.886580e-15
      vertex -1.190625e+01 1.398710e+01 2.220446e-15
    endloop
  endfacet
  facet normal -6.309860e-16 9.416532e-16 -1.000000e+00
    outer loop
      vertex -1.190625e+01 1.398710e+01 2.220446e-15
      vertex -2.110247e+01 1.373482e+01 2.886580e-15
      vertex -2.143125e+01 1.398710e+01 2.886580e-15
    endloop
  endfacet
  facet normal -6.309860e-16 9.416532e-16 -1.000000e+00
    outer loop
      vertex -1.190625e+01 1.398710e+01 2.220446e-15
      vertex -2.143125e+01 1.398710e+01 2.886580e-15
      vertex -2.181413e+01 1.414569e+01 2.886580e-15
    endloop
  endfacet
  facet normal -6.309860e-16 9.416532e-16 -1.000000e+00
    outer loop
      vertex -1.190625e+01 1.398710e+01 2.220446e-15
      vertex -2.181413e+01 1.414569e+01 2.886580e-15
      vertex -1.152338e+01 1.414569e+01 2.220446e-15
    endloop
  endfacet
  facet normal -6.309860e-16 9.416532e-16 -1.000000e+00
    outer loop
      vertex -1.152338e+01 1.414569e+01 2.220446e-15
      vertex -2.181413e+01 1.414569e+01 2.886580e-15
      vertex -1.111250e+01 1.419978e+01 2.220446e-15
    endloop
  endfacet
  facet normal -6.309860e-16 9.416532e-16 -1.000000e+00
    outer loop
      vertex -1.111250e+01 1.419978e+01 2.220446e-15
      vertex -2.181413e+01 1.414569e+01 2.886580e-15
      vertex -2.222500e+01 1.419978e+01 2.886580e-15
    endloop
  endfacet
  facet normal -6.309860e-16 9.416532e-16 -1.000000e+00
    outer loop
      vertex -2.606459e+01 3.271439e+00 3.108624e-15
      vertex -2.301875e+01 1.123747e+01 2.886580e-15
      vertex -1.190625e+01 3.271439e+00 2.220446e-15
    endloop
  endfacet
  facet normal -6.309860e-16 9.416532e-16 -1.000000e+00
    outer loop
      vertex -2.301875e+01 1.123747e+01 2.886580e-15
      vertex -2.606459e+01 3.271439e+00 3.108624e-15
      vertex -2.334753e+01 1.148975e+01 2.886580e-15
    endloop
  endfacet
  facet normal -6.309860e-16 9.416532e-16 -1.000000e+00
    outer loop
      vertex -2.334753e+01 1.148975e+01 2.886580e-15
      vertex -2.606459e+01 3.271439e+00 3.108624e-15
      vertex -2.359981e+01 1.181853e+01 3.108624e-15
    endloop
  endfacet
  facet normal -6.309860e-16 9.416532e-16 -1.000000e+00
    outer loop
      vertex -2.359981e+01 1.181853e+01 3.108624e-15
      vertex -2.606459e+01 3.271439e+00 3.108624e-15
      vertex -2.600057e+01 1.658103e+01 3.108624e-15
    endloop
  endfacet
  facet normal -6.309860e-16 9.416532e-16 -1.000000e+00
    outer loop
      vertex -1.190625e+01 3.271439e+00 2.220446e-15
      vertex -2.301875e+01 1.123747e+01 2.886580e-15
      vertex -7.207779e+00 3.271439e+00 1.998401e-15
    endloop
  endfacet
  facet normal -6.309860e-16 9.416532e-16 -1.000000e+00
    outer loop
      vertex -7.207779e+00 3.271439e+00 1.998401e-15
      vertex -2.301875e+01 1.123747e+01 2.886580e-15
      vertex -2.263587e+01 1.107888e+01 2.886580e-15
    endloop
  endfacet
  facet normal -6.309860e-16 9.416532e-16 -1.000000e+00
    outer loop
      vertex -7.207779e+00 3.271439e+00 1.998401e-15
      vertex -2.263587e+01 1.107888e+01 2.886580e-15
      vertex -2.222500e+01 1.102478e+01 2.886580e-15
    endloop
  endfacet
  facet normal -6.309860e-16 9.416532e-16 -1.000000e+00
    outer loop
      vertex -7.207779e+00 3.271439e+00 1.998401e-15
      vertex -2.222500e+01 1.102478e+01 2.886580e-15
      vertex -1.111250e+01 1.102478e+01 2.220446e-15
    endloop
  endfacet
  facet normal -6.309860e-16 9.416532e-16 -1.000000e+00
    outer loop
      vertex -2.359981e+01 1.181853e+01 3.108624e-15
      vertex -2.600057e+01 1.658103e+01 3.108624e-15
      vertex -2.375841e+01 1.220141e+01 3.108624e-15
    endloop
  endfacet
  facet normal -6.309860e-16 9.416532e-16 -1.000000e+00
    outer loop
      vertex -2.375841e+01 1.220141e+01 3.108624e-15
      vertex -2.600057e+01 1.658103e+01 3.108624e-15
      vertex -2.381250e+01 1.261228e+01 3.108624e-15
    endloop
  endfacet
  facet normal -6.309860e-16 9.416532e-16 -1.000000e+00
    outer loop
      vertex -2.381250e+01 1.261228e+01 3.108624e-15
      vertex -2.600057e+01 1.658103e+01 3.108624e-15
      vertex -2.375841e+01 1.302316e+01 3.108624e-15
    endloop
  endfacet
  facet normal -6.309860e-16 9.416532e-16 -1.000000e+00
    outer loop
      vertex -2.375841e+01 1.302316e+01 3.108624e-15
      vertex -2.600057e+01 1.658103e+01 3.108624e-15
      vertex -2.359981e+01 1.340603e+01 3.108624e-15
    endloop
  endfacet
  facet normal -6.309860e-16 9.416532e-16 -1.000000e+00
    outer loop
      vertex -2.359981e+01 1.340603e+01 3.108624e-15
      vertex -2.600057e+01 1.658103e+01 3.108624e-15
      vertex -2.334753e+01 1.373482e+01 2.886580e-15
    endloop
  endfacet
  facet normal -6.309860e-16 9.416532e-16 -1.000000e+00
    outer loop
      vertex -2.334753e+01 1.373482e+01 2.886580e-15
      vertex -2.600057e+01 1.658103e+01 3.108624e-15
      vertex -2.301875e+01 1.398710e+01 2.886580e-15
    endloop
  endfacet
  facet normal -6.309860e-16 9.416532e-16 -1.000000e+00
    outer loop
      vertex -2.301875e+01 1.398710e+01 2.886580e-15
      vertex -2.600057e+01 1.658103e+01 3.108624e-15
      vertex -2.263587e+01 1.414569e+01 2.886580e-15
    endloop
  endfacet
  facet normal -6.309860e-16 9.416532e-16 -1.000000e+00
    outer loop
      vertex -2.263587e+01 1.414569e+01 2.886580e-15
      vertex -2.600057e+01 1.658103e+01 3.108624e-15
      vertex -2.222500e+01 1.419978e+01 2.886580e-15
    endloop
  endfacet
  facet normal -6.309860e-16 9.416532e-16 -1.000000e+00
    outer loop
      vertex -2.222500e+01 1.419978e+01 2.886580e-15
      vertex -2.600057e+01 1.658103e+01 3.108624e-15
      vertex -7.143750e+00 1.658103e+01 1.998401e-15
    endloop
  endfacet
  facet normal -6.309860e-16 9.416532e-16 -1.000000e+00
    outer loop
      vertex -7.207779e+00 3.271439e+00 1.998401e-15
      vertex -9.737685e+00 1.181853e+01 2.220446e-15
      vertex -7.143750e+00 1.658103e+01 1.998401e-15
    endloop
  endfacet
  facet normal -6.309860e-16 9.416532e-16 -1.000000e+00
    outer loop
      vertex -9.737685e+00 1.181853e+01 2.220446e-15
      vertex -7.207779e+00 3.271439e+00 1.998401e-15
      vertex -9.989968e+00 1.148975e+01 2.220446e-15
    endloop
  endfacet
  facet normal -6.309860e-16 9.416532e-16 -1.000000e+00
    outer loop
      vertex -9.989968e+00 1.148975e+01 2.220446e-15
      vertex -7.207779e+00 3.271439e+00 1.998401e-15
      vertex -1.031875e+01 1.123747e+01 2.220446e-15
    endloop
  endfacet
  facet normal -6.309860e-16 9.416532e-16 -1.000000e+00
    outer loop
      vertex -1.031875e+01 1.123747e+01 2.220446e-15
      vertex -7.207779e+00 3.271439e+00 1.998401e-15
      vertex -1.070162e+01 1.107888e+01 2.220446e-15
    endloop
  endfacet
  facet normal -6.309860e-16 9.416532e-16 -1.000000e+00
    outer loop
      vertex -1.070162e+01 1.107888e+01 2.220446e-15
      vertex -7.207779e+00 3.271439e+00 1.998401e-15
      vertex -1.111250e+01 1.102478e+01 2.220446e-15
    endloop
  endfacet
  facet normal -6.309860e-16 9.416532e-16 -1.000000e+00
    outer loop
      vertex -7.143750e+00 1.658103e+01 1.998401e-15
      vertex -9.737685e+00 1.181853e+01 2.220446e-15
      vertex -9.579093e+00 1.220141e+01 2.220446e-15
    endloop
  endfacet
  facet normal -6.309860e-16 9.416532e-16 -1.000000e+00
    outer loop
      vertex -7.143750e+00 1.658103e+01 1.998401e-15
      vertex -9.579093e+00 1.220141e+01 2.220446e-15
      vertex -9.525000e+00 1.261228e+01 2.220446e-15
    endloop
  endfacet
  facet normal -6.309860e-16 9.416532e-16 -1.000000e+00
    outer loop
      vertex -7.143750e+00 1.658103e+01 1.998401e-15
      vertex -9.525000e+00 1.261228e+01 2.220446e-15
      vertex -9.579093e+00 1.302316e+01 2.220446e-15
    endloop
  endfacet
  facet normal -6.309860e-16 9.416532e-16 -1.000000e+00
    outer loop
      vertex -7.143750e+00 1.658103e+01 1.998401e-15
      vertex -9.579093e+00 1.302316e+01 2.220446e-15
      vertex -9.737685e+00 1.340603e+01 2.220446e-15
    endloop
  endfacet
  facet normal -6.309860e-16 9.416532e-16 -1.000000e+00
    outer loop
      vertex -7.143750e+00 1.658103e+01 1.998401e-15
      vertex -9.737685e+00 1.340603e+01 2.220446e-15
      vertex -9.989968e+00 1.373482e+01 2.220446e-15
    endloop
  endfacet
  facet normal -6.309860e-16 9.416532e-16 -1.000000e+00
    outer loop
      vertex -7.143750e+00 1.658103e+01 1.998401e-15
      vertex -9.989968e+00 1.373482e+01 2.220446e-15
      vertex -1.031875e+01 1.398710e+01 2.220446e-15
    endloop
  endfacet
  facet normal -6.309860e-16 9.416532e-16 -1.000000e+00
    outer loop
      vertex -7.143750e+00 1.658103e+01 1.998401e-15
      vertex -1.031875e+01 1.398710e+01 2.220446e-15
      vertex -1.070162e+01 1.414569e+01 2.220446e-15
    endloop
  endfacet
  facet normal -6.309860e-16 9.416532e-16 -1.000000e+00
    outer loop
      vertex -7.143750e+00 1.658103e+01 1.998401e-15
      vertex -1.070162e+01 1.414569e+01 2.220446e-15
      vertex -1.111250e+01 1.419978e+01 2.220446e-15
    endloop
  endfacet
  facet normal -6.309860e-16 9.416532e-16 -1.000000e+00
    outer loop
      vertex -7.143750e+00 1.658103e+01 1.998401e-15
      vertex -1.111250e+01 1.419978e+01 2.220446e-15
      vertex -2.222500e+01 1.419978e+01 2.886580e-15
    endloop
  endfacet
  facet normal 4.481403e-16 -1.000000e+00 1.071399e-15
    outer loop
      vertex -1.190625e+01 3.271439e+00 3.290052e+00
      vertex -2.606459e+01 3.271439e+00 3.108624e-15
      vertex -1.190625e+01 3.271439e+00 2.220446e-15
    endloop
  endfacet
  facet normal 4.481403e-16 -1.000000e+00 1.071399e-15
    outer loop
      vertex -2.606459e+01 3.271439e+00 3.108624e-15
      vertex -1.190625e+01 3.271439e+00 3.290052e+00
      vertex -2.606459e+01 3.271439e+00 3.290052e+00
    endloop
  endfacet
  facet normal -9.999884e-01 4.810660e-03 -8.350317e-16
    outer loop
      vertex -2.606459e+01 3.271439e+00 3.290052e+00
      vertex -2.600057e+01 1.658103e+01 3.108624e-15
      vertex -2.606459e+01 3.271439e+00 3.108624e-15
    endloop
  endfacet
  facet normal -9.999884e-01 4.810660e-03 -8.350317e-16
    outer loop
      vertex -2.600057e+01 1.658103e+01 3.108624e-15
      vertex -2.606459e+01 3.271439e+00 3.290052e+00
      vertex -2.600057e+01 1.658103e+01 3.290052e+00
    endloop
  endfacet
  facet normal 5.017842e-16 4.089177e-16 1.000000e+00
    outer loop
      vertex -1.152338e+01 1.107888e+01 3.290052e+00
      vertex -2.222500e+01 1.102478e+01 3.290052e+00
      vertex -1.111250e+01 1.102478e+01 3.290052e+00
    endloop
  endfacet
  facet normal 5.017842e-16 4.089177e-16 1.000000e+00
    outer loop
      vertex -2.222500e+01 1.102478e+01 3.290052e+00
      vertex -1.152338e+01 1.107888e+01 3.290052e+00
      vertex -2.181413e+01 1.107888e+01 3.290052e+00
    endloop
  endfacet
  facet normal 5.017842e-16 4.089177e-16 1.000000e+00
    outer loop
      vertex -2.181413e+01 1.107888e+01 3.290052e+00
      vertex -1.152338e+01 1.107888e+01 3.290052e+00
      vertex -1.190625e+01 1.123747e+01 3.290052e+00
    endloop
  endfacet
  facet normal 5.017842e-16 4.089177e-16 1.000000e+00
    outer loop
      vertex -2.181413e+01 1.107888e+01 3.290052e+00
      vertex -1.190625e+01 1.123747e+01 3.290052e+00
      vertex -2.143125e+01 1.123747e+01 3.290052e+00
    endloop
  endfacet
  facet normal 5.017842e-16 4.089177e-16 1.000000e+00
    outer loop
      vertex -2.143125e+01 1.123747e+01 3.290052e+00
      vertex -1.190625e+01 1.123747e+01 3.290052e+00
      vertex -2.110247e+01 1.148975e+01 3.290052e+00
    endloop
  endfacet
  facet normal 5.017842e-16 4.089177e-16 1.000000e+00
    outer loop
      vertex -2.110247e+01 1.148975e+01 3.290052e+00
      vertex -1.190625e+01 1.123747e+01 3.290052e+00
      vertex -1.223503e+01 1.148975e+01 3.290052e+00
    endloop
  endfacet
  facet normal 5.017842e-16 4.089177e-16 1.000000e+00
    outer loop
      vertex -2.110247e+01 1.148975e+01 3.290052e+00
      vertex -1.223503e+01 1.148975e+01 3.290052e+00
      vertex -1.248732e+01 1.181853e+01 3.290052e+00
    endloop
  endfacet
  facet normal 5.017842e-16 4.089177e-16 1.000000e+00
    outer loop
      vertex -2.110247e+01 1.148975e+01 3.290052e+00
      vertex -1.248732e+01 1.181853e+01 3.290052e+00
      vertex -2.085019e+01 1.181853e+01 3.290052e+00
    endloop
  endfacet
  facet normal 5.017842e-16 4.089177e-16 1.000000e+00
    outer loop
      vertex -2.085019e+01 1.181853e+01 3.290052e+00
      vertex -1.248732e+01 1.181853e+01 3.290052e+00
      vertex -1.264591e+01 1.220141e+01 3.290052e+00
    endloop
  endfacet
  facet normal 5.017842e-16 4.089177e-16 1.000000e+00
    outer loop
      vertex -2.085019e+01 1.181853e+01 3.290052e+00
      vertex -1.264591e+01 1.220141e+01 3.290052e+00
      vertex -2.069159e+01 1.220141e+01 3.290052e+00
    endloop
  endfacet
  facet normal 5.017842e-16 4.089177e-16 1.000000e+00
    outer loop
      vertex -2.069159e+01 1.220141e+01 3.290052e+00
      vertex -1.264591e+01 1.220141e+01 3.290052e+00
      vertex -1.270000e+01 1.261228e+01 3.290052e+00
    endloop
  endfacet
  facet normal 5.017842e-16 4.089177e-16 1.000000e+00
    outer loop
      vertex -2.069159e+01 1.220141e+01 3.290052e+00
      vertex -1.270000e+01 1.261228e+01 3.290052e+00
      vertex -2.063750e+01 1.261228e+01 3.290052e+00
    endloop
  endfacet
  facet normal 5.017842e-16 4.089177e-16 1.000000e+00
    outer loop
      vertex -2.063750e+01 1.261228e+01 3.290052e+00
      vertex -1.270000e+01 1.261228e+01 3.290052e+00
      vertex -1.264591e+01 1.302316e+01 3.290052e+00
    endloop
  endfacet
  facet normal 5.017842e-16 4.089177e-16 1.000000e+00
    outer loop
      vertex -2.063750e+01 1.261228e+01 3.290052e+00
      vertex -1.264591e+01 1.302316e+01 3.290052e+00
      vertex -2.069159e+01 1.302316e+01 3.290052e+00
    endloop
  endfacet
  facet normal 5.017842e-16 4.089177e-16 1.000000e+00
    outer loop
      vertex -2.069159e+01 1.302316e+01 3.290052e+00
      vertex -1.264591e+01 1.302316e+01 3.290052e+00
      vertex -1.248732e+01 1.340603e+01 3.290052e+00
    endloop
  endfacet
  facet normal 5.017842e-16 4.089177e-16 1.000000e+00
    outer loop
      vertex -2.069159e+01 1.302316e+01 3.290052e+00
      vertex -1.248732e+01 1.340603e+01 3.290052e+00
      vertex -2.085019e+01 1.340603e+01 3.290052e+00
    endloop
  endfacet
  facet normal 5.017842e-16 4.089177e-16 1.000000e+00
    outer loop
      vertex -2.085019e+01 1.340603e+01 3.290052e+00
      vertex -1.248732e+01 1.340603e+01 3.290052e+00
      vertex -1.223503e+01 1.373482e+01 3.290052e+00
    endloop
  endfacet
  facet normal 5.017842e-16 4.089177e-16 1.000000e+00
    outer loop
      vertex -2.085019e+01 1.340603e+01 3.290052e+00
      vertex -1.223503e+01 1.373482e+01 3.290052e+00
      vertex -2.110247e+01 1.373482e+01 3.290052e+00
    endloop
  endfacet
  facet normal 5.017842e-16 4.089177e-16 1.000000e+00
    outer loop
      vertex -2.110247e+01 1.373482e+01 3.290052e+00
      vertex -1.223503e+01 1.373482e+01 3.290052e+00
      vertex -1.190625e+01 1.398710e+01 3.290052e+00
    endloop
  endfacet
  facet normal 5.017842e-16 4.089177e-16 1.000000e+00
    outer loop
      vertex -2.110247e+01 1.373482e+01 3.290052e+00
      vertex -1.190625e+01 1.398710e+01 3.290052e+00
      vertex -2.143125e+01 1.398710e+01 3.290052e+00
    endloop
  endfacet
  facet normal 5.017842e-16 4.089177e-16 1.000000e+00
    outer loop
      vertex -2.143125e+01 1.398710e+01 3.290052e+00
      vertex -1.190625e+01 1.398710e+01 3.290052e+00
      vertex -1.152338e+01 1.414569e+01 3.290052e+00
    endloop
  endfacet
  facet normal 5.017842e-16 4.089177e-16 1.000000e+00
    outer loop
      vertex -2.143125e+01 1.398710e+01 3.290052e+00
      vertex -1.152338e+01 1.414569e+01 3.290052e+00
      vertex -2.181413e+01 1.414569e+01 3.290052e+00
    endloop
  endfacet
  facet normal 5.017842e-16 4.089177e-16 1.000000e+00
    outer loop
      vertex -2.181413e+01 1.414569e+01 3.290052e+00
      vertex -1.152338e+01 1.414569e+01 3.290052e+00
      vertex -1.111250e+01 1.419978e+01 3.290052e+00
    endloop
  endfacet
  facet normal 5.017842e-16 4.089177e-16 1.000000e+00
    outer loop
      vertex -2.181413e+01 1.414569e+01 3.290052e+00
      vertex -1.111250e+01 1.419978e+01 3.290052e+00
      vertex -2.222500e+01 1.419978e+01 3.290052e+00
    endloop
  endfacet
  facet normal 5.017842e-16 4.089177e-16 1.000000e+00
    outer loop
      vertex -7.143750e+00 1.658103e+01 3.290052e+00
      vertex -1.190625e+01 3.271439e+00 3.290052e+00
      vertex -7.207779e+00 3.271439e+00 3.290052e+00
    endloop
  endfacet
  facet normal 5.017842e-16 4.089177e-16 1.000000e+00
    outer loop
      vertex -1.190625e+01 3.271439e+00 3.290052e+00
      vertex -7.143750e+00 1.658103e+01 3.290052e+00
      vertex -9.737685e+00 1.181853e+01 3.290052e+00
    endloop
  endfacet
  facet normal 5.017842e-16 4.089177e-16 1.000000e+00
    outer loop
      vertex -1.190625e+01 3.271439e+00 3.290052e+00
      vertex -9.737685e+00 1.181853e+01 3.290052e+00
      vertex -9.989968e+00 1.148975e+01 3.290052e+00
    endloop
  endfacet
  facet normal 5.017842e-16 4.089177e-16 1.000000e+00
    outer loop
      vertex -1.190625e+01 3.271439e+00 3.290052e+00
      vertex -9.989968e+00 1.148975e+01 3.290052e+00
      vertex -1.031875e+01 1.123747e+01 3.290052e+00
    endloop
  endfacet
  facet normal 5.017842e-16 4.089177e-16 1.000000e+00
    outer loop
      vertex -1.190625e+01 3.271439e+00 3.290052e+00
      vertex -1.031875e+01 1.123747e+01 3.290052e+00
      vertex -1.070162e+01 1.107888e+01 3.290052e+00
    endloop
  endfacet
  facet normal 5.017842e-16 4.089177e-16 1.000000e+00
    outer loop
      vertex -1.190625e+01 3.271439e+00 3.290052e+00
      vertex -1.070162e+01 1.107888e+01 3.290052e+00
      vertex -1.111250e+01 1.102478e+01 3.290052e+00
    endloop
  endfacet
  facet normal 5.017842e-16 4.089177e-16 1.000000e+00
    outer loop
      vertex -9.737685e+00 1.181853e+01 3.290052e+00
      vertex -7.143750e+00 1.658103e+01 3.290052e+00
      vertex -9.579093e+00 1.220141e+01 3.290052e+00
    endloop
  endfacet
  facet normal 5.017842e-16 4.089177e-16 1.000000e+00
    outer loop
      vertex -9.579093e+00 1.220141e+01 3.290052e+00
      vertex -7.143750e+00 1.658103e+01 3.290052e+00
      vertex -9.525000e+00 1.261228e+01 3.290052e+00
    endloop
  endfacet
  facet normal 5.017842e-16 4.089177e-16 1.000000e+00
    outer loop
      vertex -9.525000e+00 1.261228e+01 3.290052e+00
      vertex -7.143750e+00 1.658103e+01 3.290052e+00
      vertex -9.579093e+00 1.302316e+01 3.290052e+00
    endloop
  endfacet
  facet normal 5.017842e-16 4.089177e-16 1.000000e+00
    outer loop
      vertex -9.579093e+00 1.302316e+01 3.290052e+00
      vertex -7.143750e+00 1.658103e+01 3.290052e+00
      vertex -9.737685e+00 1.340603e+01 3.290052e+00
    endloop
  endfacet
  facet normal 5.017842e-16 4.089177e-16 1.000000e+00
    outer loop
      vertex -9.737685e+00 1.340603e+01 3.290052e+00
      vertex -7.143750e+00 1.658103e+01 3.290052e+00
      vertex -9.989968e+00 1.373482e+01 3.290052e+00
    endloop
  endfacet
  facet normal 5.017842e-16 4.089177e-16 1.000000e+00
    outer loop
      vertex -9.989968e+00 1.373482e+01 3.290052e+00
      vertex -7.143750e+00 1.658103e+01 3.290052e+00
      vertex -1.031875e+01 1.398710e+01 3.290052e+00
    endloop
  endfacet
  facet normal 5.017842e-16 4.089177e-16 1.000000e+00
    outer loop
      vertex -1.031875e+01 1.398710e+01 3.290052e+00
      vertex -7.143750e+00 1.658103e+01 3.290052e+00
      vertex -1.070162e+01 1.414569e+01 3.290052e+00
    endloop
  endfacet
  facet normal 5.017842e-16 4.089177e-16 1.000000e+00
    outer loop
      vertex -1.070162e+01 1.414569e+01 3.290052e+00
      vertex -7.143750e+00 1.658103e+01 3.290052e+00
      vertex -1.111250e+01 1.419978e+01 3.290052e+00
    endloop
  endfacet
  facet normal 5.017842e-16 4.089177e-16 1.000000e+00
    outer loop
      vertex -2.606459e+01 3.271439e+00 3.290052e+00
      vertex -2.359981e+01 1.181853e+01 3.290052e+00
      vertex -2.600057e+01 1.658103e+01 3.290052e+00
    endloop
  endfacet
  facet normal 5.017842e-16 4.089177e-16 1.000000e+00
    outer loop
      vertex -2.359981e+01 1.181853e+01 3.290052e+00
      vertex -2.606459e+01 3.271439e+00 3.290052e+00
      vertex -2.334753e+01 1.148975e+01 3.290052e+00
    endloop
  endfacet
  facet normal 5.017842e-16 4.089177e-16 1.000000e+00
    outer loop
      vertex -2.334753e+01 1.148975e+01 3.290052e+00
      vertex -2.606459e+01 3.271439e+00 3.290052e+00
      vertex -2.301875e+01 1.123747e+01 3.290052e+00
    endloop
  endfacet
  facet normal 5.017842e-16 4.089177e-16 1.000000e+00
    outer loop
      vertex -2.301875e+01 1.123747e+01 3.290052e+00
      vertex -2.606459e+01 3.271439e+00 3.290052e+00
      vertex -1.190625e+01 3.271439e+00 3.290052e+00
    endloop
  endfacet
  facet normal 5.017842e-16 4.089177e-16 1.000000e+00
    outer loop
      vertex -2.301875e+01 1.123747e+01 3.290052e+00
      vertex -1.190625e+01 3.271439e+00 3.290052e+00
      vertex -2.263587e+01 1.107888e+01 3.290052e+00
    endloop
  endfacet
  facet normal 5.017842e-16 4.089177e-16 1.000000e+00
    outer loop
      vertex -2.263587e+01 1.107888e+01 3.290052e+00
      vertex -1.190625e+01 3.271439e+00 3.290052e+00
      vertex -2.222500e+01 1.102478e+01 3.290052e+00
    endloop
  endfacet
  facet normal 5.017842e-16 4.089177e-16 1.000000e+00
    outer loop
      vertex -2.222500e+01 1.102478e+01 3.290052e+00
      vertex -1.190625e+01 3.271439e+00 3.290052e+00
      vertex -1.111250e+01 1.102478e+01 3.290052e+00
    endloop
  endfacet
  facet normal 5.017842e-16 4.089177e-16 1.000000e+00
    outer loop
      vertex -2.600057e+01 1.658103e+01 3.290052e+00
      vertex -2.359981e+01 1.181853e+01 3.290052e+00
      vertex -2.375841e+01 1.220141e+01 3.290052e+00
    endloop
  endfacet
  facet normal 5.017842e-16 4.089177e-16 1.000000e+00
    outer loop
      vertex -2.600057e+01 1.658103e+01 3.290052e+00
      vertex -2.375841e+01 1.220141e+01 3.290052e+00
      vertex -2.381250e+01 1.261228e+01 3.290052e+00
    endloop
  endfacet
  facet normal 5.017842e-16 4.089177e-16 1.000000e+00
    outer loop
      vertex -2.600057e+01 1.658103e+01 3.290052e+00
      vertex -2.381250e+01 1.261228e+01 3.290052e+00
      vertex -2.375841e+01 1.302316e+01 3.290052e+00
    endloop
  endfacet
  facet normal 5.017842e-16 4.089177e-16 1.000000e+00
    outer loop
      vertex -2.600057e+01 1.658103e+01 3.290052e+00
      vertex -2.375841e+01 1.302316e+01 3.290052e+00
      vertex -2.359981e+01 1.340603e+01 3.290052e+00
    endloop
  endfacet
  facet normal 5.017842e-16 4.089177e-16 1.000000e+00
    outer loop
      vertex -2.600057e+01 1.658103e+01 3.290052e+00
      vertex -2.359981e+01 1.340603e+01 3.290052e+00
      vertex -2.334753e+01 1.373482e+01 3.290052e+00
    endloop
  endfacet
  facet normal 5.017842e-16 4.089177e-16 1.000000e+00
    outer loop
      vertex -2.600057e+01 1.658103e+01 3.290052e+00
      vertex -2.334753e+01 1.373482e+01 3.290052e+00
      vertex -2.301875e+01 1.398710e+01 3.290052e+00
    endloop
  endfacet
  facet normal 5.017842e-16 4.089177e-16 1.000000e+00
    outer loop
      vertex -2.600057e+01 1.658103e+01 3.290052e+00
      vertex -2.301875e+01 1.398710e+01 3.290052e+00
      vertex -2.263587e+01 1.414569e+01 3.290052e+00
    endloop
  endfacet
  facet normal 5.017842e-16 4.089177e-16 1.000000e+00
    outer loop
      vertex -2.600057e+01 1.658103e+01 3.290052e+00
      vertex -2.263587e+01 1.414569e+01 3.290052e+00
      vertex -2.222500e+01 1.419978e+01 3.290052e+00
    endloop
  endfacet
  facet normal 5.017842e-16 4.089177e-16 1.000000e+00
    outer loop
      vertex -2.600057e+01 1.658103e+01 3.290052e+00
      vertex -2.222500e+01 1.419978e+01 3.290052e+00
      vertex -1.111250e+01 1.419978e+01 3.290052e+00
    endloop
  endfacet
  facet normal 5.017842e-16 4.089177e-16 1.000000e+00
    outer loop
      vertex -2.600057e+01 1.658103e+01 3.290052e+00
      vertex -1.111250e+01 1.419978e+01 3.290052e+00
      vertex -7.143750e+00 1.658103e+01 3.290052e+00
    endloop
  endfacet
endsolid Default
