solid Default
  facet normal 3.676004e-31 9.238795e-01 3.826834e-01
    outer loop
      vertex -2.381247e+01 2.553001e+00 1.145319e+01
      vertex -2.177796e+01 3.028777e+00 1.030457e+01
      vertex -2.381247e+01 3.028777e+00 1.030457e+01
    endloop
  endfacet
  facet normal 3.676004e-31 9.238795e-01 3.826834e-01
    outer loop
      vertex -2.177796e+01 3.028777e+00 1.030457e+01
      vertex -2.381247e+01 2.553001e+00 1.145319e+01
      vertex -2.177796e+01 2.553001e+00 1.145319e+01
    endloop
  endfacet
  facet normal 1.253816e-31 9.914448e-01 1.305262e-01
    outer loop
      vertex -2.381247e+01 2.390723e+00 1.268582e+01
      vertex -2.177796e+01 2.553001e+00 1.145319e+01
      vertex -2.381247e+01 2.553001e+00 1.145319e+01
    endloop
  endfacet
  facet normal 1.253816e-31 9.914448e-01 1.305262e-01
    outer loop
      vertex -2.177796e+01 2.553001e+00 1.145319e+01
      vertex -2.381247e+01 2.390723e+00 1.268582e+01
      vertex -2.177796e+01 2.390723e+00 1.268582e+01
    endloop
  endfacet
  facet normal 2.357867e-30 3.826834e-01 9.238795e-01
    outer loop
      vertex -2.177796e+01 4.771973e+00 8.561370e+00
      vertex -2.381247e+01 5.920598e+00 8.085595e+00
      vertex -2.381247e+01 4.771973e+00 8.561370e+00
    endloop
  endfacet
  facet normal 2.357867e-30 3.826834e-01 9.238795e-01
    outer loop
      vertex -2.381247e+01 5.920598e+00 8.085595e+00
      vertex -2.177796e+01 4.771973e+00 8.561370e+00
      vertex -2.177796e+01 5.920598e+00 8.085595e+00
    endloop
  endfacet
  facet normal 1.340673e-17 -6.087614e-01 7.933533e-01
    outer loop
      vertex -2.177796e+01 9.534474e+00 8.561370e+00
      vertex -2.381247e+01 1.052082e+01 9.318220e+00
      vertex -2.381247e+01 9.534474e+00 8.561370e+00
    endloop
  endfacet
  facet normal 1.340673e-17 -6.087614e-01 7.933533e-01
    outer loop
      vertex -2.381247e+01 1.052082e+01 9.318220e+00
      vertex -2.177796e+01 9.534474e+00 8.561370e+00
      vertex -2.177796e+01 1.052082e+01 9.318220e+00
    endloop
  endfacet
  facet normal 1.340673e-17 6.087614e-01 7.933533e-01
    outer loop
      vertex -2.177796e+01 3.785628e+00 9.318220e+00
      vertex -2.381247e+01 4.771973e+00 8.561370e+00
      vertex -2.381247e+01 3.785628e+00 9.318220e+00
    endloop
  endfacet
  facet normal 1.340673e-17 6.087614e-01 7.933533e-01
    outer loop
      vertex -2.381247e+01 4.771973e+00 8.561370e+00
      vertex -2.177796e+01 3.785628e+00 9.318220e+00
      vertex -2.177796e+01 4.771973e+00 8.561370e+00
    endloop
  endfacet
  facet normal 2.463569e-30 7.933533e-01 6.087614e-01
    outer loop
      vertex -2.381247e+01 3.028777e+00 1.030457e+01
      vertex -2.177796e+01 3.785628e+00 9.318220e+00
      vertex -2.381247e+01 3.785628e+00 9.318220e+00
    endloop
  endfacet
  facet normal 2.463569e-30 7.933533e-01 6.087614e-01
    outer loop
      vertex -2.177796e+01 3.785628e+00 9.318220e+00
      vertex -2.381247e+01 3.028777e+00 1.030457e+01
      vertex -2.177796e+01 3.028777e+00 1.030457e+01
    endloop
  endfacet
  facet normal -7.352007e-31 -9.238795e-01 -3.826834e-01
    outer loop
      vertex -2.177796e+01 1.127767e+01 1.506707e+01
      vertex -2.381247e+01 1.175345e+01 1.391844e+01
      vertex -2.177796e+01 1.175345e+01 1.391844e+01
    endloop
  endfacet
  facet normal -7.352007e-31 -9.238795e-01 -3.826834e-01
    outer loop
      vertex -2.381247e+01 1.175345e+01 1.391844e+01
      vertex -2.177796e+01 1.127767e+01 1.506707e+01
      vertex -2.381247e+01 1.127767e+01 1.506707e+01
    endloop
  endfacet
  facet normal -3.676004e-31 -9.238795e-01 3.826834e-01
    outer loop
      vertex -2.177796e+01 1.175345e+01 1.145319e+01
      vertex -2.381247e+01 1.127767e+01 1.030457e+01
      vertex -2.177796e+01 1.127767e+01 1.030457e+01
    endloop
  endfacet
  facet normal -3.676004e-31 -9.238795e-01 3.826834e-01
    outer loop
      vertex -2.381247e+01 1.127767e+01 1.030457e+01
      vertex -2.177796e+01 1.175345e+01 1.145319e+01
      vertex -2.381247e+01 1.175345e+01 1.145319e+01
    endloop
  endfacet
  facet normal 0.000000e+00 9.238795e-01 -3.826834e-01
    outer loop
      vertex -2.381247e+01 3.028777e+00 1.506707e+01
      vertex -2.177796e+01 2.553001e+00 1.391844e+01
      vertex -2.381247e+01 2.553001e+00 1.391844e+01
    endloop
  endfacet
  facet normal 0.000000e+00 9.238795e-01 -3.826834e-01
    outer loop
      vertex -2.177796e+01 2.553001e+00 1.391844e+01
      vertex -2.381247e+01 3.028777e+00 1.506707e+01
      vertex -2.177796e+01 3.028777e+00 1.506707e+01
    endloop
  endfacet
  facet normal -1.253816e-31 -9.914448e-01 -1.305262e-01
    outer loop
      vertex -2.177796e+01 1.175345e+01 1.391844e+01
      vertex -2.381247e+01 1.191572e+01 1.268582e+01
      vertex -2.177796e+01 1.191572e+01 1.268582e+01
    endloop
  endfacet
  facet normal -1.253816e-31 -9.914448e-01 -1.305262e-01
    outer loop
      vertex -2.381247e+01 1.191572e+01 1.268582e+01
      vertex -2.177796e+01 1.175345e+01 1.391844e+01
      vertex -2.381247e+01 1.175345e+01 1.391844e+01
    endloop
  endfacet
  facet normal 9.523681e-31 1.305262e-01 9.914448e-01
    outer loop
      vertex -2.177796e+01 5.920598e+00 8.085595e+00
      vertex -2.381247e+01 7.153224e+00 7.923316e+00
      vertex -2.381247e+01 5.920598e+00 8.085595e+00
    endloop
  endfacet
  facet normal 9.523681e-31 1.305262e-01 9.914448e-01
    outer loop
      vertex -2.381247e+01 7.153224e+00 7.923316e+00
      vertex -2.177796e+01 5.920598e+00 8.085595e+00
      vertex -2.177796e+01 7.153224e+00 7.923316e+00
    endloop
  endfacet
  facet normal 1.470401e-30 -3.826834e-01 9.238795e-01
    outer loop
      vertex -2.177796e+01 8.385850e+00 8.085595e+00
      vertex -2.381247e+01 9.534474e+00 8.561370e+00
      vertex -2.381247e+01 8.385850e+00 8.085595e+00
    endloop
  endfacet
  facet normal 1.470401e-30 -3.826834e-01 9.238795e-01
    outer loop
      vertex -2.381247e+01 9.534474e+00 8.561370e+00
      vertex -2.177796e+01 8.385850e+00 8.085595e+00
      vertex -2.177796e+01 9.534474e+00 8.561370e+00
    endloop
  endfacet
  facet normal -1.470401e-30 -3.826834e-01 -9.238795e-01
    outer loop
      vertex -2.177796e+01 9.534474e+00 1.681026e+01
      vertex -2.381247e+01 8.385850e+00 1.728604e+01
      vertex -2.381247e+01 9.534474e+00 1.681026e+01
    endloop
  endfacet
  facet normal -1.470401e-30 -3.826834e-01 -9.238795e-01
    outer loop
      vertex -2.381247e+01 8.385850e+00 1.728604e+01
      vertex -2.177796e+01 9.534474e+00 1.681026e+01
      vertex -2.177796e+01 8.385850e+00 1.728604e+01
    endloop
  endfacet
  facet normal 0.000000e+00 -7.933533e-01 -6.087614e-01
    outer loop
      vertex -2.177796e+01 1.052082e+01 1.605341e+01
      vertex -2.381247e+01 1.127767e+01 1.506707e+01
      vertex -2.177796e+01 1.127767e+01 1.506707e+01
    endloop
  endfacet
  facet normal 0.000000e+00 -7.933533e-01 -6.087614e-01
    outer loop
      vertex -2.381247e+01 1.127767e+01 1.506707e+01
      vertex -2.177796e+01 1.052082e+01 1.605341e+01
      vertex -2.381247e+01 1.052082e+01 1.605341e+01
    endloop
  endfacet
  facet normal 0.000000e+00 -6.087614e-01 -7.933533e-01
    outer loop
      vertex -2.177796e+01 1.052082e+01 1.605341e+01
      vertex -2.381247e+01 9.534474e+00 1.681026e+01
      vertex -2.381247e+01 1.052082e+01 1.605341e+01
    endloop
  endfacet
  facet normal 0.000000e+00 -6.087614e-01 -7.933533e-01
    outer loop
      vertex -2.381247e+01 9.534474e+00 1.681026e+01
      vertex -2.177796e+01 1.052082e+01 1.605341e+01
      vertex -2.177796e+01 9.534474e+00 1.681026e+01
    endloop
  endfacet
  facet normal 2.406263e-30 -1.305262e-01 -9.914448e-01
    outer loop
      vertex -2.177796e+01 8.385850e+00 1.728604e+01
      vertex -2.381247e+01 7.153224e+00 1.744832e+01
      vertex -2.381247e+01 8.385850e+00 1.728604e+01
    endloop
  endfacet
  facet normal 2.406263e-30 -1.305262e-01 -9.914448e-01
    outer loop
      vertex -2.381247e+01 7.153224e+00 1.744832e+01
      vertex -2.177796e+01 8.385850e+00 1.728604e+01
      vertex -2.177796e+01 7.153224e+00 1.744832e+01
    endloop
  endfacet
  facet normal 0.000000e+00 3.826834e-01 -9.238795e-01
    outer loop
      vertex -2.177796e+01 5.920598e+00 1.728604e+01
      vertex -2.381247e+01 4.771973e+00 1.681026e+01
      vertex -2.381247e+01 5.920598e+00 1.728604e+01
    endloop
  endfacet
  facet normal 0.000000e+00 3.826834e-01 -9.238795e-01
    outer loop
      vertex -2.381247e+01 4.771973e+00 1.681026e+01
      vertex -2.177796e+01 5.920598e+00 1.728604e+01
      vertex -2.177796e+01 4.771973e+00 1.681026e+01
    endloop
  endfacet
  facet normal 1.169535e-30 6.087614e-01 -7.933533e-01
    outer loop
      vertex -2.177796e+01 4.771973e+00 1.681026e+01
      vertex -2.381247e+01 3.785628e+00 1.605341e+01
      vertex -2.381247e+01 4.771973e+00 1.681026e+01
    endloop
  endfacet
  facet normal 1.169535e-30 6.087614e-01 -7.933533e-01
    outer loop
      vertex -2.381247e+01 3.785628e+00 1.605341e+01
      vertex -2.177796e+01 4.771973e+00 1.681026e+01
      vertex -2.177796e+01 3.785628e+00 1.605341e+01
    endloop
  endfacet
  facet normal 0.000000e+00 7.933533e-01 -6.087614e-01
    outer loop
      vertex -2.381247e+01 3.785628e+00 1.605341e+01
      vertex -2.177796e+01 3.028777e+00 1.506707e+01
      vertex -2.381247e+01 3.028777e+00 1.506707e+01
    endloop
  endfacet
  facet normal 0.000000e+00 7.933533e-01 -6.087614e-01
    outer loop
      vertex -2.177796e+01 3.028777e+00 1.506707e+01
      vertex -2.381247e+01 3.785628e+00 1.605341e+01
      vertex -2.177796e+01 3.785628e+00 1.605341e+01
    endloop
  endfacet
  facet normal 2.507633e-31 1.305262e-01 -9.914448e-01
    outer loop
      vertex -2.177796e+01 7.153224e+00 1.744832e+01
      vertex -2.381247e+01 5.920598e+00 1.728604e+01
      vertex -2.381247e+01 7.153224e+00 1.744832e+01
    endloop
  endfacet
  facet normal 2.507633e-31 1.305262e-01 -9.914448e-01
    outer loop
      vertex -2.381247e+01 5.920598e+00 1.728604e+01
      vertex -2.177796e+01 7.153224e+00 1.744832e+01
      vertex -2.177796e+01 5.920598e+00 1.728604e+01
    endloop
  endfacet
  facet normal -5.015265e-31 -1.305262e-01 9.914448e-01
    outer loop
      vertex -2.177796e+01 7.153224e+00 7.923316e+00
      vertex -2.381247e+01 8.385850e+00 8.085595e+00
      vertex -2.381247e+01 7.153224e+00 7.923316e+00
    endloop
  endfacet
  facet normal -5.015265e-31 -1.305262e-01 9.914448e-01
    outer loop
      vertex -2.381247e+01 8.385850e+00 8.085595e+00
      vertex -2.177796e+01 7.153224e+00 7.923316e+00
      vertex -2.177796e+01 8.385850e+00 8.085595e+00
    endloop
  endfacet
  facet normal 3.048337e-30 -7.933533e-01 6.087614e-01
    outer loop
      vertex -2.177796e+01 1.127767e+01 1.030457e+01
      vertex -2.381247e+01 1.052082e+01 9.318220e+00
      vertex -2.177796e+01 1.052082e+01 9.318220e+00
    endloop
  endfacet
  facet normal 3.048337e-30 -7.933533e-01 6.087614e-01
    outer loop
      vertex -2.381247e+01 1.052082e+01 9.318220e+00
      vertex -2.177796e+01 1.127767e+01 1.030457e+01
      vertex -2.381247e+01 1.127767e+01 1.030457e+01
    endloop
  endfacet
  facet normal -1.253816e-31 9.914448e-01 -1.305262e-01
    outer loop
      vertex -2.381247e+01 2.553001e+00 1.391844e+01
      vertex -2.177796e+01 2.390723e+00 1.268582e+01
      vertex -2.381247e+01 2.390723e+00 1.268582e+01
    endloop
  endfacet
  facet normal -1.253816e-31 9.914448e-01 -1.305262e-01
    outer loop
      vertex -2.177796e+01 2.390723e+00 1.268582e+01
      vertex -2.381247e+01 2.553001e+00 1.391844e+01
      vertex -2.177796e+01 2.553001e+00 1.391844e+01
    endloop
  endfacet
  facet normal 0.000000e+00 -9.914448e-01 1.305262e-01
    outer loop
      vertex -2.177796e+01 1.191572e+01 1.268582e+01
      vertex -2.381247e+01 1.175345e+01 1.145319e+01
      vertex -2.177796e+01 1.175345e+01 1.145319e+01
    endloop
  endfacet
  facet normal 0.000000e+00 -9.914448e-01 1.305262e-01
    outer loop
      vertex -2.381247e+01 1.175345e+01 1.145319e+01
      vertex -2.177796e+01 1.191572e+01 1.268582e+01
      vertex -2.381247e+01 1.191572e+01 1.268582e+01
    endloop
  endfacet
  facet normal 1.575098e-05 5.991306e-01 8.006513e-01
    outer loop
      vertex -2.381247e+01 1.666877e+01 2.540004e+01
      vertex -2.062223e+01 2.301873e+01 2.064828e+01
      vertex -2.381253e+01 2.301876e+01 2.064832e+01
    endloop
  endfacet
  facet normal 1.575098e-05 5.991306e-01 8.006513e-01
    outer loop
      vertex -2.062223e+01 2.301873e+01 2.064828e+01
      vertex -2.381247e+01 1.666877e+01 2.540004e+01
      vertex -2.062217e+01 1.666874e+01 2.540000e+01
    endloop
  endfacet
  facet normal -4.304236e-06 6.008695e-01 -7.993472e-01
    outer loop
      vertex -2.062223e+01 2.301873e+01 4.773283e+00
      vertex -2.381247e+01 1.666877e+01 4.002199e-05
      vertex -2.381253e+01 2.301876e+01 4.773324e+00
    endloop
  endfacet
  facet normal -4.304236e-06 6.008695e-01 -7.993472e-01
    outer loop
      vertex -2.381247e+01 1.666877e+01 4.002199e-05
      vertex -2.062223e+01 2.301873e+01 4.773283e+00
      vertex -2.062217e+01 1.666874e+01 0.000000e+00
    endloop
  endfacet
  facet normal 8.730958e-07 2.863284e-07 -1.000000e+00
    outer loop
      vertex 2.063753e+01 -1.825623e+01 4.002199e-05
      vertex -2.062216e+01 -2.301876e+01 2.887646e-12
      vertex -2.062217e+01 -1.825626e+01 0.000000e+00
    endloop
  endfacet
  facet normal 8.730958e-07 2.863284e-07 -1.000000e+00
    outer loop
      vertex -2.062216e+01 -2.301876e+01 2.887646e-12
      vertex 2.063753e+01 -1.825623e+01 4.002199e-05
      vertex 2.381253e+01 -2.301872e+01 3.901825e-05
    endloop
  endfacet
  facet normal 8.730958e-07 2.863284e-07 -1.000000e+00
    outer loop
      vertex 2.381253e+01 -2.301872e+01 3.901825e-05
      vertex 2.063753e+01 -1.825623e+01 4.002199e-05
      vertex 2.381253e+01 -1.825626e+01 4.002199e-05
    endloop
  endfacet
  facet normal 1.000000e+00 4.917691e-07 9.220612e-08
    outer loop
      vertex 2.381253e+01 -2.301872e+01 3.901825e-05
      vertex 2.381253e+01 -1.825626e+01 2.540004e+01
      vertex 2.381253e+01 -2.301873e+01 2.540004e+01
    endloop
  endfacet
  facet normal 1.000000e+00 4.917691e-07 9.220612e-08
    outer loop
      vertex 2.381253e+01 -1.825626e+01 2.540004e+01
      vertex 2.381253e+01 -2.301872e+01 3.901825e-05
      vertex 2.381253e+01 -1.825626e+01 4.002199e-05
    endloop
  endfacet
  facet normal 0.000000e+00 0.000000e+00 -1.000000e+00
    outer loop
      vertex 2.381253e+01 1.666877e+01 4.002199e-05
      vertex 2.063753e+01 -1.508123e+01 4.002199e-05
      vertex 2.063753e+01 1.666877e+01 4.002199e-05
    endloop
  endfacet
  facet normal 0.000000e+00 0.000000e+00 -1.000000e+00
    outer loop
      vertex 2.063753e+01 -1.508123e+01 4.002199e-05
      vertex 2.381253e+01 1.666877e+01 4.002199e-05
      vertex 2.063753e+01 -1.825623e+01 4.002199e-05
    endloop
  endfacet
  facet normal 0.000000e+00 0.000000e+00 -1.000000e+00
    outer loop
      vertex 2.063753e+01 -1.825623e+01 4.002199e-05
      vertex 2.381253e+01 1.666877e+01 4.002199e-05
      vertex 2.381253e+01 -1.825626e+01 4.002199e-05
    endloop
  endfacet
  facet normal -1.254487e-05 -1.330348e-23 -1.000000e+00
    outer loop
      vertex -2.062217e+01 1.666874e+01 0.000000e+00
      vertex -2.381247e+01 -1.825626e+01 4.002199e-05
      vertex -2.381247e+01 1.666877e+01 4.002199e-05
    endloop
  endfacet
  facet normal -1.254487e-05 -1.330348e-23 -1.000000e+00
    outer loop
      vertex -2.381247e+01 -1.825626e+01 4.002199e-05
      vertex -2.062217e+01 1.666874e+01 0.000000e+00
      vertex -2.381247e+01 -2.301876e+01 4.002199e-05
    endloop
  endfacet
  facet normal -1.254487e-05 -1.330348e-23 -1.000000e+00
    outer loop
      vertex -2.381247e+01 -2.301876e+01 4.002199e-05
      vertex -2.062217e+01 1.666874e+01 0.000000e+00
      vertex -2.062217e+01 -1.825626e+01 0.000000e+00
    endloop
  endfacet
  facet normal -1.254487e-05 -1.330348e-23 -1.000000e+00
    outer loop
      vertex -2.381247e+01 -2.301876e+01 4.002199e-05
      vertex -2.062217e+01 -1.825626e+01 0.000000e+00
      vertex -2.062216e+01 -2.301876e+01 2.887646e-12
    endloop
  endfacet
  facet normal 0.000000e+00 0.000000e+00 1.000000e+00
    outer loop
      vertex 2.381253e+01 -1.825626e+01 2.540004e+01
      vertex 2.063753e+01 1.666877e+01 2.540004e+01
      vertex 2.063753e+01 -1.825623e+01 2.540004e+01
    endloop
  endfacet
  facet normal 0.000000e+00 0.000000e+00 1.000000e+00
    outer loop
      vertex 2.063753e+01 1.666877e+01 2.540004e+01
      vertex 2.381253e+01 -1.825626e+01 2.540004e+01
      vertex 2.381253e+01 1.666877e+01 2.540004e+01
    endloop
  endfacet
  facet normal -9.571238e-06 -1.000000e+00 1.465494e-14
    outer loop
      vertex 2.381253e+01 -1.825626e+01 2.540004e+01
      vertex 2.063753e+01 -1.825623e+01 4.002199e-05
      vertex 2.381253e+01 -1.825626e+01 4.002199e-05
    endloop
  endfacet
  facet normal -9.571238e-06 -1.000000e+00 1.465494e-14
    outer loop
      vertex 2.063753e+01 -1.825623e+01 4.002199e-05
      vertex 2.381253e+01 -1.825626e+01 2.540004e+01
      vertex 2.063753e+01 -1.825623e+01 2.540004e+01
    endloop
  endfacet
  facet normal 1.254487e-05 6.288404e-13 1.000000e+00
    outer loop
      vertex -2.062216e+01 -2.301876e+01 2.540000e+01
      vertex -2.062217e+01 -1.825626e+01 2.540000e+01
      vertex -2.381247e+01 -2.301876e+01 2.540004e+01
    endloop
  endfacet
  facet normal 1.254487e-05 6.288404e-13 1.000000e+00
    outer loop
      vertex -2.381247e+01 -2.301876e+01 2.540004e+01
      vertex -2.381247e+01 1.666877e+01 2.540004e+01
      vertex -2.381247e+01 -1.825626e+01 2.540004e+01
    endloop
  endfacet
  facet normal 1.254487e-05 6.288404e-13 1.000000e+00
    outer loop
      vertex -2.381247e+01 1.666877e+01 2.540004e+01
      vertex -2.381247e+01 -2.301876e+01 2.540004e+01
      vertex -2.062217e+01 1.666874e+01 2.540000e+01
    endloop
  endfacet
  facet normal 1.254487e-05 6.288404e-13 1.000000e+00
    outer loop
      vertex -2.062217e+01 1.666874e+01 2.540000e+01
      vertex -2.381247e+01 -2.301876e+01 2.540004e+01
      vertex -2.062217e+01 -1.825626e+01 2.540000e+01
    endloop
  endfacet
  facet normal 7.933533e-01 5.188577e-07 6.087614e-01
    outer loop
      vertex -1.779125e+01 -2.301875e+01 1.872122e+01
      vertex -1.804354e+01 -1.825625e+01 1.905000e+01
      vertex -1.804353e+01 -2.301875e+01 1.905000e+01
    endloop
  endfacet
  facet normal 7.933533e-01 5.188577e-07 6.087614e-01
    outer loop
      vertex -1.804354e+01 -1.825625e+01 1.905000e+01
      vertex -1.779125e+01 -2.301875e+01 1.872122e+01
      vertex -1.779125e+01 -1.825625e+01 1.872122e+01
    endloop
  endfacet
  facet normal 6.087614e-01 3.828309e-07 7.933533e-01
    outer loop
      vertex -1.779125e+01 -2.301875e+01 1.872122e+01
      vertex -1.746247e+01 -1.825625e+01 1.846894e+01
      vertex -1.779125e+01 -1.825625e+01 1.872122e+01
    endloop
  endfacet
  facet normal 6.087614e-01 3.828309e-07 7.933533e-01
    outer loop
      vertex -1.746247e+01 -1.825625e+01 1.846894e+01
      vertex -1.779125e+01 -2.301875e+01 1.872122e+01
      vertex -1.746247e+01 -2.301875e+01 1.846894e+01
    endloop
  endfacet
  facet normal 3.826834e-01 2.207148e-07 9.238795e-01
    outer loop
      vertex -1.746247e+01 -2.301875e+01 1.846894e+01
      vertex -1.707960e+01 -1.825625e+01 1.831035e+01
      vertex -1.746247e+01 -1.825625e+01 1.846894e+01
    endloop
  endfacet
  facet normal 3.826834e-01 2.207148e-07 9.238795e-01
    outer loop
      vertex -1.707960e+01 -1.825625e+01 1.831035e+01
      vertex -1.746247e+01 -2.301875e+01 1.846894e+01
      vertex -1.707959e+01 -2.301875e+01 1.831035e+01
    endloop
  endfacet
  facet normal 1.305262e-01 4.355726e-08 9.914448e-01
    outer loop
      vertex -1.707959e+01 -2.301875e+01 1.831035e+01
      vertex -1.666872e+01 -1.825625e+01 1.825625e+01
      vertex -1.707960e+01 -1.825625e+01 1.831035e+01
    endloop
  endfacet
  facet normal 1.305262e-01 4.355726e-08 9.914448e-01
    outer loop
      vertex -1.666872e+01 -1.825625e+01 1.825625e+01
      vertex -1.707959e+01 -2.301875e+01 1.831035e+01
      vertex -1.666872e+01 -2.301875e+01 1.825625e+01
    endloop
  endfacet
  facet normal -1.305262e-01 -1.365686e-07 9.914448e-01
    outer loop
      vertex -1.666872e+01 -2.301875e+01 1.825625e+01
      vertex -1.625785e+01 -1.825625e+01 1.831035e+01
      vertex -1.666872e+01 -1.825625e+01 1.825625e+01
    endloop
  endfacet
  facet normal -1.305262e-01 -1.365686e-07 9.914448e-01
    outer loop
      vertex -1.625785e+01 -1.825625e+01 1.831035e+01
      vertex -1.666872e+01 -2.301875e+01 1.825625e+01
      vertex -1.625784e+01 -2.301875e+01 1.831035e+01
    endloop
  endfacet
  facet normal -3.826834e-01 -3.073875e-07 9.238795e-01
    outer loop
      vertex -1.625784e+01 -2.301875e+01 1.831035e+01
      vertex -1.587497e+01 -1.825625e+01 1.846894e+01
      vertex -1.625785e+01 -1.825625e+01 1.831035e+01
    endloop
  endfacet
  facet normal -3.826834e-01 -3.073875e-07 9.238795e-01
    outer loop
      vertex -1.587497e+01 -1.825625e+01 1.846894e+01
      vertex -1.625784e+01 -2.301875e+01 1.831035e+01
      vertex -1.587497e+01 -2.301875e+01 1.846894e+01
    endloop
  endfacet
  facet normal -6.087614e-01 -4.572584e-07 7.933533e-01
    outer loop
      vertex -1.587497e+01 -2.301875e+01 1.846894e+01
      vertex -1.554619e+01 -1.825625e+01 1.872122e+01
      vertex -1.587497e+01 -1.825625e+01 1.846894e+01
    endloop
  endfacet
  facet normal -6.087614e-01 -4.572584e-07 7.933533e-01
    outer loop
      vertex -1.554619e+01 -1.825625e+01 1.872122e+01
      vertex -1.587497e+01 -2.301875e+01 1.846894e+01
      vertex -1.554619e+01 -2.301875e+01 1.872122e+01
    endloop
  endfacet
  facet normal -7.933533e-01 -5.759680e-07 6.087614e-01
    outer loop
      vertex -1.529390e+01 -2.301875e+01 1.905000e+01
      vertex -1.554619e+01 -1.825625e+01 1.872122e+01
      vertex -1.554619e+01 -2.301875e+01 1.872122e+01
    endloop
  endfacet
  facet normal -7.933533e-01 -5.759680e-07 6.087614e-01
    outer loop
      vertex -1.554619e+01 -1.825625e+01 1.872122e+01
      vertex -1.529390e+01 -2.301875e+01 1.905000e+01
      vertex -1.529391e+01 -1.825625e+01 1.905000e+01
    endloop
  endfacet
  facet normal -9.238795e-01 -6.554263e-07 3.826834e-01
    outer loop
      vertex -1.513531e+01 -2.301875e+01 1.943288e+01
      vertex -1.529391e+01 -1.825625e+01 1.905000e+01
      vertex -1.529390e+01 -2.301875e+01 1.905000e+01
    endloop
  endfacet
  facet normal -9.238795e-01 -6.554263e-07 3.826834e-01
    outer loop
      vertex -1.529391e+01 -1.825625e+01 1.905000e+01
      vertex -1.513531e+01 -2.301875e+01 1.943288e+01
      vertex -1.513531e+01 -1.825625e+01 1.943288e+01
    endloop
  endfacet
  facet normal -9.914448e-01 -6.902184e-07 1.305262e-01
    outer loop
      vertex -1.508122e+01 -2.301875e+01 1.984375e+01
      vertex -1.513531e+01 -1.825625e+01 1.943288e+01
      vertex -1.513531e+01 -2.301875e+01 1.943288e+01
    endloop
  endfacet
  facet normal -9.914448e-01 -6.902184e-07 1.305262e-01
    outer loop
      vertex -1.513531e+01 -1.825625e+01 1.943288e+01
      vertex -1.508122e+01 -2.301875e+01 1.984375e+01
      vertex -1.508122e+01 -1.825625e+01 1.984375e+01
    endloop
  endfacet
  facet normal -9.914448e-01 -6.779732e-07 -1.305262e-01
    outer loop
      vertex -1.513531e+01 -1.825625e+01 2.025463e+01
      vertex -1.508122e+01 -2.301875e+01 1.984375e+01
      vertex -1.513531e+01 -2.301875e+01 2.025463e+01
    endloop
  endfacet
  facet normal -9.914448e-01 -6.779732e-07 -1.305262e-01
    outer loop
      vertex -1.508122e+01 -2.301875e+01 1.984375e+01
      vertex -1.513531e+01 -1.825625e+01 2.025463e+01
      vertex -1.508122e+01 -1.825625e+01 1.984375e+01
    endloop
  endfacet
  facet normal -9.238795e-01 -6.195253e-07 -3.826834e-01
    outer loop
      vertex -1.529391e+01 -1.825625e+01 2.063750e+01
      vertex -1.513531e+01 -2.301875e+01 2.025463e+01
      vertex -1.529390e+01 -2.301875e+01 2.063750e+01
    endloop
  endfacet
  facet normal -9.238795e-01 -6.195253e-07 -3.826834e-01
    outer loop
      vertex -1.513531e+01 -2.301875e+01 2.025463e+01
      vertex -1.529391e+01 -1.825625e+01 2.063750e+01
      vertex -1.513531e+01 -1.825625e+01 2.025463e+01
    endloop
  endfacet
  facet normal -7.933533e-01 -5.188577e-07 -6.087614e-01
    outer loop
      vertex -1.554619e+01 -1.825625e+01 2.096629e+01
      vertex -1.529390e+01 -2.301875e+01 2.063750e+01
      vertex -1.554619e+01 -2.301875e+01 2.096629e+01
    endloop
  endfacet
  facet normal -7.933533e-01 -5.188577e-07 -6.087614e-01
    outer loop
      vertex -1.529390e+01 -2.301875e+01 2.063750e+01
      vertex -1.554619e+01 -1.825625e+01 2.096629e+01
      vertex -1.529391e+01 -1.825625e+01 2.063750e+01
    endloop
  endfacet
  facet normal -6.087614e-01 -3.828309e-07 -7.933533e-01
    outer loop
      vertex -1.554619e+01 -1.825625e+01 2.096629e+01
      vertex -1.587497e+01 -2.301875e+01 2.121857e+01
      vertex -1.587497e+01 -1.825625e+01 2.121857e+01
    endloop
  endfacet
  facet normal -6.087614e-01 -3.828309e-07 -7.933533e-01
    outer loop
      vertex -1.587497e+01 -2.301875e+01 2.121857e+01
      vertex -1.554619e+01 -1.825625e+01 2.096629e+01
      vertex -1.554619e+01 -2.301875e+01 2.096629e+01
    endloop
  endfacet
  facet normal -3.826834e-01 -2.207148e-07 -9.238795e-01
    outer loop
      vertex -1.587497e+01 -1.825625e+01 2.121857e+01
      vertex -1.625784e+01 -2.301875e+01 2.137716e+01
      vertex -1.625785e+01 -1.825625e+01 2.137716e+01
    endloop
  endfacet
  facet normal -3.826834e-01 -2.207148e-07 -9.238795e-01
    outer loop
      vertex -1.625784e+01 -2.301875e+01 2.137716e+01
      vertex -1.587497e+01 -1.825625e+01 2.121857e+01
      vertex -1.587497e+01 -2.301875e+01 2.121857e+01
    endloop
  endfacet
  facet normal -1.305262e-01 -4.355726e-08 -9.914448e-01
    outer loop
      vertex -1.625785e+01 -1.825625e+01 2.137716e+01
      vertex -1.666872e+01 -2.301875e+01 2.143125e+01
      vertex -1.666872e+01 -1.825625e+01 2.143125e+01
    endloop
  endfacet
  facet normal -1.305262e-01 -4.355726e-08 -9.914448e-01
    outer loop
      vertex -1.666872e+01 -2.301875e+01 2.143125e+01
      vertex -1.625785e+01 -1.825625e+01 2.137716e+01
      vertex -1.625784e+01 -2.301875e+01 2.137716e+01
    endloop
  endfacet
  facet normal 1.305262e-01 1.365686e-07 -9.914448e-01
    outer loop
      vertex -1.666872e+01 -1.825625e+01 2.143125e+01
      vertex -1.707959e+01 -2.301875e+01 2.137716e+01
      vertex -1.707960e+01 -1.825625e+01 2.137716e+01
    endloop
  endfacet
  facet normal 1.305262e-01 1.365686e-07 -9.914448e-01
    outer loop
      vertex -1.707959e+01 -2.301875e+01 2.137716e+01
      vertex -1.666872e+01 -1.825625e+01 2.143125e+01
      vertex -1.666872e+01 -2.301875e+01 2.143125e+01
    endloop
  endfacet
  facet normal 3.826834e-01 3.073875e-07 -9.238795e-01
    outer loop
      vertex -1.707960e+01 -1.825625e+01 2.137716e+01
      vertex -1.746247e+01 -2.301875e+01 2.121857e+01
      vertex -1.746247e+01 -1.825625e+01 2.121857e+01
    endloop
  endfacet
  facet normal 3.826834e-01 3.073875e-07 -9.238795e-01
    outer loop
      vertex -1.746247e+01 -2.301875e+01 2.121857e+01
      vertex -1.707960e+01 -1.825625e+01 2.137716e+01
      vertex -1.707959e+01 -2.301875e+01 2.137716e+01
    endloop
  endfacet
  facet normal 6.087614e-01 4.572584e-07 -7.933533e-01
    outer loop
      vertex -1.746247e+01 -1.825625e+01 2.121857e+01
      vertex -1.779125e+01 -2.301875e+01 2.096629e+01
      vertex -1.779125e+01 -1.825625e+01 2.096629e+01
    endloop
  endfacet
  facet normal 6.087614e-01 4.572584e-07 -7.933533e-01
    outer loop
      vertex -1.779125e+01 -2.301875e+01 2.096629e+01
      vertex -1.746247e+01 -1.825625e+01 2.121857e+01
      vertex -1.746247e+01 -2.301875e+01 2.121857e+01
    endloop
  endfacet
  facet normal 7.933533e-01 5.759680e-07 -6.087614e-01
    outer loop
      vertex -1.804354e+01 -1.825625e+01 2.063750e+01
      vertex -1.779125e+01 -2.301875e+01 2.096629e+01
      vertex -1.804353e+01 -2.301875e+01 2.063750e+01
    endloop
  endfacet
  facet normal 7.933533e-01 5.759680e-07 -6.087614e-01
    outer loop
      vertex -1.779125e+01 -2.301875e+01 2.096629e+01
      vertex -1.804354e+01 -1.825625e+01 2.063750e+01
      vertex -1.779125e+01 -1.825625e+01 2.096629e+01
    endloop
  endfacet
  facet normal 9.238795e-01 6.554263e-07 -3.826834e-01
    outer loop
      vertex -1.820213e+01 -1.825625e+01 2.025463e+01
      vertex -1.804353e+01 -2.301875e+01 2.063750e+01
      vertex -1.820213e+01 -2.301875e+01 2.025463e+01
    endloop
  endfacet
  facet normal 9.238795e-01 6.554263e-07 -3.826834e-01
    outer loop
      vertex -1.804353e+01 -2.301875e+01 2.063750e+01
      vertex -1.820213e+01 -1.825625e+01 2.025463e+01
      vertex -1.804354e+01 -1.825625e+01 2.063750e+01
    endloop
  endfacet
  facet normal 9.914448e-01 6.902184e-07 -1.305262e-01
    outer loop
      vertex -1.825622e+01 -1.825625e+01 1.984375e+01
      vertex -1.820213e+01 -2.301875e+01 2.025463e+01
      vertex -1.825622e+01 -2.301875e+01 1.984375e+01
    endloop
  endfacet
  facet normal 9.914448e-01 6.902184e-07 -1.305262e-01
    outer loop
      vertex -1.820213e+01 -2.301875e+01 2.025463e+01
      vertex -1.825622e+01 -1.825625e+01 1.984375e+01
      vertex -1.820213e+01 -1.825625e+01 2.025463e+01
    endloop
  endfacet
  facet normal 9.914448e-01 6.779732e-07 1.305262e-01
    outer loop
      vertex -1.820213e+01 -2.301875e+01 1.943288e+01
      vertex -1.825622e+01 -1.825625e+01 1.984375e+01
      vertex -1.825622e+01 -2.301875e+01 1.984375e+01
    endloop
  endfacet
  facet normal 9.914448e-01 6.779732e-07 1.305262e-01
    outer loop
      vertex -1.825622e+01 -1.825625e+01 1.984375e+01
      vertex -1.820213e+01 -2.301875e+01 1.943288e+01
      vertex -1.820213e+01 -1.825625e+01 1.943288e+01
    endloop
  endfacet
  facet normal 9.238795e-01 6.195253e-07 3.826834e-01
    outer loop
      vertex -1.804353e+01 -2.301875e+01 1.905000e+01
      vertex -1.820213e+01 -1.825625e+01 1.943288e+01
      vertex -1.820213e+01 -2.301875e+01 1.943288e+01
    endloop
  endfacet
  facet normal 9.238795e-01 6.195253e-07 3.826834e-01
    outer loop
      vertex -1.820213e+01 -1.825625e+01 1.943288e+01
      vertex -1.804353e+01 -2.301875e+01 1.905000e+01
      vertex -1.804354e+01 -1.825625e+01 1.905000e+01
    endloop
  endfacet
  facet normal -3.781316e-01 -3.043346e-07 9.257519e-01
    outer loop
      vertex -5.152896e+00 -2.301874e+01 1.830835e+01
      vertex -4.769248e+00 -1.825624e+01 1.846506e+01
      vertex -5.152899e+00 -1.825624e+01 1.830835e+01
    endloop
  endfacet
  facet normal -3.781316e-01 -3.043346e-07 9.257519e-01
    outer loop
      vertex -4.769248e+00 -1.825624e+01 1.846506e+01
      vertex -5.152896e+00 -2.301874e+01 1.830835e+01
      vertex -4.769245e+00 -2.301874e+01 1.846506e+01
    endloop
  endfacet
  facet normal -6.048493e-01 -4.546992e-07 7.963400e-01
    outer loop
      vertex -4.769245e+00 -2.301874e+01 1.846506e+01
      vertex -4.439229e+00 -1.825624e+01 1.871572e+01
      vertex -4.769248e+00 -1.825624e+01 1.846506e+01
    endloop
  endfacet
  facet normal -6.048493e-01 -4.546992e-07 7.963400e-01
    outer loop
      vertex -4.439229e+00 -1.825624e+01 1.871572e+01
      vertex -4.769245e+00 -2.301874e+01 1.846506e+01
      vertex -4.439225e+00 -2.301874e+01 1.871572e+01
    endloop
  endfacet
  facet normal -7.903475e-01 -5.740768e-07 6.126588e-01
    outer loop
      vertex -4.185327e+00 -2.301874e+01 1.904326e+01
      vertex -4.439229e+00 -1.825624e+01 1.871572e+01
      vertex -4.439225e+00 -2.301874e+01 1.871572e+01
    endloop
  endfacet
  facet normal -7.903475e-01 -5.740768e-07 6.126588e-01
    outer loop
      vertex -4.439229e+00 -1.825624e+01 1.871572e+01
      vertex -4.185327e+00 -2.301874e+01 1.904326e+01
      vertex -4.185330e+00 -1.825624e+01 1.904326e+01
    endloop
  endfacet
  facet normal -9.219849e-01 -6.543319e-07 3.872260e-01
    outer loop
      vertex -4.024852e+00 -2.301874e+01 1.942535e+01
      vertex -4.185330e+00 -1.825624e+01 1.904326e+01
      vertex -4.185327e+00 -2.301874e+01 1.904326e+01
    endloop
  endfacet
  facet normal -9.219849e-01 -6.543319e-07 3.872260e-01
    outer loop
      vertex -4.185330e+00 -1.825624e+01 1.904326e+01
      vertex -4.024852e+00 -2.301874e+01 1.942535e+01
      vertex -4.024856e+00 -1.825624e+01 1.942535e+01
    endloop
  endfacet
  facet normal -9.907904e-01 -6.899957e-07 1.354043e-01
    outer loop
      vertex -3.968738e+00 -2.301874e+01 1.983595e+01
      vertex -4.024856e+00 -1.825624e+01 1.942535e+01
      vertex -4.024852e+00 -2.301874e+01 1.942535e+01
    endloop
  endfacet
  facet normal -9.907904e-01 -6.899957e-07 1.354043e-01
    outer loop
      vertex -4.024856e+00 -1.825624e+01 1.942535e+01
      vertex -3.968738e+00 -2.301874e+01 1.983595e+01
      vertex -3.968741e+00 -1.825624e+01 1.983595e+01
    endloop
  endfacet
  facet normal -9.920753e-01 -6.786373e-07 -1.256449e-01
    outer loop
      vertex -4.020811e+00 -1.825624e+01 2.024709e+01
      vertex -3.968738e+00 -2.301874e+01 1.983595e+01
      vertex -4.020808e+00 -2.301874e+01 2.024709e+01
    endloop
  endfacet
  facet normal -9.920753e-01 -6.786373e-07 -1.256449e-01
    outer loop
      vertex -3.968738e+00 -2.301874e+01 1.983595e+01
      vertex -4.020811e+00 -1.825624e+01 2.024709e+01
      vertex -3.968741e+00 -1.825624e+01 1.983595e+01
    endloop
  endfacet
  facet normal -9.257519e-01 -6.210307e-07 -3.781316e-01
    outer loop
      vertex -4.177517e+00 -1.825624e+01 2.063074e+01
      vertex -4.020808e+00 -2.301874e+01 2.024709e+01
      vertex -4.177513e+00 -2.301874e+01 2.063074e+01
    endloop
  endfacet
  facet normal -9.257519e-01 -6.210307e-07 -3.781316e-01
    outer loop
      vertex -4.020808e+00 -2.301874e+01 2.024709e+01
      vertex -4.177517e+00 -1.825624e+01 2.063074e+01
      vertex -4.020811e+00 -1.825624e+01 2.024709e+01
    endloop
  endfacet
  facet normal -7.963400e-01 -5.211021e-07 -6.048493e-01
    outer loop
      vertex -4.428179e+00 -1.825624e+01 2.096076e+01
      vertex -4.177513e+00 -2.301874e+01 2.063074e+01
      vertex -4.428176e+00 -2.301874e+01 2.096076e+01
    endloop
  endfacet
  facet normal -7.963400e-01 -5.211021e-07 -6.048493e-01
    outer loop
      vertex -4.177513e+00 -2.301874e+01 2.063074e+01
      vertex -4.428179e+00 -1.825624e+01 2.096076e+01
      vertex -4.177517e+00 -1.825624e+01 2.063074e+01
    endloop
  endfacet
  facet normal -6.126588e-01 -3.856611e-07 -7.903475e-01
    outer loop
      vertex -4.428179e+00 -1.825624e+01 2.096076e+01
      vertex -4.755712e+00 -2.301874e+01 2.121465e+01
      vertex -4.755715e+00 -1.825624e+01 2.121465e+01
    endloop
  endfacet
  facet normal -6.126588e-01 -3.856611e-07 -7.903475e-01
    outer loop
      vertex -4.755712e+00 -2.301874e+01 2.121465e+01
      vertex -4.428179e+00 -1.825624e+01 2.096076e+01
      vertex -4.428176e+00 -2.301874e+01 2.096076e+01
    endloop
  endfacet
  facet normal -3.872260e-01 -2.239380e-07 -9.219849e-01
    outer loop
      vertex -4.755715e+00 -1.825624e+01 2.121465e+01
      vertex -5.137801e+00 -2.301874e+01 2.137513e+01
      vertex -5.137805e+00 -1.825625e+01 2.137513e+01
    endloop
  endfacet
  facet normal -3.872260e-01 -2.239380e-07 -9.219849e-01
    outer loop
      vertex -5.137801e+00 -2.301874e+01 2.137513e+01
      vertex -4.755715e+00 -1.825624e+01 2.121465e+01
      vertex -4.755712e+00 -2.301874e+01 2.121465e+01
    endloop
  endfacet
  facet normal -1.354043e-01 -4.695388e-08 -9.907904e-01
    outer loop
      vertex -5.137805e+00 -1.825625e+01 2.137513e+01
      vertex -5.548405e+00 -2.301874e+01 2.143124e+01
      vertex -5.548408e+00 -1.825625e+01 2.143124e+01
    endloop
  endfacet
  facet normal -1.354043e-01 -4.695388e-08 -9.907904e-01
    outer loop
      vertex -5.548405e+00 -2.301874e+01 2.143124e+01
      vertex -5.137805e+00 -1.825625e+01 2.137513e+01
      vertex -5.137801e+00 -2.301874e+01 2.137513e+01
    endloop
  endfacet
  facet normal 1.256449e-01 1.332301e-07 -9.920753e-01
    outer loop
      vertex -5.548408e+00 -1.825625e+01 2.143124e+01
      vertex -5.959542e+00 -2.301874e+01 2.137917e+01
      vertex -5.959545e+00 -1.825625e+01 2.137917e+01
    endloop
  endfacet
  facet normal 1.256449e-01 1.332301e-07 -9.920753e-01
    outer loop
      vertex -5.959542e+00 -2.301874e+01 2.137917e+01
      vertex -5.548408e+00 -1.825625e+01 2.143124e+01
      vertex -5.548405e+00 -2.301874e+01 2.143124e+01
    endloop
  endfacet
  facet normal 3.781316e-01 3.043346e-07 -9.257519e-01
    outer loop
      vertex -5.959545e+00 -1.825625e+01 2.137917e+01
      vertex -6.343192e+00 -2.301874e+01 2.122247e+01
      vertex -6.343196e+00 -1.825625e+01 2.122247e+01
    endloop
  endfacet
  facet normal 3.781316e-01 3.043346e-07 -9.257519e-01
    outer loop
      vertex -6.343192e+00 -2.301874e+01 2.122247e+01
      vertex -5.959545e+00 -1.825625e+01 2.137917e+01
      vertex -5.959542e+00 -2.301874e+01 2.137917e+01
    endloop
  endfacet
  facet normal 6.048493e-01 4.546992e-07 -7.963400e-01
    outer loop
      vertex -6.343196e+00 -1.825625e+01 2.122247e+01
      vertex -6.673213e+00 -2.301874e+01 2.097181e+01
      vertex -6.673216e+00 -1.825625e+01 2.097181e+01
    endloop
  endfacet
  facet normal 6.048493e-01 4.546992e-07 -7.963400e-01
    outer loop
      vertex -6.673213e+00 -2.301874e+01 2.097181e+01
      vertex -6.343196e+00 -1.825625e+01 2.122247e+01
      vertex -6.343192e+00 -2.301874e+01 2.122247e+01
    endloop
  endfacet
  facet normal 7.903475e-01 5.740768e-07 -6.126588e-01
    outer loop
      vertex -6.927114e+00 -1.825625e+01 2.064427e+01
      vertex -6.673213e+00 -2.301874e+01 2.097181e+01
      vertex -6.927111e+00 -2.301874e+01 2.064427e+01
    endloop
  endfacet
  facet normal 7.903475e-01 5.740768e-07 -6.126588e-01
    outer loop
      vertex -6.673213e+00 -2.301874e+01 2.097181e+01
      vertex -6.927114e+00 -1.825625e+01 2.064427e+01
      vertex -6.673216e+00 -1.825625e+01 2.097181e+01
    endloop
  endfacet
  facet normal 9.219849e-01 6.543319e-07 -3.872260e-01
    outer loop
      vertex -7.087588e+00 -1.825625e+01 2.026218e+01
      vertex -6.927111e+00 -2.301874e+01 2.064427e+01
      vertex -7.087585e+00 -2.301874e+01 2.026218e+01
    endloop
  endfacet
  facet normal 9.219849e-01 6.543319e-07 -3.872260e-01
    outer loop
      vertex -6.927111e+00 -2.301874e+01 2.064427e+01
      vertex -7.087588e+00 -1.825625e+01 2.026218e+01
      vertex -6.927114e+00 -1.825625e+01 2.064427e+01
    endloop
  endfacet
  facet normal 9.907904e-01 6.899957e-07 -1.354043e-01
    outer loop
      vertex -7.143703e+00 -1.825625e+01 1.985158e+01
      vertex -7.087585e+00 -2.301874e+01 2.026218e+01
      vertex -7.143699e+00 -2.301874e+01 1.985158e+01
    endloop
  endfacet
  facet normal 9.907904e-01 6.899957e-07 -1.354043e-01
    outer loop
      vertex -7.087585e+00 -2.301874e+01 2.026218e+01
      vertex -7.143703e+00 -1.825625e+01 1.985158e+01
      vertex -7.087588e+00 -1.825625e+01 2.026218e+01
    endloop
  endfacet
  facet normal 9.920753e-01 6.786373e-07 1.256449e-01
    outer loop
      vertex -7.091630e+00 -2.301874e+01 1.944044e+01
      vertex -7.143703e+00 -1.825625e+01 1.985158e+01
      vertex -7.143699e+00 -2.301874e+01 1.985158e+01
    endloop
  endfacet
  facet normal 9.920753e-01 6.786373e-07 1.256449e-01
    outer loop
      vertex -7.143703e+00 -1.825625e+01 1.985158e+01
      vertex -7.091630e+00 -2.301874e+01 1.944044e+01
      vertex -7.091633e+00 -1.825625e+01 1.944044e+01
    endloop
  endfacet
  facet normal 9.257519e-01 6.210307e-07 3.781316e-01
    outer loop
      vertex -6.934924e+00 -2.301874e+01 1.905679e+01
      vertex -7.091633e+00 -1.825625e+01 1.944044e+01
      vertex -7.091630e+00 -2.301874e+01 1.944044e+01
    endloop
  endfacet
  facet normal 9.257519e-01 6.210307e-07 3.781316e-01
    outer loop
      vertex -7.091633e+00 -1.825625e+01 1.944044e+01
      vertex -6.934924e+00 -2.301874e+01 1.905679e+01
      vertex -6.934928e+00 -1.825625e+01 1.905679e+01
    endloop
  endfacet
  facet normal 7.963400e-01 5.211021e-07 6.048493e-01
    outer loop
      vertex -6.684262e+00 -2.301874e+01 1.872677e+01
      vertex -6.934928e+00 -1.825625e+01 1.905679e+01
      vertex -6.934924e+00 -2.301874e+01 1.905679e+01
    endloop
  endfacet
  facet normal 7.963400e-01 5.211021e-07 6.048493e-01
    outer loop
      vertex -6.934928e+00 -1.825625e+01 1.905679e+01
      vertex -6.684262e+00 -2.301874e+01 1.872677e+01
      vertex -6.684265e+00 -1.825625e+01 1.872677e+01
    endloop
  endfacet
  facet normal 6.126588e-01 3.856611e-07 7.903475e-01
    outer loop
      vertex -6.684262e+00 -2.301874e+01 1.872677e+01
      vertex -6.356729e+00 -1.825625e+01 1.847287e+01
      vertex -6.684265e+00 -1.825625e+01 1.872677e+01
    endloop
  endfacet
  facet normal 6.126588e-01 3.856611e-07 7.903475e-01
    outer loop
      vertex -6.356729e+00 -1.825625e+01 1.847287e+01
      vertex -6.684262e+00 -2.301874e+01 1.872677e+01
      vertex -6.356726e+00 -2.301874e+01 1.847287e+01
    endloop
  endfacet
  facet normal 3.872260e-01 2.239380e-07 9.219849e-01
    outer loop
      vertex -6.356726e+00 -2.301874e+01 1.847287e+01
      vertex -5.974640e+00 -1.825625e+01 1.831240e+01
      vertex -6.356729e+00 -1.825625e+01 1.847287e+01
    endloop
  endfacet
  facet normal 3.872260e-01 2.239380e-07 9.219849e-01
    outer loop
      vertex -5.974640e+00 -1.825625e+01 1.831240e+01
      vertex -6.356726e+00 -2.301874e+01 1.847287e+01
      vertex -5.974636e+00 -2.301874e+01 1.831240e+01
    endloop
  endfacet
  facet normal 1.354043e-01 4.695388e-08 9.907904e-01
    outer loop
      vertex -5.974636e+00 -2.301874e+01 1.831240e+01
      vertex -5.564036e+00 -1.825625e+01 1.825628e+01
      vertex -5.974640e+00 -1.825625e+01 1.831240e+01
    endloop
  endfacet
  facet normal 1.354043e-01 4.695388e-08 9.907904e-01
    outer loop
      vertex -5.564036e+00 -1.825625e+01 1.825628e+01
      vertex -5.974636e+00 -2.301874e+01 1.831240e+01
      vertex -5.564033e+00 -2.301874e+01 1.825628e+01
    endloop
  endfacet
  facet normal -1.256449e-01 -1.332301e-07 9.920753e-01
    outer loop
      vertex -5.564033e+00 -2.301874e+01 1.825628e+01
      vertex -5.152899e+00 -1.825624e+01 1.830835e+01
      vertex -5.564036e+00 -1.825625e+01 1.825628e+01
    endloop
  endfacet
  facet normal -1.256449e-01 -1.332301e-07 9.920753e-01
    outer loop
      vertex -5.152899e+00 -1.825624e+01 1.830835e+01
      vertex -5.564033e+00 -2.301874e+01 1.825628e+01
      vertex -5.152896e+00 -2.301874e+01 1.830835e+01
    endloop
  endfacet
  facet normal 9.815791e-01 6.683267e-07 1.910560e-01
    outer loop
      vertex 4.050944e+00 -2.301874e+01 1.933967e+01
      vertex 3.971763e+00 -1.825624e+01 1.974646e+01
      vertex 3.971767e+00 -2.301874e+01 1.974646e+01
    endloop
  endfacet
  facet normal 9.815791e-01 6.683267e-07 1.910560e-01
    outer loop
      vertex 3.971763e+00 -1.825624e+01 1.974646e+01
      vertex 4.050944e+00 -2.301874e+01 1.933967e+01
      vertex 4.050941e+00 -1.825624e+01 1.933967e+01
    endloop
  endfacet
  facet normal 8.986837e-01 5.995174e-07 4.385973e-01
    outer loop
      vertex 4.232708e+00 -2.301874e+01 1.896724e+01
      vertex 4.050941e+00 -1.825624e+01 1.933967e+01
      vertex 4.050944e+00 -2.301874e+01 1.933967e+01
    endloop
  endfacet
  facet normal 8.986837e-01 5.995174e-07 4.385973e-01
    outer loop
      vertex 4.050941e+00 -1.825624e+01 1.933967e+01
      vertex 4.232708e+00 -2.301874e+01 1.896724e+01
      vertex 4.232705e+00 -1.825624e+01 1.896724e+01
    endloop
  endfacet
  facet normal 7.545444e-01 4.898521e-07 6.562489e-01
    outer loop
      vertex 4.504671e+00 -2.301874e+01 1.865454e+01
      vertex 4.232705e+00 -1.825624e+01 1.896724e+01
      vertex 4.232708e+00 -2.301874e+01 1.896724e+01
    endloop
  endfacet
  facet normal 7.545444e-01 4.898521e-07 6.562489e-01
    outer loop
      vertex 4.232705e+00 -1.825624e+01 1.896724e+01
      vertex 4.504671e+00 -2.301874e+01 1.865454e+01
      vertex 4.504668e+00 -1.825624e+01 1.865454e+01
    endloop
  endfacet
  facet normal 5.589842e-01 3.468043e-07 8.291783e-01
    outer loop
      vertex 4.504671e+00 -2.301874e+01 1.865454e+01
      vertex 4.848296e+00 -1.825624e+01 1.842289e+01
      vertex 4.504668e+00 -1.825624e+01 1.865454e+01
    endloop
  endfacet
  facet normal 5.589842e-01 3.468043e-07 8.291783e-01
    outer loop
      vertex 4.848296e+00 -1.825624e+01 1.842289e+01
      vertex 4.504671e+00 -2.301874e+01 1.865454e+01
      vertex 4.848300e+00 -2.301874e+01 1.842289e+01
    endloop
  endfacet
  facet normal 3.253302e-01 1.801222e-07 9.456005e-01
    outer loop
      vertex 4.848300e+00 -2.301874e+01 1.842289e+01
      vertex 5.240173e+00 -1.825624e+01 1.828806e+01
      vertex 4.848296e+00 -1.825624e+01 1.842289e+01
    endloop
  endfacet
  facet normal 3.253302e-01 1.801222e-07 9.456005e-01
    outer loop
      vertex 5.240173e+00 -1.825624e+01 1.828806e+01
      vertex 4.848300e+00 -2.301874e+01 1.842289e+01
      vertex 5.240176e+00 -2.301874e+01 1.828806e+01
    endloop
  endfacet
  facet normal 6.950540e-02 1.165136e-09 9.975816e-01
    outer loop
      vertex 5.240176e+00 -2.301874e+01 1.828806e+01
      vertex 5.653591e+00 -1.825624e+01 1.825926e+01
      vertex 5.240173e+00 -1.825624e+01 1.828806e+01
    endloop
  endfacet
  facet normal 6.950540e-02 1.165136e-09 9.975816e-01
    outer loop
      vertex 5.653591e+00 -1.825624e+01 1.825926e+01
      vertex 5.240176e+00 -2.301874e+01 1.828806e+01
      vertex 5.653594e+00 -2.301874e+01 1.825926e+01
    endloop
  endfacet
  facet normal -1.910560e-01 -1.778713e-07 9.815791e-01
    outer loop
      vertex 5.653594e+00 -2.301874e+01 1.825926e+01
      vertex 6.060378e+00 -1.825624e+01 1.833844e+01
      vertex 5.653591e+00 -1.825624e+01 1.825926e+01
    endloop
  endfacet
  facet normal -1.910560e-01 -1.778713e-07 9.815791e-01
    outer loop
      vertex 6.060378e+00 -1.825624e+01 1.833844e+01
      vertex 5.653594e+00 -2.301874e+01 1.825926e+01
      vertex 6.060381e+00 -2.301874e+01 1.833844e+01
    endloop
  endfacet
  facet normal -4.385973e-01 -3.447862e-07 8.986837e-01
    outer loop
      vertex 6.060381e+00 -2.301874e+01 1.833844e+01
      vertex 6.432811e+00 -1.825624e+01 1.852020e+01
      vertex 6.060378e+00 -1.825624e+01 1.833844e+01
    endloop
  endfacet
  facet normal -4.385973e-01 -3.447862e-07 8.986837e-01
    outer loop
      vertex 6.432811e+00 -1.825624e+01 1.852020e+01
      vertex 6.060381e+00 -2.301874e+01 1.833844e+01
      vertex 6.432814e+00 -2.301874e+01 1.852020e+01
    endloop
  endfacet
  facet normal -6.562489e-01 -4.882044e-07 7.545444e-01
    outer loop
      vertex 6.432814e+00 -2.301874e+01 1.852020e+01
      vertex 6.745510e+00 -1.825624e+01 1.879216e+01
      vertex 6.432811e+00 -1.825624e+01 1.852020e+01
    endloop
  endfacet
  facet normal -6.562489e-01 -4.882044e-07 7.545444e-01
    outer loop
      vertex 6.745510e+00 -1.825624e+01 1.879216e+01
      vertex 6.432814e+00 -2.301874e+01 1.852020e+01
      vertex 6.745513e+00 -2.301874e+01 1.879216e+01
    endloop
  endfacet
  facet normal -8.291783e-01 -5.983523e-07 5.589842e-01
    outer loop
      vertex 6.977168e+00 -2.301874e+01 1.913579e+01
      vertex 6.745510e+00 -1.825624e+01 1.879216e+01
      vertex 6.745513e+00 -2.301874e+01 1.879216e+01
    endloop
  endfacet
  facet normal -8.291783e-01 -5.983523e-07 5.589842e-01
    outer loop
      vertex 6.745510e+00 -1.825624e+01 1.879216e+01
      vertex 6.977168e+00 -2.301874e+01 1.913579e+01
      vertex 6.977164e+00 -1.825624e+01 1.913579e+01
    endloop
  endfacet
  facet normal -9.456005e-01 -6.677234e-07 3.253302e-01
    outer loop
      vertex 7.111991e+00 -2.301874e+01 1.952767e+01
      vertex 6.977164e+00 -1.825624e+01 1.913579e+01
      vertex 6.977168e+00 -2.301874e+01 1.913579e+01
    endloop
  endfacet
  facet normal -9.456005e-01 -6.677234e-07 3.253302e-01
    outer loop
      vertex 6.977164e+00 -1.825624e+01 1.913579e+01
      vertex 7.111991e+00 -2.301874e+01 1.952767e+01
      vertex 7.111988e+00 -1.825624e+01 1.952767e+01
    endloop
  endfacet
  facet normal -9.975816e-01 -6.915903e-07 6.950540e-02
    outer loop
      vertex 7.140796e+00 -2.301874e+01 1.994109e+01
      vertex 7.111988e+00 -1.825624e+01 1.952767e+01
      vertex 7.111991e+00 -2.301874e+01 1.952767e+01
    endloop
  endfacet
  facet normal -9.975816e-01 -6.915903e-07 6.950540e-02
    outer loop
      vertex 7.111988e+00 -1.825624e+01 1.952767e+01
      vertex 7.140796e+00 -2.301874e+01 1.994109e+01
      vertex 7.140792e+00 -1.825624e+01 1.994109e+01
    endloop
  endfacet
  facet normal -9.815791e-01 -6.683267e-07 -1.910560e-01
    outer loop
      vertex 7.061615e+00 -1.825624e+01 2.034787e+01
      vertex 7.140796e+00 -2.301874e+01 1.994109e+01
      vertex 7.061618e+00 -2.301874e+01 2.034787e+01
    endloop
  endfacet
  facet normal -9.815791e-01 -6.683267e-07 -1.910560e-01
    outer loop
      vertex 7.140796e+00 -2.301874e+01 1.994109e+01
      vertex 7.061615e+00 -1.825624e+01 2.034787e+01
      vertex 7.140792e+00 -1.825624e+01 1.994109e+01
    endloop
  endfacet
  facet normal -8.986837e-01 -5.995174e-07 -4.385973e-01
    outer loop
      vertex 6.879851e+00 -1.825624e+01 2.072031e+01
      vertex 7.061618e+00 -2.301874e+01 2.034787e+01
      vertex 6.879854e+00 -2.301874e+01 2.072031e+01
    endloop
  endfacet
  facet normal -8.986837e-01 -5.995174e-07 -4.385973e-01
    outer loop
      vertex 7.061618e+00 -2.301874e+01 2.034787e+01
      vertex 6.879851e+00 -1.825624e+01 2.072031e+01
      vertex 7.061615e+00 -1.825624e+01 2.034787e+01
    endloop
  endfacet
  facet normal -7.545444e-01 -4.898521e-07 -6.562489e-01
    outer loop
      vertex 6.607888e+00 -1.825624e+01 2.103301e+01
      vertex 6.879854e+00 -2.301874e+01 2.072031e+01
      vertex 6.607891e+00 -2.301874e+01 2.103300e+01
    endloop
  endfacet
  facet normal -7.545444e-01 -4.898521e-07 -6.562489e-01
    outer loop
      vertex 6.879854e+00 -2.301874e+01 2.072031e+01
      vertex 6.607888e+00 -1.825624e+01 2.103301e+01
      vertex 6.879851e+00 -1.825624e+01 2.072031e+01
    endloop
  endfacet
  facet normal -5.589842e-01 -3.468043e-07 -8.291783e-01
    outer loop
      vertex 6.607888e+00 -1.825624e+01 2.103301e+01
      vertex 6.264263e+00 -2.301874e+01 2.126466e+01
      vertex 6.264259e+00 -1.825624e+01 2.126466e+01
    endloop
  endfacet
  facet normal -5.589842e-01 -3.468043e-07 -8.291783e-01
    outer loop
      vertex 6.264263e+00 -2.301874e+01 2.126466e+01
      vertex 6.607888e+00 -1.825624e+01 2.103301e+01
      vertex 6.607891e+00 -2.301874e+01 2.103300e+01
    endloop
  endfacet
  facet normal -3.253302e-01 -1.801222e-07 -9.456005e-01
    outer loop
      vertex 6.264259e+00 -1.825624e+01 2.126466e+01
      vertex 5.872386e+00 -2.301874e+01 2.139948e+01
      vertex 5.872383e+00 -1.825624e+01 2.139948e+01
    endloop
  endfacet
  facet normal -3.253302e-01 -1.801222e-07 -9.456005e-01
    outer loop
      vertex 5.872386e+00 -2.301874e+01 2.139948e+01
      vertex 6.264259e+00 -1.825624e+01 2.126466e+01
      vertex 6.264263e+00 -2.301874e+01 2.126466e+01
    endloop
  endfacet
  facet normal -6.950540e-02 -1.165136e-09 -9.975816e-01
    outer loop
      vertex 5.872383e+00 -1.825624e+01 2.139948e+01
      vertex 5.458968e+00 -2.301874e+01 2.142829e+01
      vertex 5.458965e+00 -1.825624e+01 2.142829e+01
    endloop
  endfacet
  facet normal -6.950540e-02 -1.165136e-09 -9.975816e-01
    outer loop
      vertex 5.458968e+00 -2.301874e+01 2.142829e+01
      vertex 5.872383e+00 -1.825624e+01 2.139948e+01
      vertex 5.872386e+00 -2.301874e+01 2.139948e+01
    endloop
  endfacet
  facet normal 1.910560e-01 1.778713e-07 -9.815791e-01
    outer loop
      vertex 5.458965e+00 -1.825624e+01 2.142829e+01
      vertex 5.052181e+00 -2.301874e+01 2.134911e+01
      vertex 5.052178e+00 -1.825624e+01 2.134911e+01
    endloop
  endfacet
  facet normal 1.910560e-01 1.778713e-07 -9.815791e-01
    outer loop
      vertex 5.052181e+00 -2.301874e+01 2.134911e+01
      vertex 5.458965e+00 -1.825624e+01 2.142829e+01
      vertex 5.458968e+00 -2.301874e+01 2.142829e+01
    endloop
  endfacet
  facet normal 4.385973e-01 3.447862e-07 -8.986837e-01
    outer loop
      vertex 5.052178e+00 -1.825624e+01 2.134911e+01
      vertex 4.679748e+00 -2.301874e+01 2.116735e+01
      vertex 4.679745e+00 -1.825624e+01 2.116735e+01
    endloop
  endfacet
  facet normal 4.385973e-01 3.447862e-07 -8.986837e-01
    outer loop
      vertex 4.679748e+00 -2.301874e+01 2.116735e+01
      vertex 5.052178e+00 -1.825624e+01 2.134911e+01
      vertex 5.052181e+00 -2.301874e+01 2.134911e+01
    endloop
  endfacet
  facet normal 6.562489e-01 4.882044e-07 -7.545444e-01
    outer loop
      vertex 4.679745e+00 -1.825624e+01 2.116735e+01
      vertex 4.367049e+00 -2.301874e+01 2.089538e+01
      vertex 4.367046e+00 -1.825624e+01 2.089538e+01
    endloop
  endfacet
  facet normal 6.562489e-01 4.882044e-07 -7.545444e-01
    outer loop
      vertex 4.367049e+00 -2.301874e+01 2.089538e+01
      vertex 4.679745e+00 -1.825624e+01 2.116735e+01
      vertex 4.679748e+00 -2.301874e+01 2.116735e+01
    endloop
  endfacet
  facet normal 8.291783e-01 5.983523e-07 -5.589842e-01
    outer loop
      vertex 4.135391e+00 -1.825624e+01 2.055175e+01
      vertex 4.367049e+00 -2.301874e+01 2.089538e+01
      vertex 4.135395e+00 -2.301874e+01 2.055175e+01
    endloop
  endfacet
  facet normal 8.291783e-01 5.983523e-07 -5.589842e-01
    outer loop
      vertex 4.367049e+00 -2.301874e+01 2.089538e+01
      vertex 4.135391e+00 -1.825624e+01 2.055175e+01
      vertex 4.367046e+00 -1.825624e+01 2.089538e+01
    endloop
  endfacet
  facet normal 9.456005e-01 6.677234e-07 -3.253302e-01
    outer loop
      vertex 4.000568e+00 -1.825624e+01 2.015988e+01
      vertex 4.135395e+00 -2.301874e+01 2.055175e+01
      vertex 4.000571e+00 -2.301874e+01 2.015988e+01
    endloop
  endfacet
  facet normal 9.456005e-01 6.677234e-07 -3.253302e-01
    outer loop
      vertex 4.135395e+00 -2.301874e+01 2.055175e+01
      vertex 4.000568e+00 -1.825624e+01 2.015988e+01
      vertex 4.135391e+00 -1.825624e+01 2.055175e+01
    endloop
  endfacet
  facet normal 9.975816e-01 6.915903e-07 -6.950540e-02
    outer loop
      vertex 3.971763e+00 -1.825624e+01 1.974646e+01
      vertex 4.000571e+00 -2.301874e+01 2.015988e+01
      vertex 3.971767e+00 -2.301874e+01 1.974646e+01
    endloop
  endfacet
  facet normal 9.975816e-01 6.915903e-07 -6.950540e-02
    outer loop
      vertex 4.000571e+00 -2.301874e+01 2.015988e+01
      vertex 3.971763e+00 -1.825624e+01 1.974646e+01
      vertex 4.000568e+00 -1.825624e+01 2.015988e+01
    endloop
  endfacet
  facet normal -9.316466e-01 -6.257906e-07 -3.633657e-01
    outer loop
      vertex 1.805982e+01 -1.825623e+01 2.060874e+01
      vertex 1.821041e+01 -2.301873e+01 2.022264e+01
      vertex 1.805982e+01 -2.301873e+01 2.060874e+01
    endloop
  endfacet
  facet normal -9.316466e-01 -6.257906e-07 -3.633657e-01
    outer loop
      vertex 1.821041e+01 -2.301873e+01 2.022264e+01
      vertex 1.805982e+01 -1.825623e+01 2.060874e+01
      vertex 1.821041e+01 -1.825623e+01 2.022264e+01
    endloop
  endfacet
  facet normal -8.058556e-01 -5.282652e-07 -5.921122e-01
    outer loop
      vertex 1.781444e+01 -1.825623e+01 2.094270e+01
      vertex 1.805982e+01 -2.301873e+01 2.060874e+01
      vertex 1.781444e+01 -2.301873e+01 2.094270e+01
    endloop
  endfacet
  facet normal -8.058556e-01 -5.282652e-07 -5.921122e-01
    outer loop
      vertex 1.805982e+01 -2.301873e+01 2.060874e+01
      vertex 1.781444e+01 -1.825623e+01 2.094270e+01
      vertex 1.805982e+01 -1.825623e+01 2.060874e+01
    endloop
  endfacet
  facet normal -6.251467e-01 -3.947393e-07 -7.805072e-01
    outer loop
      vertex 1.781444e+01 -1.825623e+01 2.094270e+01
      vertex 1.749098e+01 -2.301873e+01 2.120177e+01
      vertex 1.749098e+01 -1.825623e+01 2.120177e+01
    endloop
  endfacet
  facet normal -6.251467e-01 -3.947393e-07 -7.805072e-01
    outer loop
      vertex 1.749098e+01 -2.301873e+01 2.120177e+01
      vertex 1.781444e+01 -1.825623e+01 2.094270e+01
      vertex 1.781444e+01 -2.301873e+01 2.094270e+01
    endloop
  endfacet
  facet normal -4.018353e-01 -2.343126e-07 -9.157120e-01
    outer loop
      vertex 1.749098e+01 -1.825623e+01 2.120177e+01
      vertex 1.711149e+01 -2.301873e+01 2.136830e+01
      vertex 1.711149e+01 -1.825623e+01 2.136830e+01
    endloop
  endfacet
  facet normal -4.018353e-01 -2.343126e-07 -9.157120e-01
    outer loop
      vertex 1.711149e+01 -2.301873e+01 2.136830e+01
      vertex 1.749098e+01 -1.825623e+01 2.120177e+01
      vertex 1.749098e+01 -2.301873e+01 2.120177e+01
    endloop
  endfacet
  facet normal -1.511394e-01 -5.791788e-08 -9.885125e-01
    outer loop
      vertex 1.711149e+01 -1.825623e+01 2.136830e+01
      vertex 1.670183e+01 -2.301873e+01 2.143094e+01
      vertex 1.670183e+01 -1.825623e+01 2.143094e+01
    endloop
  endfacet
  facet normal -1.511394e-01 -5.791788e-08 -9.885125e-01
    outer loop
      vertex 1.670183e+01 -2.301873e+01 2.143094e+01
      vertex 1.711149e+01 -1.825623e+01 2.136830e+01
      vertex 1.711149e+01 -2.301873e+01 2.136830e+01
    endloop
  endfacet
  facet normal 1.098564e-01 1.224239e-07 -9.939475e-01
    outer loop
      vertex 1.670183e+01 -1.825623e+01 2.143094e+01
      vertex 1.628992e+01 -2.301873e+01 2.138541e+01
      vertex 1.628992e+01 -1.825623e+01 2.138541e+01
    endloop
  endfacet
  facet normal 1.098564e-01 1.224239e-07 -9.939475e-01
    outer loop
      vertex 1.628992e+01 -2.301873e+01 2.138541e+01
      vertex 1.670183e+01 -1.825623e+01 2.143094e+01
      vertex 1.670183e+01 -2.301873e+01 2.143094e+01
    endloop
  endfacet
  facet normal 3.633657e-01 2.944226e-07 -9.316466e-01
    outer loop
      vertex 1.628992e+01 -1.825623e+01 2.138541e+01
      vertex 1.590383e+01 -2.301873e+01 2.123483e+01
      vertex 1.590382e+01 -1.825623e+01 2.123483e+01
    endloop
  endfacet
  facet normal 3.633657e-01 2.944226e-07 -9.316466e-01
    outer loop
      vertex 1.590383e+01 -2.301873e+01 2.123483e+01
      vertex 1.628992e+01 -1.825623e+01 2.138541e+01
      vertex 1.628992e+01 -2.301873e+01 2.138541e+01
    endloop
  endfacet
  facet normal 5.921122e-01 4.463569e-07 -8.058556e-01
    outer loop
      vertex 1.590382e+01 -1.825623e+01 2.123483e+01
      vertex 1.556986e+01 -2.301873e+01 2.098944e+01
      vertex 1.556986e+01 -1.825623e+01 2.098944e+01
    endloop
  endfacet
  facet normal 5.921122e-01 4.463569e-07 -8.058556e-01
    outer loop
      vertex 1.556986e+01 -2.301873e+01 2.098944e+01
      vertex 1.590382e+01 -1.825623e+01 2.123483e+01
      vertex 1.590383e+01 -2.301873e+01 2.123483e+01
    endloop
  endfacet
  facet normal 7.805072e-01 5.678729e-07 -6.251467e-01
    outer loop
      vertex 1.531079e+01 -1.825623e+01 2.066598e+01
      vertex 1.556986e+01 -2.301873e+01 2.098944e+01
      vertex 1.531079e+01 -2.301873e+01 2.066598e+01
    endloop
  endfacet
  facet normal 7.805072e-01 5.678729e-07 -6.251467e-01
    outer loop
      vertex 1.556986e+01 -2.301873e+01 2.098944e+01
      vertex 1.531079e+01 -1.825623e+01 2.066598e+01
      vertex 1.556986e+01 -1.825623e+01 2.098944e+01
    endloop
  endfacet
  facet normal 9.157120e-01 6.506890e-07 -4.018353e-01
    outer loop
      vertex 1.514426e+01 -1.825623e+01 2.028649e+01
      vertex 1.531079e+01 -2.301873e+01 2.066598e+01
      vertex 1.514426e+01 -2.301873e+01 2.028649e+01
    endloop
  endfacet
  facet normal 9.157120e-01 6.506890e-07 -4.018353e-01
    outer loop
      vertex 1.531079e+01 -2.301873e+01 2.066598e+01
      vertex 1.514426e+01 -1.825623e+01 2.028649e+01
      vertex 1.531079e+01 -1.825623e+01 2.066598e+01
    endloop
  endfacet
  facet normal 9.885125e-01 6.891618e-07 -1.511394e-01
    outer loop
      vertex 1.508162e+01 -1.825623e+01 1.987683e+01
      vertex 1.514426e+01 -2.301873e+01 2.028649e+01
      vertex 1.508162e+01 -2.301873e+01 1.987683e+01
    endloop
  endfacet
  facet normal 9.885125e-01 6.891618e-07 -1.511394e-01
    outer loop
      vertex 1.514426e+01 -2.301873e+01 2.028649e+01
      vertex 1.508162e+01 -1.825623e+01 1.987683e+01
      vertex 1.514426e+01 -1.825623e+01 2.028649e+01
    endloop
  endfacet
  facet normal 9.939475e-01 6.806695e-07 1.098564e-01
    outer loop
      vertex 1.512715e+01 -2.301873e+01 1.946492e+01
      vertex 1.508162e+01 -1.825623e+01 1.987683e+01
      vertex 1.508162e+01 -2.301873e+01 1.987683e+01
    endloop
  endfacet
  facet normal 9.939475e-01 6.806695e-07 1.098564e-01
    outer loop
      vertex 1.508162e+01 -1.825623e+01 1.987683e+01
      vertex 1.512715e+01 -2.301873e+01 1.946492e+01
      vertex 1.512715e+01 -1.825623e+01 1.946492e+01
    endloop
  endfacet
  facet normal 9.316466e-01 6.257906e-07 3.633657e-01
    outer loop
      vertex 1.527774e+01 -2.301873e+01 1.907883e+01
      vertex 1.512715e+01 -1.825623e+01 1.946492e+01
      vertex 1.512715e+01 -2.301873e+01 1.946492e+01
    endloop
  endfacet
  facet normal 9.316466e-01 6.257906e-07 3.633657e-01
    outer loop
      vertex 1.512715e+01 -1.825623e+01 1.946492e+01
      vertex 1.527774e+01 -2.301873e+01 1.907883e+01
      vertex 1.527774e+01 -1.825623e+01 1.907883e+01
    endloop
  endfacet
  facet normal 8.058556e-01 5.282652e-07 5.921122e-01
    outer loop
      vertex 1.552312e+01 -2.301873e+01 1.874486e+01
      vertex 1.527774e+01 -1.825623e+01 1.907883e+01
      vertex 1.527774e+01 -2.301873e+01 1.907883e+01
    endloop
  endfacet
  facet normal 8.058556e-01 5.282652e-07 5.921122e-01
    outer loop
      vertex 1.527774e+01 -1.825623e+01 1.907883e+01
      vertex 1.552312e+01 -2.301873e+01 1.874486e+01
      vertex 1.552312e+01 -1.825623e+01 1.874486e+01
    endloop
  endfacet
  facet normal 6.251467e-01 3.947393e-07 7.805072e-01
    outer loop
      vertex 1.552312e+01 -2.301873e+01 1.874486e+01
      vertex 1.584658e+01 -1.825623e+01 1.848579e+01
      vertex 1.552312e+01 -1.825623e+01 1.874486e+01
    endloop
  endfacet
  facet normal 6.251467e-01 3.947393e-07 7.805072e-01
    outer loop
      vertex 1.584658e+01 -1.825623e+01 1.848579e+01
      vertex 1.552312e+01 -2.301873e+01 1.874486e+01
      vertex 1.584658e+01 -2.301873e+01 1.848579e+01
    endloop
  endfacet
  facet normal 4.018353e-01 2.343126e-07 9.157120e-01
    outer loop
      vertex 1.584658e+01 -2.301873e+01 1.848579e+01
      vertex 1.622607e+01 -1.825623e+01 1.831926e+01
      vertex 1.584658e+01 -1.825623e+01 1.848579e+01
    endloop
  endfacet
  facet normal 4.018353e-01 2.343126e-07 9.157120e-01
    outer loop
      vertex 1.622607e+01 -1.825623e+01 1.831926e+01
      vertex 1.584658e+01 -2.301873e+01 1.848579e+01
      vertex 1.622607e+01 -2.301873e+01 1.831926e+01
    endloop
  endfacet
  facet normal 1.511394e-01 5.791788e-08 9.885125e-01
    outer loop
      vertex 1.622607e+01 -2.301873e+01 1.831926e+01
      vertex 1.663573e+01 -1.825623e+01 1.825663e+01
      vertex 1.622607e+01 -1.825623e+01 1.831926e+01
    endloop
  endfacet
  facet normal 1.511394e-01 5.791788e-08 9.885125e-01
    outer loop
      vertex 1.663573e+01 -1.825623e+01 1.825663e+01
      vertex 1.622607e+01 -2.301873e+01 1.831926e+01
      vertex 1.663573e+01 -2.301873e+01 1.825663e+01
    endloop
  endfacet
  facet normal -1.098564e-01 -1.224239e-07 9.939475e-01
    outer loop
      vertex 1.663573e+01 -2.301873e+01 1.825663e+01
      vertex 1.704764e+01 -1.825623e+01 1.830215e+01
      vertex 1.663573e+01 -1.825623e+01 1.825663e+01
    endloop
  endfacet
  facet normal -1.098564e-01 -1.224239e-07 9.939475e-01
    outer loop
      vertex 1.704764e+01 -1.825623e+01 1.830215e+01
      vertex 1.663573e+01 -2.301873e+01 1.825663e+01
      vertex 1.704764e+01 -2.301873e+01 1.830215e+01
    endloop
  endfacet
  facet normal -3.633657e-01 -2.944226e-07 9.316466e-01
    outer loop
      vertex 1.704764e+01 -2.301873e+01 1.830215e+01
      vertex 1.743373e+01 -1.825623e+01 1.845274e+01
      vertex 1.704764e+01 -1.825623e+01 1.830215e+01
    endloop
  endfacet
  facet normal -3.633657e-01 -2.944226e-07 9.316466e-01
    outer loop
      vertex 1.743373e+01 -1.825623e+01 1.845274e+01
      vertex 1.704764e+01 -2.301873e+01 1.830215e+01
      vertex 1.743374e+01 -2.301873e+01 1.845274e+01
    endloop
  endfacet
  facet normal -5.921122e-01 -4.463569e-07 8.058556e-01
    outer loop
      vertex 1.743374e+01 -2.301873e+01 1.845274e+01
      vertex 1.776770e+01 -1.825623e+01 1.869812e+01
      vertex 1.743373e+01 -1.825623e+01 1.845274e+01
    endloop
  endfacet
  facet normal -5.921122e-01 -4.463569e-07 8.058556e-01
    outer loop
      vertex 1.776770e+01 -1.825623e+01 1.869812e+01
      vertex 1.743374e+01 -2.301873e+01 1.845274e+01
      vertex 1.776770e+01 -2.301873e+01 1.869812e+01
    endloop
  endfacet
  facet normal -7.805072e-01 -5.678729e-07 6.251467e-01
    outer loop
      vertex 1.802677e+01 -2.301873e+01 1.902158e+01
      vertex 1.776770e+01 -1.825623e+01 1.869812e+01
      vertex 1.776770e+01 -2.301873e+01 1.869812e+01
    endloop
  endfacet
  facet normal -7.805072e-01 -5.678729e-07 6.251467e-01
    outer loop
      vertex 1.776770e+01 -1.825623e+01 1.869812e+01
      vertex 1.802677e+01 -2.301873e+01 1.902158e+01
      vertex 1.802677e+01 -1.825623e+01 1.902158e+01
    endloop
  endfacet
  facet normal -9.157120e-01 -6.506890e-07 4.018353e-01
    outer loop
      vertex 1.819330e+01 -2.301873e+01 1.940107e+01
      vertex 1.802677e+01 -1.825623e+01 1.902158e+01
      vertex 1.802677e+01 -2.301873e+01 1.902158e+01
    endloop
  endfacet
  facet normal -9.157120e-01 -6.506890e-07 4.018353e-01
    outer loop
      vertex 1.802677e+01 -1.825623e+01 1.902158e+01
      vertex 1.819330e+01 -2.301873e+01 1.940107e+01
      vertex 1.819330e+01 -1.825623e+01 1.940107e+01
    endloop
  endfacet
  facet normal -9.885125e-01 -6.891618e-07 1.511394e-01
    outer loop
      vertex 1.825594e+01 -2.301873e+01 1.981073e+01
      vertex 1.819330e+01 -1.825623e+01 1.940107e+01
      vertex 1.819330e+01 -2.301873e+01 1.940107e+01
    endloop
  endfacet
  facet normal -9.885125e-01 -6.891618e-07 1.511394e-01
    outer loop
      vertex 1.819330e+01 -1.825623e+01 1.940107e+01
      vertex 1.825594e+01 -2.301873e+01 1.981073e+01
      vertex 1.825593e+01 -1.825623e+01 1.981073e+01
    endloop
  endfacet
  facet normal -9.939475e-01 -6.806695e-07 -1.098564e-01
    outer loop
      vertex 1.821041e+01 -1.825623e+01 2.022264e+01
      vertex 1.825594e+01 -2.301873e+01 1.981073e+01
      vertex 1.821041e+01 -2.301873e+01 2.022264e+01
    endloop
  endfacet
  facet normal -9.939475e-01 -6.806695e-07 -1.098564e-01
    outer loop
      vertex 1.825594e+01 -2.301873e+01 1.981073e+01
      vertex 1.821041e+01 -1.825623e+01 2.022264e+01
      vertex 1.825593e+01 -1.825623e+01 1.981073e+01
    endloop
  endfacet
  facet normal 7.900803e-01 5.739087e-07 -6.130033e-01
    outer loop
      vertex 1.529823e+01 -1.825623e+01 9.532377e+00
      vertex 1.555228e+01 -2.301874e+01 9.859803e+00
      vertex 1.529824e+01 -2.301874e+01 9.532377e+00
    endloop
  endfacet
  facet normal 7.900803e-01 5.739087e-07 -6.130033e-01
    outer loop
      vertex 1.555228e+01 -2.301874e+01 9.859803e+00
      vertex 1.529823e+01 -1.825623e+01 9.532377e+00
      vertex 1.555228e+01 -1.825623e+01 9.859803e+00
    endloop
  endfacet
  facet normal 9.218160e-01 6.542344e-07 -3.876279e-01
    outer loop
      vertex 1.513759e+01 -1.825623e+01 9.150358e+00
      vertex 1.529824e+01 -2.301874e+01 9.532377e+00
      vertex 1.513760e+01 -2.301874e+01 9.150357e+00
    endloop
  endfacet
  facet normal 9.218160e-01 6.542344e-07 -3.876279e-01
    outer loop
      vertex 1.529824e+01 -2.301874e+01 9.532377e+00
      vertex 1.513759e+01 -1.825623e+01 9.150358e+00
      vertex 1.529823e+01 -1.825623e+01 9.532377e+00
    endloop
  endfacet
  facet normal 9.907313e-01 6.899751e-07 -1.358362e-01
    outer loop
      vertex 1.508130e+01 -1.825623e+01 8.739779e+00
      vertex 1.513760e+01 -2.301874e+01 9.150357e+00
      vertex 1.508130e+01 -2.301874e+01 8.739778e+00
    endloop
  endfacet
  facet normal 9.907313e-01 6.899751e-07 -1.358362e-01
    outer loop
      vertex 1.513760e+01 -2.301874e+01 9.150357e+00
      vertex 1.508130e+01 -1.825623e+01 8.739779e+00
      vertex 1.513759e+01 -1.825623e+01 9.150358e+00
    endloop
  endfacet
  facet normal 9.921300e-01 6.786952e-07 1.252124e-01
    outer loop
      vertex 1.513319e+01 -2.301874e+01 8.328619e+00
      vertex 1.508130e+01 -1.825623e+01 8.739779e+00
      vertex 1.508130e+01 -2.301874e+01 8.739778e+00
    endloop
  endfacet
  facet normal 9.921300e-01 6.786952e-07 1.252124e-01
    outer loop
      vertex 1.508130e+01 -1.825623e+01 8.739779e+00
      vertex 1.513319e+01 -2.301874e+01 8.328619e+00
      vertex 1.513319e+01 -1.825623e+01 8.328620e+00
    endloop
  endfacet
  facet normal 9.259166e-01 6.211633e-07 3.777280e-01
    outer loop
      vertex 1.528973e+01 -2.301874e+01 7.944900e+00
      vertex 1.513319e+01 -1.825623e+01 8.328620e+00
      vertex 1.513319e+01 -2.301874e+01 8.328619e+00
    endloop
  endfacet
  facet normal 9.259166e-01 6.211633e-07 3.777280e-01
    outer loop
      vertex 1.513319e+01 -1.825623e+01 8.328620e+00
      vertex 1.528973e+01 -2.301874e+01 7.944900e+00
      vertex 1.528973e+01 -1.825623e+01 7.944900e+00
    endloop
  endfacet
  facet normal 7.966036e-01 5.213001e-07 6.045020e-01
    outer loop
      vertex 1.554025e+01 -2.301874e+01 7.614771e+00
      vertex 1.528973e+01 -1.825623e+01 7.944900e+00
      vertex 1.528973e+01 -2.301874e+01 7.944900e+00
    endloop
  endfacet
  facet normal 7.966036e-01 5.213001e-07 6.045020e-01
    outer loop
      vertex 1.528973e+01 -1.825623e+01 7.944900e+00
      vertex 1.554025e+01 -2.301874e+01 7.614771e+00
      vertex 1.554025e+01 -1.825623e+01 7.614771e+00
    endloop
  endfacet
  facet normal 6.130033e-01 3.859112e-07 7.900803e-01
    outer loop
      vertex 1.554025e+01 -2.301874e+01 7.614771e+00
      vertex 1.586767e+01 -1.825623e+01 7.360730e+00
      vertex 1.554025e+01 -1.825623e+01 7.614771e+00
    endloop
  endfacet
  facet normal 6.130033e-01 3.859112e-07 7.900803e-01
    outer loop
      vertex 1.586767e+01 -1.825623e+01 7.360730e+00
      vertex 1.554025e+01 -2.301874e+01 7.614771e+00
      vertex 1.586768e+01 -2.301874e+01 7.360730e+00
    endloop
  endfacet
  facet normal 3.876279e-01 2.242232e-07 9.218160e-01
    outer loop
      vertex 1.586768e+01 -2.301874e+01 7.360730e+00
      vertex 1.624969e+01 -1.825623e+01 7.200089e+00
      vertex 1.586767e+01 -1.825623e+01 7.360730e+00
    endloop
  endfacet
  facet normal 3.876279e-01 2.242232e-07 9.218160e-01
    outer loop
      vertex 1.624969e+01 -1.825623e+01 7.200089e+00
      vertex 1.586768e+01 -2.301874e+01 7.360730e+00
      vertex 1.624970e+01 -2.301874e+01 7.200089e+00
    endloop
  endfacet
  facet normal 1.358362e-01 4.725465e-08 9.907313e-01
    outer loop
      vertex 1.624970e+01 -2.301874e+01 7.200089e+00
      vertex 1.666027e+01 -1.825623e+01 7.143796e+00
      vertex 1.624969e+01 -1.825623e+01 7.200089e+00
    endloop
  endfacet
  facet normal 1.358362e-01 4.725465e-08 9.907313e-01
    outer loop
      vertex 1.666027e+01 -1.825623e+01 7.143796e+00
      vertex 1.624970e+01 -2.301874e+01 7.200089e+00
      vertex 1.666028e+01 -2.301874e+01 7.143795e+00
    endloop
  endfacet
  facet normal -1.252124e-01 -1.329342e-07 9.921300e-01
    outer loop
      vertex 1.666028e+01 -2.301874e+01 7.143795e+00
      vertex 1.707143e+01 -1.825623e+01 7.195686e+00
      vertex 1.666027e+01 -1.825623e+01 7.143796e+00
    endloop
  endfacet
  facet normal -1.252124e-01 -1.329342e-07 9.921300e-01
    outer loop
      vertex 1.707143e+01 -1.825623e+01 7.195686e+00
      vertex 1.666028e+01 -2.301874e+01 7.143795e+00
      vertex 1.707143e+01 -2.301874e+01 7.195686e+00
    endloop
  endfacet
  facet normal -3.777280e-01 -3.040638e-07 9.259166e-01
    outer loop
      vertex 1.707143e+01 -2.301874e+01 7.195686e+00
      vertex 1.745515e+01 -1.825623e+01 7.352225e+00
      vertex 1.707143e+01 -1.825623e+01 7.195686e+00
    endloop
  endfacet
  facet normal -3.777280e-01 -3.040638e-07 9.259166e-01
    outer loop
      vertex 1.745515e+01 -1.825623e+01 7.352225e+00
      vertex 1.707143e+01 -2.301874e+01 7.195686e+00
      vertex 1.745515e+01 -2.301874e+01 7.352224e+00
    endloop
  endfacet
  facet normal -6.045020e-01 -4.544720e-07 7.966036e-01
    outer loop
      vertex 1.745515e+01 -2.301874e+01 7.352224e+00
      vertex 1.778528e+01 -1.825623e+01 7.602743e+00
      vertex 1.745515e+01 -1.825623e+01 7.352225e+00
    endloop
  endfacet
  facet normal -6.045020e-01 -4.544720e-07 7.966036e-01
    outer loop
      vertex 1.778528e+01 -1.825623e+01 7.602743e+00
      vertex 1.745515e+01 -2.301874e+01 7.352224e+00
      vertex 1.778528e+01 -2.301874e+01 7.602743e+00
    endloop
  endfacet
  facet normal -7.900803e-01 -5.739087e-07 6.130033e-01
    outer loop
      vertex 1.803932e+01 -2.301874e+01 7.930169e+00
      vertex 1.778528e+01 -1.825623e+01 7.602743e+00
      vertex 1.778528e+01 -2.301874e+01 7.602743e+00
    endloop
  endfacet
  facet normal -7.900803e-01 -5.739087e-07 6.130033e-01
    outer loop
      vertex 1.778528e+01 -1.825623e+01 7.602743e+00
      vertex 1.803932e+01 -2.301874e+01 7.930169e+00
      vertex 1.803932e+01 -1.825623e+01 7.930169e+00
    endloop
  endfacet
  facet normal -9.218160e-01 -6.542344e-07 3.876279e-01
    outer loop
      vertex 1.819996e+01 -2.301874e+01 8.312188e+00
      vertex 1.803932e+01 -1.825623e+01 7.930169e+00
      vertex 1.803932e+01 -2.301874e+01 7.930169e+00
    endloop
  endfacet
  facet normal -9.218160e-01 -6.542344e-07 3.876279e-01
    outer loop
      vertex 1.803932e+01 -1.825623e+01 7.930169e+00
      vertex 1.819996e+01 -2.301874e+01 8.312188e+00
      vertex 1.819996e+01 -1.825623e+01 8.312188e+00
    endloop
  endfacet
  facet normal -9.907313e-01 -6.899751e-07 1.358362e-01
    outer loop
      vertex 1.825626e+01 -2.301874e+01 8.722767e+00
      vertex 1.819996e+01 -1.825623e+01 8.312188e+00
      vertex 1.819996e+01 -2.301874e+01 8.312188e+00
    endloop
  endfacet
  facet normal -9.907313e-01 -6.899751e-07 1.358362e-01
    outer loop
      vertex 1.819996e+01 -1.825623e+01 8.312188e+00
      vertex 1.825626e+01 -2.301874e+01 8.722767e+00
      vertex 1.825626e+01 -1.825623e+01 8.722768e+00
    endloop
  endfacet
  facet normal -9.921300e-01 -6.786952e-07 -1.252124e-01
    outer loop
      vertex 1.820436e+01 -1.825623e+01 9.133926e+00
      vertex 1.825626e+01 -2.301874e+01 8.722767e+00
      vertex 1.820437e+01 -2.301874e+01 9.133926e+00
    endloop
  endfacet
  facet normal -9.921300e-01 -6.786952e-07 -1.252124e-01
    outer loop
      vertex 1.825626e+01 -2.301874e+01 8.722767e+00
      vertex 1.820436e+01 -1.825623e+01 9.133926e+00
      vertex 1.825626e+01 -1.825623e+01 8.722768e+00
    endloop
  endfacet
  facet normal -9.259166e-01 -6.211633e-07 -3.777280e-01
    outer loop
      vertex 1.804783e+01 -1.825623e+01 9.517646e+00
      vertex 1.820437e+01 -2.301874e+01 9.133926e+00
      vertex 1.804783e+01 -2.301874e+01 9.517646e+00
    endloop
  endfacet
  facet normal -9.259166e-01 -6.211633e-07 -3.777280e-01
    outer loop
      vertex 1.820437e+01 -2.301874e+01 9.133926e+00
      vertex 1.804783e+01 -1.825623e+01 9.517646e+00
      vertex 1.820436e+01 -1.825623e+01 9.133926e+00
    endloop
  endfacet
  facet normal -7.966036e-01 -5.213001e-07 -6.045020e-01
    outer loop
      vertex 1.779731e+01 -1.825623e+01 9.847775e+00
      vertex 1.804783e+01 -2.301874e+01 9.517646e+00
      vertex 1.779731e+01 -2.301874e+01 9.847774e+00
    endloop
  endfacet
  facet normal -7.966036e-01 -5.213001e-07 -6.045020e-01
    outer loop
      vertex 1.804783e+01 -2.301874e+01 9.517646e+00
      vertex 1.779731e+01 -1.825623e+01 9.847775e+00
      vertex 1.804783e+01 -1.825623e+01 9.517646e+00
    endloop
  endfacet
  facet normal -6.130033e-01 -3.859112e-07 -7.900803e-01
    outer loop
      vertex 1.779731e+01 -1.825623e+01 9.847775e+00
      vertex 1.746989e+01 -2.301874e+01 1.010182e+01
      vertex 1.746988e+01 -1.825623e+01 1.010182e+01
    endloop
  endfacet
  facet normal -6.130033e-01 -3.859112e-07 -7.900803e-01
    outer loop
      vertex 1.746989e+01 -2.301874e+01 1.010182e+01
      vertex 1.779731e+01 -1.825623e+01 9.847775e+00
      vertex 1.779731e+01 -2.301874e+01 9.847774e+00
    endloop
  endfacet
  facet normal -3.876279e-01 -2.242232e-07 -9.218160e-01
    outer loop
      vertex 1.746988e+01 -1.825623e+01 1.010182e+01
      vertex 1.708787e+01 -2.301874e+01 1.026246e+01
      vertex 1.708786e+01 -1.825623e+01 1.026246e+01
    endloop
  endfacet
  facet normal -3.876279e-01 -2.242232e-07 -9.218160e-01
    outer loop
      vertex 1.708787e+01 -2.301874e+01 1.026246e+01
      vertex 1.746988e+01 -1.825623e+01 1.010182e+01
      vertex 1.746989e+01 -2.301874e+01 1.010182e+01
    endloop
  endfacet
  facet normal -1.358362e-01 -4.725465e-08 -9.907313e-01
    outer loop
      vertex 1.708786e+01 -1.825623e+01 1.026246e+01
      vertex 1.667729e+01 -2.301874e+01 1.031875e+01
      vertex 1.667728e+01 -1.825623e+01 1.031875e+01
    endloop
  endfacet
  facet normal -1.358362e-01 -4.725465e-08 -9.907313e-01
    outer loop
      vertex 1.667729e+01 -2.301874e+01 1.031875e+01
      vertex 1.708786e+01 -1.825623e+01 1.026246e+01
      vertex 1.708787e+01 -2.301874e+01 1.026246e+01
    endloop
  endfacet
  facet normal 1.252124e-01 1.329342e-07 -9.921300e-01
    outer loop
      vertex 1.667728e+01 -1.825623e+01 1.031875e+01
      vertex 1.626613e+01 -2.301874e+01 1.026686e+01
      vertex 1.626612e+01 -1.825623e+01 1.026686e+01
    endloop
  endfacet
  facet normal 1.252124e-01 1.329342e-07 -9.921300e-01
    outer loop
      vertex 1.626613e+01 -2.301874e+01 1.026686e+01
      vertex 1.667728e+01 -1.825623e+01 1.031875e+01
      vertex 1.667729e+01 -2.301874e+01 1.031875e+01
    endloop
  endfacet
  facet normal 3.777280e-01 3.040638e-07 -9.259166e-01
    outer loop
      vertex 1.626612e+01 -1.825623e+01 1.026686e+01
      vertex 1.588241e+01 -2.301874e+01 1.011032e+01
      vertex 1.588241e+01 -1.825623e+01 1.011032e+01
    endloop
  endfacet
  facet normal 3.777280e-01 3.040638e-07 -9.259166e-01
    outer loop
      vertex 1.588241e+01 -2.301874e+01 1.011032e+01
      vertex 1.626612e+01 -1.825623e+01 1.026686e+01
      vertex 1.626613e+01 -2.301874e+01 1.026686e+01
    endloop
  endfacet
  facet normal 6.045020e-01 4.544720e-07 -7.966036e-01
    outer loop
      vertex 1.588241e+01 -1.825623e+01 1.011032e+01
      vertex 1.555228e+01 -2.301874e+01 9.859803e+00
      vertex 1.555228e+01 -1.825623e+01 9.859803e+00
    endloop
  endfacet
  facet normal 6.045020e-01 4.544720e-07 -7.966036e-01
    outer loop
      vertex 1.555228e+01 -2.301874e+01 9.859803e+00
      vertex 1.588241e+01 -1.825623e+01 1.011032e+01
      vertex 1.588241e+01 -2.301874e+01 1.011032e+01
    endloop
  endfacet
  facet normal 9.407228e-01 6.650073e-07 -3.391764e-01
    outer loop
      vertex -7.107124e+00 -1.825625e+01 9.070172e+00
      vertex -6.966559e+00 -2.301874e+01 9.460027e+00
      vertex -7.107121e+00 -2.301874e+01 9.070172e+00
    endloop
  endfacet
  facet normal 9.407228e-01 6.650073e-07 -3.391764e-01
    outer loop
      vertex -6.966559e+00 -2.301874e+01 9.460027e+00
      vertex -7.107124e+00 -1.825625e+01 9.070172e+00
      vertex -6.966562e+00 -1.825625e+01 9.460027e+00
    endloop
  endfacet
  facet normal 9.964538e-01 6.914988e-07 -8.414229e-02
    outer loop
      vertex -7.141995e+00 -1.825625e+01 8.657221e+00
      vertex -7.107121e+00 -2.301874e+01 9.070172e+00
      vertex -7.141992e+00 -2.301874e+01 8.657220e+00
    endloop
  endfacet
  facet normal 9.964538e-01 6.914988e-07 -8.414229e-02
    outer loop
      vertex -7.107121e+00 -2.301874e+01 9.070172e+00
      vertex -7.141995e+00 -1.825625e+01 8.657221e+00
      vertex -7.107124e+00 -1.825625e+01 9.070172e+00
    endloop
  endfacet
  facet normal 9.842780e-01 6.708658e-07 1.766260e-01
    outer loop
      vertex -7.068794e+00 -2.301874e+01 8.249315e+00
      vertex -7.141995e+00 -1.825625e+01 8.657221e+00
      vertex -7.141992e+00 -2.301874e+01 8.657220e+00
    endloop
  endfacet
  facet normal 9.842780e-01 6.708658e-07 1.766260e-01
    outer loop
      vertex -7.141995e+00 -1.825625e+01 8.657221e+00
      vertex -7.068794e+00 -2.301874e+01 8.249315e+00
      vertex -7.068797e+00 -1.825625e+01 8.249315e+00
    endloop
  endfacet
  facet normal 9.050254e-01 6.045143e-07 4.253575e-01
    outer loop
      vertex -6.892517e+00 -2.301874e+01 7.874254e+00
      vertex -7.068797e+00 -1.825625e+01 8.249315e+00
      vertex -7.068794e+00 -2.301874e+01 8.249315e+00
    endloop
  endfacet
  facet normal 9.050254e-01 6.045143e-07 4.253575e-01
    outer loop
      vertex -7.068797e+00 -1.825625e+01 8.249315e+00
      vertex -6.892517e+00 -2.301874e+01 7.874254e+00
      vertex -6.892520e+00 -1.825625e+01 7.874254e+00
    endloop
  endfacet
  facet normal 7.640969e-01 4.969663e-07 6.451015e-01
    outer loop
      vertex -6.625173e+00 -2.301874e+01 7.557597e+00
      vertex -6.892520e+00 -1.825625e+01 7.874254e+00
      vertex -6.892517e+00 -2.301874e+01 7.874254e+00
    endloop
  endfacet
  facet normal 7.640969e-01 4.969663e-07 6.451015e-01
    outer loop
      vertex -6.892520e+00 -1.825625e+01 7.874254e+00
      vertex -6.625173e+00 -2.301874e+01 7.557597e+00
      vertex -6.625177e+00 -1.825625e+01 7.557597e+00
    endloop
  endfacet
  facet normal 5.710962e-01 3.555506e-07 8.208832e-01
    outer loop
      vertex -6.625173e+00 -2.301874e+01 7.557597e+00
      vertex -6.284986e+00 -1.825625e+01 7.320923e+00
      vertex -6.625177e+00 -1.825625e+01 7.557597e+00
    endloop
  endfacet
  facet normal 5.710962e-01 3.555506e-07 8.208832e-01
    outer loop
      vertex -6.284986e+00 -1.825625e+01 7.320923e+00
      vertex -6.625173e+00 -2.301874e+01 7.557597e+00
      vertex -6.284982e+00 -2.301874e+01 7.320923e+00
    endloop
  endfacet
  facet normal 3.391764e-01 1.899049e-07 9.407228e-01
    outer loop
      vertex -6.284982e+00 -2.301874e+01 7.320923e+00
      vertex -5.895131e+00 -1.825625e+01 7.180361e+00
      vertex -6.284986e+00 -1.825625e+01 7.320923e+00
    endloop
  endfacet
  facet normal 3.391764e-01 1.899049e-07 9.407228e-01
    outer loop
      vertex -5.895131e+00 -1.825625e+01 7.180361e+00
      vertex -6.284982e+00 -2.301874e+01 7.320923e+00
      vertex -5.895128e+00 -2.301874e+01 7.180361e+00
    endloop
  endfacet
  facet normal 8.414229e-02 1.131748e-08 9.964538e-01
    outer loop
      vertex -5.895128e+00 -2.301874e+01 7.180361e+00
      vertex -5.482180e+00 -1.825625e+01 7.145491e+00
      vertex -5.895131e+00 -1.825625e+01 7.180361e+00
    endloop
  endfacet
  facet normal 8.414229e-02 1.131748e-08 9.964538e-01
    outer loop
      vertex -5.482180e+00 -1.825625e+01 7.145491e+00
      vertex -5.895128e+00 -2.301874e+01 7.180361e+00
      vertex -5.482177e+00 -2.301874e+01 7.145491e+00
    endloop
  endfacet
  facet normal -1.766260e-01 -1.680412e-07 9.842780e-01
    outer loop
      vertex -5.482177e+00 -2.301874e+01 7.145491e+00
      vertex -5.074275e+00 -1.825624e+01 7.218689e+00
      vertex -5.482180e+00 -1.825625e+01 7.145491e+00
    endloop
  endfacet
  facet normal -1.766260e-01 -1.680412e-07 9.842780e-01
    outer loop
      vertex -5.074275e+00 -1.825624e+01 7.218689e+00
      vertex -5.482177e+00 -2.301874e+01 7.145491e+00
      vertex -5.074272e+00 -2.301874e+01 7.218689e+00
    endloop
  endfacet
  facet normal -4.253575e-01 -3.359482e-07 9.050254e-01
    outer loop
      vertex -5.074272e+00 -2.301874e+01 7.218689e+00
      vertex -4.699214e+00 -1.825624e+01 7.394965e+00
      vertex -5.074275e+00 -1.825624e+01 7.218689e+00
    endloop
  endfacet
  facet normal -4.253575e-01 -3.359482e-07 9.050254e-01
    outer loop
      vertex -4.699214e+00 -1.825624e+01 7.394965e+00
      vertex -5.074272e+00 -2.301874e+01 7.218689e+00
      vertex -4.699210e+00 -2.301874e+01 7.394965e+00
    endloop
  endfacet
  facet normal -6.451015e-01 -4.809609e-07 7.640969e-01
    outer loop
      vertex -4.699210e+00 -2.301874e+01 7.394965e+00
      vertex -4.382556e+00 -1.825624e+01 7.662309e+00
      vertex -4.699214e+00 -1.825624e+01 7.394965e+00
    endloop
  endfacet
  facet normal -6.451015e-01 -4.809609e-07 7.640969e-01
    outer loop
      vertex -4.382556e+00 -1.825624e+01 7.662309e+00
      vertex -4.699210e+00 -2.301874e+01 7.394965e+00
      vertex -4.382553e+00 -2.301874e+01 7.662309e+00
    endloop
  endfacet
  facet normal -8.208832e-01 -5.931968e-07 5.710962e-01
    outer loop
      vertex -4.145879e+00 -2.301874e+01 8.002499e+00
      vertex -4.382556e+00 -1.825624e+01 7.662309e+00
      vertex -4.382553e+00 -2.301874e+01 7.662309e+00
    endloop
  endfacet
  facet normal -8.208832e-01 -5.931968e-07 5.710962e-01
    outer loop
      vertex -4.382556e+00 -1.825624e+01 7.662309e+00
      vertex -4.145879e+00 -2.301874e+01 8.002499e+00
      vertex -4.145882e+00 -1.825624e+01 8.002499e+00
    endloop
  endfacet
  facet normal -9.407228e-01 -6.650073e-07 3.391764e-01
    outer loop
      vertex -4.005317e+00 -2.301874e+01 8.392354e+00
      vertex -4.145882e+00 -1.825624e+01 8.002499e+00
      vertex -4.145879e+00 -2.301874e+01 8.002499e+00
    endloop
  endfacet
  facet normal -9.407228e-01 -6.650073e-07 3.391764e-01
    outer loop
      vertex -4.145882e+00 -1.825624e+01 8.002499e+00
      vertex -4.005317e+00 -2.301874e+01 8.392354e+00
      vertex -4.005320e+00 -1.825624e+01 8.392355e+00
    endloop
  endfacet
  facet normal -9.964538e-01 -6.914988e-07 8.414229e-02
    outer loop
      vertex -3.970446e+00 -2.301874e+01 8.805305e+00
      vertex -4.005320e+00 -1.825624e+01 8.392355e+00
      vertex -4.005317e+00 -2.301874e+01 8.392354e+00
    endloop
  endfacet
  facet normal -9.964538e-01 -6.914988e-07 8.414229e-02
    outer loop
      vertex -4.005320e+00 -1.825624e+01 8.392355e+00
      vertex -3.970446e+00 -2.301874e+01 8.805305e+00
      vertex -3.970450e+00 -1.825624e+01 8.805306e+00
    endloop
  endfacet
  facet normal -9.842780e-01 -6.708658e-07 -1.766260e-01
    outer loop
      vertex -4.043647e+00 -1.825624e+01 9.213211e+00
      vertex -3.970446e+00 -2.301874e+01 8.805305e+00
      vertex -4.043644e+00 -2.301874e+01 9.213211e+00
    endloop
  endfacet
  facet normal -9.842780e-01 -6.708658e-07 -1.766260e-01
    outer loop
      vertex -3.970446e+00 -2.301874e+01 8.805305e+00
      vertex -4.043647e+00 -1.825624e+01 9.213211e+00
      vertex -3.970450e+00 -1.825624e+01 8.805306e+00
    endloop
  endfacet
  facet normal -9.050254e-01 -6.045143e-07 -4.253575e-01
    outer loop
      vertex -4.219924e+00 -1.825624e+01 9.588272e+00
      vertex -4.043644e+00 -2.301874e+01 9.213211e+00
      vertex -4.219921e+00 -2.301874e+01 9.588272e+00
    endloop
  endfacet
  facet normal -9.050254e-01 -6.045143e-07 -4.253575e-01
    outer loop
      vertex -4.043644e+00 -2.301874e+01 9.213211e+00
      vertex -4.219924e+00 -1.825624e+01 9.588272e+00
      vertex -4.043647e+00 -1.825624e+01 9.213211e+00
    endloop
  endfacet
  facet normal -7.640969e-01 -4.969663e-07 -6.451015e-01
    outer loop
      vertex -4.487268e+00 -1.825624e+01 9.904930e+00
      vertex -4.219921e+00 -2.301874e+01 9.588272e+00
      vertex -4.487264e+00 -2.301874e+01 9.904929e+00
    endloop
  endfacet
  facet normal -7.640969e-01 -4.969663e-07 -6.451015e-01
    outer loop
      vertex -4.219921e+00 -2.301874e+01 9.588272e+00
      vertex -4.487268e+00 -1.825624e+01 9.904930e+00
      vertex -4.219924e+00 -1.825624e+01 9.588272e+00
    endloop
  endfacet
  facet normal -5.710962e-01 -3.555506e-07 -8.208832e-01
    outer loop
      vertex -4.487268e+00 -1.825624e+01 9.904930e+00
      vertex -4.827456e+00 -2.301874e+01 1.014160e+01
      vertex -4.827459e+00 -1.825624e+01 1.014160e+01
    endloop
  endfacet
  facet normal -5.710962e-01 -3.555506e-07 -8.208832e-01
    outer loop
      vertex -4.827456e+00 -2.301874e+01 1.014160e+01
      vertex -4.487268e+00 -1.825624e+01 9.904930e+00
      vertex -4.487264e+00 -2.301874e+01 9.904929e+00
    endloop
  endfacet
  facet normal -3.391764e-01 -1.899049e-07 -9.407228e-01
    outer loop
      vertex -4.827459e+00 -1.825624e+01 1.014160e+01
      vertex -5.217310e+00 -2.301874e+01 1.028217e+01
      vertex -5.217313e+00 -1.825625e+01 1.028217e+01
    endloop
  endfacet
  facet normal -3.391764e-01 -1.899049e-07 -9.407228e-01
    outer loop
      vertex -5.217310e+00 -2.301874e+01 1.028217e+01
      vertex -4.827459e+00 -1.825624e+01 1.014160e+01
      vertex -4.827456e+00 -2.301874e+01 1.014160e+01
    endloop
  endfacet
  facet normal -8.414229e-02 -1.131748e-08 -9.964538e-01
    outer loop
      vertex -5.217313e+00 -1.825625e+01 1.028217e+01
      vertex -5.630261e+00 -2.301874e+01 1.031704e+01
      vertex -5.630264e+00 -1.825625e+01 1.031704e+01
    endloop
  endfacet
  facet normal -8.414229e-02 -1.131748e-08 -9.964538e-01
    outer loop
      vertex -5.630261e+00 -2.301874e+01 1.031704e+01
      vertex -5.217313e+00 -1.825625e+01 1.028217e+01
      vertex -5.217310e+00 -2.301874e+01 1.028217e+01
    endloop
  endfacet
  facet normal 1.766260e-01 1.680412e-07 -9.842780e-01
    outer loop
      vertex -5.630264e+00 -1.825625e+01 1.031704e+01
      vertex -6.038166e+00 -2.301874e+01 1.024384e+01
      vertex -6.038169e+00 -1.825625e+01 1.024384e+01
    endloop
  endfacet
  facet normal 1.766260e-01 1.680412e-07 -9.842780e-01
    outer loop
      vertex -6.038166e+00 -2.301874e+01 1.024384e+01
      vertex -5.630264e+00 -1.825625e+01 1.031704e+01
      vertex -5.630261e+00 -2.301874e+01 1.031704e+01
    endloop
  endfacet
  facet normal 4.253575e-01 3.359482e-07 -9.050254e-01
    outer loop
      vertex -6.038169e+00 -1.825625e+01 1.024384e+01
      vertex -6.413227e+00 -2.301874e+01 1.006756e+01
      vertex -6.413231e+00 -1.825625e+01 1.006756e+01
    endloop
  endfacet
  facet normal 4.253575e-01 3.359482e-07 -9.050254e-01
    outer loop
      vertex -6.413227e+00 -2.301874e+01 1.006756e+01
      vertex -6.038169e+00 -1.825625e+01 1.024384e+01
      vertex -6.038166e+00 -2.301874e+01 1.024384e+01
    endloop
  endfacet
  facet normal 6.451015e-01 4.809609e-07 -7.640969e-01
    outer loop
      vertex -6.413231e+00 -1.825625e+01 1.006756e+01
      vertex -6.729885e+00 -2.301874e+01 9.800218e+00
      vertex -6.729888e+00 -1.825625e+01 9.800218e+00
    endloop
  endfacet
  facet normal 6.451015e-01 4.809609e-07 -7.640969e-01
    outer loop
      vertex -6.729885e+00 -2.301874e+01 9.800218e+00
      vertex -6.413231e+00 -1.825625e+01 1.006756e+01
      vertex -6.413227e+00 -2.301874e+01 1.006756e+01
    endloop
  endfacet
  facet normal 8.208832e-01 5.931968e-07 -5.710962e-01
    outer loop
      vertex -6.966562e+00 -1.825625e+01 9.460027e+00
      vertex -6.729885e+00 -2.301874e+01 9.800218e+00
      vertex -6.966559e+00 -2.301874e+01 9.460027e+00
    endloop
  endfacet
  facet normal 8.208832e-01 5.931968e-07 -5.710962e-01
    outer loop
      vertex -6.729885e+00 -2.301874e+01 9.800218e+00
      vertex -6.966562e+00 -1.825625e+01 9.460027e+00
      vertex -6.729888e+00 -1.825625e+01 9.800218e+00
    endloop
  endfacet
  facet normal 6.899988e-07 -1.000000e+00 -4.104358e-08
    outer loop
      vertex -5.895128e+00 -2.301874e+01 7.180361e+00
      vertex -1.686635e+01 -2.301875e+01 7.156104e+00
      vertex -5.482177e+00 -2.301874e+01 7.145491e+00
    endloop
  endfacet
  facet normal 6.899988e-07 -1.000000e+00 -4.104358e-08
    outer loop
      vertex -1.686635e+01 -2.301875e+01 7.156104e+00
      vertex -5.895128e+00 -2.301874e+01 7.180361e+00
      vertex -1.645194e+01 -2.301875e+01 7.158624e+00
    endloop
  endfacet
  facet normal 6.899988e-07 -1.000000e+00 -4.104358e-08
    outer loop
      vertex -1.645194e+01 -2.301875e+01 7.158624e+00
      vertex -5.895128e+00 -2.301874e+01 7.180361e+00
      vertex -1.605230e+01 -2.301875e+01 7.268316e+00
    endloop
  endfacet
  facet normal 6.899988e-07 -1.000000e+00 -4.104358e-08
    outer loop
      vertex -1.605230e+01 -2.301875e+01 7.268316e+00
      vertex -5.895128e+00 -2.301874e+01 7.180361e+00
      vertex -6.284982e+00 -2.301874e+01 7.320923e+00
    endloop
  endfacet
  facet normal 6.899988e-07 -1.000000e+00 -4.104358e-08
    outer loop
      vertex -1.605230e+01 -2.301875e+01 7.268316e+00
      vertex -6.284982e+00 -2.301874e+01 7.320923e+00
      vertex -1.569467e+01 -2.301875e+01 7.477706e+00
    endloop
  endfacet
  facet normal 6.899988e-07 -1.000000e+00 -4.104358e-08
    outer loop
      vertex -1.569467e+01 -2.301875e+01 7.477706e+00
      vertex -6.284982e+00 -2.301874e+01 7.320923e+00
      vertex -6.625173e+00 -2.301874e+01 7.557597e+00
    endloop
  endfacet
  facet normal 6.899988e-07 -1.000000e+00 -4.104358e-08
    outer loop
      vertex -1.569467e+01 -2.301875e+01 7.477706e+00
      vertex -6.625173e+00 -2.301874e+01 7.557597e+00
      vertex -1.540342e+01 -2.301875e+01 7.772522e+00
    endloop
  endfacet
  facet normal 6.899988e-07 -1.000000e+00 -4.104358e-08
    outer loop
      vertex -1.540342e+01 -2.301875e+01 7.772522e+00
      vertex -6.625173e+00 -2.301874e+01 7.557597e+00
      vertex -6.892517e+00 -2.301874e+01 7.874254e+00
    endloop
  endfacet
  facet normal 6.899988e-07 -1.000000e+00 -4.104358e-08
    outer loop
      vertex -1.540342e+01 -2.301875e+01 7.772522e+00
      vertex -6.892517e+00 -2.301874e+01 7.874254e+00
      vertex -1.519839e+01 -2.301875e+01 8.132674e+00
    endloop
  endfacet
  facet normal 6.899988e-07 -1.000000e+00 -4.104358e-08
    outer loop
      vertex -1.519839e+01 -2.301875e+01 8.132674e+00
      vertex -6.892517e+00 -2.301874e+01 7.874254e+00
      vertex -7.068794e+00 -2.301874e+01 8.249315e+00
    endloop
  endfacet
  facet normal 6.899988e-07 -1.000000e+00 -4.104358e-08
    outer loop
      vertex -1.519839e+01 -2.301875e+01 8.132674e+00
      vertex -7.068794e+00 -2.301874e+01 8.249315e+00
      vertex -1.509357e+01 -2.301875e+01 8.533619e+00
    endloop
  endfacet
  facet normal 6.899988e-07 -1.000000e+00 -4.104358e-08
    outer loop
      vertex -1.509357e+01 -2.301875e+01 8.533619e+00
      vertex -7.068794e+00 -2.301874e+01 8.249315e+00
      vertex -7.141992e+00 -2.301874e+01 8.657220e+00
    endloop
  endfacet
  facet normal 6.899988e-07 -1.000000e+00 -4.104358e-08
    outer loop
      vertex -1.509357e+01 -2.301875e+01 8.533619e+00
      vertex -7.141992e+00 -2.301874e+01 8.657220e+00
      vertex -1.509609e+01 -2.301875e+01 8.948031e+00
    endloop
  endfacet
  facet normal 6.899988e-07 -1.000000e+00 -4.104358e-08
    outer loop
      vertex -1.509609e+01 -2.301875e+01 8.948031e+00
      vertex -7.141992e+00 -2.301874e+01 8.657220e+00
      vertex -7.107121e+00 -2.301874e+01 9.070172e+00
    endloop
  endfacet
  facet normal 6.899988e-07 -1.000000e+00 -4.104358e-08
    outer loop
      vertex -1.509609e+01 -2.301875e+01 8.948031e+00
      vertex -7.107121e+00 -2.301874e+01 9.070172e+00
      vertex -1.520578e+01 -2.301875e+01 9.347672e+00
    endloop
  endfacet
  facet normal 6.899988e-07 -1.000000e+00 -4.104358e-08
    outer loop
      vertex -1.520578e+01 -2.301875e+01 9.347672e+00
      vertex -7.107121e+00 -2.301874e+01 9.070172e+00
      vertex -6.966559e+00 -2.301874e+01 9.460027e+00
    endloop
  endfacet
  facet normal 6.899988e-07 -1.000000e+00 -4.104358e-08
    outer loop
      vertex -1.520578e+01 -2.301875e+01 9.347672e+00
      vertex -6.966559e+00 -2.301874e+01 9.460027e+00
      vertex -1.541517e+01 -2.301875e+01 9.705303e+00
    endloop
  endfacet
  facet normal 6.899988e-07 -1.000000e+00 -4.104358e-08
    outer loop
      vertex -1.541517e+01 -2.301875e+01 9.705303e+00
      vertex -6.966559e+00 -2.301874e+01 9.460027e+00
      vertex -6.729885e+00 -2.301874e+01 9.800218e+00
    endloop
  endfacet
  facet normal 6.899988e-07 -1.000000e+00 -4.104358e-08
    outer loop
      vertex -1.541517e+01 -2.301875e+01 9.705303e+00
      vertex -6.729885e+00 -2.301874e+01 9.800218e+00
      vertex -1.570999e+01 -2.301875e+01 9.996555e+00
    endloop
  endfacet
  facet normal 6.899988e-07 -1.000000e+00 -4.104358e-08
    outer loop
      vertex -1.570999e+01 -2.301875e+01 9.996555e+00
      vertex -6.729885e+00 -2.301874e+01 9.800218e+00
      vertex -6.413227e+00 -2.301874e+01 1.006756e+01
    endloop
  endfacet
  facet normal 6.899988e-07 -1.000000e+00 -4.104358e-08
    outer loop
      vertex -1.570999e+01 -2.301875e+01 9.996555e+00
      vertex -6.413227e+00 -2.301874e+01 1.006756e+01
      vertex -1.607014e+01 -2.301875e+01 1.020158e+01
    endloop
  endfacet
  facet normal 6.899988e-07 -1.000000e+00 -4.104358e-08
    outer loop
      vertex -1.607014e+01 -2.301875e+01 1.020158e+01
      vertex -6.413227e+00 -2.301874e+01 1.006756e+01
      vertex -6.038166e+00 -2.301874e+01 1.024384e+01
    endloop
  endfacet
  facet normal 6.899988e-07 -1.000000e+00 -4.104358e-08
    outer loop
      vertex -1.607014e+01 -2.301875e+01 1.020158e+01
      vertex -6.038166e+00 -2.301874e+01 1.024384e+01
      vertex -1.647108e+01 -2.301875e+01 1.030640e+01
    endloop
  endfacet
  facet normal 6.899988e-07 -1.000000e+00 -4.104358e-08
    outer loop
      vertex -1.647108e+01 -2.301875e+01 1.030640e+01
      vertex -6.038166e+00 -2.301874e+01 1.024384e+01
      vertex -5.630261e+00 -2.301874e+01 1.031704e+01
    endloop
  endfacet
  facet normal 6.899988e-07 -1.000000e+00 -4.104358e-08
    outer loop
      vertex 1.666028e+01 -2.301874e+01 7.143795e+00
      vertex 5.658526e+00 -2.301874e+01 7.147068e+00
      vertex -5.482177e+00 -2.301874e+01 7.145491e+00
    endloop
  endfacet
  facet normal 6.899988e-07 -1.000000e+00 -4.104358e-08
    outer loop
      vertex 5.658526e+00 -2.301874e+01 7.147068e+00
      vertex 1.666028e+01 -2.301874e+01 7.143795e+00
      vertex 1.624970e+01 -2.301874e+01 7.200089e+00
    endloop
  endfacet
  facet normal 6.899988e-07 -1.000000e+00 -4.104358e-08
    outer loop
      vertex 5.658526e+00 -2.301874e+01 7.147068e+00
      vertex 1.624970e+01 -2.301874e+01 7.200089e+00
      vertex 6.065064e+00 -2.301874e+01 7.227512e+00
    endloop
  endfacet
  facet normal 6.899988e-07 -1.000000e+00 -4.104358e-08
    outer loop
      vertex 6.065064e+00 -2.301874e+01 7.227512e+00
      vertex 1.624970e+01 -2.301874e+01 7.200089e+00
      vertex 1.586768e+01 -2.301874e+01 7.360730e+00
    endloop
  endfacet
  facet normal 6.899988e-07 -1.000000e+00 -4.104358e-08
    outer loop
      vertex 6.065064e+00 -2.301874e+01 7.227512e+00
      vertex 1.586768e+01 -2.301874e+01 7.360730e+00
      vertex 6.436930e+00 -2.301874e+01 7.410434e+00
    endloop
  endfacet
  facet normal 6.899988e-07 -1.000000e+00 -4.104358e-08
    outer loop
      vertex 6.436930e+00 -2.301874e+01 7.410434e+00
      vertex 1.586768e+01 -2.301874e+01 7.360730e+00
      vertex 1.554025e+01 -2.301874e+01 7.614771e+00
    endloop
  endfacet
  facet normal 6.899988e-07 -1.000000e+00 -4.104358e-08
    outer loop
      vertex 6.436930e+00 -2.301874e+01 7.410434e+00
      vertex 1.554025e+01 -2.301874e+01 7.614771e+00
      vertex 6.748781e+00 -2.301874e+01 7.683370e+00
    endloop
  endfacet
  facet normal 6.899988e-07 -1.000000e+00 -4.104358e-08
    outer loop
      vertex 6.748781e+00 -2.301874e+01 7.683370e+00
      vertex 1.554025e+01 -2.301874e+01 7.614771e+00
      vertex 1.528973e+01 -2.301874e+01 7.944900e+00
    endloop
  endfacet
  facet normal 6.899988e-07 -1.000000e+00 -4.104358e-08
    outer loop
      vertex 6.748781e+00 -2.301874e+01 7.683370e+00
      vertex 1.528973e+01 -2.301874e+01 7.944900e+00
      vertex 6.979364e+00 -2.301874e+01 8.027717e+00
    endloop
  endfacet
  facet normal 6.899988e-07 -1.000000e+00 -4.104358e-08
    outer loop
      vertex 6.979364e+00 -2.301874e+01 8.027717e+00
      vertex 1.528973e+01 -2.301874e+01 7.944900e+00
      vertex 1.513319e+01 -2.301874e+01 8.328619e+00
    endloop
  endfacet
  facet normal 6.899988e-07 -1.000000e+00 -4.104358e-08
    outer loop
      vertex 6.979364e+00 -2.301874e+01 8.027717e+00
      vertex 1.513319e+01 -2.301874e+01 8.328619e+00
      vertex 7.112968e+00 -2.301874e+01 8.420012e+00
    endloop
  endfacet
  facet normal 6.899988e-07 -1.000000e+00 -4.104358e-08
    outer loop
      vertex 7.112968e+00 -2.301874e+01 8.420012e+00
      vertex 1.513319e+01 -2.301874e+01 8.328619e+00
      vertex 1.508130e+01 -2.301874e+01 8.739778e+00
    endloop
  endfacet
  facet normal 6.899988e-07 -1.000000e+00 -4.104358e-08
    outer loop
      vertex 7.112968e+00 -2.301874e+01 8.420012e+00
      vertex 1.508130e+01 -2.301874e+01 8.739778e+00
      vertex 7.140485e+00 -2.301874e+01 8.833518e+00
    endloop
  endfacet
  facet normal 6.899988e-07 -1.000000e+00 -4.104358e-08
    outer loop
      vertex 7.140485e+00 -2.301874e+01 8.833518e+00
      vertex 1.508130e+01 -2.301874e+01 8.739778e+00
      vertex 1.513760e+01 -2.301874e+01 9.150357e+00
    endloop
  endfacet
  facet normal 6.899988e-07 -1.000000e+00 -4.104358e-08
    outer loop
      vertex 7.140485e+00 -2.301874e+01 8.833518e+00
      vertex 1.513760e+01 -2.301874e+01 9.150357e+00
      vertex 7.060042e+00 -2.301874e+01 9.240056e+00
    endloop
  endfacet
  facet normal 6.899988e-07 -1.000000e+00 -4.104358e-08
    outer loop
      vertex 7.060042e+00 -2.301874e+01 9.240056e+00
      vertex 1.513760e+01 -2.301874e+01 9.150357e+00
      vertex 1.529824e+01 -2.301874e+01 9.532377e+00
    endloop
  endfacet
  facet normal 6.899988e-07 -1.000000e+00 -4.104358e-08
    outer loop
      vertex 7.060042e+00 -2.301874e+01 9.240056e+00
      vertex 1.529824e+01 -2.301874e+01 9.532377e+00
      vertex 6.877119e+00 -2.301874e+01 9.611922e+00
    endloop
  endfacet
  facet normal 6.899988e-07 -1.000000e+00 -4.104358e-08
    outer loop
      vertex 6.877119e+00 -2.301874e+01 9.611922e+00
      vertex 1.529824e+01 -2.301874e+01 9.532377e+00
      vertex 1.555228e+01 -2.301874e+01 9.859803e+00
    endloop
  endfacet
  facet normal 6.899988e-07 -1.000000e+00 -4.104358e-08
    outer loop
      vertex 6.877119e+00 -2.301874e+01 9.611922e+00
      vertex 1.555228e+01 -2.301874e+01 9.859803e+00
      vertex 6.604184e+00 -2.301874e+01 9.923773e+00
    endloop
  endfacet
  facet normal 6.899988e-07 -1.000000e+00 -4.104358e-08
    outer loop
      vertex 6.604184e+00 -2.301874e+01 9.923773e+00
      vertex 1.555228e+01 -2.301874e+01 9.859803e+00
      vertex 1.588241e+01 -2.301874e+01 1.011032e+01
    endloop
  endfacet
  facet normal 6.899988e-07 -1.000000e+00 -4.104358e-08
    outer loop
      vertex 6.604184e+00 -2.301874e+01 9.923773e+00
      vertex 1.588241e+01 -2.301874e+01 1.011032e+01
      vertex 6.259836e+00 -2.301874e+01 1.015436e+01
    endloop
  endfacet
  facet normal 6.899988e-07 -1.000000e+00 -4.104358e-08
    outer loop
      vertex 6.259836e+00 -2.301874e+01 1.015436e+01
      vertex 1.588241e+01 -2.301874e+01 1.011032e+01
      vertex 1.626613e+01 -2.301874e+01 1.026686e+01
    endloop
  endfacet
  facet normal 6.899988e-07 -1.000000e+00 -4.104358e-08
    outer loop
      vertex 6.259836e+00 -2.301874e+01 1.015436e+01
      vertex 1.626613e+01 -2.301874e+01 1.026686e+01
      vertex 5.867542e+00 -2.301874e+01 1.028796e+01
    endloop
  endfacet
  facet normal 6.899988e-07 -1.000000e+00 -4.104358e-08
    outer loop
      vertex 5.867542e+00 -2.301874e+01 1.028796e+01
      vertex 1.626613e+01 -2.301874e+01 1.026686e+01
      vertex 1.667729e+01 -2.301874e+01 1.031875e+01
    endloop
  endfacet
  facet normal 6.899988e-07 -1.000000e+00 -4.104358e-08
    outer loop
      vertex 5.867542e+00 -2.301874e+01 1.028796e+01
      vertex 1.667729e+01 -2.301874e+01 1.031875e+01
      vertex 5.454036e+00 -2.301874e+01 1.031548e+01
    endloop
  endfacet
  facet normal 6.899988e-07 -1.000000e+00 -4.104358e-08
    outer loop
      vertex 5.454036e+00 -2.301874e+01 1.031548e+01
      vertex 1.667729e+01 -2.301874e+01 1.031875e+01
      vertex -5.630261e+00 -2.301874e+01 1.031704e+01
    endloop
  endfacet
  facet normal 6.899988e-07 -1.000000e+00 -4.104358e-08
    outer loop
      vertex 5.658526e+00 -2.301874e+01 7.147068e+00
      vertex -5.074272e+00 -2.301874e+01 7.218689e+00
      vertex -5.482177e+00 -2.301874e+01 7.145491e+00
    endloop
  endfacet
  facet normal 6.899988e-07 -1.000000e+00 -4.104358e-08
    outer loop
      vertex -5.074272e+00 -2.301874e+01 7.218689e+00
      vertex 5.658526e+00 -2.301874e+01 7.147068e+00
      vertex 5.245020e+00 -2.301874e+01 7.174586e+00
    endloop
  endfacet
  facet normal 6.899988e-07 -1.000000e+00 -4.104358e-08
    outer loop
      vertex -5.074272e+00 -2.301874e+01 7.218689e+00
      vertex 5.245020e+00 -2.301874e+01 7.174586e+00
      vertex 4.852726e+00 -2.301874e+01 7.308189e+00
    endloop
  endfacet
  facet normal 6.899988e-07 -1.000000e+00 -4.104358e-08
    outer loop
      vertex -5.074272e+00 -2.301874e+01 7.218689e+00
      vertex 4.852726e+00 -2.301874e+01 7.308189e+00
      vertex -4.699210e+00 -2.301874e+01 7.394965e+00
    endloop
  endfacet
  facet normal 6.899988e-07 -1.000000e+00 -4.104358e-08
    outer loop
      vertex -4.699210e+00 -2.301874e+01 7.394965e+00
      vertex 4.852726e+00 -2.301874e+01 7.308189e+00
      vertex 4.508378e+00 -2.301874e+01 7.538773e+00
    endloop
  endfacet
  facet normal 6.899988e-07 -1.000000e+00 -4.104358e-08
    outer loop
      vertex -4.699210e+00 -2.301874e+01 7.394965e+00
      vertex 4.508378e+00 -2.301874e+01 7.538773e+00
      vertex -4.382553e+00 -2.301874e+01 7.662309e+00
    endloop
  endfacet
  facet normal 6.899988e-07 -1.000000e+00 -4.104358e-08
    outer loop
      vertex -4.382553e+00 -2.301874e+01 7.662309e+00
      vertex 4.508378e+00 -2.301874e+01 7.538773e+00
      vertex 4.235443e+00 -2.301874e+01 7.850624e+00
    endloop
  endfacet
  facet normal 6.899988e-07 -1.000000e+00 -4.104358e-08
    outer loop
      vertex -4.382553e+00 -2.301874e+01 7.662309e+00
      vertex 4.235443e+00 -2.301874e+01 7.850624e+00
      vertex -4.145879e+00 -2.301874e+01 8.002499e+00
    endloop
  endfacet
  facet normal 6.899988e-07 -1.000000e+00 -4.104358e-08
    outer loop
      vertex -4.145879e+00 -2.301874e+01 8.002499e+00
      vertex 4.235443e+00 -2.301874e+01 7.850624e+00
      vertex 4.052521e+00 -2.301874e+01 8.222490e+00
    endloop
  endfacet
  facet normal 6.899988e-07 -1.000000e+00 -4.104358e-08
    outer loop
      vertex -4.145879e+00 -2.301874e+01 8.002499e+00
      vertex 4.052521e+00 -2.301874e+01 8.222490e+00
      vertex -4.005317e+00 -2.301874e+01 8.392354e+00
    endloop
  endfacet
  facet normal 6.899988e-07 -1.000000e+00 -4.104358e-08
    outer loop
      vertex -4.005317e+00 -2.301874e+01 8.392354e+00
      vertex 4.052521e+00 -2.301874e+01 8.222490e+00
      vertex 3.972077e+00 -2.301874e+01 8.629027e+00
    endloop
  endfacet
  facet normal 6.899988e-07 -1.000000e+00 -4.104358e-08
    outer loop
      vertex -4.005317e+00 -2.301874e+01 8.392354e+00
      vertex 3.972077e+00 -2.301874e+01 8.629027e+00
      vertex -3.970446e+00 -2.301874e+01 8.805305e+00
    endloop
  endfacet
  facet normal 6.899988e-07 -1.000000e+00 -4.104358e-08
    outer loop
      vertex -3.970446e+00 -2.301874e+01 8.805305e+00
      vertex 3.972077e+00 -2.301874e+01 8.629027e+00
      vertex 3.999595e+00 -2.301874e+01 9.042534e+00
    endloop
  endfacet
  facet normal 6.899988e-07 -1.000000e+00 -4.104358e-08
    outer loop
      vertex -3.970446e+00 -2.301874e+01 8.805305e+00
      vertex 3.999595e+00 -2.301874e+01 9.042534e+00
      vertex -4.043644e+00 -2.301874e+01 9.213211e+00
    endloop
  endfacet
  facet normal 6.899988e-07 -1.000000e+00 -4.104358e-08
    outer loop
      vertex -4.043644e+00 -2.301874e+01 9.213211e+00
      vertex 3.999595e+00 -2.301874e+01 9.042534e+00
      vertex 4.133198e+00 -2.301874e+01 9.434828e+00
    endloop
  endfacet
  facet normal 6.899988e-07 -1.000000e+00 -4.104358e-08
    outer loop
      vertex -4.043644e+00 -2.301874e+01 9.213211e+00
      vertex 4.133198e+00 -2.301874e+01 9.434828e+00
      vertex -4.219921e+00 -2.301874e+01 9.588272e+00
    endloop
  endfacet
  facet normal 6.899988e-07 -1.000000e+00 -4.104358e-08
    outer loop
      vertex -4.219921e+00 -2.301874e+01 9.588272e+00
      vertex 4.133198e+00 -2.301874e+01 9.434828e+00
      vertex 4.363782e+00 -2.301874e+01 9.779176e+00
    endloop
  endfacet
  facet normal 6.899988e-07 -1.000000e+00 -4.104358e-08
    outer loop
      vertex -4.219921e+00 -2.301874e+01 9.588272e+00
      vertex 4.363782e+00 -2.301874e+01 9.779176e+00
      vertex -4.487264e+00 -2.301874e+01 9.904929e+00
    endloop
  endfacet
  facet normal 6.899988e-07 -1.000000e+00 -4.104358e-08
    outer loop
      vertex -4.487264e+00 -2.301874e+01 9.904929e+00
      vertex 4.363782e+00 -2.301874e+01 9.779176e+00
      vertex 4.675632e+00 -2.301874e+01 1.005211e+01
    endloop
  endfacet
  facet normal 6.899988e-07 -1.000000e+00 -4.104358e-08
    outer loop
      vertex -4.487264e+00 -2.301874e+01 9.904929e+00
      vertex 4.675632e+00 -2.301874e+01 1.005211e+01
      vertex -4.827456e+00 -2.301874e+01 1.014160e+01
    endloop
  endfacet
  facet normal 6.899988e-07 -1.000000e+00 -4.104358e-08
    outer loop
      vertex -4.827456e+00 -2.301874e+01 1.014160e+01
      vertex 4.675632e+00 -2.301874e+01 1.005211e+01
      vertex 5.047498e+00 -2.301874e+01 1.023503e+01
    endloop
  endfacet
  facet normal 6.899988e-07 -1.000000e+00 -4.104358e-08
    outer loop
      vertex -4.827456e+00 -2.301874e+01 1.014160e+01
      vertex 5.047498e+00 -2.301874e+01 1.023503e+01
      vertex -5.217310e+00 -2.301874e+01 1.028217e+01
    endloop
  endfacet
  facet normal 6.899988e-07 -1.000000e+00 -4.104358e-08
    outer loop
      vertex -5.217310e+00 -2.301874e+01 1.028217e+01
      vertex 5.047498e+00 -2.301874e+01 1.023503e+01
      vertex 5.454036e+00 -2.301874e+01 1.031548e+01
    endloop
  endfacet
  facet normal 6.899988e-07 -1.000000e+00 -4.104358e-08
    outer loop
      vertex -5.217310e+00 -2.301874e+01 1.028217e+01
      vertex 5.454036e+00 -2.301874e+01 1.031548e+01
      vertex -5.630261e+00 -2.301874e+01 1.031704e+01
    endloop
  endfacet
  facet normal 6.899988e-07 -1.000000e+00 -4.104358e-08
    outer loop
      vertex 1.622607e+01 -2.301873e+01 1.831926e+01
      vertex 5.653594e+00 -2.301874e+01 1.825926e+01
      vertex 1.663573e+01 -2.301873e+01 1.825663e+01
    endloop
  endfacet
  facet normal 6.899988e-07 -1.000000e+00 -4.104358e-08
    outer loop
      vertex 5.653594e+00 -2.301874e+01 1.825926e+01
      vertex 1.622607e+01 -2.301873e+01 1.831926e+01
      vertex 6.060381e+00 -2.301874e+01 1.833844e+01
    endloop
  endfacet
  facet normal 6.899988e-07 -1.000000e+00 -4.104358e-08
    outer loop
      vertex 6.060381e+00 -2.301874e+01 1.833844e+01
      vertex 1.622607e+01 -2.301873e+01 1.831926e+01
      vertex 1.584658e+01 -2.301873e+01 1.848579e+01
    endloop
  endfacet
  facet normal 6.899988e-07 -1.000000e+00 -4.104358e-08
    outer loop
      vertex 6.060381e+00 -2.301874e+01 1.833844e+01
      vertex 1.584658e+01 -2.301873e+01 1.848579e+01
      vertex 6.432814e+00 -2.301874e+01 1.852020e+01
    endloop
  endfacet
  facet normal 6.899988e-07 -1.000000e+00 -4.104358e-08
    outer loop
      vertex 6.432814e+00 -2.301874e+01 1.852020e+01
      vertex 1.584658e+01 -2.301873e+01 1.848579e+01
      vertex 1.552312e+01 -2.301873e+01 1.874486e+01
    endloop
  endfacet
  facet normal 6.899988e-07 -1.000000e+00 -4.104358e-08
    outer loop
      vertex 6.432814e+00 -2.301874e+01 1.852020e+01
      vertex 1.552312e+01 -2.301873e+01 1.874486e+01
      vertex 6.745513e+00 -2.301874e+01 1.879216e+01
    endloop
  endfacet
  facet normal 6.899988e-07 -1.000000e+00 -4.104358e-08
    outer loop
      vertex 6.745513e+00 -2.301874e+01 1.879216e+01
      vertex 1.552312e+01 -2.301873e+01 1.874486e+01
      vertex 1.527774e+01 -2.301873e+01 1.907883e+01
    endloop
  endfacet
  facet normal 6.899988e-07 -1.000000e+00 -4.104358e-08
    outer loop
      vertex 6.745513e+00 -2.301874e+01 1.879216e+01
      vertex 1.527774e+01 -2.301873e+01 1.907883e+01
      vertex 6.977168e+00 -2.301874e+01 1.913579e+01
    endloop
  endfacet
  facet normal 6.899988e-07 -1.000000e+00 -4.104358e-08
    outer loop
      vertex 6.977168e+00 -2.301874e+01 1.913579e+01
      vertex 1.527774e+01 -2.301873e+01 1.907883e+01
      vertex 1.512715e+01 -2.301873e+01 1.946492e+01
    endloop
  endfacet
  facet normal 6.899988e-07 -1.000000e+00 -4.104358e-08
    outer loop
      vertex 6.977168e+00 -2.301874e+01 1.913579e+01
      vertex 1.512715e+01 -2.301873e+01 1.946492e+01
      vertex 7.111991e+00 -2.301874e+01 1.952767e+01
    endloop
  endfacet
  facet normal 6.899988e-07 -1.000000e+00 -4.104358e-08
    outer loop
      vertex 7.111991e+00 -2.301874e+01 1.952767e+01
      vertex 1.512715e+01 -2.301873e+01 1.946492e+01
      vertex 1.508162e+01 -2.301873e+01 1.987683e+01
    endloop
  endfacet
  facet normal 6.899988e-07 -1.000000e+00 -4.104358e-08
    outer loop
      vertex 7.111991e+00 -2.301874e+01 1.952767e+01
      vertex 1.508162e+01 -2.301873e+01 1.987683e+01
      vertex 7.140796e+00 -2.301874e+01 1.994109e+01
    endloop
  endfacet
  facet normal 6.899988e-07 -1.000000e+00 -4.104358e-08
    outer loop
      vertex 7.140796e+00 -2.301874e+01 1.994109e+01
      vertex 1.508162e+01 -2.301873e+01 1.987683e+01
      vertex 1.514426e+01 -2.301873e+01 2.028649e+01
    endloop
  endfacet
  facet normal 6.899988e-07 -1.000000e+00 -4.104358e-08
    outer loop
      vertex 7.140796e+00 -2.301874e+01 1.994109e+01
      vertex 1.514426e+01 -2.301873e+01 2.028649e+01
      vertex 7.061618e+00 -2.301874e+01 2.034787e+01
    endloop
  endfacet
  facet normal 6.899988e-07 -1.000000e+00 -4.104358e-08
    outer loop
      vertex 7.061618e+00 -2.301874e+01 2.034787e+01
      vertex 1.514426e+01 -2.301873e+01 2.028649e+01
      vertex 1.531079e+01 -2.301873e+01 2.066598e+01
    endloop
  endfacet
  facet normal 6.899988e-07 -1.000000e+00 -4.104358e-08
    outer loop
      vertex 7.061618e+00 -2.301874e+01 2.034787e+01
      vertex 1.531079e+01 -2.301873e+01 2.066598e+01
      vertex 6.879854e+00 -2.301874e+01 2.072031e+01
    endloop
  endfacet
  facet normal 6.899988e-07 -1.000000e+00 -4.104358e-08
    outer loop
      vertex 6.879854e+00 -2.301874e+01 2.072031e+01
      vertex 1.531079e+01 -2.301873e+01 2.066598e+01
      vertex 1.556986e+01 -2.301873e+01 2.098944e+01
    endloop
  endfacet
  facet normal 6.899988e-07 -1.000000e+00 -4.104358e-08
    outer loop
      vertex 6.879854e+00 -2.301874e+01 2.072031e+01
      vertex 1.556986e+01 -2.301873e+01 2.098944e+01
      vertex 6.607891e+00 -2.301874e+01 2.103300e+01
    endloop
  endfacet
  facet normal 6.899988e-07 -1.000000e+00 -4.104358e-08
    outer loop
      vertex 6.607891e+00 -2.301874e+01 2.103300e+01
      vertex 1.556986e+01 -2.301873e+01 2.098944e+01
      vertex 1.590383e+01 -2.301873e+01 2.123483e+01
    endloop
  endfacet
  facet normal 6.899988e-07 -1.000000e+00 -4.104358e-08
    outer loop
      vertex 6.607891e+00 -2.301874e+01 2.103300e+01
      vertex 1.590383e+01 -2.301873e+01 2.123483e+01
      vertex 6.264263e+00 -2.301874e+01 2.126466e+01
    endloop
  endfacet
  facet normal 6.899988e-07 -1.000000e+00 -4.104358e-08
    outer loop
      vertex 6.264263e+00 -2.301874e+01 2.126466e+01
      vertex 1.590383e+01 -2.301873e+01 2.123483e+01
      vertex 1.628992e+01 -2.301873e+01 2.138541e+01
    endloop
  endfacet
  facet normal 6.899988e-07 -1.000000e+00 -4.104358e-08
    outer loop
      vertex 6.264263e+00 -2.301874e+01 2.126466e+01
      vertex 1.628992e+01 -2.301873e+01 2.138541e+01
      vertex 5.872386e+00 -2.301874e+01 2.139948e+01
    endloop
  endfacet
  facet normal 6.899988e-07 -1.000000e+00 -4.104358e-08
    outer loop
      vertex 5.872386e+00 -2.301874e+01 2.139948e+01
      vertex 1.628992e+01 -2.301873e+01 2.138541e+01
      vertex 1.670183e+01 -2.301873e+01 2.143094e+01
    endloop
  endfacet
  facet normal 6.899988e-07 -1.000000e+00 -4.104358e-08
    outer loop
      vertex 5.872386e+00 -2.301874e+01 2.139948e+01
      vertex 1.670183e+01 -2.301873e+01 2.143094e+01
      vertex 5.458968e+00 -2.301874e+01 2.142829e+01
    endloop
  endfacet
  facet normal 6.899988e-07 -1.000000e+00 -4.104358e-08
    outer loop
      vertex 2.381253e+01 -2.301872e+01 3.901825e-05
      vertex -2.381247e+01 -2.301876e+01 4.002199e-05
      vertex -2.062216e+01 -2.301876e+01 2.887646e-12
    endloop
  endfacet
  facet normal 6.899988e-07 -1.000000e+00 -4.104358e-08
    outer loop
      vertex -2.381247e+01 -2.301876e+01 4.002199e-05
      vertex 2.381253e+01 -2.301872e+01 3.901825e-05
      vertex 1.707143e+01 -2.301874e+01 7.195686e+00
    endloop
  endfacet
  facet normal 6.899988e-07 -1.000000e+00 -4.104358e-08
    outer loop
      vertex 1.707143e+01 -2.301874e+01 7.195686e+00
      vertex 2.381253e+01 -2.301872e+01 3.901825e-05
      vertex 1.745515e+01 -2.301874e+01 7.352224e+00
    endloop
  endfacet
  facet normal 6.899988e-07 -1.000000e+00 -4.104358e-08
    outer loop
      vertex 1.745515e+01 -2.301874e+01 7.352224e+00
      vertex 2.381253e+01 -2.301872e+01 3.901825e-05
      vertex 1.778528e+01 -2.301874e+01 7.602743e+00
    endloop
  endfacet
  facet normal 6.899988e-07 -1.000000e+00 -4.104358e-08
    outer loop
      vertex 1.778528e+01 -2.301874e+01 7.602743e+00
      vertex 2.381253e+01 -2.301872e+01 3.901825e-05
      vertex 1.803932e+01 -2.301874e+01 7.930169e+00
    endloop
  endfacet
  facet normal 6.899988e-07 -1.000000e+00 -4.104358e-08
    outer loop
      vertex 1.803932e+01 -2.301874e+01 7.930169e+00
      vertex 2.381253e+01 -2.301872e+01 3.901825e-05
      vertex 1.819996e+01 -2.301874e+01 8.312188e+00
    endloop
  endfacet
  facet normal 6.899988e-07 -1.000000e+00 -4.104358e-08
    outer loop
      vertex 1.819996e+01 -2.301874e+01 8.312188e+00
      vertex 2.381253e+01 -2.301872e+01 3.901825e-05
      vertex 2.381253e+01 -2.301873e+01 2.540004e+01
    endloop
  endfacet
  facet normal 6.899988e-07 -1.000000e+00 -4.104358e-08
    outer loop
      vertex -2.381247e+01 -2.301876e+01 4.002199e-05
      vertex 1.707143e+01 -2.301874e+01 7.195686e+00
      vertex 1.666028e+01 -2.301874e+01 7.143795e+00
    endloop
  endfacet
  facet normal 6.899988e-07 -1.000000e+00 -4.104358e-08
    outer loop
      vertex 1.819996e+01 -2.301874e+01 8.312188e+00
      vertex 2.381253e+01 -2.301873e+01 2.540004e+01
      vertex 1.825626e+01 -2.301874e+01 8.722767e+00
    endloop
  endfacet
  facet normal 6.899988e-07 -1.000000e+00 -4.104358e-08
    outer loop
      vertex 1.825626e+01 -2.301874e+01 8.722767e+00
      vertex 2.381253e+01 -2.301873e+01 2.540004e+01
      vertex 1.820437e+01 -2.301874e+01 9.133926e+00
    endloop
  endfacet
  facet normal 6.899988e-07 -1.000000e+00 -4.104358e-08
    outer loop
      vertex 1.820437e+01 -2.301874e+01 9.133926e+00
      vertex 2.381253e+01 -2.301873e+01 2.540004e+01
      vertex 1.804783e+01 -2.301874e+01 9.517646e+00
    endloop
  endfacet
  facet normal 6.899988e-07 -1.000000e+00 -4.104358e-08
    outer loop
      vertex 1.804783e+01 -2.301874e+01 9.517646e+00
      vertex 2.381253e+01 -2.301873e+01 2.540004e+01
      vertex 1.779731e+01 -2.301874e+01 9.847774e+00
    endloop
  endfacet
  facet normal 6.899988e-07 -1.000000e+00 -4.104358e-08
    outer loop
      vertex 1.779731e+01 -2.301874e+01 9.847774e+00
      vertex 2.381253e+01 -2.301873e+01 2.540004e+01
      vertex 1.746989e+01 -2.301874e+01 1.010182e+01
    endloop
  endfacet
  facet normal 6.899988e-07 -1.000000e+00 -4.104358e-08
    outer loop
      vertex 1.746989e+01 -2.301874e+01 1.010182e+01
      vertex 2.381253e+01 -2.301873e+01 2.540004e+01
      vertex 1.708787e+01 -2.301874e+01 1.026246e+01
    endloop
  endfacet
  facet normal 6.899988e-07 -1.000000e+00 -4.104358e-08
    outer loop
      vertex 1.708787e+01 -2.301874e+01 1.026246e+01
      vertex 2.381253e+01 -2.301873e+01 2.540004e+01
      vertex 1.667729e+01 -2.301874e+01 1.031875e+01
    endloop
  endfacet
  facet normal 6.899988e-07 -1.000000e+00 -4.104358e-08
    outer loop
      vertex 1.667729e+01 -2.301874e+01 1.031875e+01
      vertex 2.381253e+01 -2.301873e+01 2.540004e+01
      vertex 1.776770e+01 -2.301873e+01 1.869812e+01
    endloop
  endfacet
  facet normal 6.899988e-07 -1.000000e+00 -4.104358e-08
    outer loop
      vertex 1.667729e+01 -2.301874e+01 1.031875e+01
      vertex 1.776770e+01 -2.301873e+01 1.869812e+01
      vertex 1.743374e+01 -2.301873e+01 1.845274e+01
    endloop
  endfacet
  facet normal 6.899988e-07 -1.000000e+00 -4.104358e-08
    outer loop
      vertex 1.667729e+01 -2.301874e+01 1.031875e+01
      vertex 1.743374e+01 -2.301873e+01 1.845274e+01
      vertex 1.704764e+01 -2.301873e+01 1.830215e+01
    endloop
  endfacet
  facet normal 6.899988e-07 -1.000000e+00 -4.104358e-08
    outer loop
      vertex 1.667729e+01 -2.301874e+01 1.031875e+01
      vertex 1.704764e+01 -2.301873e+01 1.830215e+01
      vertex 1.663573e+01 -2.301873e+01 1.825663e+01
    endloop
  endfacet
  facet normal 6.899988e-07 -1.000000e+00 -4.104358e-08
    outer loop
      vertex 1.667729e+01 -2.301874e+01 1.031875e+01
      vertex 1.663573e+01 -2.301873e+01 1.825663e+01
      vertex -5.564033e+00 -2.301874e+01 1.825628e+01
    endloop
  endfacet
  facet normal 6.899988e-07 -1.000000e+00 -4.104358e-08
    outer loop
      vertex 1.667729e+01 -2.301874e+01 1.031875e+01
      vertex -5.564033e+00 -2.301874e+01 1.825628e+01
      vertex -1.666872e+01 -2.301875e+01 1.825625e+01
    endloop
  endfacet
  facet normal 6.899988e-07 -1.000000e+00 -4.104358e-08
    outer loop
      vertex 1.776770e+01 -2.301873e+01 1.869812e+01
      vertex 2.381253e+01 -2.301873e+01 2.540004e+01
      vertex 1.802677e+01 -2.301873e+01 1.902158e+01
    endloop
  endfacet
  facet normal 6.899988e-07 -1.000000e+00 -4.104358e-08
    outer loop
      vertex 1.802677e+01 -2.301873e+01 1.902158e+01
      vertex 2.381253e+01 -2.301873e+01 2.540004e+01
      vertex 1.819330e+01 -2.301873e+01 1.940107e+01
    endloop
  endfacet
  facet normal 6.899988e-07 -1.000000e+00 -4.104358e-08
    outer loop
      vertex 1.819330e+01 -2.301873e+01 1.940107e+01
      vertex 2.381253e+01 -2.301873e+01 2.540004e+01
      vertex 1.825594e+01 -2.301873e+01 1.981073e+01
    endloop
  endfacet
  facet normal 6.899988e-07 -1.000000e+00 -4.104358e-08
    outer loop
      vertex 1.825594e+01 -2.301873e+01 1.981073e+01
      vertex 2.381253e+01 -2.301873e+01 2.540004e+01
      vertex 1.821041e+01 -2.301873e+01 2.022264e+01
    endloop
  endfacet
  facet normal 6.899988e-07 -1.000000e+00 -4.104358e-08
    outer loop
      vertex 1.821041e+01 -2.301873e+01 2.022264e+01
      vertex 2.381253e+01 -2.301873e+01 2.540004e+01
      vertex 1.805982e+01 -2.301873e+01 2.060874e+01
    endloop
  endfacet
  facet normal 6.899988e-07 -1.000000e+00 -4.104358e-08
    outer loop
      vertex 1.805982e+01 -2.301873e+01 2.060874e+01
      vertex 2.381253e+01 -2.301873e+01 2.540004e+01
      vertex 1.781444e+01 -2.301873e+01 2.094270e+01
    endloop
  endfacet
  facet normal 6.899988e-07 -1.000000e+00 -4.104358e-08
    outer loop
      vertex 1.781444e+01 -2.301873e+01 2.094270e+01
      vertex 2.381253e+01 -2.301873e+01 2.540004e+01
      vertex 1.749098e+01 -2.301873e+01 2.120177e+01
    endloop
  endfacet
  facet normal 6.899988e-07 -1.000000e+00 -4.104358e-08
    outer loop
      vertex 1.749098e+01 -2.301873e+01 2.120177e+01
      vertex 2.381253e+01 -2.301873e+01 2.540004e+01
      vertex 1.711149e+01 -2.301873e+01 2.136830e+01
    endloop
  endfacet
  facet normal 6.899988e-07 -1.000000e+00 -4.104358e-08
    outer loop
      vertex 1.711149e+01 -2.301873e+01 2.136830e+01
      vertex 2.381253e+01 -2.301873e+01 2.540004e+01
      vertex 1.670183e+01 -2.301873e+01 2.143094e+01
    endloop
  endfacet
  facet normal 6.899988e-07 -1.000000e+00 -4.104358e-08
    outer loop
      vertex 1.670183e+01 -2.301873e+01 2.143094e+01
      vertex 2.381253e+01 -2.301873e+01 2.540004e+01
      vertex -5.548405e+00 -2.301874e+01 2.143124e+01
    endloop
  endfacet
  facet normal 6.899988e-07 -1.000000e+00 -4.104358e-08
    outer loop
      vertex -5.548405e+00 -2.301874e+01 2.143124e+01
      vertex 2.381253e+01 -2.301873e+01 2.540004e+01
      vertex -1.666872e+01 -2.301875e+01 2.143125e+01
    endloop
  endfacet
  facet normal 6.899988e-07 -1.000000e+00 -4.104358e-08
    outer loop
      vertex -1.666872e+01 -2.301875e+01 2.143125e+01
      vertex 2.381253e+01 -2.301873e+01 2.540004e+01
      vertex -2.062216e+01 -2.301876e+01 2.540000e+01
    endloop
  endfacet
  facet normal 6.899988e-07 -1.000000e+00 -4.104358e-08
    outer loop
      vertex -2.381247e+01 -2.301876e+01 4.002199e-05
      vertex -1.813166e+01 -2.301875e+01 8.114836e+00
      vertex -2.381247e+01 -2.301876e+01 2.540004e+01
    endloop
  endfacet
  facet normal 6.899988e-07 -1.000000e+00 -4.104358e-08
    outer loop
      vertex -1.813166e+01 -2.301875e+01 8.114836e+00
      vertex -2.381247e+01 -2.301876e+01 4.002199e-05
      vertex -1.792227e+01 -2.301875e+01 7.757203e+00
    endloop
  endfacet
  facet normal 6.899988e-07 -1.000000e+00 -4.104358e-08
    outer loop
      vertex -1.792227e+01 -2.301875e+01 7.757203e+00
      vertex -2.381247e+01 -2.301876e+01 4.002199e-05
      vertex -1.762745e+01 -2.301875e+01 7.465951e+00
    endloop
  endfacet
  facet normal 6.899988e-07 -1.000000e+00 -4.104358e-08
    outer loop
      vertex -1.762745e+01 -2.301875e+01 7.465951e+00
      vertex -2.381247e+01 -2.301876e+01 4.002199e-05
      vertex -1.726730e+01 -2.301875e+01 7.260927e+00
    endloop
  endfacet
  facet normal 6.899988e-07 -1.000000e+00 -4.104358e-08
    outer loop
      vertex -1.726730e+01 -2.301875e+01 7.260927e+00
      vertex -2.381247e+01 -2.301876e+01 4.002199e-05
      vertex -1.686635e+01 -2.301875e+01 7.156104e+00
    endloop
  endfacet
  facet normal 6.899988e-07 -1.000000e+00 -4.104358e-08
    outer loop
      vertex -1.686635e+01 -2.301875e+01 7.156104e+00
      vertex -2.381247e+01 -2.301876e+01 4.002199e-05
      vertex -5.482177e+00 -2.301874e+01 7.145491e+00
    endloop
  endfacet
  facet normal 6.899988e-07 -1.000000e+00 -4.104358e-08
    outer loop
      vertex -5.482177e+00 -2.301874e+01 7.145491e+00
      vertex -2.381247e+01 -2.301876e+01 4.002199e-05
      vertex 1.666028e+01 -2.301874e+01 7.143795e+00
    endloop
  endfacet
  facet normal 6.899988e-07 -1.000000e+00 -4.104358e-08
    outer loop
      vertex -2.381247e+01 -2.301876e+01 2.540004e+01
      vertex -1.813166e+01 -2.301875e+01 8.114836e+00
      vertex -1.824135e+01 -2.301875e+01 8.514475e+00
    endloop
  endfacet
  facet normal 6.899988e-07 -1.000000e+00 -4.104358e-08
    outer loop
      vertex -2.381247e+01 -2.301876e+01 2.540004e+01
      vertex -1.824135e+01 -2.301875e+01 8.514475e+00
      vertex -1.824387e+01 -2.301875e+01 8.928889e+00
    endloop
  endfacet
  facet normal 6.899988e-07 -1.000000e+00 -4.104358e-08
    outer loop
      vertex -2.381247e+01 -2.301876e+01 2.540004e+01
      vertex -1.824387e+01 -2.301875e+01 8.928889e+00
      vertex -1.813904e+01 -2.301875e+01 9.329833e+00
    endloop
  endfacet
  facet normal 6.899988e-07 -1.000000e+00 -4.104358e-08
    outer loop
      vertex -2.381247e+01 -2.301876e+01 2.540004e+01
      vertex -1.813904e+01 -2.301875e+01 9.329833e+00
      vertex -1.793402e+01 -2.301875e+01 9.689985e+00
    endloop
  endfacet
  facet normal 6.899988e-07 -1.000000e+00 -4.104358e-08
    outer loop
      vertex -2.381247e+01 -2.301876e+01 2.540004e+01
      vertex -1.793402e+01 -2.301875e+01 9.689985e+00
      vertex -1.764277e+01 -2.301875e+01 9.984802e+00
    endloop
  endfacet
  facet normal 6.899988e-07 -1.000000e+00 -4.104358e-08
    outer loop
      vertex -2.381247e+01 -2.301876e+01 2.540004e+01
      vertex -1.764277e+01 -2.301875e+01 9.984802e+00
      vertex -1.728514e+01 -2.301875e+01 1.019419e+01
    endloop
  endfacet
  facet normal 6.899988e-07 -1.000000e+00 -4.104358e-08
    outer loop
      vertex -2.381247e+01 -2.301876e+01 2.540004e+01
      vertex -1.728514e+01 -2.301875e+01 1.019419e+01
      vertex -1.688550e+01 -2.301875e+01 1.030388e+01
    endloop
  endfacet
  facet normal 6.899988e-07 -1.000000e+00 -4.104358e-08
    outer loop
      vertex -2.381247e+01 -2.301876e+01 2.540004e+01
      vertex -1.688550e+01 -2.301875e+01 1.030388e+01
      vertex -1.647108e+01 -2.301875e+01 1.030640e+01
    endloop
  endfacet
  facet normal 6.899988e-07 -1.000000e+00 -4.104358e-08
    outer loop
      vertex -2.381247e+01 -2.301876e+01 2.540004e+01
      vertex -1.647108e+01 -2.301875e+01 1.030640e+01
      vertex -1.779125e+01 -2.301875e+01 1.872122e+01
    endloop
  endfacet
  facet normal 6.899988e-07 -1.000000e+00 -4.104358e-08
    outer loop
      vertex -1.779125e+01 -2.301875e+01 1.872122e+01
      vertex -1.647108e+01 -2.301875e+01 1.030640e+01
      vertex -1.746247e+01 -2.301875e+01 1.846894e+01
    endloop
  endfacet
  facet normal 6.899988e-07 -1.000000e+00 -4.104358e-08
    outer loop
      vertex -1.746247e+01 -2.301875e+01 1.846894e+01
      vertex -1.647108e+01 -2.301875e+01 1.030640e+01
      vertex -5.630261e+00 -2.301874e+01 1.031704e+01
    endloop
  endfacet
  facet normal 6.899988e-07 -1.000000e+00 -4.104358e-08
    outer loop
      vertex -1.746247e+01 -2.301875e+01 1.846894e+01
      vertex -5.630261e+00 -2.301874e+01 1.031704e+01
      vertex -1.707959e+01 -2.301875e+01 1.831035e+01
    endloop
  endfacet
  facet normal 6.899988e-07 -1.000000e+00 -4.104358e-08
    outer loop
      vertex -1.707959e+01 -2.301875e+01 1.831035e+01
      vertex -5.630261e+00 -2.301874e+01 1.031704e+01
      vertex 1.667729e+01 -2.301874e+01 1.031875e+01
    endloop
  endfacet
  facet normal 6.899988e-07 -1.000000e+00 -4.104358e-08
    outer loop
      vertex -1.707959e+01 -2.301875e+01 1.831035e+01
      vertex 1.667729e+01 -2.301874e+01 1.031875e+01
      vertex -1.666872e+01 -2.301875e+01 1.825625e+01
    endloop
  endfacet
  facet normal 6.899988e-07 -1.000000e+00 -4.104358e-08
    outer loop
      vertex -2.381247e+01 -2.301876e+01 2.540004e+01
      vertex -1.779125e+01 -2.301875e+01 1.872122e+01
      vertex -1.804353e+01 -2.301875e+01 1.905000e+01
    endloop
  endfacet
  facet normal 6.899988e-07 -1.000000e+00 -4.104358e-08
    outer loop
      vertex -2.381247e+01 -2.301876e+01 2.540004e+01
      vertex -1.804353e+01 -2.301875e+01 1.905000e+01
      vertex -1.820213e+01 -2.301875e+01 1.943288e+01
    endloop
  endfacet
  facet normal 6.899988e-07 -1.000000e+00 -4.104358e-08
    outer loop
      vertex -2.381247e+01 -2.301876e+01 2.540004e+01
      vertex -1.820213e+01 -2.301875e+01 1.943288e+01
      vertex -1.825622e+01 -2.301875e+01 1.984375e+01
    endloop
  endfacet
  facet normal 6.899988e-07 -1.000000e+00 -4.104358e-08
    outer loop
      vertex -2.381247e+01 -2.301876e+01 2.540004e+01
      vertex -1.825622e+01 -2.301875e+01 1.984375e+01
      vertex -1.820213e+01 -2.301875e+01 2.025463e+01
    endloop
  endfacet
  facet normal 6.899988e-07 -1.000000e+00 -4.104358e-08
    outer loop
      vertex -2.381247e+01 -2.301876e+01 2.540004e+01
      vertex -1.820213e+01 -2.301875e+01 2.025463e+01
      vertex -1.804353e+01 -2.301875e+01 2.063750e+01
    endloop
  endfacet
  facet normal 6.899988e-07 -1.000000e+00 -4.104358e-08
    outer loop
      vertex -2.381247e+01 -2.301876e+01 2.540004e+01
      vertex -1.804353e+01 -2.301875e+01 2.063750e+01
      vertex -1.779125e+01 -2.301875e+01 2.096629e+01
    endloop
  endfacet
  facet normal 6.899988e-07 -1.000000e+00 -4.104358e-08
    outer loop
      vertex -2.381247e+01 -2.301876e+01 2.540004e+01
      vertex -1.779125e+01 -2.301875e+01 2.096629e+01
      vertex -1.746247e+01 -2.301875e+01 2.121857e+01
    endloop
  endfacet
  facet normal 6.899988e-07 -1.000000e+00 -4.104358e-08
    outer loop
      vertex -2.381247e+01 -2.301876e+01 2.540004e+01
      vertex -1.746247e+01 -2.301875e+01 2.121857e+01
      vertex -1.707959e+01 -2.301875e+01 2.137716e+01
    endloop
  endfacet
  facet normal 6.899988e-07 -1.000000e+00 -4.104358e-08
    outer loop
      vertex -2.381247e+01 -2.301876e+01 2.540004e+01
      vertex -1.707959e+01 -2.301875e+01 2.137716e+01
      vertex -1.666872e+01 -2.301875e+01 2.143125e+01
    endloop
  endfacet
  facet normal 6.899988e-07 -1.000000e+00 -4.104358e-08
    outer loop
      vertex -2.381247e+01 -2.301876e+01 2.540004e+01
      vertex -1.666872e+01 -2.301875e+01 2.143125e+01
      vertex -2.062216e+01 -2.301876e+01 2.540000e+01
    endloop
  endfacet
  facet normal 6.899988e-07 -1.000000e+00 -4.104358e-08
    outer loop
      vertex -5.564033e+00 -2.301874e+01 1.825628e+01
      vertex -1.625784e+01 -2.301875e+01 1.831035e+01
      vertex -1.666872e+01 -2.301875e+01 1.825625e+01
    endloop
  endfacet
  facet normal 6.899988e-07 -1.000000e+00 -4.104358e-08
    outer loop
      vertex -1.625784e+01 -2.301875e+01 1.831035e+01
      vertex -5.564033e+00 -2.301874e+01 1.825628e+01
      vertex -5.974636e+00 -2.301874e+01 1.831240e+01
    endloop
  endfacet
  facet normal 6.899988e-07 -1.000000e+00 -4.104358e-08
    outer loop
      vertex -1.625784e+01 -2.301875e+01 1.831035e+01
      vertex -5.974636e+00 -2.301874e+01 1.831240e+01
      vertex -1.587497e+01 -2.301875e+01 1.846894e+01
    endloop
  endfacet
  facet normal 6.899988e-07 -1.000000e+00 -4.104358e-08
    outer loop
      vertex -1.587497e+01 -2.301875e+01 1.846894e+01
      vertex -5.974636e+00 -2.301874e+01 1.831240e+01
      vertex -6.356726e+00 -2.301874e+01 1.847287e+01
    endloop
  endfacet
  facet normal 6.899988e-07 -1.000000e+00 -4.104358e-08
    outer loop
      vertex -1.587497e+01 -2.301875e+01 1.846894e+01
      vertex -6.356726e+00 -2.301874e+01 1.847287e+01
      vertex -1.554619e+01 -2.301875e+01 1.872122e+01
    endloop
  endfacet
  facet normal 6.899988e-07 -1.000000e+00 -4.104358e-08
    outer loop
      vertex -1.554619e+01 -2.301875e+01 1.872122e+01
      vertex -6.356726e+00 -2.301874e+01 1.847287e+01
      vertex -6.684262e+00 -2.301874e+01 1.872677e+01
    endloop
  endfacet
  facet normal 6.899988e-07 -1.000000e+00 -4.104358e-08
    outer loop
      vertex -1.554619e+01 -2.301875e+01 1.872122e+01
      vertex -6.684262e+00 -2.301874e+01 1.872677e+01
      vertex -1.529390e+01 -2.301875e+01 1.905000e+01
    endloop
  endfacet
  facet normal 6.899988e-07 -1.000000e+00 -4.104358e-08
    outer loop
      vertex -1.529390e+01 -2.301875e+01 1.905000e+01
      vertex -6.684262e+00 -2.301874e+01 1.872677e+01
      vertex -6.934924e+00 -2.301874e+01 1.905679e+01
    endloop
  endfacet
  facet normal 6.899988e-07 -1.000000e+00 -4.104358e-08
    outer loop
      vertex -1.529390e+01 -2.301875e+01 1.905000e+01
      vertex -6.934924e+00 -2.301874e+01 1.905679e+01
      vertex -1.513531e+01 -2.301875e+01 1.943288e+01
    endloop
  endfacet
  facet normal 6.899988e-07 -1.000000e+00 -4.104358e-08
    outer loop
      vertex -1.513531e+01 -2.301875e+01 1.943288e+01
      vertex -6.934924e+00 -2.301874e+01 1.905679e+01
      vertex -7.091630e+00 -2.301874e+01 1.944044e+01
    endloop
  endfacet
  facet normal 6.899988e-07 -1.000000e+00 -4.104358e-08
    outer loop
      vertex -1.513531e+01 -2.301875e+01 1.943288e+01
      vertex -7.091630e+00 -2.301874e+01 1.944044e+01
      vertex -1.508122e+01 -2.301875e+01 1.984375e+01
    endloop
  endfacet
  facet normal 6.899988e-07 -1.000000e+00 -4.104358e-08
    outer loop
      vertex -1.508122e+01 -2.301875e+01 1.984375e+01
      vertex -7.091630e+00 -2.301874e+01 1.944044e+01
      vertex -7.143699e+00 -2.301874e+01 1.985158e+01
    endloop
  endfacet
  facet normal 6.899988e-07 -1.000000e+00 -4.104358e-08
    outer loop
      vertex -1.508122e+01 -2.301875e+01 1.984375e+01
      vertex -7.143699e+00 -2.301874e+01 1.985158e+01
      vertex -1.513531e+01 -2.301875e+01 2.025463e+01
    endloop
  endfacet
  facet normal 6.899988e-07 -1.000000e+00 -4.104358e-08
    outer loop
      vertex -1.513531e+01 -2.301875e+01 2.025463e+01
      vertex -7.143699e+00 -2.301874e+01 1.985158e+01
      vertex -7.087585e+00 -2.301874e+01 2.026218e+01
    endloop
  endfacet
  facet normal 6.899988e-07 -1.000000e+00 -4.104358e-08
    outer loop
      vertex -1.513531e+01 -2.301875e+01 2.025463e+01
      vertex -7.087585e+00 -2.301874e+01 2.026218e+01
      vertex -1.529390e+01 -2.301875e+01 2.063750e+01
    endloop
  endfacet
  facet normal 6.899988e-07 -1.000000e+00 -4.104358e-08
    outer loop
      vertex -1.529390e+01 -2.301875e+01 2.063750e+01
      vertex -7.087585e+00 -2.301874e+01 2.026218e+01
      vertex -6.927111e+00 -2.301874e+01 2.064427e+01
    endloop
  endfacet
  facet normal 6.899988e-07 -1.000000e+00 -4.104358e-08
    outer loop
      vertex -1.529390e+01 -2.301875e+01 2.063750e+01
      vertex -6.927111e+00 -2.301874e+01 2.064427e+01
      vertex -1.554619e+01 -2.301875e+01 2.096629e+01
    endloop
  endfacet
  facet normal 6.899988e-07 -1.000000e+00 -4.104358e-08
    outer loop
      vertex -1.554619e+01 -2.301875e+01 2.096629e+01
      vertex -6.927111e+00 -2.301874e+01 2.064427e+01
      vertex -6.673213e+00 -2.301874e+01 2.097181e+01
    endloop
  endfacet
  facet normal 6.899988e-07 -1.000000e+00 -4.104358e-08
    outer loop
      vertex -1.554619e+01 -2.301875e+01 2.096629e+01
      vertex -6.673213e+00 -2.301874e+01 2.097181e+01
      vertex -1.587497e+01 -2.301875e+01 2.121857e+01
    endloop
  endfacet
  facet normal 6.899988e-07 -1.000000e+00 -4.104358e-08
    outer loop
      vertex -1.587497e+01 -2.301875e+01 2.121857e+01
      vertex -6.673213e+00 -2.301874e+01 2.097181e+01
      vertex -6.343192e+00 -2.301874e+01 2.122247e+01
    endloop
  endfacet
  facet normal 6.899988e-07 -1.000000e+00 -4.104358e-08
    outer loop
      vertex -1.587497e+01 -2.301875e+01 2.121857e+01
      vertex -6.343192e+00 -2.301874e+01 2.122247e+01
      vertex -1.625784e+01 -2.301875e+01 2.137716e+01
    endloop
  endfacet
  facet normal 6.899988e-07 -1.000000e+00 -4.104358e-08
    outer loop
      vertex -1.625784e+01 -2.301875e+01 2.137716e+01
      vertex -6.343192e+00 -2.301874e+01 2.122247e+01
      vertex -5.959542e+00 -2.301874e+01 2.137917e+01
    endloop
  endfacet
  facet normal 6.899988e-07 -1.000000e+00 -4.104358e-08
    outer loop
      vertex -1.625784e+01 -2.301875e+01 2.137716e+01
      vertex -5.959542e+00 -2.301874e+01 2.137917e+01
      vertex -1.666872e+01 -2.301875e+01 2.143125e+01
    endloop
  endfacet
  facet normal 6.899988e-07 -1.000000e+00 -4.104358e-08
    outer loop
      vertex -1.666872e+01 -2.301875e+01 2.143125e+01
      vertex -5.959542e+00 -2.301874e+01 2.137917e+01
      vertex -5.548405e+00 -2.301874e+01 2.143124e+01
    endloop
  endfacet
  facet normal 6.899988e-07 -1.000000e+00 -4.104358e-08
    outer loop
      vertex -5.564033e+00 -2.301874e+01 1.825628e+01
      vertex 5.653594e+00 -2.301874e+01 1.825926e+01
      vertex -5.152896e+00 -2.301874e+01 1.830835e+01
    endloop
  endfacet
  facet normal 6.899988e-07 -1.000000e+00 -4.104358e-08
    outer loop
      vertex 5.653594e+00 -2.301874e+01 1.825926e+01
      vertex -5.564033e+00 -2.301874e+01 1.825628e+01
      vertex 1.663573e+01 -2.301873e+01 1.825663e+01
    endloop
  endfacet
  facet normal 6.899988e-07 -1.000000e+00 -4.104358e-08
    outer loop
      vertex -5.152896e+00 -2.301874e+01 1.830835e+01
      vertex 5.653594e+00 -2.301874e+01 1.825926e+01
      vertex 5.240176e+00 -2.301874e+01 1.828806e+01
    endloop
  endfacet
  facet normal 6.899988e-07 -1.000000e+00 -4.104358e-08
    outer loop
      vertex -5.152896e+00 -2.301874e+01 1.830835e+01
      vertex 5.240176e+00 -2.301874e+01 1.828806e+01
      vertex 4.848300e+00 -2.301874e+01 1.842289e+01
    endloop
  endfacet
  facet normal 6.899988e-07 -1.000000e+00 -4.104358e-08
    outer loop
      vertex -5.152896e+00 -2.301874e+01 1.830835e+01
      vertex 4.848300e+00 -2.301874e+01 1.842289e+01
      vertex -4.769245e+00 -2.301874e+01 1.846506e+01
    endloop
  endfacet
  facet normal 6.899988e-07 -1.000000e+00 -4.104358e-08
    outer loop
      vertex -4.769245e+00 -2.301874e+01 1.846506e+01
      vertex 4.848300e+00 -2.301874e+01 1.842289e+01
      vertex 4.504671e+00 -2.301874e+01 1.865454e+01
    endloop
  endfacet
  facet normal 6.899988e-07 -1.000000e+00 -4.104358e-08
    outer loop
      vertex -4.769245e+00 -2.301874e+01 1.846506e+01
      vertex 4.504671e+00 -2.301874e+01 1.865454e+01
      vertex -4.439225e+00 -2.301874e+01 1.871572e+01
    endloop
  endfacet
  facet normal 6.899988e-07 -1.000000e+00 -4.104358e-08
    outer loop
      vertex -4.439225e+00 -2.301874e+01 1.871572e+01
      vertex 4.504671e+00 -2.301874e+01 1.865454e+01
      vertex 4.232708e+00 -2.301874e+01 1.896724e+01
    endloop
  endfacet
  facet normal 6.899988e-07 -1.000000e+00 -4.104358e-08
    outer loop
      vertex -4.439225e+00 -2.301874e+01 1.871572e+01
      vertex 4.232708e+00 -2.301874e+01 1.896724e+01
      vertex -4.185327e+00 -2.301874e+01 1.904326e+01
    endloop
  endfacet
  facet normal 6.899988e-07 -1.000000e+00 -4.104358e-08
    outer loop
      vertex -4.185327e+00 -2.301874e+01 1.904326e+01
      vertex 4.232708e+00 -2.301874e+01 1.896724e+01
      vertex 4.050944e+00 -2.301874e+01 1.933967e+01
    endloop
  endfacet
  facet normal 6.899988e-07 -1.000000e+00 -4.104358e-08
    outer loop
      vertex -4.185327e+00 -2.301874e+01 1.904326e+01
      vertex 4.050944e+00 -2.301874e+01 1.933967e+01
      vertex -4.024852e+00 -2.301874e+01 1.942535e+01
    endloop
  endfacet
  facet normal 6.899988e-07 -1.000000e+00 -4.104358e-08
    outer loop
      vertex -4.024852e+00 -2.301874e+01 1.942535e+01
      vertex 4.050944e+00 -2.301874e+01 1.933967e+01
      vertex 3.971767e+00 -2.301874e+01 1.974646e+01
    endloop
  endfacet
  facet normal 6.899988e-07 -1.000000e+00 -4.104358e-08
    outer loop
      vertex -4.024852e+00 -2.301874e+01 1.942535e+01
      vertex 3.971767e+00 -2.301874e+01 1.974646e+01
      vertex -3.968738e+00 -2.301874e+01 1.983595e+01
    endloop
  endfacet
  facet normal 6.899988e-07 -1.000000e+00 -4.104358e-08
    outer loop
      vertex -3.968738e+00 -2.301874e+01 1.983595e+01
      vertex 3.971767e+00 -2.301874e+01 1.974646e+01
      vertex 4.000571e+00 -2.301874e+01 2.015988e+01
    endloop
  endfacet
  facet normal 6.899988e-07 -1.000000e+00 -4.104358e-08
    outer loop
      vertex -3.968738e+00 -2.301874e+01 1.983595e+01
      vertex 4.000571e+00 -2.301874e+01 2.015988e+01
      vertex -4.020808e+00 -2.301874e+01 2.024709e+01
    endloop
  endfacet
  facet normal 6.899988e-07 -1.000000e+00 -4.104358e-08
    outer loop
      vertex -4.020808e+00 -2.301874e+01 2.024709e+01
      vertex 4.000571e+00 -2.301874e+01 2.015988e+01
      vertex 4.135395e+00 -2.301874e+01 2.055175e+01
    endloop
  endfacet
  facet normal 6.899988e-07 -1.000000e+00 -4.104358e-08
    outer loop
      vertex -4.020808e+00 -2.301874e+01 2.024709e+01
      vertex 4.135395e+00 -2.301874e+01 2.055175e+01
      vertex -4.177513e+00 -2.301874e+01 2.063074e+01
    endloop
  endfacet
  facet normal 6.899988e-07 -1.000000e+00 -4.104358e-08
    outer loop
      vertex -4.177513e+00 -2.301874e+01 2.063074e+01
      vertex 4.135395e+00 -2.301874e+01 2.055175e+01
      vertex 4.367049e+00 -2.301874e+01 2.089538e+01
    endloop
  endfacet
  facet normal 6.899988e-07 -1.000000e+00 -4.104358e-08
    outer loop
      vertex -4.177513e+00 -2.301874e+01 2.063074e+01
      vertex 4.367049e+00 -2.301874e+01 2.089538e+01
      vertex -4.428176e+00 -2.301874e+01 2.096076e+01
    endloop
  endfacet
  facet normal 6.899988e-07 -1.000000e+00 -4.104358e-08
    outer loop
      vertex -4.428176e+00 -2.301874e+01 2.096076e+01
      vertex 4.367049e+00 -2.301874e+01 2.089538e+01
      vertex 4.679748e+00 -2.301874e+01 2.116735e+01
    endloop
  endfacet
  facet normal 6.899988e-07 -1.000000e+00 -4.104358e-08
    outer loop
      vertex -4.428176e+00 -2.301874e+01 2.096076e+01
      vertex 4.679748e+00 -2.301874e+01 2.116735e+01
      vertex -4.755712e+00 -2.301874e+01 2.121465e+01
    endloop
  endfacet
  facet normal 6.899988e-07 -1.000000e+00 -4.104358e-08
    outer loop
      vertex -4.755712e+00 -2.301874e+01 2.121465e+01
      vertex 4.679748e+00 -2.301874e+01 2.116735e+01
      vertex 5.052181e+00 -2.301874e+01 2.134911e+01
    endloop
  endfacet
  facet normal 6.899988e-07 -1.000000e+00 -4.104358e-08
    outer loop
      vertex -4.755712e+00 -2.301874e+01 2.121465e+01
      vertex 5.052181e+00 -2.301874e+01 2.134911e+01
      vertex -5.137801e+00 -2.301874e+01 2.137513e+01
    endloop
  endfacet
  facet normal 6.899988e-07 -1.000000e+00 -4.104358e-08
    outer loop
      vertex -5.137801e+00 -2.301874e+01 2.137513e+01
      vertex 5.052181e+00 -2.301874e+01 2.134911e+01
      vertex 5.458968e+00 -2.301874e+01 2.142829e+01
    endloop
  endfacet
  facet normal 6.899988e-07 -1.000000e+00 -4.104358e-08
    outer loop
      vertex -5.137801e+00 -2.301874e+01 2.137513e+01
      vertex 5.458968e+00 -2.301874e+01 2.142829e+01
      vertex -5.548405e+00 -2.301874e+01 2.143124e+01
    endloop
  endfacet
  facet normal 6.899988e-07 -1.000000e+00 -4.104358e-08
    outer loop
      vertex -5.548405e+00 -2.301874e+01 2.143124e+01
      vertex 5.458968e+00 -2.301874e+01 2.142829e+01
      vertex 1.670183e+01 -2.301873e+01 2.143094e+01
    endloop
  endfacet
  facet normal 9.999815e-01 6.897008e-07 6.081328e-03
    outer loop
      vertex -1.824135e+01 -2.301875e+01 8.514475e+00
      vertex -1.824387e+01 -1.825625e+01 8.928889e+00
      vertex -1.824387e+01 -2.301875e+01 8.928889e+00
    endloop
  endfacet
  facet normal 9.999815e-01 6.897008e-07 6.081328e-03
    outer loop
      vertex -1.824387e+01 -1.825625e+01 8.928889e+00
      vertex -1.824135e+01 -2.301875e+01 8.514475e+00
      vertex -1.824135e+01 -1.825625e+01 8.514475e+00
    endloop
  endfacet
  facet normal 9.643340e-01 6.529737e-07 2.646884e-01
    outer loop
      vertex -1.813166e+01 -2.301875e+01 8.114836e+00
      vertex -1.824135e+01 -1.825625e+01 8.514475e+00
      vertex -1.824135e+01 -2.301875e+01 8.514475e+00
    endloop
  endfacet
  facet normal 9.643340e-01 6.529737e-07 2.646884e-01
    outer loop
      vertex -1.824135e+01 -1.825625e+01 8.514475e+00
      vertex -1.813166e+01 -2.301875e+01 8.114836e+00
      vertex -1.813166e+01 -1.825625e+01 8.114836e+00
    endloop
  endfacet
  facet normal 8.629687e-01 5.717474e-07 5.052574e-01
    outer loop
      vertex -1.792227e+01 -2.301875e+01 7.757203e+00
      vertex -1.813166e+01 -1.825625e+01 8.114836e+00
      vertex -1.813166e+01 -2.301875e+01 8.114836e+00
    endloop
  endfacet
  facet normal 8.629687e-01 5.717474e-07 5.052574e-01
    outer loop
      vertex -1.813166e+01 -1.825625e+01 8.114836e+00
      vertex -1.792227e+01 -2.301875e+01 7.757203e+00
      vertex -1.792227e+01 -1.825625e+01 7.757203e+00
    endloop
  endfacet
  facet normal 7.027935e-01 4.515575e-07 7.113938e-01
    outer loop
      vertex -1.792227e+01 -2.301875e+01 7.757203e+00
      vertex -1.762745e+01 -1.825625e+01 7.465951e+00
      vertex -1.792227e+01 -1.825625e+01 7.757203e+00
    endloop
  endfacet
  facet normal 7.027935e-01 4.515575e-07 7.113938e-01
    outer loop
      vertex -1.762745e+01 -1.825625e+01 7.465951e+00
      vertex -1.792227e+01 -2.301875e+01 7.757203e+00
      vertex -1.762745e+01 -2.301875e+01 7.465951e+00
    endloop
  endfacet
  facet normal 4.947242e-01 3.005946e-07 8.690500e-01
    outer loop
      vertex -1.762745e+01 -2.301875e+01 7.465951e+00
      vertex -1.726730e+01 -1.825625e+01 7.260927e+00
      vertex -1.762745e+01 -1.825625e+01 7.465951e+00
    endloop
  endfacet
  facet normal 4.947242e-01 3.005946e-07 8.690500e-01
    outer loop
      vertex -1.726730e+01 -1.825625e+01 7.260927e+00
      vertex -1.762745e+01 -2.301875e+01 7.465951e+00
      vertex -1.726730e+01 -2.301875e+01 7.260927e+00
    endloop
  endfacet
  facet normal 2.529401e-01 1.291468e-07 9.674819e-01
    outer loop
      vertex -1.726730e+01 -2.301875e+01 7.260927e+00
      vertex -1.686636e+01 -1.825625e+01 7.156104e+00
      vertex -1.726730e+01 -1.825625e+01 7.260927e+00
    endloop
  endfacet
  facet normal 2.529401e-01 1.291468e-07 9.674819e-01
    outer loop
      vertex -1.686636e+01 -1.825625e+01 7.156104e+00
      vertex -1.726730e+01 -2.301875e+01 7.260927e+00
      vertex -1.686635e+01 -2.301875e+01 7.156104e+00
    endloop
  endfacet
  facet normal -6.081328e-03 -5.110219e-08 9.999815e-01
    outer loop
      vertex -1.686635e+01 -2.301875e+01 7.156104e+00
      vertex -1.645194e+01 -1.825625e+01 7.158625e+00
      vertex -1.686636e+01 -1.825625e+01 7.156104e+00
    endloop
  endfacet
  facet normal -6.081328e-03 -5.110219e-08 9.999815e-01
    outer loop
      vertex -1.645194e+01 -1.825625e+01 7.158625e+00
      vertex -1.686635e+01 -2.301875e+01 7.156104e+00
      vertex -1.645194e+01 -2.301875e+01 7.158624e+00
    endloop
  endfacet
  facet normal -2.646884e-01 -2.278686e-07 9.643340e-01
    outer loop
      vertex -1.645194e+01 -2.301875e+01 7.158624e+00
      vertex -1.605230e+01 -1.825625e+01 7.268317e+00
      vertex -1.645194e+01 -1.825625e+01 7.158625e+00
    endloop
  endfacet
  facet normal -2.646884e-01 -2.278686e-07 9.643340e-01
    outer loop
      vertex -1.605230e+01 -1.825625e+01 7.268317e+00
      vertex -1.645194e+01 -2.301875e+01 7.158624e+00
      vertex -1.605230e+01 -2.301875e+01 7.268316e+00
    endloop
  endfacet
  facet normal -5.052574e-01 -3.891062e-07 8.629687e-01
    outer loop
      vertex -1.605230e+01 -2.301875e+01 7.268316e+00
      vertex -1.569467e+01 -1.825625e+01 7.477706e+00
      vertex -1.605230e+01 -1.825625e+01 7.268317e+00
    endloop
  endfacet
  facet normal -5.052574e-01 -3.891062e-07 8.629687e-01
    outer loop
      vertex -1.569467e+01 -1.825625e+01 7.477706e+00
      vertex -1.605230e+01 -2.301875e+01 7.268316e+00
      vertex -1.569467e+01 -2.301875e+01 7.477706e+00
    endloop
  endfacet
  facet normal -7.113938e-01 -5.238268e-07 7.027935e-01
    outer loop
      vertex -1.540342e+01 -2.301875e+01 7.772522e+00
      vertex -1.569467e+01 -1.825625e+01 7.477706e+00
      vertex -1.569467e+01 -2.301875e+01 7.477706e+00
    endloop
  endfacet
  facet normal -7.113938e-01 -5.238268e-07 7.027935e-01
    outer loop
      vertex -1.569467e+01 -1.825625e+01 7.477706e+00
      vertex -1.540342e+01 -2.301875e+01 7.772522e+00
      vertex -1.540342e+01 -1.825625e+01 7.772522e+00
    endloop
  endfacet
  facet normal -8.690500e-01 -6.228494e-07 4.947242e-01
    outer loop
      vertex -1.519839e+01 -2.301875e+01 8.132674e+00
      vertex -1.540342e+01 -1.825625e+01 7.772522e+00
      vertex -1.540342e+01 -2.301875e+01 7.772522e+00
    endloop
  endfacet
  facet normal -8.690500e-01 -6.228494e-07 4.947242e-01
    outer loop
      vertex -1.540342e+01 -1.825625e+01 7.772522e+00
      vertex -1.519839e+01 -2.301875e+01 8.132674e+00
      vertex -1.519840e+01 -1.825625e+01 8.132674e+00
    endloop
  endfacet
  facet normal -9.674819e-01 -6.794261e-07 2.529401e-01
    outer loop
      vertex -1.509357e+01 -2.301875e+01 8.533619e+00
      vertex -1.519840e+01 -1.825625e+01 8.132674e+00
      vertex -1.519839e+01 -2.301875e+01 8.132674e+00
    endloop
  endfacet
  facet normal -9.674819e-01 -6.794261e-07 2.529401e-01
    outer loop
      vertex -1.519840e+01 -1.825625e+01 8.132674e+00
      vertex -1.509357e+01 -2.301875e+01 8.533619e+00
      vertex -1.509357e+01 -1.825625e+01 8.533619e+00
    endloop
  endfacet
  facet normal -9.999815e-01 -6.897008e-07 -6.081328e-03
    outer loop
      vertex -1.509609e+01 -1.825625e+01 8.948032e+00
      vertex -1.509357e+01 -2.301875e+01 8.533619e+00
      vertex -1.509609e+01 -2.301875e+01 8.948031e+00
    endloop
  endfacet
  facet normal -9.999815e-01 -6.897008e-07 -6.081328e-03
    outer loop
      vertex -1.509357e+01 -2.301875e+01 8.533619e+00
      vertex -1.509609e+01 -1.825625e+01 8.948032e+00
      vertex -1.509357e+01 -1.825625e+01 8.533619e+00
    endloop
  endfacet
  facet normal -9.643340e-01 -6.529737e-07 -2.646884e-01
    outer loop
      vertex -1.520578e+01 -1.825625e+01 9.347672e+00
      vertex -1.509609e+01 -2.301875e+01 8.948031e+00
      vertex -1.520578e+01 -2.301875e+01 9.347672e+00
    endloop
  endfacet
  facet normal -9.643340e-01 -6.529737e-07 -2.646884e-01
    outer loop
      vertex -1.509609e+01 -2.301875e+01 8.948031e+00
      vertex -1.520578e+01 -1.825625e+01 9.347672e+00
      vertex -1.509609e+01 -1.825625e+01 8.948032e+00
    endloop
  endfacet
  facet normal -8.629687e-01 -5.717474e-07 -5.052574e-01
    outer loop
      vertex -1.541517e+01 -1.825625e+01 9.705304e+00
      vertex -1.520578e+01 -2.301875e+01 9.347672e+00
      vertex -1.541517e+01 -2.301875e+01 9.705303e+00
    endloop
  endfacet
  facet normal -8.629687e-01 -5.717474e-07 -5.052574e-01
    outer loop
      vertex -1.520578e+01 -2.301875e+01 9.347672e+00
      vertex -1.541517e+01 -1.825625e+01 9.705304e+00
      vertex -1.520578e+01 -1.825625e+01 9.347672e+00
    endloop
  endfacet
  facet normal -7.027935e-01 -4.515575e-07 -7.113938e-01
    outer loop
      vertex -1.541517e+01 -1.825625e+01 9.705304e+00
      vertex -1.570999e+01 -2.301875e+01 9.996555e+00
      vertex -1.570999e+01 -1.825625e+01 9.996556e+00
    endloop
  endfacet
  facet normal -7.027935e-01 -4.515575e-07 -7.113938e-01
    outer loop
      vertex -1.570999e+01 -2.301875e+01 9.996555e+00
      vertex -1.541517e+01 -1.825625e+01 9.705304e+00
      vertex -1.541517e+01 -2.301875e+01 9.705303e+00
    endloop
  endfacet
  facet normal -4.947242e-01 -3.005946e-07 -8.690500e-01
    outer loop
      vertex -1.570999e+01 -1.825625e+01 9.996556e+00
      vertex -1.607014e+01 -2.301875e+01 1.020158e+01
      vertex -1.607014e+01 -1.825625e+01 1.020158e+01
    endloop
  endfacet
  facet normal -4.947242e-01 -3.005946e-07 -8.690500e-01
    outer loop
      vertex -1.607014e+01 -2.301875e+01 1.020158e+01
      vertex -1.570999e+01 -1.825625e+01 9.996556e+00
      vertex -1.570999e+01 -2.301875e+01 9.996555e+00
    endloop
  endfacet
  facet normal -2.529401e-01 -1.291468e-07 -9.674819e-01
    outer loop
      vertex -1.607014e+01 -1.825625e+01 1.020158e+01
      vertex -1.647108e+01 -2.301875e+01 1.030640e+01
      vertex -1.647109e+01 -1.825625e+01 1.030640e+01
    endloop
  endfacet
  facet normal -2.529401e-01 -1.291468e-07 -9.674819e-01
    outer loop
      vertex -1.647108e+01 -2.301875e+01 1.030640e+01
      vertex -1.607014e+01 -1.825625e+01 1.020158e+01
      vertex -1.607014e+01 -2.301875e+01 1.020158e+01
    endloop
  endfacet
  facet normal 6.081328e-03 5.110219e-08 -9.999815e-01
    outer loop
      vertex -1.647109e+01 -1.825625e+01 1.030640e+01
      vertex -1.688550e+01 -2.301875e+01 1.030388e+01
      vertex -1.688550e+01 -1.825625e+01 1.030388e+01
    endloop
  endfacet
  facet normal 6.081328e-03 5.110219e-08 -9.999815e-01
    outer loop
      vertex -1.688550e+01 -2.301875e+01 1.030388e+01
      vertex -1.647109e+01 -1.825625e+01 1.030640e+01
      vertex -1.647108e+01 -2.301875e+01 1.030640e+01
    endloop
  endfacet
  facet normal 2.646884e-01 2.278686e-07 -9.643340e-01
    outer loop
      vertex -1.688550e+01 -1.825625e+01 1.030388e+01
      vertex -1.728514e+01 -2.301875e+01 1.019419e+01
      vertex -1.728514e+01 -1.825625e+01 1.019419e+01
    endloop
  endfacet
  facet normal 2.646884e-01 2.278686e-07 -9.643340e-01
    outer loop
      vertex -1.728514e+01 -2.301875e+01 1.019419e+01
      vertex -1.688550e+01 -1.825625e+01 1.030388e+01
      vertex -1.688550e+01 -2.301875e+01 1.030388e+01
    endloop
  endfacet
  facet normal 5.052574e-01 3.891062e-07 -8.629687e-01
    outer loop
      vertex -1.728514e+01 -1.825625e+01 1.019419e+01
      vertex -1.764277e+01 -2.301875e+01 9.984802e+00
      vertex -1.764277e+01 -1.825625e+01 9.984802e+00
    endloop
  endfacet
  facet normal 5.052574e-01 3.891062e-07 -8.629687e-01
    outer loop
      vertex -1.764277e+01 -2.301875e+01 9.984802e+00
      vertex -1.728514e+01 -1.825625e+01 1.019419e+01
      vertex -1.728514e+01 -2.301875e+01 1.019419e+01
    endloop
  endfacet
  facet normal 7.113938e-01 5.238268e-07 -7.027935e-01
    outer loop
      vertex -1.793402e+01 -1.825625e+01 9.689986e+00
      vertex -1.764277e+01 -2.301875e+01 9.984802e+00
      vertex -1.793402e+01 -2.301875e+01 9.689985e+00
    endloop
  endfacet
  facet normal 7.113938e-01 5.238268e-07 -7.027935e-01
    outer loop
      vertex -1.764277e+01 -2.301875e+01 9.984802e+00
      vertex -1.793402e+01 -1.825625e+01 9.689986e+00
      vertex -1.764277e+01 -1.825625e+01 9.984802e+00
    endloop
  endfacet
  facet normal 8.690500e-01 6.228494e-07 -4.947242e-01
    outer loop
      vertex -1.813905e+01 -1.825625e+01 9.329833e+00
      vertex -1.793402e+01 -2.301875e+01 9.689985e+00
      vertex -1.813904e+01 -2.301875e+01 9.329833e+00
    endloop
  endfacet
  facet normal 8.690500e-01 6.228494e-07 -4.947242e-01
    outer loop
      vertex -1.793402e+01 -2.301875e+01 9.689985e+00
      vertex -1.813905e+01 -1.825625e+01 9.329833e+00
      vertex -1.793402e+01 -1.825625e+01 9.689986e+00
    endloop
  endfacet
  facet normal 9.674819e-01 6.794261e-07 -2.529401e-01
    outer loop
      vertex -1.824387e+01 -1.825625e+01 8.928889e+00
      vertex -1.813904e+01 -2.301875e+01 9.329833e+00
      vertex -1.824387e+01 -2.301875e+01 8.928889e+00
    endloop
  endfacet
  facet normal 9.674819e-01 6.794261e-07 -2.529401e-01
    outer loop
      vertex -1.813904e+01 -2.301875e+01 9.329833e+00
      vertex -1.824387e+01 -1.825625e+01 8.928889e+00
      vertex -1.813905e+01 -1.825625e+01 9.329833e+00
    endloop
  endfacet
  facet normal -9.036566e-07 -3.367100e-07 1.000000e+00
    outer loop
      vertex -2.062216e+01 -2.301876e+01 2.540000e+01
      vertex 2.063753e+01 -1.825623e+01 2.540004e+01
      vertex -2.062217e+01 -1.825626e+01 2.540000e+01
    endloop
  endfacet
  facet normal -9.036566e-07 -3.367100e-07 1.000000e+00
    outer loop
      vertex 2.063753e+01 -1.825623e+01 2.540004e+01
      vertex -2.062216e+01 -2.301876e+01 2.540000e+01
      vertex 2.381253e+01 -2.301873e+01 2.540004e+01
    endloop
  endfacet
  facet normal -9.036566e-07 -3.367100e-07 1.000000e+00
    outer loop
      vertex 2.063753e+01 -1.825623e+01 2.540004e+01
      vertex 2.381253e+01 -2.301873e+01 2.540004e+01
      vertex 2.381253e+01 -1.825626e+01 2.540004e+01
    endloop
  endfacet
  facet normal 0.000000e+00 -3.826834e-01 -9.238795e-01
    outer loop
      vertex -2.062164e+01 -1.349376e+01 2.121860e+01
      vertex -2.381247e+01 -1.387663e+01 2.137720e+01
      vertex -2.381247e+01 -1.349376e+01 2.121860e+01
    endloop
  endfacet
  facet normal 0.000000e+00 -3.826834e-01 -9.238795e-01
    outer loop
      vertex -2.381247e+01 -1.387663e+01 2.137720e+01
      vertex -2.062164e+01 -1.349376e+01 2.121860e+01
      vertex -2.062164e+01 -1.387663e+01 2.137720e+01
    endloop
  endfacet
  facet normal 0.000000e+00 -6.087614e-01 -7.933533e-01
    outer loop
      vertex -2.062164e+01 -1.316497e+01 2.096632e+01
      vertex -2.381247e+01 -1.349376e+01 2.121860e+01
      vertex -2.381247e+01 -1.316497e+01 2.096632e+01
    endloop
  endfacet
  facet normal 0.000000e+00 -6.087614e-01 -7.933533e-01
    outer loop
      vertex -2.381247e+01 -1.349376e+01 2.121860e+01
      vertex -2.062164e+01 -1.316497e+01 2.096632e+01
      vertex -2.062164e+01 -1.349376e+01 2.121860e+01
    endloop
  endfacet
  facet normal 2.091156e-18 -7.933533e-01 -6.087614e-01
    outer loop
      vertex -2.062164e+01 -1.316497e+01 2.096632e+01
      vertex -2.381247e+01 -1.291269e+01 2.063754e+01
      vertex -2.062164e+01 -1.291269e+01 2.063754e+01
    endloop
  endfacet
  facet normal 2.091156e-18 -7.933533e-01 -6.087614e-01
    outer loop
      vertex -2.381247e+01 -1.291269e+01 2.063754e+01
      vertex -2.062164e+01 -1.316497e+01 2.096632e+01
      vertex -2.381247e+01 -1.316497e+01 2.096632e+01
    endloop
  endfacet
  facet normal 0.000000e+00 -9.238795e-01 -3.826834e-01
    outer loop
      vertex -2.062164e+01 -1.291269e+01 2.063754e+01
      vertex -2.381247e+01 -1.275410e+01 2.025466e+01
      vertex -2.062164e+01 -1.275410e+01 2.025466e+01
    endloop
  endfacet
  facet normal 0.000000e+00 -9.238795e-01 -3.826834e-01
    outer loop
      vertex -2.381247e+01 -1.275410e+01 2.025466e+01
      vertex -2.062164e+01 -1.291269e+01 2.063754e+01
      vertex -2.381247e+01 -1.291269e+01 2.063754e+01
    endloop
  endfacet
  facet normal -8.514279e-19 -9.914448e-01 -1.305262e-01
    outer loop
      vertex -2.062164e+01 -1.275410e+01 2.025466e+01
      vertex -2.381247e+01 -1.270001e+01 1.984379e+01
      vertex -2.062164e+01 -1.270001e+01 1.984379e+01
    endloop
  endfacet
  facet normal -8.514279e-19 -9.914448e-01 -1.305262e-01
    outer loop
      vertex -2.381247e+01 -1.270001e+01 1.984379e+01
      vertex -2.062164e+01 -1.275410e+01 2.025466e+01
      vertex -2.381247e+01 -1.275410e+01 2.025466e+01
    endloop
  endfacet
  facet normal 8.514279e-19 -9.914448e-01 1.305262e-01
    outer loop
      vertex -2.062164e+01 -1.270001e+01 1.984379e+01
      vertex -2.381247e+01 -1.275410e+01 1.943292e+01
      vertex -2.062164e+01 -1.275410e+01 1.943292e+01
    endloop
  endfacet
  facet normal 8.514279e-19 -9.914448e-01 1.305262e-01
    outer loop
      vertex -2.381247e+01 -1.275410e+01 1.943292e+01
      vertex -2.062164e+01 -1.270001e+01 1.984379e+01
      vertex -2.381247e+01 -1.270001e+01 1.984379e+01
    endloop
  endfacet
  facet normal 1.314556e-18 -9.238795e-01 3.826834e-01
    outer loop
      vertex -2.062164e+01 -1.275410e+01 1.943292e+01
      vertex -2.381247e+01 -1.291269e+01 1.905004e+01
      vertex -2.062164e+01 -1.291269e+01 1.905004e+01
    endloop
  endfacet
  facet normal 1.314556e-18 -9.238795e-01 3.826834e-01
    outer loop
      vertex -2.381247e+01 -1.291269e+01 1.905004e+01
      vertex -2.062164e+01 -1.275410e+01 1.943292e+01
      vertex -2.381247e+01 -1.275410e+01 1.943292e+01
    endloop
  endfacet
  facet normal 2.091156e-18 -7.933533e-01 6.087614e-01
    outer loop
      vertex -2.062164e+01 -1.291269e+01 1.905004e+01
      vertex -2.381247e+01 -1.316497e+01 1.872126e+01
      vertex -2.062164e+01 -1.316497e+01 1.872126e+01
    endloop
  endfacet
  facet normal 2.091156e-18 -7.933533e-01 6.087614e-01
    outer loop
      vertex -2.381247e+01 -1.316497e+01 1.872126e+01
      vertex -2.062164e+01 -1.291269e+01 1.905004e+01
      vertex -2.381247e+01 -1.291269e+01 1.905004e+01
    endloop
  endfacet
  facet normal 1.188684e-31 -6.087614e-01 7.933533e-01
    outer loop
      vertex -2.062164e+01 -1.349376e+01 1.846898e+01
      vertex -2.381247e+01 -1.316497e+01 1.872126e+01
      vertex -2.381247e+01 -1.349376e+01 1.846898e+01
    endloop
  endfacet
  facet normal 1.188684e-31 -6.087614e-01 7.933533e-01
    outer loop
      vertex -2.381247e+01 -1.316497e+01 1.872126e+01
      vertex -2.062164e+01 -1.349376e+01 1.846898e+01
      vertex -2.062164e+01 -1.316497e+01 1.872126e+01
    endloop
  endfacet
  facet normal -1.314556e-18 -3.826834e-01 9.238795e-01
    outer loop
      vertex -2.062164e+01 -1.387663e+01 1.831038e+01
      vertex -2.381247e+01 -1.349376e+01 1.846898e+01
      vertex -2.381247e+01 -1.387663e+01 1.831038e+01
    endloop
  endfacet
  facet normal -1.314556e-18 -3.826834e-01 9.238795e-01
    outer loop
      vertex -2.381247e+01 -1.349376e+01 1.846898e+01
      vertex -2.062164e+01 -1.387663e+01 1.831038e+01
      vertex -2.062164e+01 -1.349376e+01 1.846898e+01
    endloop
  endfacet
  facet normal -8.514279e-19 -1.305262e-01 9.914448e-01
    outer loop
      vertex -2.062164e+01 -1.428751e+01 1.825629e+01
      vertex -2.381247e+01 -1.387663e+01 1.831038e+01
      vertex -2.381247e+01 -1.428751e+01 1.825629e+01
    endloop
  endfacet
  facet normal -8.514279e-19 -1.305262e-01 9.914448e-01
    outer loop
      vertex -2.381247e+01 -1.387663e+01 1.831038e+01
      vertex -2.062164e+01 -1.428751e+01 1.825629e+01
      vertex -2.062164e+01 -1.387663e+01 1.831038e+01
    endloop
  endfacet
  facet normal -8.514279e-19 1.305262e-01 9.914448e-01
    outer loop
      vertex -2.062164e+01 -1.469838e+01 1.831038e+01
      vertex -2.381247e+01 -1.428751e+01 1.825629e+01
      vertex -2.381247e+01 -1.469838e+01 1.831038e+01
    endloop
  endfacet
  facet normal -8.514279e-19 1.305262e-01 9.914448e-01
    outer loop
      vertex -2.381247e+01 -1.428751e+01 1.825629e+01
      vertex -2.062164e+01 -1.469838e+01 1.831038e+01
      vertex -2.062164e+01 -1.428751e+01 1.825629e+01
    endloop
  endfacet
  facet normal 2.901364e-18 3.826834e-01 9.238795e-01
    outer loop
      vertex -2.062164e+01 -1.508126e+01 1.846898e+01
      vertex -2.381247e+01 -1.469838e+01 1.831038e+01
      vertex -2.381247e+01 -1.508126e+01 1.846898e+01
    endloop
  endfacet
  facet normal 2.901364e-18 3.826834e-01 9.238795e-01
    outer loop
      vertex -2.381247e+01 -1.469838e+01 1.831038e+01
      vertex -2.062164e+01 -1.508126e+01 1.846898e+01
      vertex -2.062164e+01 -1.469838e+01 1.831038e+01
    endloop
  endfacet
  facet normal 2.725247e-18 6.087614e-01 7.933533e-01
    outer loop
      vertex -2.062164e+01 -1.541004e+01 1.872126e+01
      vertex -2.381247e+01 -1.508126e+01 1.846898e+01
      vertex -2.381247e+01 -1.541004e+01 1.872126e+01
    endloop
  endfacet
  facet normal 2.725247e-18 6.087614e-01 7.933533e-01
    outer loop
      vertex -2.381247e+01 -1.508126e+01 1.846898e+01
      vertex -2.062164e+01 -1.541004e+01 1.872126e+01
      vertex -2.062164e+01 -1.508126e+01 1.846898e+01
    endloop
  endfacet
  facet normal 2.091156e-18 7.933533e-01 6.087614e-01
    outer loop
      vertex -2.381247e+01 -1.566232e+01 1.905004e+01
      vertex -2.062164e+01 -1.541004e+01 1.872126e+01
      vertex -2.381247e+01 -1.541004e+01 1.872126e+01
    endloop
  endfacet
  facet normal 2.091156e-18 7.933533e-01 6.087614e-01
    outer loop
      vertex -2.062164e+01 -1.541004e+01 1.872126e+01
      vertex -2.381247e+01 -1.566232e+01 1.905004e+01
      vertex -2.062164e+01 -1.566232e+01 1.905004e+01
    endloop
  endfacet
  facet normal 0.000000e+00 9.238795e-01 3.826834e-01
    outer loop
      vertex -2.381247e+01 -1.582091e+01 1.943292e+01
      vertex -2.062164e+01 -1.566232e+01 1.905004e+01
      vertex -2.381247e+01 -1.566232e+01 1.905004e+01
    endloop
  endfacet
  facet normal 0.000000e+00 9.238795e-01 3.826834e-01
    outer loop
      vertex -2.062164e+01 -1.566232e+01 1.905004e+01
      vertex -2.381247e+01 -1.582091e+01 1.943292e+01
      vertex -2.062164e+01 -1.582091e+01 1.943292e+01
    endloop
  endfacet
  facet normal -8.514279e-19 9.914448e-01 1.305262e-01
    outer loop
      vertex -2.381247e+01 -1.587501e+01 1.984379e+01
      vertex -2.062164e+01 -1.582091e+01 1.943292e+01
      vertex -2.381247e+01 -1.582091e+01 1.943292e+01
    endloop
  endfacet
  facet normal -8.514279e-19 9.914448e-01 1.305262e-01
    outer loop
      vertex -2.062164e+01 -1.582091e+01 1.943292e+01
      vertex -2.381247e+01 -1.587501e+01 1.984379e+01
      vertex -2.062164e+01 -1.587501e+01 1.984379e+01
    endloop
  endfacet
  facet normal -1.019476e-31 9.914448e-01 -1.305262e-01
    outer loop
      vertex -2.381247e+01 -1.582091e+01 2.025466e+01
      vertex -2.062164e+01 -1.587501e+01 1.984379e+01
      vertex -2.381247e+01 -1.587501e+01 1.984379e+01
    endloop
  endfacet
  facet normal -1.019476e-31 9.914448e-01 -1.305262e-01
    outer loop
      vertex -2.062164e+01 -1.587501e+01 1.984379e+01
      vertex -2.381247e+01 -1.582091e+01 2.025466e+01
      vertex -2.062164e+01 -1.582091e+01 2.025466e+01
    endloop
  endfacet
  facet normal 1.314556e-18 9.238795e-01 -3.826834e-01
    outer loop
      vertex -2.381247e+01 -1.566232e+01 2.063754e+01
      vertex -2.062164e+01 -1.582091e+01 2.025466e+01
      vertex -2.381247e+01 -1.582091e+01 2.025466e+01
    endloop
  endfacet
  facet normal 1.314556e-18 9.238795e-01 -3.826834e-01
    outer loop
      vertex -2.062164e+01 -1.582091e+01 2.025466e+01
      vertex -2.381247e+01 -1.566232e+01 2.063754e+01
      vertex -2.062164e+01 -1.566232e+01 2.063754e+01
    endloop
  endfacet
  facet normal 2.091156e-18 7.933533e-01 -6.087614e-01
    outer loop
      vertex -2.381247e+01 -1.541004e+01 2.096632e+01
      vertex -2.062164e+01 -1.566232e+01 2.063754e+01
      vertex -2.381247e+01 -1.566232e+01 2.063754e+01
    endloop
  endfacet
  facet normal 2.091156e-18 7.933533e-01 -6.087614e-01
    outer loop
      vertex -2.062164e+01 -1.566232e+01 2.063754e+01
      vertex -2.381247e+01 -1.541004e+01 2.096632e+01
      vertex -2.062164e+01 -1.541004e+01 2.096632e+01
    endloop
  endfacet
  facet normal 5.943422e-32 6.087614e-01 -7.933533e-01
    outer loop
      vertex -2.062164e+01 -1.508126e+01 2.121860e+01
      vertex -2.381247e+01 -1.541004e+01 2.096632e+01
      vertex -2.381247e+01 -1.508126e+01 2.121860e+01
    endloop
  endfacet
  facet normal 5.943422e-32 6.087614e-01 -7.933533e-01
    outer loop
      vertex -2.381247e+01 -1.541004e+01 2.096632e+01
      vertex -2.062164e+01 -1.508126e+01 2.121860e+01
      vertex -2.062164e+01 -1.541004e+01 2.096632e+01
    endloop
  endfacet
  facet normal -3.736192e-32 3.826834e-01 -9.238795e-01
    outer loop
      vertex -2.062164e+01 -1.469838e+01 2.137720e+01
      vertex -2.381247e+01 -1.508126e+01 2.121860e+01
      vertex -2.381247e+01 -1.469838e+01 2.137720e+01
    endloop
  endfacet
  facet normal -3.736192e-32 3.826834e-01 -9.238795e-01
    outer loop
      vertex -2.381247e+01 -1.508126e+01 2.121860e+01
      vertex -2.062164e+01 -1.469838e+01 2.137720e+01
      vertex -2.062164e+01 -1.508126e+01 2.121860e+01
    endloop
  endfacet
  facet normal -8.514279e-19 1.305262e-01 -9.914448e-01
    outer loop
      vertex -2.062164e+01 -1.428751e+01 2.143129e+01
      vertex -2.381247e+01 -1.469838e+01 2.137720e+01
      vertex -2.381247e+01 -1.428751e+01 2.143129e+01
    endloop
  endfacet
  facet normal -8.514279e-19 1.305262e-01 -9.914448e-01
    outer loop
      vertex -2.381247e+01 -1.469838e+01 2.137720e+01
      vertex -2.062164e+01 -1.428751e+01 2.143129e+01
      vertex -2.062164e+01 -1.469838e+01 2.137720e+01
    endloop
  endfacet
  facet normal -8.514279e-19 -1.305262e-01 -9.914448e-01
    outer loop
      vertex -2.062164e+01 -1.387663e+01 2.137720e+01
      vertex -2.381247e+01 -1.428751e+01 2.143129e+01
      vertex -2.381247e+01 -1.387663e+01 2.137720e+01
    endloop
  endfacet
  facet normal -8.514279e-19 -1.305262e-01 -9.914448e-01
    outer loop
      vertex -2.381247e+01 -1.428751e+01 2.143129e+01
      vertex -2.062164e+01 -1.387663e+01 2.137720e+01
      vertex -2.062164e+01 -1.428751e+01 2.143129e+01
    endloop
  endfacet
  facet normal 4.722745e-09 2.157483e-01 9.764490e-01
    outer loop
      vertex -2.062142e+01 -1.482941e+01 7.239144e+00
      vertex -2.381247e+01 -1.442475e+01 7.149733e+00
      vertex -2.381247e+01 -1.482941e+01 7.239144e+00
    endloop
  endfacet
  facet normal 4.722745e-09 2.157483e-01 9.764490e-01
    outer loop
      vertex -2.381247e+01 -1.442475e+01 7.149733e+00
      vertex -2.062142e+01 -1.482941e+01 7.239144e+00
      vertex -2.062142e+01 -1.442475e+01 7.149733e+00
    endloop
  endfacet
  facet normal 1.001417e-09 4.611205e-01 8.873376e-01
    outer loop
      vertex -2.062142e+01 -1.519714e+01 7.430241e+00
      vertex -2.381247e+01 -1.482941e+01 7.239144e+00
      vertex -2.381247e+01 -1.519714e+01 7.430241e+00
    endloop
  endfacet
  facet normal 1.001417e-09 4.611205e-01 8.873376e-01
    outer loop
      vertex -2.381247e+01 -1.482941e+01 7.239144e+00
      vertex -2.062142e+01 -1.519714e+01 7.430241e+00
      vertex -2.062142e+01 -1.482941e+01 7.239144e+00
    endloop
  endfacet
  facet normal -2.788157e-09 6.750680e-01 7.377555e-01
    outer loop
      vertex -2.062142e+01 -1.550288e+01 7.710004e+00
      vertex -2.381247e+01 -1.519714e+01 7.430241e+00
      vertex -2.381247e+01 -1.550288e+01 7.710004e+00
    endloop
  endfacet
  facet normal -2.788157e-09 6.750680e-01 7.377555e-01
    outer loop
      vertex -2.381247e+01 -1.519714e+01 7.430241e+00
      vertex -2.062142e+01 -1.550288e+01 7.710004e+00
      vertex -2.062142e+01 -1.519714e+01 7.430241e+00
    endloop
  endfacet
  facet normal -6.387723e-09 8.430109e-01 5.378966e-01
    outer loop
      vertex -2.381247e+01 -1.550288e+01 7.710004e+00
      vertex -2.062142e+01 -1.572579e+01 8.059365e+00
      vertex -2.062142e+01 -1.550288e+01 7.710004e+00
    endloop
  endfacet
  facet normal -6.387723e-09 8.430109e-01 5.378966e-01
    outer loop
      vertex -2.062142e+01 -1.572579e+01 8.059365e+00
      vertex -2.381247e+01 -1.550288e+01 7.710004e+00
      vertex -2.381247e+01 -1.572579e+01 8.059365e+00
    endloop
  endfacet
  facet normal -9.551975e-09 9.535038e-01 3.013810e-01
    outer loop
      vertex -2.381247e+01 -1.572579e+01 8.059365e+00
      vertex -2.062142e+01 -1.585069e+01 8.454517e+00
      vertex -2.062142e+01 -1.572579e+01 8.059365e+00
    endloop
  endfacet
  facet normal -9.551975e-09 9.535038e-01 3.013810e-01
    outer loop
      vertex -2.062142e+01 -1.585069e+01 8.454517e+00
      vertex -2.381247e+01 -1.572579e+01 8.059365e+00
      vertex -2.381247e+01 -1.585069e+01 8.454517e+00
    endloop
  endfacet
  facet normal -1.206528e-08 9.990171e-01 4.432671e-02
    outer loop
      vertex -2.381247e+01 -1.585069e+01 8.454517e+00
      vertex -2.062142e+01 -1.586906e+01 8.868530e+00
      vertex -2.062142e+01 -1.585069e+01 8.454517e+00
    endloop
  endfacet
  facet normal -1.206528e-08 9.990171e-01 4.432671e-02
    outer loop
      vertex -2.062142e+01 -1.586906e+01 8.868530e+00
      vertex -2.381247e+01 -1.585069e+01 8.454517e+00
      vertex -2.381247e+01 -1.586906e+01 8.868530e+00
    endloop
  endfacet
  facet normal -1.375635e-08 9.764490e-01 -2.157483e-01
    outer loop
      vertex -2.381247e+01 -1.586906e+01 8.868530e+00
      vertex -2.062142e+01 -1.577965e+01 9.273191e+00
      vertex -2.062142e+01 -1.586906e+01 8.868530e+00
    endloop
  endfacet
  facet normal -1.375635e-08 9.764490e-01 -2.157483e-01
    outer loop
      vertex -2.062142e+01 -1.577965e+01 9.273191e+00
      vertex -2.381247e+01 -1.586906e+01 8.868530e+00
      vertex -2.381247e+01 -1.577965e+01 9.273191e+00
    endloop
  endfacet
  facet normal -1.450995e-08 8.873376e-01 -4.611205e-01
    outer loop
      vertex -2.381247e+01 -1.577965e+01 9.273191e+00
      vertex -2.062142e+01 -1.558855e+01 9.640921e+00
      vertex -2.062142e+01 -1.577965e+01 9.273191e+00
    endloop
  endfacet
  facet normal -1.450995e-08 8.873376e-01 -4.611205e-01
    outer loop
      vertex -2.062142e+01 -1.558855e+01 9.640921e+00
      vertex -2.381247e+01 -1.577965e+01 9.273191e+00
      vertex -2.381247e+01 -1.558855e+01 9.640921e+00
    endloop
  endfacet
  facet normal -1.427472e-08 7.377555e-01 -6.750680e-01
    outer loop
      vertex -2.381247e+01 -1.558855e+01 9.640921e+00
      vertex -2.062142e+01 -1.530879e+01 9.946663e+00
      vertex -2.062142e+01 -1.558855e+01 9.640921e+00
    endloop
  endfacet
  facet normal -1.427472e-08 7.377555e-01 -6.750680e-01
    outer loop
      vertex -2.062142e+01 -1.530879e+01 9.946663e+00
      vertex -2.381247e+01 -1.558855e+01 9.640921e+00
      vertex -2.381247e+01 -1.530879e+01 9.946663e+00
    endloop
  endfacet
  facet normal -1.306669e-08 5.378966e-01 -8.430109e-01
    outer loop
      vertex -2.062142e+01 -1.495943e+01 1.016958e+01
      vertex -2.381247e+01 -1.530879e+01 9.946663e+00
      vertex -2.381247e+01 -1.495943e+01 1.016958e+01
    endloop
  endfacet
  facet normal -1.306669e-08 5.378966e-01 -8.430109e-01
    outer loop
      vertex -2.381247e+01 -1.530879e+01 9.946663e+00
      vertex -2.062142e+01 -1.495943e+01 1.016958e+01
      vertex -2.062142e+01 -1.530879e+01 9.946663e+00
    endloop
  endfacet
  facet normal -1.096819e-08 3.013810e-01 -9.535038e-01
    outer loop
      vertex -2.062142e+01 -1.456428e+01 1.029448e+01
      vertex -2.381247e+01 -1.495943e+01 1.016958e+01
      vertex -2.381247e+01 -1.456428e+01 1.029448e+01
    endloop
  endfacet
  facet normal -1.096819e-08 3.013810e-01 -9.535038e-01
    outer loop
      vertex -2.381247e+01 -1.495943e+01 1.016958e+01
      vertex -2.062142e+01 -1.456428e+01 1.029448e+01
      vertex -2.062142e+01 -1.495943e+01 1.016958e+01
    endloop
  endfacet
  facet normal -8.122228e-09 4.432671e-02 -9.990171e-01
    outer loop
      vertex -2.062142e+01 -1.415027e+01 1.031285e+01
      vertex -2.381247e+01 -1.456428e+01 1.029448e+01
      vertex -2.381247e+01 -1.415027e+01 1.031285e+01
    endloop
  endfacet
  facet normal -8.122228e-09 4.432671e-02 -9.990171e-01
    outer loop
      vertex -2.381247e+01 -1.456428e+01 1.029448e+01
      vertex -2.062142e+01 -1.415027e+01 1.031285e+01
      vertex -2.062142e+01 -1.456428e+01 1.029448e+01
    endloop
  endfacet
  facet normal -4.722746e-09 -2.157483e-01 -9.764490e-01
    outer loop
      vertex -2.062142e+01 -1.374561e+01 1.022344e+01
      vertex -2.381247e+01 -1.415027e+01 1.031285e+01
      vertex -2.381247e+01 -1.374561e+01 1.022344e+01
    endloop
  endfacet
  facet normal -4.722746e-09 -2.157483e-01 -9.764490e-01
    outer loop
      vertex -2.381247e+01 -1.415027e+01 1.031285e+01
      vertex -2.062142e+01 -1.374561e+01 1.022344e+01
      vertex -2.062142e+01 -1.415027e+01 1.031285e+01
    endloop
  endfacet
  facet normal -1.001417e-09 -4.611205e-01 -8.873376e-01
    outer loop
      vertex -2.062142e+01 -1.337787e+01 1.003234e+01
      vertex -2.381247e+01 -1.374561e+01 1.022344e+01
      vertex -2.381247e+01 -1.337787e+01 1.003234e+01
    endloop
  endfacet
  facet normal -1.001417e-09 -4.611205e-01 -8.873376e-01
    outer loop
      vertex -2.381247e+01 -1.374561e+01 1.022344e+01
      vertex -2.062142e+01 -1.337787e+01 1.003234e+01
      vertex -2.062142e+01 -1.374561e+01 1.022344e+01
    endloop
  endfacet
  facet normal 2.788157e-09 -6.750680e-01 -7.377555e-01
    outer loop
      vertex -2.062142e+01 -1.307213e+01 9.752576e+00
      vertex -2.381247e+01 -1.337787e+01 1.003234e+01
      vertex -2.381247e+01 -1.307213e+01 9.752576e+00
    endloop
  endfacet
  facet normal 2.788157e-09 -6.750680e-01 -7.377555e-01
    outer loop
      vertex -2.381247e+01 -1.337787e+01 1.003234e+01
      vertex -2.062142e+01 -1.307213e+01 9.752576e+00
      vertex -2.062142e+01 -1.337787e+01 1.003234e+01
    endloop
  endfacet
  facet normal 6.387723e-09 -8.430109e-01 -5.378966e-01
    outer loop
      vertex -2.062142e+01 -1.307213e+01 9.752576e+00
      vertex -2.381247e+01 -1.284922e+01 9.403215e+00
      vertex -2.062142e+01 -1.284922e+01 9.403215e+00
    endloop
  endfacet
  facet normal 6.387723e-09 -8.430109e-01 -5.378966e-01
    outer loop
      vertex -2.381247e+01 -1.284922e+01 9.403215e+00
      vertex -2.062142e+01 -1.307213e+01 9.752576e+00
      vertex -2.381247e+01 -1.307213e+01 9.752576e+00
    endloop
  endfacet
  facet normal 9.551975e-09 -9.535038e-01 -3.013810e-01
    outer loop
      vertex -2.062142e+01 -1.284922e+01 9.403215e+00
      vertex -2.381247e+01 -1.272432e+01 9.008063e+00
      vertex -2.062142e+01 -1.272432e+01 9.008063e+00
    endloop
  endfacet
  facet normal 9.551975e-09 -9.535038e-01 -3.013810e-01
    outer loop
      vertex -2.381247e+01 -1.272432e+01 9.008063e+00
      vertex -2.062142e+01 -1.284922e+01 9.403215e+00
      vertex -2.381247e+01 -1.284922e+01 9.403215e+00
    endloop
  endfacet
  facet normal 1.206528e-08 -9.990171e-01 -4.432671e-02
    outer loop
      vertex -2.062142e+01 -1.272432e+01 9.008063e+00
      vertex -2.381247e+01 -1.270595e+01 8.594050e+00
      vertex -2.062142e+01 -1.270595e+01 8.594050e+00
    endloop
  endfacet
  facet normal 1.206528e-08 -9.990171e-01 -4.432671e-02
    outer loop
      vertex -2.381247e+01 -1.270595e+01 8.594050e+00
      vertex -2.062142e+01 -1.272432e+01 9.008063e+00
      vertex -2.381247e+01 -1.272432e+01 9.008063e+00
    endloop
  endfacet
  facet normal 1.375635e-08 -9.764490e-01 2.157483e-01
    outer loop
      vertex -2.062142e+01 -1.270595e+01 8.594050e+00
      vertex -2.381247e+01 -1.279536e+01 8.189389e+00
      vertex -2.062142e+01 -1.279536e+01 8.189389e+00
    endloop
  endfacet
  facet normal 1.375635e-08 -9.764490e-01 2.157483e-01
    outer loop
      vertex -2.381247e+01 -1.279536e+01 8.189389e+00
      vertex -2.062142e+01 -1.270595e+01 8.594050e+00
      vertex -2.381247e+01 -1.270595e+01 8.594050e+00
    endloop
  endfacet
  facet normal 2.228135e-03 -8.919175e-01 4.521926e-01
    outer loop
      vertex -2.062172e+01 -1.292150e+01 7.898011e+00
      vertex -2.381247e+01 -1.298646e+01 7.821659e+00
      vertex -2.062142e+01 -1.298646e+01 7.821659e+00
    endloop
  endfacet
  facet normal 2.228135e-03 -8.919175e-01 4.521926e-01
    outer loop
      vertex -2.381247e+01 -1.298646e+01 7.821659e+00
      vertex -2.062172e+01 -1.292150e+01 7.898011e+00
      vertex -2.381247e+01 -1.279536e+01 8.189389e+00
    endloop
  endfacet
  facet normal 2.228135e-03 -8.919175e-01 4.521926e-01
    outer loop
      vertex -2.381247e+01 -1.279536e+01 8.189389e+00
      vertex -2.062172e+01 -1.292150e+01 7.898011e+00
      vertex -2.062142e+01 -1.279536e+01 8.189389e+00
    endloop
  endfacet
  facet normal 1.427472e-08 -7.377555e-01 6.750680e-01
    outer loop
      vertex -2.062142e+01 -1.298646e+01 7.821659e+00
      vertex -2.381247e+01 -1.326622e+01 7.515917e+00
      vertex -2.062142e+01 -1.326622e+01 7.515917e+00
    endloop
  endfacet
  facet normal 1.427472e-08 -7.377555e-01 6.750680e-01
    outer loop
      vertex -2.381247e+01 -1.326622e+01 7.515917e+00
      vertex -2.062142e+01 -1.298646e+01 7.821659e+00
      vertex -2.381247e+01 -1.298646e+01 7.821659e+00
    endloop
  endfacet
  facet normal 1.306669e-08 -5.378966e-01 8.430109e-01
    outer loop
      vertex -2.062142e+01 -1.361558e+01 7.293002e+00
      vertex -2.381247e+01 -1.326622e+01 7.515917e+00
      vertex -2.381247e+01 -1.361558e+01 7.293002e+00
    endloop
  endfacet
  facet normal 1.306669e-08 -5.378966e-01 8.430109e-01
    outer loop
      vertex -2.381247e+01 -1.326622e+01 7.515917e+00
      vertex -2.062142e+01 -1.361558e+01 7.293002e+00
      vertex -2.062142e+01 -1.326622e+01 7.515917e+00
    endloop
  endfacet
  facet normal 1.096819e-08 -3.013810e-01 9.535038e-01
    outer loop
      vertex -2.062142e+01 -1.401073e+01 7.168103e+00
      vertex -2.381247e+01 -1.361558e+01 7.293002e+00
      vertex -2.381247e+01 -1.401073e+01 7.168103e+00
    endloop
  endfacet
  facet normal 1.096819e-08 -3.013810e-01 9.535038e-01
    outer loop
      vertex -2.381247e+01 -1.361558e+01 7.293002e+00
      vertex -2.062142e+01 -1.401073e+01 7.168103e+00
      vertex -2.062142e+01 -1.361558e+01 7.293002e+00
    endloop
  endfacet
  facet normal 8.122228e-09 -4.432671e-02 9.990171e-01
    outer loop
      vertex -2.062142e+01 -1.442475e+01 7.149733e+00
      vertex -2.381247e+01 -1.401073e+01 7.168103e+00
      vertex -2.381247e+01 -1.442475e+01 7.149733e+00
    endloop
  endfacet
  facet normal 8.122228e-09 -4.432671e-02 9.990171e-01
    outer loop
      vertex -2.381247e+01 -1.401073e+01 7.168103e+00
      vertex -2.062142e+01 -1.442475e+01 7.149733e+00
      vertex -2.062142e+01 -1.401073e+01 7.168103e+00
    endloop
  endfacet
  facet normal 1.564224e-30 -1.305262e-01 9.914448e-01
    outer loop
      vertex 2.381253e+01 -1.428751e+01 1.827371e+01
      vertex 2.063753e+01 -1.387663e+01 1.832781e+01
      vertex 2.063753e+01 -1.428751e+01 1.827371e+01
    endloop
  endfacet
  facet normal 1.564224e-30 -1.305262e-01 9.914448e-01
    outer loop
      vertex 2.063753e+01 -1.387663e+01 1.832781e+01
      vertex 2.381253e+01 -1.428751e+01 1.827371e+01
      vertex 2.381253e+01 -1.387663e+01 1.832781e+01
    endloop
  endfacet
  facet normal -1.608567e-30 -3.826834e-01 9.238795e-01
    outer loop
      vertex 2.381253e+01 -1.387663e+01 1.832781e+01
      vertex 2.063753e+01 -1.349376e+01 1.848640e+01
      vertex 2.063753e+01 -1.387663e+01 1.832781e+01
    endloop
  endfacet
  facet normal -1.608567e-30 -3.826834e-01 9.238795e-01
    outer loop
      vertex 2.063753e+01 -1.349376e+01 1.848640e+01
      vertex 2.381253e+01 -1.387663e+01 1.832781e+01
      vertex 2.381253e+01 -1.349376e+01 1.848640e+01
    endloop
  endfacet
  facet normal -1.251691e-30 -6.087614e-01 7.933533e-01
    outer loop
      vertex 2.381253e+01 -1.349376e+01 1.848640e+01
      vertex 2.063753e+01 -1.316497e+01 1.873868e+01
      vertex 2.063753e+01 -1.349376e+01 1.848640e+01
    endloop
  endfacet
  facet normal -1.251691e-30 -6.087614e-01 7.933533e-01
    outer loop
      vertex 2.063753e+01 -1.316497e+01 1.873868e+01
      vertex 2.381253e+01 -1.349376e+01 1.848640e+01
      vertex 2.381253e+01 -1.316497e+01 1.873868e+01
    endloop
  endfacet
  facet normal 9.604562e-31 -7.933533e-01 6.087614e-01
    outer loop
      vertex 2.381253e+01 -1.291269e+01 1.906746e+01
      vertex 2.063753e+01 -1.316497e+01 1.873868e+01
      vertex 2.381253e+01 -1.316497e+01 1.873868e+01
    endloop
  endfacet
  facet normal 9.604562e-31 -7.933533e-01 6.087614e-01
    outer loop
      vertex 2.063753e+01 -1.316497e+01 1.873868e+01
      vertex 2.381253e+01 -1.291269e+01 1.906746e+01
      vertex 2.063753e+01 -1.291269e+01 1.906746e+01
    endloop
  endfacet
  facet normal 7.288124e-31 -9.238795e-01 3.826834e-01
    outer loop
      vertex 2.381253e+01 -1.275410e+01 1.945034e+01
      vertex 2.063753e+01 -1.291269e+01 1.906746e+01
      vertex 2.381253e+01 -1.291269e+01 1.906746e+01
    endloop
  endfacet
  facet normal 7.288124e-31 -9.238795e-01 3.826834e-01
    outer loop
      vertex 2.063753e+01 -1.291269e+01 1.906746e+01
      vertex 2.381253e+01 -1.275410e+01 1.945034e+01
      vertex 2.063753e+01 -1.275410e+01 1.945034e+01
    endloop
  endfacet
  facet normal -3.910560e-31 -9.914448e-01 1.305262e-01
    outer loop
      vertex 2.381253e+01 -1.270001e+01 1.986121e+01
      vertex 2.063753e+01 -1.275410e+01 1.945034e+01
      vertex 2.381253e+01 -1.275410e+01 1.945034e+01
    endloop
  endfacet
  facet normal -3.910560e-31 -9.914448e-01 1.305262e-01
    outer loop
      vertex 2.063753e+01 -1.275410e+01 1.945034e+01
      vertex 2.381253e+01 -1.270001e+01 1.986121e+01
      vertex 2.063753e+01 -1.270001e+01 1.986121e+01
    endloop
  endfacet
  facet normal -1.851220e-31 -9.914448e-01 -1.305262e-01
    outer loop
      vertex 2.381253e+01 -1.275410e+01 2.027209e+01
      vertex 2.063753e+01 -1.270001e+01 1.986121e+01
      vertex 2.381253e+01 -1.270001e+01 1.986121e+01
    endloop
  endfacet
  facet normal -1.851220e-31 -9.914448e-01 -1.305262e-01
    outer loop
      vertex 2.063753e+01 -1.270001e+01 1.986121e+01
      vertex 2.381253e+01 -1.275410e+01 2.027209e+01
      vertex 2.063753e+01 -1.275410e+01 2.027209e+01
    endloop
  endfacet
  facet normal 9.681742e-31 -9.238795e-01 -3.826834e-01
    outer loop
      vertex 2.381253e+01 -1.291269e+01 2.065496e+01
      vertex 2.063753e+01 -1.275410e+01 2.027209e+01
      vertex 2.381253e+01 -1.275410e+01 2.027209e+01
    endloop
  endfacet
  facet normal 9.681742e-31 -9.238795e-01 -3.826834e-01
    outer loop
      vertex 2.063753e+01 -1.275410e+01 2.027209e+01
      vertex 2.381253e+01 -1.291269e+01 2.065496e+01
      vertex 2.063753e+01 -1.291269e+01 2.065496e+01
    endloop
  endfacet
  facet normal 9.604562e-31 -7.933533e-01 -6.087614e-01
    outer loop
      vertex 2.381253e+01 -1.316497e+01 2.098375e+01
      vertex 2.063753e+01 -1.291269e+01 2.065496e+01
      vertex 2.381253e+01 -1.291269e+01 2.065496e+01
    endloop
  endfacet
  facet normal 9.604562e-31 -7.933533e-01 -6.087614e-01
    outer loop
      vertex 2.063753e+01 -1.291269e+01 2.065496e+01
      vertex 2.381253e+01 -1.316497e+01 2.098375e+01
      vertex 2.063753e+01 -1.316497e+01 2.098375e+01
    endloop
  endfacet
  facet normal -2.401140e-31 -6.087614e-01 -7.933533e-01
    outer loop
      vertex 2.381253e+01 -1.316497e+01 2.098375e+01
      vertex 2.063753e+01 -1.349376e+01 2.123603e+01
      vertex 2.063753e+01 -1.316497e+01 2.098375e+01
    endloop
  endfacet
  facet normal -2.401140e-31 -6.087614e-01 -7.933533e-01
    outer loop
      vertex 2.063753e+01 -1.349376e+01 2.123603e+01
      vertex 2.381253e+01 -1.316497e+01 2.098375e+01
      vertex 2.381253e+01 -1.349376e+01 2.123603e+01
    endloop
  endfacet
  facet normal -3.018840e-31 -3.826834e-01 -9.238795e-01
    outer loop
      vertex 2.381253e+01 -1.349376e+01 2.123603e+01
      vertex 2.063753e+01 -1.387663e+01 2.139462e+01
      vertex 2.063753e+01 -1.349376e+01 2.123603e+01
    endloop
  endfacet
  facet normal -3.018840e-31 -3.826834e-01 -9.238795e-01
    outer loop
      vertex 2.063753e+01 -1.387663e+01 2.139462e+01
      vertex 2.381253e+01 -1.349376e+01 2.123603e+01
      vertex 2.381253e+01 -1.387663e+01 2.139462e+01
    endloop
  endfacet
  facet normal 1.512741e-30 -1.305262e-01 -9.914448e-01
    outer loop
      vertex 2.381253e+01 -1.387663e+01 2.139462e+01
      vertex 2.063753e+01 -1.428751e+01 2.144871e+01
      vertex 2.063753e+01 -1.387663e+01 2.139462e+01
    endloop
  endfacet
  facet normal 1.512741e-30 -1.305262e-01 -9.914448e-01
    outer loop
      vertex 2.063753e+01 -1.428751e+01 2.144871e+01
      vertex 2.381253e+01 -1.387663e+01 2.139462e+01
      vertex 2.381253e+01 -1.428751e+01 2.144871e+01
    endloop
  endfacet
  facet normal 1.615708e-30 1.305262e-01 -9.914448e-01
    outer loop
      vertex 2.381253e+01 -1.428751e+01 2.144871e+01
      vertex 2.063753e+01 -1.469838e+01 2.139462e+01
      vertex 2.063753e+01 -1.428751e+01 2.144871e+01
    endloop
  endfacet
  facet normal 1.615708e-30 1.305262e-01 -9.914448e-01
    outer loop
      vertex 2.063753e+01 -1.469838e+01 2.139462e+01
      vertex 2.381253e+01 -1.428751e+01 2.144871e+01
      vertex 2.381253e+01 -1.469838e+01 2.139462e+01
    endloop
  endfacet
  facet normal 0.000000e+00 3.826834e-01 -9.238795e-01
    outer loop
      vertex 2.381253e+01 -1.469838e+01 2.139462e+01
      vertex 2.063753e+01 -1.508126e+01 2.123603e+01
      vertex 2.063753e+01 -1.469838e+01 2.139462e+01
    endloop
  endfacet
  facet normal 0.000000e+00 3.826834e-01 -9.238795e-01
    outer loop
      vertex 2.063753e+01 -1.508126e+01 2.123603e+01
      vertex 2.381253e+01 -1.469838e+01 2.139462e+01
      vertex 2.381253e+01 -1.508126e+01 2.123603e+01
    endloop
  endfacet
  facet normal 0.000000e+00 6.087614e-01 -7.933533e-01
    outer loop
      vertex 2.381253e+01 -1.508126e+01 2.123603e+01
      vertex 2.063753e+01 -1.541004e+01 2.098375e+01
      vertex 2.063753e+01 -1.508126e+01 2.123603e+01
    endloop
  endfacet
  facet normal 0.000000e+00 6.087614e-01 -7.933533e-01
    outer loop
      vertex 2.063753e+01 -1.541004e+01 2.098375e+01
      vertex 2.381253e+01 -1.508126e+01 2.123603e+01
      vertex 2.381253e+01 -1.541004e+01 2.098375e+01
    endloop
  endfacet
  facet normal 9.604562e-31 7.933533e-01 -6.087614e-01
    outer loop
      vertex 2.063753e+01 -1.541004e+01 2.098375e+01
      vertex 2.381253e+01 -1.566232e+01 2.065496e+01
      vertex 2.063753e+01 -1.566232e+01 2.065496e+01
    endloop
  endfacet
  facet normal 9.604562e-31 7.933533e-01 -6.087614e-01
    outer loop
      vertex 2.381253e+01 -1.566232e+01 2.065496e+01
      vertex 2.063753e+01 -1.541004e+01 2.098375e+01
      vertex 2.381253e+01 -1.541004e+01 2.098375e+01
    endloop
  endfacet
  facet normal 0.000000e+00 9.238795e-01 -3.826834e-01
    outer loop
      vertex 2.063753e+01 -1.566232e+01 2.065496e+01
      vertex 2.381253e+01 -1.582091e+01 2.027209e+01
      vertex 2.063753e+01 -1.582091e+01 2.027209e+01
    endloop
  endfacet
  facet normal 0.000000e+00 9.238795e-01 -3.826834e-01
    outer loop
      vertex 2.381253e+01 -1.582091e+01 2.027209e+01
      vertex 2.063753e+01 -1.566232e+01 2.065496e+01
      vertex 2.381253e+01 -1.566232e+01 2.065496e+01
    endloop
  endfacet
  facet normal 0.000000e+00 9.914448e-01 -1.305262e-01
    outer loop
      vertex 2.063753e+01 -1.582091e+01 2.027209e+01
      vertex 2.381253e+01 -1.587501e+01 1.986121e+01
      vertex 2.063753e+01 -1.587501e+01 1.986121e+01
    endloop
  endfacet
  facet normal 0.000000e+00 9.914448e-01 -1.305262e-01
    outer loop
      vertex 2.381253e+01 -1.587501e+01 1.986121e+01
      vertex 2.063753e+01 -1.582091e+01 2.027209e+01
      vertex 2.381253e+01 -1.582091e+01 2.027209e+01
    endloop
  endfacet
  facet normal 5.969900e-31 9.914448e-01 1.305262e-01
    outer loop
      vertex 2.063753e+01 -1.587501e+01 1.986121e+01
      vertex 2.381253e+01 -1.582091e+01 1.945034e+01
      vertex 2.063753e+01 -1.582091e+01 1.945034e+01
    endloop
  endfacet
  facet normal 5.969900e-31 9.914448e-01 1.305262e-01
    outer loop
      vertex 2.381253e+01 -1.582091e+01 1.945034e+01
      vertex 2.063753e+01 -1.587501e+01 1.986121e+01
      vertex 2.381253e+01 -1.587501e+01 1.986121e+01
    endloop
  endfacet
  facet normal 4.215649e-31 9.238795e-01 3.826834e-01
    outer loop
      vertex 2.063753e+01 -1.582091e+01 1.945034e+01
      vertex 2.381253e+01 -1.566232e+01 1.906746e+01
      vertex 2.063753e+01 -1.566232e+01 1.906746e+01
    endloop
  endfacet
  facet normal 4.215649e-31 9.238795e-01 3.826834e-01
    outer loop
      vertex 2.381253e+01 -1.566232e+01 1.906746e+01
      vertex 2.063753e+01 -1.582091e+01 1.945034e+01
      vertex 2.381253e+01 -1.582091e+01 1.945034e+01
    endloop
  endfacet
  facet normal 8.039948e-31 7.933533e-01 6.087614e-01
    outer loop
      vertex 2.063753e+01 -1.566232e+01 1.906746e+01
      vertex 2.381253e+01 -1.541004e+01 1.873868e+01
      vertex 2.063753e+01 -1.541004e+01 1.873868e+01
    endloop
  endfacet
  facet normal 8.039948e-31 7.933533e-01 6.087614e-01
    outer loop
      vertex 2.381253e+01 -1.541004e+01 1.873868e+01
      vertex 2.063753e+01 -1.566232e+01 1.906746e+01
      vertex 2.381253e+01 -1.566232e+01 1.906746e+01
    endloop
  endfacet
  facet normal 0.000000e+00 6.087614e-01 7.933533e-01
    outer loop
      vertex 2.381253e+01 -1.541004e+01 1.873868e+01
      vertex 2.063753e+01 -1.508126e+01 1.848640e+01
      vertex 2.063753e+01 -1.541004e+01 1.873868e+01
    endloop
  endfacet
  facet normal 0.000000e+00 6.087614e-01 7.933533e-01
    outer loop
      vertex 2.063753e+01 -1.508126e+01 1.848640e+01
      vertex 2.381253e+01 -1.541004e+01 1.873868e+01
      vertex 2.381253e+01 -1.508126e+01 1.848640e+01
    endloop
  endfacet
  facet normal 0.000000e+00 3.826834e-01 9.238795e-01
    outer loop
      vertex 2.381253e+01 -1.508126e+01 1.848640e+01
      vertex 2.063753e+01 -1.469838e+01 1.832781e+01
      vertex 2.063753e+01 -1.508126e+01 1.848640e+01
    endloop
  endfacet
  facet normal 0.000000e+00 3.826834e-01 9.238795e-01
    outer loop
      vertex 2.063753e+01 -1.469838e+01 1.832781e+01
      vertex 2.381253e+01 -1.508126e+01 1.848640e+01
      vertex 2.381253e+01 -1.469838e+01 1.832781e+01
    endloop
  endfacet
  facet normal 1.564224e-30 1.305262e-01 9.914448e-01
    outer loop
      vertex 2.381253e+01 -1.469838e+01 1.832781e+01
      vertex 2.063753e+01 -1.428751e+01 1.827371e+01
      vertex 2.063753e+01 -1.469838e+01 1.832781e+01
    endloop
  endfacet
  facet normal 1.564224e-30 1.305262e-01 9.914448e-01
    outer loop
      vertex 2.063753e+01 -1.428751e+01 1.827371e+01
      vertex 2.381253e+01 -1.469838e+01 1.832781e+01
      vertex 2.381253e+01 -1.428751e+01 1.827371e+01
    endloop
  endfacet
  facet normal 1.488795e-15 -9.105565e-01 4.133848e-01
    outer loop
      vertex 2.381253e+01 -1.280621e+01 8.177815e+00
      vertex 2.063753e+01 -1.292270e+01 7.921234e+00
      vertex 2.381253e+01 -1.292270e+01 7.921234e+00
    endloop
  endfacet
  facet normal 1.488795e-15 -9.105565e-01 4.133848e-01
    outer loop
      vertex 2.063753e+01 -1.292270e+01 7.921234e+00
      vertex 2.381253e+01 -1.280621e+01 8.177815e+00
      vertex 2.063753e+01 -1.280621e+01 8.177815e+00
    endloop
  endfacet
  facet normal 1.399289e-15 -9.720555e-01 2.347513e-01
    outer loop
      vertex 2.381253e+01 -1.270893e+01 8.580655e+00
      vertex 2.063753e+01 -1.280621e+01 8.177815e+00
      vertex 2.381253e+01 -1.280621e+01 8.177815e+00
    endloop
  endfacet
  facet normal 1.399289e-15 -9.720555e-01 2.347513e-01
    outer loop
      vertex 2.063753e+01 -1.280621e+01 8.177815e+00
      vertex 2.381253e+01 -1.270893e+01 8.580655e+00
      vertex 2.063753e+01 -1.270893e+01 8.580655e+00
    endloop
  endfacet
  facet normal 1.320828e-15 -9.996915e-01 -2.483411e-02
    outer loop
      vertex 2.381253e+01 -1.271922e+01 8.994948e+00
      vertex 2.063753e+01 -1.270893e+01 8.580655e+00
      vertex 2.381253e+01 -1.270893e+01 8.580655e+00
    endloop
  endfacet
  facet normal 1.320828e-15 -9.996915e-01 -2.483411e-02
    outer loop
      vertex 2.063753e+01 -1.270893e+01 8.580655e+00
      vertex 2.381253e+01 -1.271922e+01 8.994948e+00
      vertex 2.063753e+01 -1.271922e+01 8.994948e+00
    endloop
  endfacet
  facet normal 1.152356e-15 -9.592004e-01 -2.827271e-01
    outer loop
      vertex 2.381253e+01 -1.283639e+01 9.392460e+00
      vertex 2.063753e+01 -1.271922e+01 8.994948e+00
      vertex 2.381253e+01 -1.271922e+01 8.994948e+00
    endloop
  endfacet
  facet normal 1.152356e-15 -9.592004e-01 -2.827271e-01
    outer loop
      vertex 2.063753e+01 -1.271922e+01 8.994948e+00
      vertex 2.381253e+01 -1.283639e+01 9.392460e+00
      vertex 2.063753e+01 -1.283639e+01 9.392460e+00
    endloop
  endfacet
  facet normal 9.053518e-16 -8.533412e-01 -5.213528e-01
    outer loop
      vertex 2.381253e+01 -1.305245e+01 9.746102e+00
      vertex 2.063753e+01 -1.283639e+01 9.392460e+00
      vertex 2.381253e+01 -1.283639e+01 9.392460e+00
    endloop
  endfacet
  facet normal 9.053518e-16 -8.533412e-01 -5.213528e-01
    outer loop
      vertex 2.063753e+01 -1.283639e+01 9.392460e+00
      vertex 2.381253e+01 -1.305245e+01 9.746102e+00
      vertex 2.063753e+01 -1.305245e+01 9.746102e+00
    endloop
  endfacet
  facet normal 5.966498e-16 -6.893283e-01 -7.244491e-01
    outer loop
      vertex 2.381253e+01 -1.305245e+01 9.746102e+00
      vertex 2.063753e+01 -1.335267e+01 1.003177e+01
      vertex 2.063753e+01 -1.305245e+01 9.746102e+00
    endloop
  endfacet
  facet normal 5.966498e-16 -6.893283e-01 -7.244491e-01
    outer loop
      vertex 2.063753e+01 -1.335267e+01 1.003177e+01
      vertex 2.381253e+01 -1.305245e+01 9.746102e+00
      vertex 2.381253e+01 -1.335267e+01 1.003177e+01
    endloop
  endfacet
  facet normal 2.472871e-16 -4.783388e-01 -8.781754e-01
    outer loop
      vertex 2.381253e+01 -1.335267e+01 1.003177e+01
      vertex 2.063753e+01 -1.371661e+01 1.023001e+01
      vertex 2.063753e+01 -1.335267e+01 1.003177e+01
    endloop
  endfacet
  facet normal 2.472871e-16 -4.783388e-01 -8.781754e-01
    outer loop
      vertex 2.063753e+01 -1.371661e+01 1.023001e+01
      vertex 2.381253e+01 -1.335267e+01 1.003177e+01
      vertex 2.381253e+01 -1.371661e+01 1.023001e+01
    endloop
  endfacet
  facet normal -1.189278e-16 -2.347513e-01 -9.720555e-01
    outer loop
      vertex 2.381253e+01 -1.371661e+01 1.023001e+01
      vertex 2.063753e+01 -1.411945e+01 1.032729e+01
      vertex 2.063753e+01 -1.371661e+01 1.023001e+01
    endloop
  endfacet
  facet normal -1.189278e-16 -2.347513e-01 -9.720555e-01
    outer loop
      vertex 2.063753e+01 -1.411945e+01 1.032729e+01
      vertex 2.381253e+01 -1.371661e+01 1.023001e+01
      vertex 2.381253e+01 -1.411945e+01 1.032729e+01
    endloop
  endfacet
  facet normal -4.770378e-16 2.483411e-02 -9.996915e-01
    outer loop
      vertex 2.381253e+01 -1.411945e+01 1.032729e+01
      vertex 2.063753e+01 -1.453374e+01 1.031700e+01
      vertex 2.063753e+01 -1.411945e+01 1.032729e+01
    endloop
  endfacet
  facet normal -4.770378e-16 2.483411e-02 -9.996915e-01
    outer loop
      vertex 2.063753e+01 -1.453374e+01 1.031700e+01
      vertex 2.381253e+01 -1.411945e+01 1.032729e+01
      vertex 2.381253e+01 -1.453374e+01 1.031700e+01
    endloop
  endfacet
  facet normal -8.026387e-16 2.827271e-01 -9.592004e-01
    outer loop
      vertex 2.381253e+01 -1.453374e+01 1.031700e+01
      vertex 2.063753e+01 -1.493125e+01 1.019983e+01
      vertex 2.063753e+01 -1.453374e+01 1.031700e+01
    endloop
  endfacet
  facet normal -8.026387e-16 2.827271e-01 -9.592004e-01
    outer loop
      vertex 2.063753e+01 -1.493125e+01 1.019983e+01
      vertex 2.381253e+01 -1.453374e+01 1.031700e+01
      vertex 2.381253e+01 -1.493125e+01 1.019983e+01
    endloop
  endfacet
  facet normal -9.867184e-16 5.213528e-01 -8.533412e-01
    outer loop
      vertex 2.381253e+01 -1.493125e+01 1.019983e+01
      vertex 2.063753e+01 -1.528489e+01 9.983775e+00
      vertex 2.063753e+01 -1.493125e+01 1.019983e+01
    endloop
  endfacet
  facet normal -9.867184e-16 5.213528e-01 -8.533412e-01
    outer loop
      vertex 2.063753e+01 -1.528489e+01 9.983775e+00
      vertex 2.381253e+01 -1.493125e+01 1.019983e+01
      vertex 2.381253e+01 -1.528489e+01 9.983775e+00
    endloop
  endfacet
  facet normal -1.029993e-15 7.244491e-01 -6.893283e-01
    outer loop
      vertex 2.063753e+01 -1.557057e+01 9.683548e+00
      vertex 2.381253e+01 -1.528489e+01 9.983775e+00
      vertex 2.381253e+01 -1.557057e+01 9.683548e+00
    endloop
  endfacet
  facet normal -1.029993e-15 7.244491e-01 -6.893283e-01
    outer loop
      vertex 2.381253e+01 -1.528489e+01 9.983775e+00
      vertex 2.063753e+01 -1.557057e+01 9.683548e+00
      vertex 2.063753e+01 -1.528489e+01 9.983775e+00
    endloop
  endfacet
  facet normal -1.089899e-15 8.781754e-01 -4.783388e-01
    outer loop
      vertex 2.063753e+01 -1.576880e+01 9.319614e+00
      vertex 2.381253e+01 -1.557057e+01 9.683548e+00
      vertex 2.381253e+01 -1.576880e+01 9.319614e+00
    endloop
  endfacet
  facet normal -1.089899e-15 8.781754e-01 -4.783388e-01
    outer loop
      vertex 2.381253e+01 -1.557057e+01 9.683548e+00
      vertex 2.063753e+01 -1.576880e+01 9.319614e+00
      vertex 2.063753e+01 -1.557057e+01 9.683548e+00
    endloop
  endfacet
  facet normal -1.075529e-15 9.720555e-01 -2.347513e-01
    outer loop
      vertex 2.063753e+01 -1.586609e+01 8.916774e+00
      vertex 2.381253e+01 -1.576880e+01 9.319614e+00
      vertex 2.381253e+01 -1.586609e+01 8.916774e+00
    endloop
  endfacet
  facet normal -1.075529e-15 9.720555e-01 -2.347513e-01
    outer loop
      vertex 2.381253e+01 -1.576880e+01 9.319614e+00
      vertex 2.063753e+01 -1.586609e+01 8.916774e+00
      vertex 2.063753e+01 -1.576880e+01 9.319614e+00
    endloop
  endfacet
  facet normal -9.878639e-16 9.996915e-01 2.483411e-02
    outer loop
      vertex 2.063753e+01 -1.585579e+01 8.502481e+00
      vertex 2.381253e+01 -1.586609e+01 8.916774e+00
      vertex 2.381253e+01 -1.585579e+01 8.502481e+00
    endloop
  endfacet
  facet normal -9.878639e-16 9.996915e-01 2.483411e-02
    outer loop
      vertex 2.381253e+01 -1.586609e+01 8.916774e+00
      vertex 2.063753e+01 -1.585579e+01 8.502481e+00
      vertex 2.063753e+01 -1.586609e+01 8.916774e+00
    endloop
  endfacet
  facet normal -8.328776e-16 9.592004e-01 2.827271e-01
    outer loop
      vertex 2.063753e+01 -1.573863e+01 8.104969e+00
      vertex 2.381253e+01 -1.585579e+01 8.502481e+00
      vertex 2.381253e+01 -1.573863e+01 8.104969e+00
    endloop
  endfacet
  facet normal -8.328776e-16 9.592004e-01 2.827271e-01
    outer loop
      vertex 2.381253e+01 -1.585579e+01 8.502481e+00
      vertex 2.063753e+01 -1.573863e+01 8.104969e+00
      vertex 2.063753e+01 -1.585579e+01 8.502481e+00
    endloop
  endfacet
  facet normal -5.053685e-16 8.533412e-01 5.213528e-01
    outer loop
      vertex 2.063753e+01 -1.552257e+01 7.751326e+00
      vertex 2.381253e+01 -1.573863e+01 8.104969e+00
      vertex 2.381253e+01 -1.552257e+01 7.751326e+00
    endloop
  endfacet
  facet normal -5.053685e-16 8.533412e-01 5.213528e-01
    outer loop
      vertex 2.381253e+01 -1.573863e+01 8.104969e+00
      vertex 2.063753e+01 -1.552257e+01 7.751326e+00
      vertex 2.063753e+01 -1.573863e+01 8.104969e+00
    endloop
  endfacet
  facet normal -4.533733e-17 6.893283e-01 7.244491e-01
    outer loop
      vertex 2.381253e+01 -1.552257e+01 7.751326e+00
      vertex 2.063753e+01 -1.522234e+01 7.465654e+00
      vertex 2.063753e+01 -1.552257e+01 7.751326e+00
    endloop
  endfacet
  facet normal -4.533733e-17 6.893283e-01 7.244491e-01
    outer loop
      vertex 2.063753e+01 -1.522234e+01 7.465654e+00
      vertex 2.381253e+01 -1.552257e+01 7.751326e+00
      vertex 2.381253e+01 -1.522234e+01 7.465654e+00
    endloop
  endfacet
  facet normal 2.223605e-16 4.783388e-01 8.781754e-01
    outer loop
      vertex 2.381253e+01 -1.522234e+01 7.465654e+00
      vertex 2.063753e+01 -1.485841e+01 7.267421e+00
      vertex 2.063753e+01 -1.522234e+01 7.465654e+00
    endloop
  endfacet
  facet normal 2.223605e-16 4.783388e-01 8.781754e-01
    outer loop
      vertex 2.063753e+01 -1.485841e+01 7.267421e+00
      vertex 2.381253e+01 -1.522234e+01 7.465654e+00
      vertex 2.381253e+01 -1.485841e+01 7.267421e+00
    endloop
  endfacet
  facet normal 5.506071e-16 2.347513e-01 9.720555e-01
    outer loop
      vertex 2.381253e+01 -1.485841e+01 7.267421e+00
      vertex 2.063753e+01 -1.445557e+01 7.170135e+00
      vertex 2.063753e+01 -1.485841e+01 7.267421e+00
    endloop
  endfacet
  facet normal 5.506071e-16 2.347513e-01 9.720555e-01
    outer loop
      vertex 2.063753e+01 -1.445557e+01 7.170135e+00
      vertex 2.381253e+01 -1.485841e+01 7.267421e+00
      vertex 2.381253e+01 -1.445557e+01 7.170135e+00
    endloop
  endfacet
  facet normal 9.209900e-16 -2.483411e-02 9.996915e-01
    outer loop
      vertex 2.381253e+01 -1.445557e+01 7.170135e+00
      vertex 2.063753e+01 -1.404127e+01 7.180427e+00
      vertex 2.063753e+01 -1.445557e+01 7.170135e+00
    endloop
  endfacet
  facet normal 9.209900e-16 -2.483411e-02 9.996915e-01
    outer loop
      vertex 2.063753e+01 -1.404127e+01 7.180427e+00
      vertex 2.381253e+01 -1.445557e+01 7.170135e+00
      vertex 2.381253e+01 -1.404127e+01 7.180427e+00
    endloop
  endfacet
  facet normal 1.228609e-15 -2.827271e-01 9.592004e-01
    outer loop
      vertex 2.381253e+01 -1.404127e+01 7.180427e+00
      vertex 2.063753e+01 -1.364376e+01 7.297595e+00
      vertex 2.063753e+01 -1.404127e+01 7.180427e+00
    endloop
  endfacet
  facet normal 1.228609e-15 -2.827271e-01 9.592004e-01
    outer loop
      vertex 2.063753e+01 -1.364376e+01 7.297595e+00
      vertex 2.381253e+01 -1.404127e+01 7.180427e+00
      vertex 2.381253e+01 -1.364376e+01 7.297595e+00
    endloop
  endfacet
  facet normal 1.452501e-15 -5.213528e-01 8.533412e-01
    outer loop
      vertex 2.381253e+01 -1.364376e+01 7.297595e+00
      vertex 2.063753e+01 -1.329012e+01 7.513654e+00
      vertex 2.063753e+01 -1.364376e+01 7.297595e+00
    endloop
  endfacet
  facet normal 1.452501e-15 -5.213528e-01 8.533412e-01
    outer loop
      vertex 2.063753e+01 -1.329012e+01 7.513654e+00
      vertex 2.381253e+01 -1.364376e+01 7.297595e+00
      vertex 2.381253e+01 -1.329012e+01 7.513654e+00
    endloop
  endfacet
  facet normal 1.577407e-15 -7.244491e-01 6.893283e-01
    outer loop
      vertex 2.381253e+01 -1.300445e+01 7.813881e+00
      vertex 2.063753e+01 -1.329012e+01 7.513654e+00
      vertex 2.381253e+01 -1.329012e+01 7.513654e+00
    endloop
  endfacet
  facet normal 1.577407e-15 -7.244491e-01 6.893283e-01
    outer loop
      vertex 2.063753e+01 -1.329012e+01 7.513654e+00
      vertex 2.381253e+01 -1.300445e+01 7.813881e+00
      vertex 2.063753e+01 -1.300445e+01 7.813881e+00
    endloop
  endfacet
  facet normal 1.598255e-15 -7.955915e-01 6.058335e-01
    outer loop
      vertex 2.381253e+01 -1.292270e+01 7.921234e+00
      vertex 2.063753e+01 -1.300445e+01 7.813881e+00
      vertex 2.381253e+01 -1.300445e+01 7.813881e+00
    endloop
  endfacet
  facet normal 1.598255e-15 -7.955915e-01 6.058335e-01
    outer loop
      vertex 2.063753e+01 -1.300445e+01 7.813881e+00
      vertex 2.381253e+01 -1.292270e+01 7.921234e+00
      vertex 2.063753e+01 -1.292270e+01 7.921234e+00
    endloop
  endfacet
  facet normal 9.525316e-06 1.000000e+00 7.822726e-23
    outer loop
      vertex -2.381253e+01 2.301876e+01 4.773324e+00
      vertex -2.062223e+01 2.301873e+01 2.064828e+01
      vertex -2.062223e+01 2.301873e+01 4.773283e+00
    endloop
  endfacet
  facet normal 9.525316e-06 1.000000e+00 7.822726e-23
    outer loop
      vertex -2.062223e+01 2.301873e+01 2.064828e+01
      vertex -2.381253e+01 2.301876e+01 4.773324e+00
      vertex -2.381253e+01 2.301876e+01 2.064832e+01
    endloop
  endfacet
  facet normal 7.494718e-07 1.305262e-01 -9.914448e-01
    outer loop
      vertex -2.062217e+01 7.153194e+00 2.020545e+01
      vertex -2.177797e+01 5.207469e+00 1.994929e+01
      vertex -2.177797e+01 7.153200e+00 2.020545e+01
    endloop
  endfacet
  facet normal 7.494718e-07 1.305262e-01 -9.914448e-01
    outer loop
      vertex -2.177797e+01 5.207469e+00 1.994929e+01
      vertex -2.062217e+01 7.153194e+00 2.020545e+01
      vertex -2.062217e+01 5.207461e+00 1.994929e+01
    endloop
  endfacet
  facet normal 2.197340e-06 3.826834e-01 -9.238795e-01
    outer loop
      vertex -2.062217e+01 5.207461e+00 1.994929e+01
      vertex -2.177797e+01 3.394336e+00 1.919826e+01
      vertex -2.177797e+01 5.207469e+00 1.994929e+01
    endloop
  endfacet
  facet normal 2.197340e-06 3.826834e-01 -9.238795e-01
    outer loop
      vertex -2.177797e+01 3.394336e+00 1.919826e+01
      vertex -2.062217e+01 5.207461e+00 1.994929e+01
      vertex -2.062217e+01 3.394329e+00 1.919826e+01
    endloop
  endfacet
  facet normal 3.495463e-06 6.087614e-01 -7.933533e-01
    outer loop
      vertex -2.062217e+01 3.394329e+00 1.919826e+01
      vertex -2.177797e+01 1.837364e+00 1.800355e+01
      vertex -2.177797e+01 3.394336e+00 1.919826e+01
    endloop
  endfacet
  facet normal 3.495463e-06 6.087614e-01 -7.933533e-01
    outer loop
      vertex -2.177797e+01 1.837364e+00 1.800355e+01
      vertex -2.062217e+01 3.394329e+00 1.919826e+01
      vertex -2.062217e+01 1.837358e+00 1.800355e+01
    endloop
  endfacet
  facet normal 4.555377e-06 7.933533e-01 -6.087614e-01
    outer loop
      vertex -2.177797e+01 1.837364e+00 1.800355e+01
      vertex -2.062217e+01 6.426494e-01 1.644658e+01
      vertex -2.177797e+01 6.426570e-01 1.644658e+01
    endloop
  endfacet
  facet normal 4.555377e-06 7.933533e-01 -6.087614e-01
    outer loop
      vertex -2.062217e+01 6.426494e-01 1.644658e+01
      vertex -2.177797e+01 1.837364e+00 1.800355e+01
      vertex -2.062217e+01 1.837358e+00 1.800355e+01
    endloop
  endfacet
  facet normal 5.304848e-06 9.238795e-01 -3.826834e-01
    outer loop
      vertex -2.177797e+01 6.426570e-01 1.644658e+01
      vertex -2.062217e+01 -1.083737e-01 1.463345e+01
      vertex -2.177797e+01 -1.083676e-01 1.463345e+01
    endloop
  endfacet
  facet normal 5.304848e-06 9.238795e-01 -3.826834e-01
    outer loop
      vertex -2.062217e+01 -1.083737e-01 1.463345e+01
      vertex -2.177797e+01 6.426570e-01 1.644658e+01
      vertex -2.062217e+01 6.426494e-01 1.644658e+01
    endloop
  endfacet
  facet normal 5.692803e-06 9.914448e-01 -1.305262e-01
    outer loop
      vertex -2.177797e+01 -1.083676e-01 1.463345e+01
      vertex -2.062217e+01 -3.645338e-01 1.268772e+01
      vertex -2.177797e+01 -3.645278e-01 1.268772e+01
    endloop
  endfacet
  facet normal 5.692803e-06 9.914448e-01 -1.305262e-01
    outer loop
      vertex -2.062217e+01 -3.645338e-01 1.268772e+01
      vertex -2.177797e+01 -1.083676e-01 1.463345e+01
      vertex -2.062217e+01 -1.083737e-01 1.463345e+01
    endloop
  endfacet
  facet normal 5.692803e-06 9.914448e-01 1.305262e-01
    outer loop
      vertex -2.177797e+01 -3.645278e-01 1.268772e+01
      vertex -2.062217e+01 -1.083737e-01 1.074199e+01
      vertex -2.177797e+01 -1.083676e-01 1.074199e+01
    endloop
  endfacet
  facet normal 5.692803e-06 9.914448e-01 1.305262e-01
    outer loop
      vertex -2.062217e+01 -1.083737e-01 1.074199e+01
      vertex -2.177797e+01 -3.645278e-01 1.268772e+01
      vertex -2.062217e+01 -3.645338e-01 1.268772e+01
    endloop
  endfacet
  facet normal 5.304848e-06 9.238795e-01 3.826834e-01
    outer loop
      vertex -2.177797e+01 -1.083676e-01 1.074199e+01
      vertex -2.062217e+01 6.426494e-01 8.928855e+00
      vertex -2.177797e+01 6.426570e-01 8.928855e+00
    endloop
  endfacet
  facet normal 5.304848e-06 9.238795e-01 3.826834e-01
    outer loop
      vertex -2.062217e+01 6.426494e-01 8.928855e+00
      vertex -2.177797e+01 -1.083676e-01 1.074199e+01
      vertex -2.062217e+01 -1.083737e-01 1.074199e+01
    endloop
  endfacet
  facet normal 4.555377e-06 7.933533e-01 6.087614e-01
    outer loop
      vertex -2.177797e+01 6.426570e-01 8.928855e+00
      vertex -2.062217e+01 1.837358e+00 7.371884e+00
      vertex -2.177797e+01 1.837364e+00 7.371884e+00
    endloop
  endfacet
  facet normal 4.555377e-06 7.933533e-01 6.087614e-01
    outer loop
      vertex -2.062217e+01 1.837358e+00 7.371884e+00
      vertex -2.177797e+01 6.426570e-01 8.928855e+00
      vertex -2.062217e+01 6.426494e-01 8.928855e+00
    endloop
  endfacet
  facet normal 3.495463e-06 6.087614e-01 7.933533e-01
    outer loop
      vertex -2.062217e+01 1.837358e+00 7.371884e+00
      vertex -2.177797e+01 3.394336e+00 6.177177e+00
      vertex -2.177797e+01 1.837364e+00 7.371884e+00
    endloop
  endfacet
  facet normal 3.495463e-06 6.087614e-01 7.933533e-01
    outer loop
      vertex -2.177797e+01 3.394336e+00 6.177177e+00
      vertex -2.062217e+01 1.837358e+00 7.371884e+00
      vertex -2.062217e+01 3.394329e+00 6.177177e+00
    endloop
  endfacet
  facet normal 2.197340e-06 3.826834e-01 9.238795e-01
    outer loop
      vertex -2.062217e+01 3.394329e+00 6.177177e+00
      vertex -2.177797e+01 5.207469e+00 5.426152e+00
      vertex -2.177797e+01 3.394336e+00 6.177177e+00
    endloop
  endfacet
  facet normal 2.197340e-06 3.826834e-01 9.238795e-01
    outer loop
      vertex -2.177797e+01 5.207469e+00 5.426152e+00
      vertex -2.062217e+01 3.394329e+00 6.177177e+00
      vertex -2.062217e+01 5.207461e+00 5.426152e+00
    endloop
  endfacet
  facet normal 7.494718e-07 1.305262e-01 9.914448e-01
    outer loop
      vertex -2.062217e+01 5.207461e+00 5.426152e+00
      vertex -2.177797e+01 7.153200e+00 5.169992e+00
      vertex -2.177797e+01 5.207469e+00 5.426152e+00
    endloop
  endfacet
  facet normal 7.494718e-07 1.305262e-01 9.914448e-01
    outer loop
      vertex -2.177797e+01 7.153200e+00 5.169992e+00
      vertex -2.062217e+01 5.207461e+00 5.426152e+00
      vertex -2.062217e+01 7.153194e+00 5.169992e+00
    endloop
  endfacet
  facet normal -7.494718e-07 -1.305262e-01 9.914448e-01
    outer loop
      vertex -2.062217e+01 7.153194e+00 5.169992e+00
      vertex -2.177795e+01 9.098930e+00 5.426152e+00
      vertex -2.177797e+01 7.153200e+00 5.169992e+00
    endloop
  endfacet
  facet normal -7.494718e-07 -1.305262e-01 9.914448e-01
    outer loop
      vertex -2.177795e+01 9.098930e+00 5.426152e+00
      vertex -2.062217e+01 7.153194e+00 5.169992e+00
      vertex -2.062214e+01 9.098924e+00 5.426152e+00
    endloop
  endfacet
  facet normal -2.197340e-06 -3.826834e-01 9.238795e-01
    outer loop
      vertex -2.062214e+01 9.098924e+00 5.426152e+00
      vertex -2.177793e+01 1.091206e+01 6.177177e+00
      vertex -2.177795e+01 9.098930e+00 5.426152e+00
    endloop
  endfacet
  facet normal -2.197340e-06 -3.826834e-01 9.238795e-01
    outer loop
      vertex -2.177793e+01 1.091206e+01 6.177177e+00
      vertex -2.062214e+01 9.098924e+00 5.426152e+00
      vertex -2.062212e+01 1.091205e+01 6.177177e+00
    endloop
  endfacet
  facet normal -3.495463e-06 -6.087614e-01 7.933533e-01
    outer loop
      vertex -2.062212e+01 1.091205e+01 6.177177e+00
      vertex -2.177791e+01 1.246903e+01 7.371884e+00
      vertex -2.177793e+01 1.091206e+01 6.177177e+00
    endloop
  endfacet
  facet normal -3.495463e-06 -6.087614e-01 7.933533e-01
    outer loop
      vertex -2.177791e+01 1.246903e+01 7.371884e+00
      vertex -2.062212e+01 1.091205e+01 6.177177e+00
      vertex -2.062210e+01 1.246903e+01 7.371884e+00
    endloop
  endfacet
  facet normal -4.555377e-06 -7.933533e-01 6.087614e-01
    outer loop
      vertex -2.062209e+01 1.366373e+01 8.928855e+00
      vertex -2.177791e+01 1.246903e+01 7.371884e+00
      vertex -2.062210e+01 1.246903e+01 7.371884e+00
    endloop
  endfacet
  facet normal -4.555377e-06 -7.933533e-01 6.087614e-01
    outer loop
      vertex -2.177791e+01 1.246903e+01 7.371884e+00
      vertex -2.062209e+01 1.366373e+01 8.928855e+00
      vertex -2.177790e+01 1.366374e+01 8.928855e+00
    endloop
  endfacet
  facet normal -5.304848e-06 -9.238795e-01 3.826834e-01
    outer loop
      vertex -2.062208e+01 1.441476e+01 1.074199e+01
      vertex -2.177790e+01 1.366374e+01 8.928855e+00
      vertex -2.062209e+01 1.366373e+01 8.928855e+00
    endloop
  endfacet
  facet normal -5.304848e-06 -9.238795e-01 3.826834e-01
    outer loop
      vertex -2.177790e+01 1.366374e+01 8.928855e+00
      vertex -2.062208e+01 1.441476e+01 1.074199e+01
      vertex -2.177789e+01 1.441477e+01 1.074199e+01
    endloop
  endfacet
  facet normal -5.692803e-06 -9.914448e-01 1.305262e-01
    outer loop
      vertex -2.062208e+01 1.467092e+01 1.268772e+01
      vertex -2.177789e+01 1.441477e+01 1.074199e+01
      vertex -2.062208e+01 1.441476e+01 1.074199e+01
    endloop
  endfacet
  facet normal -5.692803e-06 -9.914448e-01 1.305262e-01
    outer loop
      vertex -2.177789e+01 1.441477e+01 1.074199e+01
      vertex -2.062208e+01 1.467092e+01 1.268772e+01
      vertex -2.177788e+01 1.467092e+01 1.268772e+01
    endloop
  endfacet
  facet normal -5.692803e-06 -9.914448e-01 -1.305262e-01
    outer loop
      vertex -2.062208e+01 1.441476e+01 1.463345e+01
      vertex -2.177788e+01 1.467092e+01 1.268772e+01
      vertex -2.062208e+01 1.467092e+01 1.268772e+01
    endloop
  endfacet
  facet normal -5.692803e-06 -9.914448e-01 -1.305262e-01
    outer loop
      vertex -2.177788e+01 1.467092e+01 1.268772e+01
      vertex -2.062208e+01 1.441476e+01 1.463345e+01
      vertex -2.177789e+01 1.441477e+01 1.463345e+01
    endloop
  endfacet
  facet normal -5.304848e-06 -9.238795e-01 -3.826834e-01
    outer loop
      vertex -2.062209e+01 1.366373e+01 1.644658e+01
      vertex -2.177789e+01 1.441477e+01 1.463345e+01
      vertex -2.062208e+01 1.441476e+01 1.463345e+01
    endloop
  endfacet
  facet normal -5.304848e-06 -9.238795e-01 -3.826834e-01
    outer loop
      vertex -2.177789e+01 1.441477e+01 1.463345e+01
      vertex -2.062209e+01 1.366373e+01 1.644658e+01
      vertex -2.177790e+01 1.366374e+01 1.644658e+01
    endloop
  endfacet
  facet normal -4.555377e-06 -7.933533e-01 -6.087614e-01
    outer loop
      vertex -2.062210e+01 1.246903e+01 1.800355e+01
      vertex -2.177790e+01 1.366374e+01 1.644658e+01
      vertex -2.062209e+01 1.366373e+01 1.644658e+01
    endloop
  endfacet
  facet normal -4.555377e-06 -7.933533e-01 -6.087614e-01
    outer loop
      vertex -2.177790e+01 1.366374e+01 1.644658e+01
      vertex -2.062210e+01 1.246903e+01 1.800355e+01
      vertex -2.177791e+01 1.246903e+01 1.800355e+01
    endloop
  endfacet
  facet normal -3.495463e-06 -6.087614e-01 -7.933533e-01
    outer loop
      vertex -2.177791e+01 1.246903e+01 1.800355e+01
      vertex -2.062212e+01 1.091205e+01 1.919826e+01
      vertex -2.177793e+01 1.091206e+01 1.919826e+01
    endloop
  endfacet
  facet normal -3.495463e-06 -6.087614e-01 -7.933533e-01
    outer loop
      vertex -2.062212e+01 1.091205e+01 1.919826e+01
      vertex -2.177791e+01 1.246903e+01 1.800355e+01
      vertex -2.062210e+01 1.246903e+01 1.800355e+01
    endloop
  endfacet
  facet normal -2.197340e-06 -3.826834e-01 -9.238795e-01
    outer loop
      vertex -2.177793e+01 1.091206e+01 1.919826e+01
      vertex -2.062214e+01 9.098924e+00 1.994929e+01
      vertex -2.177795e+01 9.098930e+00 1.994929e+01
    endloop
  endfacet
  facet normal -2.197340e-06 -3.826834e-01 -9.238795e-01
    outer loop
      vertex -2.062214e+01 9.098924e+00 1.994929e+01
      vertex -2.177793e+01 1.091206e+01 1.919826e+01
      vertex -2.062212e+01 1.091205e+01 1.919826e+01
    endloop
  endfacet
  facet normal -7.494718e-07 -1.305262e-01 -9.914448e-01
    outer loop
      vertex -2.177795e+01 9.098930e+00 1.994929e+01
      vertex -2.062217e+01 7.153194e+00 2.020545e+01
      vertex -2.177797e+01 7.153200e+00 2.020545e+01
    endloop
  endfacet
  facet normal -7.494718e-07 -1.305262e-01 -9.914448e-01
    outer loop
      vertex -2.062217e+01 7.153194e+00 2.020545e+01
      vertex -2.177795e+01 9.098930e+00 1.994929e+01
      vertex -2.062214e+01 9.098924e+00 1.994929e+01
    endloop
  endfacet
  facet normal 1.000000e+00 1.877023e-05 2.350854e-05
    outer loop
      vertex -2.062217e+01 1.666874e+01 0.000000e+00
      vertex -2.061934e+01 -1.823434e+01 4.858880e+00
      vertex -2.062217e+01 -1.825626e+01 0.000000e+00
    endloop
  endfacet
  facet normal 1.000000e+00 1.877023e-05 2.350854e-05
    outer loop
      vertex -2.061934e+01 -1.823434e+01 4.858880e+00
      vertex -2.062217e+01 1.666874e+01 0.000000e+00
      vertex -2.062142e+01 -1.482941e+01 7.239144e+00
    endloop
  endfacet
  facet normal 1.000000e+00 1.877023e-05 2.350854e-05
    outer loop
      vertex -2.061934e+01 -1.823434e+01 4.858880e+00
      vertex -2.062142e+01 -1.482941e+01 7.239144e+00
      vertex -2.062142e+01 -1.519714e+01 7.430241e+00
    endloop
  endfacet
  facet normal 1.000000e+00 1.877023e-05 2.350854e-05
    outer loop
      vertex -2.061934e+01 -1.823434e+01 4.858880e+00
      vertex -2.062142e+01 -1.519714e+01 7.430241e+00
      vertex -2.062142e+01 -1.550288e+01 7.710004e+00
    endloop
  endfacet
  facet normal 1.000000e+00 1.877023e-05 2.350854e-05
    outer loop
      vertex -2.061934e+01 -1.823434e+01 4.858880e+00
      vertex -2.062142e+01 -1.550288e+01 7.710004e+00
      vertex -2.062142e+01 -1.572579e+01 8.059365e+00
    endloop
  endfacet
  facet normal 1.000000e+00 1.877023e-05 2.350854e-05
    outer loop
      vertex -2.061934e+01 -1.823434e+01 4.858880e+00
      vertex -2.062142e+01 -1.572579e+01 8.059365e+00
      vertex -2.062142e+01 -1.585069e+01 8.454517e+00
    endloop
  endfacet
  facet normal 1.000000e+00 1.877023e-05 2.350854e-05
    outer loop
      vertex -2.061934e+01 -1.823434e+01 4.858880e+00
      vertex -2.062142e+01 -1.585069e+01 8.454517e+00
      vertex -2.062142e+01 -1.586906e+01 8.868530e+00
    endloop
  endfacet
  facet normal 1.000000e+00 1.877023e-05 2.350854e-05
    outer loop
      vertex -2.061934e+01 -1.823434e+01 4.858880e+00
      vertex -2.062142e+01 -1.586906e+01 8.868530e+00
      vertex -2.062164e+01 -1.587501e+01 1.984379e+01
    endloop
  endfacet
  facet normal 1.000000e+00 1.877023e-05 2.350854e-05
    outer loop
      vertex -2.062142e+01 -1.482941e+01 7.239144e+00
      vertex -2.062217e+01 1.666874e+01 0.000000e+00
      vertex -2.062142e+01 -1.442475e+01 7.149733e+00
    endloop
  endfacet
  facet normal 1.000000e+00 1.877023e-05 2.350854e-05
    outer loop
      vertex -2.062142e+01 -1.442475e+01 7.149733e+00
      vertex -2.062217e+01 1.666874e+01 0.000000e+00
      vertex -2.062142e+01 -1.401073e+01 7.168103e+00
    endloop
  endfacet
  facet normal 1.000000e+00 1.877023e-05 2.350854e-05
    outer loop
      vertex -2.062142e+01 -1.401073e+01 7.168103e+00
      vertex -2.062217e+01 1.666874e+01 0.000000e+00
      vertex -2.062142e+01 -1.361558e+01 7.293002e+00
    endloop
  endfacet
  facet normal 1.000000e+00 1.877023e-05 2.350854e-05
    outer loop
      vertex -2.062142e+01 -1.361558e+01 7.293002e+00
      vertex -2.062217e+01 1.666874e+01 0.000000e+00
      vertex -2.062142e+01 -1.326622e+01 7.515917e+00
    endloop
  endfacet
  facet normal 1.000000e+00 1.877023e-05 2.350854e-05
    outer loop
      vertex -2.062142e+01 -1.326622e+01 7.515917e+00
      vertex -2.062217e+01 1.666874e+01 0.000000e+00
      vertex -2.062142e+01 -1.298646e+01 7.821659e+00
    endloop
  endfacet
  facet normal 1.000000e+00 1.877023e-05 2.350854e-05
    outer loop
      vertex -2.062142e+01 -1.298646e+01 7.821659e+00
      vertex -2.062217e+01 1.666874e+01 0.000000e+00
      vertex -2.062172e+01 -1.292150e+01 7.898011e+00
    endloop
  endfacet
  facet normal 1.000000e+00 1.877023e-05 2.350854e-05
    outer loop
      vertex -2.062172e+01 -1.292150e+01 7.898011e+00
      vertex -2.062217e+01 1.666874e+01 0.000000e+00
      vertex -2.062142e+01 -1.279536e+01 8.189389e+00
    endloop
  endfacet
  facet normal 1.000000e+00 1.877023e-05 2.350854e-05
    outer loop
      vertex -2.062142e+01 -1.279536e+01 8.189389e+00
      vertex -2.062217e+01 1.666874e+01 0.000000e+00
      vertex -2.062142e+01 -1.270595e+01 8.594050e+00
    endloop
  endfacet
  facet normal 1.000000e+00 1.877023e-05 2.350854e-05
    outer loop
      vertex -2.062142e+01 -1.270595e+01 8.594050e+00
      vertex -2.062217e+01 1.666874e+01 0.000000e+00
      vertex -2.062217e+01 3.394329e+00 6.177177e+00
    endloop
  endfacet
  facet normal 1.000000e+00 1.877023e-05 2.350854e-05
    outer loop
      vertex -2.062142e+01 -1.270595e+01 8.594050e+00
      vertex -2.062217e+01 3.394329e+00 6.177177e+00
      vertex -2.062217e+01 1.837358e+00 7.371884e+00
    endloop
  endfacet
  facet normal 1.000000e+00 1.877023e-05 2.350854e-05
    outer loop
      vertex -2.062142e+01 -1.270595e+01 8.594050e+00
      vertex -2.062217e+01 1.837358e+00 7.371884e+00
      vertex -2.062164e+01 -1.270001e+01 1.984379e+01
    endloop
  endfacet
  facet normal 1.000000e+00 1.877023e-05 2.350854e-05
    outer loop
      vertex -2.062164e+01 -1.270001e+01 1.984379e+01
      vertex -2.062217e+01 1.837358e+00 7.371884e+00
      vertex -2.062217e+01 6.426494e-01 8.928855e+00
    endloop
  endfacet
  facet normal 1.000000e+00 1.877023e-05 2.350854e-05
    outer loop
      vertex -2.062164e+01 -1.270001e+01 1.984379e+01
      vertex -2.062217e+01 6.426494e-01 8.928855e+00
      vertex -2.062217e+01 -1.083737e-01 1.074199e+01
    endloop
  endfacet
  facet normal 1.000000e+00 1.877023e-05 2.350854e-05
    outer loop
      vertex -2.062164e+01 -1.270001e+01 1.984379e+01
      vertex -2.062217e+01 -1.083737e-01 1.074199e+01
      vertex -2.062217e+01 -3.645338e-01 1.268772e+01
    endloop
  endfacet
  facet normal 1.000000e+00 1.877023e-05 2.350854e-05
    outer loop
      vertex -2.062217e+01 3.394329e+00 6.177177e+00
      vertex -2.062217e+01 1.666874e+01 0.000000e+00
      vertex -2.062217e+01 5.207461e+00 5.426152e+00
    endloop
  endfacet
  facet normal 1.000000e+00 1.877023e-05 2.350854e-05
    outer loop
      vertex -2.062217e+01 5.207461e+00 5.426152e+00
      vertex -2.062217e+01 1.666874e+01 0.000000e+00
      vertex -2.062217e+01 7.153194e+00 5.169992e+00
    endloop
  endfacet
  facet normal 1.000000e+00 1.877023e-05 2.350854e-05
    outer loop
      vertex -2.062217e+01 7.153194e+00 5.169992e+00
      vertex -2.062217e+01 1.666874e+01 0.000000e+00
      vertex -2.062214e+01 9.098924e+00 5.426152e+00
    endloop
  endfacet
  facet normal 1.000000e+00 1.877023e-05 2.350854e-05
    outer loop
      vertex -2.062214e+01 9.098924e+00 5.426152e+00
      vertex -2.062217e+01 1.666874e+01 0.000000e+00
      vertex -2.062212e+01 1.091205e+01 6.177177e+00
    endloop
  endfacet
  facet normal 1.000000e+00 1.877023e-05 2.350854e-05
    outer loop
      vertex -2.062212e+01 1.091205e+01 6.177177e+00
      vertex -2.062217e+01 1.666874e+01 0.000000e+00
      vertex -2.062210e+01 1.246903e+01 7.371884e+00
    endloop
  endfacet
  facet normal 1.000000e+00 1.877023e-05 2.350854e-05
    outer loop
      vertex -2.062210e+01 1.246903e+01 7.371884e+00
      vertex -2.062217e+01 1.666874e+01 0.000000e+00
      vertex -2.062209e+01 1.366373e+01 8.928855e+00
    endloop
  endfacet
  facet normal 1.000000e+00 1.877023e-05 2.350854e-05
    outer loop
      vertex -2.062209e+01 1.366373e+01 8.928855e+00
      vertex -2.062217e+01 1.666874e+01 0.000000e+00
      vertex -2.062208e+01 1.441476e+01 1.074199e+01
    endloop
  endfacet
  facet normal 1.000000e+00 1.877023e-05 2.350854e-05
    outer loop
      vertex -2.062208e+01 1.441476e+01 1.074199e+01
      vertex -2.062217e+01 1.666874e+01 0.000000e+00
      vertex -2.062208e+01 1.467092e+01 1.268772e+01
    endloop
  endfacet
  facet normal 1.000000e+00 1.877023e-05 2.350854e-05
    outer loop
      vertex -2.061934e+01 -1.823434e+01 4.858880e+00
      vertex -2.062217e+01 -1.825626e+01 2.540000e+01
      vertex -2.062217e+01 -1.825626e+01 1.753233e+01
    endloop
  endfacet
  facet normal 1.000000e+00 1.877023e-05 2.350854e-05
    outer loop
      vertex -2.062217e+01 -1.825626e+01 2.540000e+01
      vertex -2.061934e+01 -1.823434e+01 4.858880e+00
      vertex -2.062164e+01 -1.582091e+01 2.025466e+01
    endloop
  endfacet
  facet normal 1.000000e+00 1.877023e-05 2.350854e-05
    outer loop
      vertex -2.062217e+01 -1.825626e+01 2.540000e+01
      vertex -2.062164e+01 -1.582091e+01 2.025466e+01
      vertex -2.062164e+01 -1.566232e+01 2.063754e+01
    endloop
  endfacet
  facet normal 1.000000e+00 1.877023e-05 2.350854e-05
    outer loop
      vertex -2.062217e+01 -1.825626e+01 2.540000e+01
      vertex -2.062164e+01 -1.566232e+01 2.063754e+01
      vertex -2.062164e+01 -1.541004e+01 2.096632e+01
    endloop
  endfacet
  facet normal 1.000000e+00 1.877023e-05 2.350854e-05
    outer loop
      vertex -2.062217e+01 -1.825626e+01 2.540000e+01
      vertex -2.062164e+01 -1.541004e+01 2.096632e+01
      vertex -2.062164e+01 -1.508126e+01 2.121860e+01
    endloop
  endfacet
  facet normal 1.000000e+00 1.877023e-05 2.350854e-05
    outer loop
      vertex -2.062217e+01 -1.825626e+01 2.540000e+01
      vertex -2.062164e+01 -1.508126e+01 2.121860e+01
      vertex -2.062164e+01 -1.469838e+01 2.137720e+01
    endloop
  endfacet
  facet normal 1.000000e+00 1.877023e-05 2.350854e-05
    outer loop
      vertex -2.062217e+01 -1.825626e+01 2.540000e+01
      vertex -2.062164e+01 -1.469838e+01 2.137720e+01
      vertex -2.062164e+01 -1.428751e+01 2.143129e+01
    endloop
  endfacet
  facet normal 1.000000e+00 1.877023e-05 2.350854e-05
    outer loop
      vertex -2.062217e+01 -1.825626e+01 2.540000e+01
      vertex -2.062164e+01 -1.428751e+01 2.143129e+01
      vertex -2.062217e+01 1.666874e+01 2.540000e+01
    endloop
  endfacet
  facet normal 1.000000e+00 1.877023e-05 2.350854e-05
    outer loop
      vertex -2.062164e+01 -1.582091e+01 2.025466e+01
      vertex -2.061934e+01 -1.823434e+01 4.858880e+00
      vertex -2.062164e+01 -1.587501e+01 1.984379e+01
    endloop
  endfacet
  facet normal 1.000000e+00 1.877023e-05 2.350854e-05
    outer loop
      vertex -2.062217e+01 1.666874e+01 2.540000e+01
      vertex -2.062164e+01 -1.428751e+01 2.143129e+01
      vertex -2.062164e+01 -1.387663e+01 2.137720e+01
    endloop
  endfacet
  facet normal 1.000000e+00 1.877023e-05 2.350854e-05
    outer loop
      vertex -2.062217e+01 1.666874e+01 2.540000e+01
      vertex -2.062164e+01 -1.387663e+01 2.137720e+01
      vertex -2.062164e+01 -1.349376e+01 2.121860e+01
    endloop
  endfacet
  facet normal 1.000000e+00 1.877023e-05 2.350854e-05
    outer loop
      vertex -2.062217e+01 1.666874e+01 2.540000e+01
      vertex -2.062164e+01 -1.349376e+01 2.121860e+01
      vertex -2.062164e+01 -1.316497e+01 2.096632e+01
    endloop
  endfacet
  facet normal 1.000000e+00 1.877023e-05 2.350854e-05
    outer loop
      vertex -2.062217e+01 1.666874e+01 2.540000e+01
      vertex -2.062164e+01 -1.316497e+01 2.096632e+01
      vertex -2.062164e+01 -1.291269e+01 2.063754e+01
    endloop
  endfacet
  facet normal 1.000000e+00 1.877023e-05 2.350854e-05
    outer loop
      vertex -2.062217e+01 1.666874e+01 2.540000e+01
      vertex -2.062164e+01 -1.291269e+01 2.063754e+01
      vertex -2.062164e+01 -1.275410e+01 2.025466e+01
    endloop
  endfacet
  facet normal 1.000000e+00 1.877023e-05 2.350854e-05
    outer loop
      vertex -2.062217e+01 1.666874e+01 2.540000e+01
      vertex -2.062164e+01 -1.275410e+01 2.025466e+01
      vertex -2.062164e+01 -1.270001e+01 1.984379e+01
    endloop
  endfacet
  facet normal 1.000000e+00 1.877023e-05 2.350854e-05
    outer loop
      vertex -2.062217e+01 1.666874e+01 2.540000e+01
      vertex -2.062164e+01 -1.270001e+01 1.984379e+01
      vertex -2.062217e+01 3.394329e+00 1.919826e+01
    endloop
  endfacet
  facet normal 1.000000e+00 1.877023e-05 2.350854e-05
    outer loop
      vertex -2.062217e+01 3.394329e+00 1.919826e+01
      vertex -2.062164e+01 -1.270001e+01 1.984379e+01
      vertex -2.062217e+01 1.837358e+00 1.800355e+01
    endloop
  endfacet
  facet normal 1.000000e+00 1.877023e-05 2.350854e-05
    outer loop
      vertex -2.062217e+01 1.837358e+00 1.800355e+01
      vertex -2.062164e+01 -1.270001e+01 1.984379e+01
      vertex -2.062217e+01 6.426494e-01 1.644658e+01
    endloop
  endfacet
  facet normal 1.000000e+00 1.877023e-05 2.350854e-05
    outer loop
      vertex -2.062217e+01 6.426494e-01 1.644658e+01
      vertex -2.062164e+01 -1.270001e+01 1.984379e+01
      vertex -2.062217e+01 -1.083737e-01 1.463345e+01
    endloop
  endfacet
  facet normal 1.000000e+00 1.877023e-05 2.350854e-05
    outer loop
      vertex -2.062217e+01 -1.083737e-01 1.463345e+01
      vertex -2.062164e+01 -1.270001e+01 1.984379e+01
      vertex -2.062217e+01 -3.645338e-01 1.268772e+01
    endloop
  endfacet
  facet normal 1.000000e+00 1.877023e-05 2.350854e-05
    outer loop
      vertex -2.062217e+01 1.666874e+01 2.540000e+01
      vertex -2.062217e+01 3.394329e+00 1.919826e+01
      vertex -2.062217e+01 5.207461e+00 1.994929e+01
    endloop
  endfacet
  facet normal 1.000000e+00 1.877023e-05 2.350854e-05
    outer loop
      vertex -2.062217e+01 1.666874e+01 2.540000e+01
      vertex -2.062217e+01 5.207461e+00 1.994929e+01
      vertex -2.062217e+01 7.153194e+00 2.020545e+01
    endloop
  endfacet
  facet normal 1.000000e+00 1.877023e-05 2.350854e-05
    outer loop
      vertex -2.062217e+01 1.666874e+01 2.540000e+01
      vertex -2.062217e+01 7.153194e+00 2.020545e+01
      vertex -2.062214e+01 9.098924e+00 1.994929e+01
    endloop
  endfacet
  facet normal 1.000000e+00 1.877023e-05 2.350854e-05
    outer loop
      vertex -2.062217e+01 1.666874e+01 2.540000e+01
      vertex -2.062214e+01 9.098924e+00 1.994929e+01
      vertex -2.062212e+01 1.091205e+01 1.919826e+01
    endloop
  endfacet
  facet normal 1.000000e+00 1.877023e-05 2.350854e-05
    outer loop
      vertex -2.062217e+01 1.666874e+01 2.540000e+01
      vertex -2.062212e+01 1.091205e+01 1.919826e+01
      vertex -2.062210e+01 1.246903e+01 1.800355e+01
    endloop
  endfacet
  facet normal 1.000000e+00 1.877023e-05 2.350854e-05
    outer loop
      vertex -2.062217e+01 1.666874e+01 2.540000e+01
      vertex -2.062210e+01 1.246903e+01 1.800355e+01
      vertex -2.062209e+01 1.366373e+01 1.644658e+01
    endloop
  endfacet
  facet normal 1.000000e+00 1.877023e-05 2.350854e-05
    outer loop
      vertex -2.062217e+01 1.666874e+01 2.540000e+01
      vertex -2.062209e+01 1.366373e+01 1.644658e+01
      vertex -2.062208e+01 1.441476e+01 1.463345e+01
    endloop
  endfacet
  facet normal 1.000000e+00 1.877023e-05 2.350854e-05
    outer loop
      vertex -2.062217e+01 1.666874e+01 2.540000e+01
      vertex -2.062208e+01 1.441476e+01 1.463345e+01
      vertex -2.062208e+01 1.467092e+01 1.268772e+01
    endloop
  endfacet
  facet normal 1.000000e+00 1.877023e-05 2.350854e-05
    outer loop
      vertex -2.062217e+01 1.666874e+01 2.540000e+01
      vertex -2.062208e+01 1.467092e+01 1.268772e+01
      vertex -2.062217e+01 1.666874e+01 0.000000e+00
    endloop
  endfacet
  facet normal 1.000000e+00 1.877023e-05 2.350854e-05
    outer loop
      vertex -2.062217e+01 1.666874e+01 2.540000e+01
      vertex -2.062217e+01 1.666874e+01 0.000000e+00
      vertex -2.062223e+01 2.301873e+01 4.773283e+00
    endloop
  endfacet
  facet normal 1.000000e+00 1.877023e-05 2.350854e-05
    outer loop
      vertex -2.062217e+01 1.666874e+01 2.540000e+01
      vertex -2.062223e+01 2.301873e+01 4.773283e+00
      vertex -2.062223e+01 2.301873e+01 2.064828e+01
    endloop
  endfacet
  facet normal 1.000000e+00 1.877023e-05 2.350854e-05
    outer loop
      vertex -2.062142e+01 -1.586906e+01 8.868530e+00
      vertex -2.062164e+01 -1.582091e+01 1.943292e+01
      vertex -2.062164e+01 -1.587501e+01 1.984379e+01
    endloop
  endfacet
  facet normal 1.000000e+00 1.877023e-05 2.350854e-05
    outer loop
      vertex -2.062164e+01 -1.582091e+01 1.943292e+01
      vertex -2.062142e+01 -1.586906e+01 8.868530e+00
      vertex -2.062142e+01 -1.577965e+01 9.273191e+00
    endloop
  endfacet
  facet normal 1.000000e+00 1.877023e-05 2.350854e-05
    outer loop
      vertex -2.062164e+01 -1.582091e+01 1.943292e+01
      vertex -2.062142e+01 -1.577965e+01 9.273191e+00
      vertex -2.062164e+01 -1.566232e+01 1.905004e+01
    endloop
  endfacet
  facet normal 1.000000e+00 1.877023e-05 2.350854e-05
    outer loop
      vertex -2.062164e+01 -1.566232e+01 1.905004e+01
      vertex -2.062142e+01 -1.577965e+01 9.273191e+00
      vertex -2.062142e+01 -1.558855e+01 9.640921e+00
    endloop
  endfacet
  facet normal 1.000000e+00 1.877023e-05 2.350854e-05
    outer loop
      vertex -2.062164e+01 -1.566232e+01 1.905004e+01
      vertex -2.062142e+01 -1.558855e+01 9.640921e+00
      vertex -2.062164e+01 -1.541004e+01 1.872126e+01
    endloop
  endfacet
  facet normal 1.000000e+00 1.877023e-05 2.350854e-05
    outer loop
      vertex -2.062164e+01 -1.541004e+01 1.872126e+01
      vertex -2.062142e+01 -1.558855e+01 9.640921e+00
      vertex -2.062142e+01 -1.530879e+01 9.946663e+00
    endloop
  endfacet
  facet normal 1.000000e+00 1.877023e-05 2.350854e-05
    outer loop
      vertex -2.062164e+01 -1.541004e+01 1.872126e+01
      vertex -2.062142e+01 -1.530879e+01 9.946663e+00
      vertex -2.062164e+01 -1.508126e+01 1.846898e+01
    endloop
  endfacet
  facet normal 1.000000e+00 1.877023e-05 2.350854e-05
    outer loop
      vertex -2.062164e+01 -1.508126e+01 1.846898e+01
      vertex -2.062142e+01 -1.530879e+01 9.946663e+00
      vertex -2.062142e+01 -1.495943e+01 1.016958e+01
    endloop
  endfacet
  facet normal 1.000000e+00 1.877023e-05 2.350854e-05
    outer loop
      vertex -2.062164e+01 -1.508126e+01 1.846898e+01
      vertex -2.062142e+01 -1.495943e+01 1.016958e+01
      vertex -2.062164e+01 -1.469838e+01 1.831038e+01
    endloop
  endfacet
  facet normal 1.000000e+00 1.877023e-05 2.350854e-05
    outer loop
      vertex -2.062164e+01 -1.469838e+01 1.831038e+01
      vertex -2.062142e+01 -1.495943e+01 1.016958e+01
      vertex -2.062142e+01 -1.456428e+01 1.029448e+01
    endloop
  endfacet
  facet normal 1.000000e+00 1.877023e-05 2.350854e-05
    outer loop
      vertex -2.062164e+01 -1.469838e+01 1.831038e+01
      vertex -2.062142e+01 -1.456428e+01 1.029448e+01
      vertex -2.062164e+01 -1.428751e+01 1.825629e+01
    endloop
  endfacet
  facet normal 1.000000e+00 1.877023e-05 2.350854e-05
    outer loop
      vertex -2.062164e+01 -1.428751e+01 1.825629e+01
      vertex -2.062142e+01 -1.456428e+01 1.029448e+01
      vertex -2.062142e+01 -1.415027e+01 1.031285e+01
    endloop
  endfacet
  facet normal 1.000000e+00 1.877023e-05 2.350854e-05
    outer loop
      vertex -2.062164e+01 -1.428751e+01 1.825629e+01
      vertex -2.062142e+01 -1.415027e+01 1.031285e+01
      vertex -2.062164e+01 -1.387663e+01 1.831038e+01
    endloop
  endfacet
  facet normal 1.000000e+00 1.877023e-05 2.350854e-05
    outer loop
      vertex -2.062164e+01 -1.387663e+01 1.831038e+01
      vertex -2.062142e+01 -1.415027e+01 1.031285e+01
      vertex -2.062142e+01 -1.374561e+01 1.022344e+01
    endloop
  endfacet
  facet normal 1.000000e+00 1.877023e-05 2.350854e-05
    outer loop
      vertex -2.062164e+01 -1.387663e+01 1.831038e+01
      vertex -2.062142e+01 -1.374561e+01 1.022344e+01
      vertex -2.062164e+01 -1.349376e+01 1.846898e+01
    endloop
  endfacet
  facet normal 1.000000e+00 1.877023e-05 2.350854e-05
    outer loop
      vertex -2.062164e+01 -1.349376e+01 1.846898e+01
      vertex -2.062142e+01 -1.374561e+01 1.022344e+01
      vertex -2.062142e+01 -1.337787e+01 1.003234e+01
    endloop
  endfacet
  facet normal 1.000000e+00 1.877023e-05 2.350854e-05
    outer loop
      vertex -2.062164e+01 -1.349376e+01 1.846898e+01
      vertex -2.062142e+01 -1.337787e+01 1.003234e+01
      vertex -2.062164e+01 -1.316497e+01 1.872126e+01
    endloop
  endfacet
  facet normal 1.000000e+00 1.877023e-05 2.350854e-05
    outer loop
      vertex -2.062164e+01 -1.316497e+01 1.872126e+01
      vertex -2.062142e+01 -1.337787e+01 1.003234e+01
      vertex -2.062142e+01 -1.307213e+01 9.752576e+00
    endloop
  endfacet
  facet normal 1.000000e+00 1.877023e-05 2.350854e-05
    outer loop
      vertex -2.062164e+01 -1.316497e+01 1.872126e+01
      vertex -2.062142e+01 -1.307213e+01 9.752576e+00
      vertex -2.062164e+01 -1.291269e+01 1.905004e+01
    endloop
  endfacet
  facet normal 1.000000e+00 1.877023e-05 2.350854e-05
    outer loop
      vertex -2.062164e+01 -1.291269e+01 1.905004e+01
      vertex -2.062142e+01 -1.307213e+01 9.752576e+00
      vertex -2.062142e+01 -1.284922e+01 9.403215e+00
    endloop
  endfacet
  facet normal 1.000000e+00 1.877023e-05 2.350854e-05
    outer loop
      vertex -2.062164e+01 -1.291269e+01 1.905004e+01
      vertex -2.062142e+01 -1.284922e+01 9.403215e+00
      vertex -2.062164e+01 -1.275410e+01 1.943292e+01
    endloop
  endfacet
  facet normal 1.000000e+00 1.877023e-05 2.350854e-05
    outer loop
      vertex -2.062164e+01 -1.275410e+01 1.943292e+01
      vertex -2.062142e+01 -1.284922e+01 9.403215e+00
      vertex -2.062142e+01 -1.272432e+01 9.008063e+00
    endloop
  endfacet
  facet normal 1.000000e+00 1.877023e-05 2.350854e-05
    outer loop
      vertex -2.062164e+01 -1.275410e+01 1.943292e+01
      vertex -2.062142e+01 -1.272432e+01 9.008063e+00
      vertex -2.062164e+01 -1.270001e+01 1.984379e+01
    endloop
  endfacet
  facet normal 1.000000e+00 1.877023e-05 2.350854e-05
    outer loop
      vertex -2.062164e+01 -1.270001e+01 1.984379e+01
      vertex -2.062142e+01 -1.272432e+01 9.008063e+00
      vertex -2.062142e+01 -1.270595e+01 8.594050e+00
    endloop
  endfacet
  facet normal 8.309143e-01 5.994290e-07 -5.564004e-01
    outer loop
      vertex 4.133194e+00 -1.825624e+01 9.434828e+00
      vertex 4.363782e+00 -2.301874e+01 9.779176e+00
      vertex 4.133198e+00 -2.301874e+01 9.434828e+00
    endloop
  endfacet
  facet normal 8.309143e-01 5.994290e-07 -5.564004e-01
    outer loop
      vertex 4.363782e+00 -2.301874e+01 9.779176e+00
      vertex 4.133194e+00 -1.825624e+01 9.434828e+00
      vertex 4.363778e+00 -1.825624e+01 9.779176e+00
    endloop
  endfacet
  facet normal 9.466086e-01 6.682811e-07 -3.223851e-01
    outer loop
      vertex 3.999591e+00 -1.825624e+01 9.042534e+00
      vertex 4.133198e+00 -2.301874e+01 9.434828e+00
      vertex 3.999595e+00 -2.301874e+01 9.042534e+00
    endloop
  endfacet
  facet normal 9.466086e-01 6.682811e-07 -3.223851e-01
    outer loop
      vertex 4.133198e+00 -2.301874e+01 9.434828e+00
      vertex 3.999591e+00 -1.825624e+01 9.042534e+00
      vertex 4.133194e+00 -1.825624e+01 9.434828e+00
    endloop
  endfacet
  facet normal 9.977931e-01 6.915906e-07 -6.639978e-02
    outer loop
      vertex 3.972077e+00 -2.301874e+01 8.629027e+00
      vertex 3.999591e+00 -1.825624e+01 9.042534e+00
      vertex 3.999595e+00 -2.301874e+01 9.042534e+00
    endloop
  endfacet
  facet normal 9.977931e-01 6.915906e-07 -6.639978e-02
    outer loop
      vertex 3.999591e+00 -1.825624e+01 9.042534e+00
      vertex 3.972077e+00 -2.301874e+01 8.629027e+00
      vertex 3.972074e+00 -1.825624e+01 8.629027e+00
    endloop
  endfacet
  facet normal 9.809796e-01 6.677697e-07 1.941106e-01
    outer loop
      vertex 4.052521e+00 -2.301874e+01 8.222490e+00
      vertex 3.972074e+00 -1.825624e+01 8.629027e+00
      vertex 3.972077e+00 -2.301874e+01 8.629027e+00
    endloop
  endfacet
  facet normal 9.809796e-01 6.677697e-07 1.941106e-01
    outer loop
      vertex 3.972074e+00 -1.825624e+01 8.629027e+00
      vertex 4.052521e+00 -2.301874e+01 8.222490e+00
      vertex 4.052517e+00 -1.825624e+01 8.222490e+00
    endloop
  endfacet
  facet normal 8.973140e-01 5.984413e-07 4.413927e-01
    outer loop
      vertex 4.235443e+00 -2.301874e+01 7.850624e+00
      vertex 4.052517e+00 -1.825624e+01 8.222490e+00
      vertex 4.052521e+00 -2.301874e+01 8.222490e+00
    endloop
  endfacet
  facet normal 8.973140e-01 5.984413e-07 4.413927e-01
    outer loop
      vertex 4.052517e+00 -1.825624e+01 8.222490e+00
      vertex 4.235443e+00 -2.301874e+01 7.850624e+00
      vertex 4.235440e+00 -1.825624e+01 7.850624e+00
    endloop
  endfacet
  facet normal 7.524981e-01 4.883302e-07 6.585945e-01
    outer loop
      vertex 4.508378e+00 -2.301874e+01 7.538773e+00
      vertex 4.235440e+00 -1.825624e+01 7.850624e+00
      vertex 4.235443e+00 -2.301874e+01 7.850624e+00
    endloop
  endfacet
  facet normal 7.524981e-01 4.883302e-07 6.585945e-01
    outer loop
      vertex 4.235440e+00 -1.825624e+01 7.850624e+00
      vertex 4.508378e+00 -2.301874e+01 7.538773e+00
      vertex 4.508375e+00 -1.825624e+01 7.538773e+00
    endloop
  endfacet
  facet normal 5.564004e-01 3.449400e-07 8.309143e-01
    outer loop
      vertex 4.508378e+00 -2.301874e+01 7.538773e+00
      vertex 4.852723e+00 -1.825624e+01 7.308189e+00
      vertex 4.508375e+00 -1.825624e+01 7.538773e+00
    endloop
  endfacet
  facet normal 5.564004e-01 3.449400e-07 8.309143e-01
    outer loop
      vertex 4.852723e+00 -1.825624e+01 7.308189e+00
      vertex 4.508378e+00 -2.301874e+01 7.538773e+00
      vertex 4.852726e+00 -2.301874e+01 7.308189e+00
    endloop
  endfacet
  facet normal 3.223851e-01 1.780428e-07 9.466086e-01
    outer loop
      vertex 4.852726e+00 -2.301874e+01 7.308189e+00
      vertex 5.245017e+00 -1.825624e+01 7.174586e+00
      vertex 4.852723e+00 -1.825624e+01 7.308189e+00
    endloop
  endfacet
  facet normal 3.223851e-01 1.780428e-07 9.466086e-01
    outer loop
      vertex 5.245017e+00 -1.825624e+01 7.174586e+00
      vertex 4.852726e+00 -2.301874e+01 7.308189e+00
      vertex 5.245020e+00 -2.301874e+01 7.174586e+00
    endloop
  endfacet
  facet normal 6.639978e-02 -9.876632e-10 9.977931e-01
    outer loop
      vertex 5.245020e+00 -2.301874e+01 7.174586e+00
      vertex 5.658523e+00 -1.825624e+01 7.147069e+00
      vertex 5.245017e+00 -1.825624e+01 7.174586e+00
    endloop
  endfacet
  facet normal 6.639978e-02 -9.876632e-10 9.977931e-01
    outer loop
      vertex 5.658523e+00 -1.825624e+01 7.147069e+00
      vertex 5.245020e+00 -2.301874e+01 7.174586e+00
      vertex 5.658526e+00 -2.301874e+01 7.147068e+00
    endloop
  endfacet
  facet normal -1.941106e-01 -1.799509e-07 9.809796e-01
    outer loop
      vertex 5.658526e+00 -2.301874e+01 7.147068e+00
      vertex 6.065061e+00 -1.825624e+01 7.227513e+00
      vertex 5.658523e+00 -1.825624e+01 7.147069e+00
    endloop
  endfacet
  facet normal -1.941106e-01 -1.799509e-07 9.809796e-01
    outer loop
      vertex 6.065061e+00 -1.825624e+01 7.227513e+00
      vertex 5.658526e+00 -2.301874e+01 7.147068e+00
      vertex 6.065064e+00 -2.301874e+01 7.227512e+00
    endloop
  endfacet
  facet normal -4.413927e-01 -3.466507e-07 8.973140e-01
    outer loop
      vertex 6.065064e+00 -2.301874e+01 7.227512e+00
      vertex 6.436927e+00 -1.825624e+01 7.410434e+00
      vertex 6.065061e+00 -1.825624e+01 7.227513e+00
    endloop
  endfacet
  facet normal -4.413927e-01 -3.466507e-07 8.973140e-01
    outer loop
      vertex 6.436927e+00 -1.825624e+01 7.410434e+00
      vertex 6.065064e+00 -2.301874e+01 7.227512e+00
      vertex 6.436930e+00 -2.301874e+01 7.410434e+00
    endloop
  endfacet
  facet normal -6.585945e-01 -4.897270e-07 7.524981e-01
    outer loop
      vertex 6.436930e+00 -2.301874e+01 7.410434e+00
      vertex 6.748777e+00 -1.825624e+01 7.683370e+00
      vertex 6.436927e+00 -1.825624e+01 7.410434e+00
    endloop
  endfacet
  facet normal -6.585945e-01 -4.897270e-07 7.524981e-01
    outer loop
      vertex 6.748777e+00 -1.825624e+01 7.683370e+00
      vertex 6.436930e+00 -2.301874e+01 7.410434e+00
      vertex 6.748781e+00 -2.301874e+01 7.683370e+00
    endloop
  endfacet
  facet normal -8.309143e-01 -5.994290e-07 5.564004e-01
    outer loop
      vertex 6.979364e+00 -2.301874e+01 8.027717e+00
      vertex 6.748777e+00 -1.825624e+01 7.683370e+00
      vertex 6.748781e+00 -2.301874e+01 7.683370e+00
    endloop
  endfacet
  facet normal -8.309143e-01 -5.994290e-07 5.564004e-01
    outer loop
      vertex 6.748777e+00 -1.825624e+01 7.683370e+00
      vertex 6.979364e+00 -2.301874e+01 8.027717e+00
      vertex 6.979361e+00 -1.825624e+01 8.027718e+00
    endloop
  endfacet
  facet normal -9.466086e-01 -6.682811e-07 3.223851e-01
    outer loop
      vertex 7.112968e+00 -2.301874e+01 8.420012e+00
      vertex 6.979361e+00 -1.825624e+01 8.027718e+00
      vertex 6.979364e+00 -2.301874e+01 8.027717e+00
    endloop
  endfacet
  facet normal -9.466086e-01 -6.682811e-07 3.223851e-01
    outer loop
      vertex 6.979361e+00 -1.825624e+01 8.027718e+00
      vertex 7.112968e+00 -2.301874e+01 8.420012e+00
      vertex 7.112964e+00 -1.825624e+01 8.420012e+00
    endloop
  endfacet
  facet normal -9.977931e-01 -6.915906e-07 6.639978e-02
    outer loop
      vertex 7.140482e+00 -1.825624e+01 8.833519e+00
      vertex 7.112968e+00 -2.301874e+01 8.420012e+00
      vertex 7.140485e+00 -2.301874e+01 8.833518e+00
    endloop
  endfacet
  facet normal -9.977931e-01 -6.915906e-07 6.639978e-02
    outer loop
      vertex 7.112968e+00 -2.301874e+01 8.420012e+00
      vertex 7.140482e+00 -1.825624e+01 8.833519e+00
      vertex 7.112964e+00 -1.825624e+01 8.420012e+00
    endloop
  endfacet
  facet normal -9.809796e-01 -6.677697e-07 -1.941106e-01
    outer loop
      vertex 7.060038e+00 -1.825624e+01 9.240056e+00
      vertex 7.140485e+00 -2.301874e+01 8.833518e+00
      vertex 7.060042e+00 -2.301874e+01 9.240056e+00
    endloop
  endfacet
  facet normal -9.809796e-01 -6.677697e-07 -1.941106e-01
    outer loop
      vertex 7.140485e+00 -2.301874e+01 8.833518e+00
      vertex 7.060038e+00 -1.825624e+01 9.240056e+00
      vertex 7.140482e+00 -1.825624e+01 8.833519e+00
    endloop
  endfacet
  facet normal -8.973140e-01 -5.984413e-07 -4.413927e-01
    outer loop
      vertex 6.877116e+00 -1.825624e+01 9.611922e+00
      vertex 7.060042e+00 -2.301874e+01 9.240056e+00
      vertex 6.877119e+00 -2.301874e+01 9.611922e+00
    endloop
  endfacet
  facet normal -8.973140e-01 -5.984413e-07 -4.413927e-01
    outer loop
      vertex 7.060042e+00 -2.301874e+01 9.240056e+00
      vertex 6.877116e+00 -1.825624e+01 9.611922e+00
      vertex 7.060038e+00 -1.825624e+01 9.240056e+00
    endloop
  endfacet
  facet normal -7.524981e-01 -4.883302e-07 -6.585945e-01
    outer loop
      vertex 6.604181e+00 -1.825624e+01 9.923773e+00
      vertex 6.877119e+00 -2.301874e+01 9.611922e+00
      vertex 6.604184e+00 -2.301874e+01 9.923773e+00
    endloop
  endfacet
  facet normal -7.524981e-01 -4.883302e-07 -6.585945e-01
    outer loop
      vertex 6.877119e+00 -2.301874e+01 9.611922e+00
      vertex 6.604181e+00 -1.825624e+01 9.923773e+00
      vertex 6.877116e+00 -1.825624e+01 9.611922e+00
    endloop
  endfacet
  facet normal -5.564004e-01 -3.449400e-07 -8.309143e-01
    outer loop
      vertex 6.604181e+00 -1.825624e+01 9.923773e+00
      vertex 6.259836e+00 -2.301874e+01 1.015436e+01
      vertex 6.259833e+00 -1.825624e+01 1.015436e+01
    endloop
  endfacet
  facet normal -5.564004e-01 -3.449400e-07 -8.309143e-01
    outer loop
      vertex 6.259836e+00 -2.301874e+01 1.015436e+01
      vertex 6.604181e+00 -1.825624e+01 9.923773e+00
      vertex 6.604184e+00 -2.301874e+01 9.923773e+00
    endloop
  endfacet
  facet normal -3.223851e-01 -1.780428e-07 -9.466086e-01
    outer loop
      vertex 6.259833e+00 -1.825624e+01 1.015436e+01
      vertex 5.867542e+00 -2.301874e+01 1.028796e+01
      vertex 5.867539e+00 -1.825624e+01 1.028796e+01
    endloop
  endfacet
  facet normal -3.223851e-01 -1.780428e-07 -9.466086e-01
    outer loop
      vertex 5.867542e+00 -2.301874e+01 1.028796e+01
      vertex 6.259833e+00 -1.825624e+01 1.015436e+01
      vertex 6.259836e+00 -2.301874e+01 1.015436e+01
    endloop
  endfacet
  facet normal -6.639978e-02 9.876627e-10 -9.977931e-01
    outer loop
      vertex 5.867539e+00 -1.825624e+01 1.028796e+01
      vertex 5.454036e+00 -2.301874e+01 1.031548e+01
      vertex 5.454033e+00 -1.825624e+01 1.031548e+01
    endloop
  endfacet
  facet normal -6.639978e-02 9.876627e-10 -9.977931e-01
    outer loop
      vertex 5.454036e+00 -2.301874e+01 1.031548e+01
      vertex 5.867539e+00 -1.825624e+01 1.028796e+01
      vertex 5.867542e+00 -2.301874e+01 1.028796e+01
    endloop
  endfacet
  facet normal 1.941106e-01 1.799509e-07 -9.809796e-01
    outer loop
      vertex 5.454033e+00 -1.825624e+01 1.031548e+01
      vertex 5.047498e+00 -2.301874e+01 1.023503e+01
      vertex 5.047494e+00 -1.825624e+01 1.023503e+01
    endloop
  endfacet
  facet normal 1.941106e-01 1.799509e-07 -9.809796e-01
    outer loop
      vertex 5.047498e+00 -2.301874e+01 1.023503e+01
      vertex 5.454033e+00 -1.825624e+01 1.031548e+01
      vertex 5.454036e+00 -2.301874e+01 1.031548e+01
    endloop
  endfacet
  facet normal 4.413927e-01 3.466507e-07 -8.973140e-01
    outer loop
      vertex 5.047494e+00 -1.825624e+01 1.023503e+01
      vertex 4.675632e+00 -2.301874e+01 1.005211e+01
      vertex 4.675629e+00 -1.825624e+01 1.005211e+01
    endloop
  endfacet
  facet normal 4.413927e-01 3.466507e-07 -8.973140e-01
    outer loop
      vertex 4.675632e+00 -2.301874e+01 1.005211e+01
      vertex 5.047494e+00 -1.825624e+01 1.023503e+01
      vertex 5.047498e+00 -2.301874e+01 1.023503e+01
    endloop
  endfacet
  facet normal 6.585945e-01 4.897270e-07 -7.524981e-01
    outer loop
      vertex 4.675629e+00 -1.825624e+01 1.005211e+01
      vertex 4.363782e+00 -2.301874e+01 9.779176e+00
      vertex 4.363778e+00 -1.825624e+01 9.779176e+00
    endloop
  endfacet
  facet normal 6.585945e-01 4.897270e-07 -7.524981e-01
    outer loop
      vertex 4.363782e+00 -2.301874e+01 9.779176e+00
      vertex 4.675629e+00 -1.825624e+01 1.005211e+01
      vertex 4.675632e+00 -2.301874e+01 1.005211e+01
    endloop
  endfacet
  facet normal -7.061720e-07 1.000000e+00 -1.112944e-13
    outer loop
      vertex -5.564036e+00 -1.825625e+01 1.825628e+01
      vertex 5.653591e+00 -1.825624e+01 1.825926e+01
      vertex 1.663573e+01 -1.825623e+01 1.825663e+01
    endloop
  endfacet
  facet normal -7.061720e-07 1.000000e+00 -1.112944e-13
    outer loop
      vertex 5.653591e+00 -1.825624e+01 1.825926e+01
      vertex -5.564036e+00 -1.825625e+01 1.825628e+01
      vertex -5.152899e+00 -1.825624e+01 1.830835e+01
    endloop
  endfacet
  facet normal -7.061720e-07 1.000000e+00 -1.112944e-13
    outer loop
      vertex 5.653591e+00 -1.825624e+01 1.825926e+01
      vertex -5.152899e+00 -1.825624e+01 1.830835e+01
      vertex 5.240173e+00 -1.825624e+01 1.828806e+01
    endloop
  endfacet
  facet normal -7.061720e-07 1.000000e+00 -1.112944e-13
    outer loop
      vertex 5.240173e+00 -1.825624e+01 1.828806e+01
      vertex -5.152899e+00 -1.825624e+01 1.830835e+01
      vertex 4.848296e+00 -1.825624e+01 1.842289e+01
    endloop
  endfacet
  facet normal -7.061720e-07 1.000000e+00 -1.112944e-13
    outer loop
      vertex 4.848296e+00 -1.825624e+01 1.842289e+01
      vertex -5.152899e+00 -1.825624e+01 1.830835e+01
      vertex -4.769248e+00 -1.825624e+01 1.846506e+01
    endloop
  endfacet
  facet normal -7.061720e-07 1.000000e+00 -1.112944e-13
    outer loop
      vertex 4.848296e+00 -1.825624e+01 1.842289e+01
      vertex -4.769248e+00 -1.825624e+01 1.846506e+01
      vertex 4.504668e+00 -1.825624e+01 1.865454e+01
    endloop
  endfacet
  facet normal -7.061720e-07 1.000000e+00 -1.112944e-13
    outer loop
      vertex 4.504668e+00 -1.825624e+01 1.865454e+01
      vertex -4.769248e+00 -1.825624e+01 1.846506e+01
      vertex -4.439229e+00 -1.825624e+01 1.871572e+01
    endloop
  endfacet
  facet normal -7.061720e-07 1.000000e+00 -1.112944e-13
    outer loop
      vertex 4.504668e+00 -1.825624e+01 1.865454e+01
      vertex -4.439229e+00 -1.825624e+01 1.871572e+01
      vertex 4.232705e+00 -1.825624e+01 1.896724e+01
    endloop
  endfacet
  facet normal -7.061720e-07 1.000000e+00 -1.112944e-13
    outer loop
      vertex 4.232705e+00 -1.825624e+01 1.896724e+01
      vertex -4.439229e+00 -1.825624e+01 1.871572e+01
      vertex -4.185330e+00 -1.825624e+01 1.904326e+01
    endloop
  endfacet
  facet normal -7.061720e-07 1.000000e+00 -1.112944e-13
    outer loop
      vertex 4.232705e+00 -1.825624e+01 1.896724e+01
      vertex -4.185330e+00 -1.825624e+01 1.904326e+01
      vertex 4.050941e+00 -1.825624e+01 1.933967e+01
    endloop
  endfacet
  facet normal -7.061720e-07 1.000000e+00 -1.112944e-13
    outer loop
      vertex 4.050941e+00 -1.825624e+01 1.933967e+01
      vertex -4.185330e+00 -1.825624e+01 1.904326e+01
      vertex -4.024856e+00 -1.825624e+01 1.942535e+01
    endloop
  endfacet
  facet normal -7.061720e-07 1.000000e+00 -1.112944e-13
    outer loop
      vertex 4.050941e+00 -1.825624e+01 1.933967e+01
      vertex -4.024856e+00 -1.825624e+01 1.942535e+01
      vertex 3.971763e+00 -1.825624e+01 1.974646e+01
    endloop
  endfacet
  facet normal -7.061720e-07 1.000000e+00 -1.112944e-13
    outer loop
      vertex 3.971763e+00 -1.825624e+01 1.974646e+01
      vertex -4.024856e+00 -1.825624e+01 1.942535e+01
      vertex -3.968741e+00 -1.825624e+01 1.983595e+01
    endloop
  endfacet
  facet normal -7.061720e-07 1.000000e+00 -1.112944e-13
    outer loop
      vertex 3.971763e+00 -1.825624e+01 1.974646e+01
      vertex -3.968741e+00 -1.825624e+01 1.983595e+01
      vertex 4.000568e+00 -1.825624e+01 2.015988e+01
    endloop
  endfacet
  facet normal -7.061720e-07 1.000000e+00 -1.112944e-13
    outer loop
      vertex 4.000568e+00 -1.825624e+01 2.015988e+01
      vertex -3.968741e+00 -1.825624e+01 1.983595e+01
      vertex -4.020811e+00 -1.825624e+01 2.024709e+01
    endloop
  endfacet
  facet normal -7.061720e-07 1.000000e+00 -1.112944e-13
    outer loop
      vertex 4.000568e+00 -1.825624e+01 2.015988e+01
      vertex -4.020811e+00 -1.825624e+01 2.024709e+01
      vertex 4.135391e+00 -1.825624e+01 2.055175e+01
    endloop
  endfacet
  facet normal -7.061720e-07 1.000000e+00 -1.112944e-13
    outer loop
      vertex 4.135391e+00 -1.825624e+01 2.055175e+01
      vertex -4.020811e+00 -1.825624e+01 2.024709e+01
      vertex -4.177517e+00 -1.825624e+01 2.063074e+01
    endloop
  endfacet
  facet normal -7.061720e-07 1.000000e+00 -1.112944e-13
    outer loop
      vertex 4.135391e+00 -1.825624e+01 2.055175e+01
      vertex -4.177517e+00 -1.825624e+01 2.063074e+01
      vertex 4.367046e+00 -1.825624e+01 2.089538e+01
    endloop
  endfacet
  facet normal -7.061720e-07 1.000000e+00 -1.112944e-13
    outer loop
      vertex 4.367046e+00 -1.825624e+01 2.089538e+01
      vertex -4.177517e+00 -1.825624e+01 2.063074e+01
      vertex -4.428179e+00 -1.825624e+01 2.096076e+01
    endloop
  endfacet
  facet normal -7.061720e-07 1.000000e+00 -1.112944e-13
    outer loop
      vertex 4.367046e+00 -1.825624e+01 2.089538e+01
      vertex -4.428179e+00 -1.825624e+01 2.096076e+01
      vertex 4.679745e+00 -1.825624e+01 2.116735e+01
    endloop
  endfacet
  facet normal -7.061720e-07 1.000000e+00 -1.112944e-13
    outer loop
      vertex 4.679745e+00 -1.825624e+01 2.116735e+01
      vertex -4.428179e+00 -1.825624e+01 2.096076e+01
      vertex -4.755715e+00 -1.825624e+01 2.121465e+01
    endloop
  endfacet
  facet normal -7.061720e-07 1.000000e+00 -1.112944e-13
    outer loop
      vertex 4.679745e+00 -1.825624e+01 2.116735e+01
      vertex -4.755715e+00 -1.825624e+01 2.121465e+01
      vertex 5.052178e+00 -1.825624e+01 2.134911e+01
    endloop
  endfacet
  facet normal -7.061720e-07 1.000000e+00 -1.112944e-13
    outer loop
      vertex 5.052178e+00 -1.825624e+01 2.134911e+01
      vertex -4.755715e+00 -1.825624e+01 2.121465e+01
      vertex -5.137805e+00 -1.825625e+01 2.137513e+01
    endloop
  endfacet
  facet normal -7.061720e-07 1.000000e+00 -1.112944e-13
    outer loop
      vertex 5.052178e+00 -1.825624e+01 2.134911e+01
      vertex -5.137805e+00 -1.825625e+01 2.137513e+01
      vertex 5.458965e+00 -1.825624e+01 2.142829e+01
    endloop
  endfacet
  facet normal -7.061720e-07 1.000000e+00 -1.112944e-13
    outer loop
      vertex 5.458965e+00 -1.825624e+01 2.142829e+01
      vertex -5.137805e+00 -1.825625e+01 2.137513e+01
      vertex -5.548408e+00 -1.825625e+01 2.143124e+01
    endloop
  endfacet
  facet normal -7.061720e-07 1.000000e+00 -1.112944e-13
    outer loop
      vertex 5.458965e+00 -1.825624e+01 2.142829e+01
      vertex -5.548408e+00 -1.825625e+01 2.143124e+01
      vertex 1.670183e+01 -1.825623e+01 2.143094e+01
    endloop
  endfacet
  facet normal -7.061720e-07 1.000000e+00 -1.112944e-13
    outer loop
      vertex -1.625785e+01 -1.825625e+01 1.831035e+01
      vertex -5.564036e+00 -1.825625e+01 1.825628e+01
      vertex -1.666872e+01 -1.825625e+01 1.825625e+01
    endloop
  endfacet
  facet normal -7.061720e-07 1.000000e+00 -1.112944e-13
    outer loop
      vertex -5.564036e+00 -1.825625e+01 1.825628e+01
      vertex -1.625785e+01 -1.825625e+01 1.831035e+01
      vertex -5.974640e+00 -1.825625e+01 1.831240e+01
    endloop
  endfacet
  facet normal -7.061720e-07 1.000000e+00 -1.112944e-13
    outer loop
      vertex -5.974640e+00 -1.825625e+01 1.831240e+01
      vertex -1.625785e+01 -1.825625e+01 1.831035e+01
      vertex -1.587497e+01 -1.825625e+01 1.846894e+01
    endloop
  endfacet
  facet normal -7.061720e-07 1.000000e+00 -1.112944e-13
    outer loop
      vertex -5.974640e+00 -1.825625e+01 1.831240e+01
      vertex -1.587497e+01 -1.825625e+01 1.846894e+01
      vertex -6.356729e+00 -1.825625e+01 1.847287e+01
    endloop
  endfacet
  facet normal -7.061720e-07 1.000000e+00 -1.112944e-13
    outer loop
      vertex -6.356729e+00 -1.825625e+01 1.847287e+01
      vertex -1.587497e+01 -1.825625e+01 1.846894e+01
      vertex -1.554619e+01 -1.825625e+01 1.872122e+01
    endloop
  endfacet
  facet normal -7.061720e-07 1.000000e+00 -1.112944e-13
    outer loop
      vertex -6.356729e+00 -1.825625e+01 1.847287e+01
      vertex -1.554619e+01 -1.825625e+01 1.872122e+01
      vertex -6.684265e+00 -1.825625e+01 1.872677e+01
    endloop
  endfacet
  facet normal -7.061720e-07 1.000000e+00 -1.112944e-13
    outer loop
      vertex -6.684265e+00 -1.825625e+01 1.872677e+01
      vertex -1.554619e+01 -1.825625e+01 1.872122e+01
      vertex -1.529391e+01 -1.825625e+01 1.905000e+01
    endloop
  endfacet
  facet normal -7.061720e-07 1.000000e+00 -1.112944e-13
    outer loop
      vertex -6.684265e+00 -1.825625e+01 1.872677e+01
      vertex -1.529391e+01 -1.825625e+01 1.905000e+01
      vertex -6.934928e+00 -1.825625e+01 1.905679e+01
    endloop
  endfacet
  facet normal -7.061720e-07 1.000000e+00 -1.112944e-13
    outer loop
      vertex -6.934928e+00 -1.825625e+01 1.905679e+01
      vertex -1.529391e+01 -1.825625e+01 1.905000e+01
      vertex -1.513531e+01 -1.825625e+01 1.943288e+01
    endloop
  endfacet
  facet normal -7.061720e-07 1.000000e+00 -1.112944e-13
    outer loop
      vertex -6.934928e+00 -1.825625e+01 1.905679e+01
      vertex -1.513531e+01 -1.825625e+01 1.943288e+01
      vertex -7.091633e+00 -1.825625e+01 1.944044e+01
    endloop
  endfacet
  facet normal -7.061720e-07 1.000000e+00 -1.112944e-13
    outer loop
      vertex -7.091633e+00 -1.825625e+01 1.944044e+01
      vertex -1.513531e+01 -1.825625e+01 1.943288e+01
      vertex -1.508122e+01 -1.825625e+01 1.984375e+01
    endloop
  endfacet
  facet normal -7.061720e-07 1.000000e+00 -1.112944e-13
    outer loop
      vertex -7.091633e+00 -1.825625e+01 1.944044e+01
      vertex -1.508122e+01 -1.825625e+01 1.984375e+01
      vertex -7.143703e+00 -1.825625e+01 1.985158e+01
    endloop
  endfacet
  facet normal -7.061720e-07 1.000000e+00 -1.112944e-13
    outer loop
      vertex -7.143703e+00 -1.825625e+01 1.985158e+01
      vertex -1.508122e+01 -1.825625e+01 1.984375e+01
      vertex -1.513531e+01 -1.825625e+01 2.025463e+01
    endloop
  endfacet
  facet normal -7.061720e-07 1.000000e+00 -1.112944e-13
    outer loop
      vertex -7.143703e+00 -1.825625e+01 1.985158e+01
      vertex -1.513531e+01 -1.825625e+01 2.025463e+01
      vertex -7.087588e+00 -1.825625e+01 2.026218e+01
    endloop
  endfacet
  facet normal -7.061720e-07 1.000000e+00 -1.112944e-13
    outer loop
      vertex -7.087588e+00 -1.825625e+01 2.026218e+01
      vertex -1.513531e+01 -1.825625e+01 2.025463e+01
      vertex -1.529391e+01 -1.825625e+01 2.063750e+01
    endloop
  endfacet
  facet normal -7.061720e-07 1.000000e+00 -1.112944e-13
    outer loop
      vertex -7.087588e+00 -1.825625e+01 2.026218e+01
      vertex -1.529391e+01 -1.825625e+01 2.063750e+01
      vertex -6.927114e+00 -1.825625e+01 2.064427e+01
    endloop
  endfacet
  facet normal -7.061720e-07 1.000000e+00 -1.112944e-13
    outer loop
      vertex -6.927114e+00 -1.825625e+01 2.064427e+01
      vertex -1.529391e+01 -1.825625e+01 2.063750e+01
      vertex -1.554619e+01 -1.825625e+01 2.096629e+01
    endloop
  endfacet
  facet normal -7.061720e-07 1.000000e+00 -1.112944e-13
    outer loop
      vertex -6.927114e+00 -1.825625e+01 2.064427e+01
      vertex -1.554619e+01 -1.825625e+01 2.096629e+01
      vertex -6.673216e+00 -1.825625e+01 2.097181e+01
    endloop
  endfacet
  facet normal -7.061720e-07 1.000000e+00 -1.112944e-13
    outer loop
      vertex -6.673216e+00 -1.825625e+01 2.097181e+01
      vertex -1.554619e+01 -1.825625e+01 2.096629e+01
      vertex -1.587497e+01 -1.825625e+01 2.121857e+01
    endloop
  endfacet
  facet normal -7.061720e-07 1.000000e+00 -1.112944e-13
    outer loop
      vertex -6.673216e+00 -1.825625e+01 2.097181e+01
      vertex -1.587497e+01 -1.825625e+01 2.121857e+01
      vertex -6.343196e+00 -1.825625e+01 2.122247e+01
    endloop
  endfacet
  facet normal -7.061720e-07 1.000000e+00 -1.112944e-13
    outer loop
      vertex -6.343196e+00 -1.825625e+01 2.122247e+01
      vertex -1.587497e+01 -1.825625e+01 2.121857e+01
      vertex -1.625785e+01 -1.825625e+01 2.137716e+01
    endloop
  endfacet
  facet normal -7.061720e-07 1.000000e+00 -1.112944e-13
    outer loop
      vertex -6.343196e+00 -1.825625e+01 2.122247e+01
      vertex -1.625785e+01 -1.825625e+01 2.137716e+01
      vertex -5.959545e+00 -1.825625e+01 2.137917e+01
    endloop
  endfacet
  facet normal -7.061720e-07 1.000000e+00 -1.112944e-13
    outer loop
      vertex -5.959545e+00 -1.825625e+01 2.137917e+01
      vertex -1.625785e+01 -1.825625e+01 2.137716e+01
      vertex -1.666872e+01 -1.825625e+01 2.143125e+01
    endloop
  endfacet
  facet normal -7.061720e-07 1.000000e+00 -1.112944e-13
    outer loop
      vertex -5.959545e+00 -1.825625e+01 2.137917e+01
      vertex -1.666872e+01 -1.825625e+01 2.143125e+01
      vertex -5.548408e+00 -1.825625e+01 2.143124e+01
    endloop
  endfacet
  facet normal -7.061720e-07 1.000000e+00 -1.112944e-13
    outer loop
      vertex -2.381247e+01 -1.825626e+01 4.002199e-05
      vertex 2.063753e+01 -1.825623e+01 4.002199e-05
      vertex -2.062217e+01 -1.825626e+01 0.000000e+00
    endloop
  endfacet
  facet normal -7.061720e-07 1.000000e+00 -1.112944e-13
    outer loop
      vertex 2.063753e+01 -1.825623e+01 4.002199e-05
      vertex -2.381247e+01 -1.825626e+01 4.002199e-05
      vertex -1.686636e+01 -1.825625e+01 7.156104e+00
    endloop
  endfacet
  facet normal -7.061720e-07 1.000000e+00 -1.112944e-13
    outer loop
      vertex -1.686636e+01 -1.825625e+01 7.156104e+00
      vertex -2.381247e+01 -1.825626e+01 4.002199e-05
      vertex -1.726730e+01 -1.825625e+01 7.260927e+00
    endloop
  endfacet
  facet normal -7.061720e-07 1.000000e+00 -1.112944e-13
    outer loop
      vertex -1.726730e+01 -1.825625e+01 7.260927e+00
      vertex -2.381247e+01 -1.825626e+01 4.002199e-05
      vertex -1.762745e+01 -1.825625e+01 7.465951e+00
    endloop
  endfacet
  facet normal -7.061720e-07 1.000000e+00 -1.112944e-13
    outer loop
      vertex -1.762745e+01 -1.825625e+01 7.465951e+00
      vertex -2.381247e+01 -1.825626e+01 4.002199e-05
      vertex -1.792227e+01 -1.825625e+01 7.757203e+00
    endloop
  endfacet
  facet normal -7.061720e-07 1.000000e+00 -1.112944e-13
    outer loop
      vertex -1.792227e+01 -1.825625e+01 7.757203e+00
      vertex -2.381247e+01 -1.825626e+01 4.002199e-05
      vertex -1.813166e+01 -1.825625e+01 8.114836e+00
    endloop
  endfacet
  facet normal -7.061720e-07 1.000000e+00 -1.112944e-13
    outer loop
      vertex -1.813166e+01 -1.825625e+01 8.114836e+00
      vertex -2.381247e+01 -1.825626e+01 4.002199e-05
      vertex -2.381247e+01 -1.825626e+01 2.540004e+01
    endloop
  endfacet
  facet normal -7.061720e-07 1.000000e+00 -1.112944e-13
    outer loop
      vertex 2.063753e+01 -1.825623e+01 4.002199e-05
      vertex -1.686636e+01 -1.825625e+01 7.156104e+00
      vertex -5.482180e+00 -1.825625e+01 7.145491e+00
    endloop
  endfacet
  facet normal -7.061720e-07 1.000000e+00 -1.112944e-13
    outer loop
      vertex 2.063753e+01 -1.825623e+01 4.002199e-05
      vertex -5.482180e+00 -1.825625e+01 7.145491e+00
      vertex 1.666027e+01 -1.825623e+01 7.143796e+00
    endloop
  endfacet
  facet normal -7.061720e-07 1.000000e+00 -1.112944e-13
    outer loop
      vertex -1.813166e+01 -1.825625e+01 8.114836e+00
      vertex -2.381247e+01 -1.825626e+01 2.540004e+01
      vertex -1.824135e+01 -1.825625e+01 8.514475e+00
    endloop
  endfacet
  facet normal -7.061720e-07 1.000000e+00 -1.112944e-13
    outer loop
      vertex -1.824135e+01 -1.825625e+01 8.514475e+00
      vertex -2.381247e+01 -1.825626e+01 2.540004e+01
      vertex -1.824387e+01 -1.825625e+01 8.928889e+00
    endloop
  endfacet
  facet normal -7.061720e-07 1.000000e+00 -1.112944e-13
    outer loop
      vertex -1.824387e+01 -1.825625e+01 8.928889e+00
      vertex -2.381247e+01 -1.825626e+01 2.540004e+01
      vertex -1.813905e+01 -1.825625e+01 9.329833e+00
    endloop
  endfacet
  facet normal -7.061720e-07 1.000000e+00 -1.112944e-13
    outer loop
      vertex -1.813905e+01 -1.825625e+01 9.329833e+00
      vertex -2.381247e+01 -1.825626e+01 2.540004e+01
      vertex -1.793402e+01 -1.825625e+01 9.689986e+00
    endloop
  endfacet
  facet normal -7.061720e-07 1.000000e+00 -1.112944e-13
    outer loop
      vertex -1.793402e+01 -1.825625e+01 9.689986e+00
      vertex -2.381247e+01 -1.825626e+01 2.540004e+01
      vertex -1.764277e+01 -1.825625e+01 9.984802e+00
    endloop
  endfacet
  facet normal -7.061720e-07 1.000000e+00 -1.112944e-13
    outer loop
      vertex -1.764277e+01 -1.825625e+01 9.984802e+00
      vertex -2.381247e+01 -1.825626e+01 2.540004e+01
      vertex -1.728514e+01 -1.825625e+01 1.019419e+01
    endloop
  endfacet
  facet normal -7.061720e-07 1.000000e+00 -1.112944e-13
    outer loop
      vertex -1.728514e+01 -1.825625e+01 1.019419e+01
      vertex -2.381247e+01 -1.825626e+01 2.540004e+01
      vertex -1.688550e+01 -1.825625e+01 1.030388e+01
    endloop
  endfacet
  facet normal -7.061720e-07 1.000000e+00 -1.112944e-13
    outer loop
      vertex -1.688550e+01 -1.825625e+01 1.030388e+01
      vertex -2.381247e+01 -1.825626e+01 2.540004e+01
      vertex -1.647109e+01 -1.825625e+01 1.030640e+01
    endloop
  endfacet
  facet normal -7.061720e-07 1.000000e+00 -1.112944e-13
    outer loop
      vertex -1.647109e+01 -1.825625e+01 1.030640e+01
      vertex -2.381247e+01 -1.825626e+01 2.540004e+01
      vertex -1.779125e+01 -1.825625e+01 1.872122e+01
    endloop
  endfacet
  facet normal -7.061720e-07 1.000000e+00 -1.112944e-13
    outer loop
      vertex -1.647109e+01 -1.825625e+01 1.030640e+01
      vertex -1.779125e+01 -1.825625e+01 1.872122e+01
      vertex -1.746247e+01 -1.825625e+01 1.846894e+01
    endloop
  endfacet
  facet normal -7.061720e-07 1.000000e+00 -1.112944e-13
    outer loop
      vertex -1.647109e+01 -1.825625e+01 1.030640e+01
      vertex -1.746247e+01 -1.825625e+01 1.846894e+01
      vertex -5.630264e+00 -1.825625e+01 1.031704e+01
    endloop
  endfacet
  facet normal -7.061720e-07 1.000000e+00 -1.112944e-13
    outer loop
      vertex -5.630264e+00 -1.825625e+01 1.031704e+01
      vertex -1.746247e+01 -1.825625e+01 1.846894e+01
      vertex -1.707960e+01 -1.825625e+01 1.831035e+01
    endloop
  endfacet
  facet normal -7.061720e-07 1.000000e+00 -1.112944e-13
    outer loop
      vertex -5.630264e+00 -1.825625e+01 1.031704e+01
      vertex -1.707960e+01 -1.825625e+01 1.831035e+01
      vertex 1.667728e+01 -1.825623e+01 1.031875e+01
    endloop
  endfacet
  facet normal -7.061720e-07 1.000000e+00 -1.112944e-13
    outer loop
      vertex 1.667728e+01 -1.825623e+01 1.031875e+01
      vertex -1.707960e+01 -1.825625e+01 1.831035e+01
      vertex -1.666872e+01 -1.825625e+01 1.825625e+01
    endloop
  endfacet
  facet normal -7.061720e-07 1.000000e+00 -1.112944e-13
    outer loop
      vertex -1.779125e+01 -1.825625e+01 1.872122e+01
      vertex -2.381247e+01 -1.825626e+01 2.540004e+01
      vertex -1.804354e+01 -1.825625e+01 1.905000e+01
    endloop
  endfacet
  facet normal -7.061720e-07 1.000000e+00 -1.112944e-13
    outer loop
      vertex -1.804354e+01 -1.825625e+01 1.905000e+01
      vertex -2.381247e+01 -1.825626e+01 2.540004e+01
      vertex -1.820213e+01 -1.825625e+01 1.943288e+01
    endloop
  endfacet
  facet normal -7.061720e-07 1.000000e+00 -1.112944e-13
    outer loop
      vertex -1.820213e+01 -1.825625e+01 1.943288e+01
      vertex -2.381247e+01 -1.825626e+01 2.540004e+01
      vertex -1.825622e+01 -1.825625e+01 1.984375e+01
    endloop
  endfacet
  facet normal -7.061720e-07 1.000000e+00 -1.112944e-13
    outer loop
      vertex -1.825622e+01 -1.825625e+01 1.984375e+01
      vertex -2.381247e+01 -1.825626e+01 2.540004e+01
      vertex -1.820213e+01 -1.825625e+01 2.025463e+01
    endloop
  endfacet
  facet normal -7.061720e-07 1.000000e+00 -1.112944e-13
    outer loop
      vertex -1.820213e+01 -1.825625e+01 2.025463e+01
      vertex -2.381247e+01 -1.825626e+01 2.540004e+01
      vertex -1.804354e+01 -1.825625e+01 2.063750e+01
    endloop
  endfacet
  facet normal -7.061720e-07 1.000000e+00 -1.112944e-13
    outer loop
      vertex -1.804354e+01 -1.825625e+01 2.063750e+01
      vertex -2.381247e+01 -1.825626e+01 2.540004e+01
      vertex -1.779125e+01 -1.825625e+01 2.096629e+01
    endloop
  endfacet
  facet normal -7.061720e-07 1.000000e+00 -1.112944e-13
    outer loop
      vertex -1.779125e+01 -1.825625e+01 2.096629e+01
      vertex -2.381247e+01 -1.825626e+01 2.540004e+01
      vertex -1.746247e+01 -1.825625e+01 2.121857e+01
    endloop
  endfacet
  facet normal -7.061720e-07 1.000000e+00 -1.112944e-13
    outer loop
      vertex -1.746247e+01 -1.825625e+01 2.121857e+01
      vertex -2.381247e+01 -1.825626e+01 2.540004e+01
      vertex -1.707960e+01 -1.825625e+01 2.137716e+01
    endloop
  endfacet
  facet normal -7.061720e-07 1.000000e+00 -1.112944e-13
    outer loop
      vertex -1.707960e+01 -1.825625e+01 2.137716e+01
      vertex -2.381247e+01 -1.825626e+01 2.540004e+01
      vertex -1.666872e+01 -1.825625e+01 2.143125e+01
    endloop
  endfacet
  facet normal -7.061720e-07 1.000000e+00 -1.112944e-13
    outer loop
      vertex -1.666872e+01 -1.825625e+01 2.143125e+01
      vertex -2.381247e+01 -1.825626e+01 2.540004e+01
      vertex -2.062217e+01 -1.825626e+01 2.540000e+01
    endloop
  endfacet
  facet normal -7.061720e-07 1.000000e+00 -1.112944e-13
    outer loop
      vertex 2.063753e+01 -1.825623e+01 4.002199e-05
      vertex 1.819996e+01 -1.825623e+01 8.312188e+00
      vertex 2.063753e+01 -1.825623e+01 2.540004e+01
    endloop
  endfacet
  facet normal -7.061720e-07 1.000000e+00 -1.112944e-13
    outer loop
      vertex 1.819996e+01 -1.825623e+01 8.312188e+00
      vertex 2.063753e+01 -1.825623e+01 4.002199e-05
      vertex 1.803932e+01 -1.825623e+01 7.930169e+00
    endloop
  endfacet
  facet normal -7.061720e-07 1.000000e+00 -1.112944e-13
    outer loop
      vertex 1.803932e+01 -1.825623e+01 7.930169e+00
      vertex 2.063753e+01 -1.825623e+01 4.002199e-05
      vertex 1.778528e+01 -1.825623e+01 7.602743e+00
    endloop
  endfacet
  facet normal -7.061720e-07 1.000000e+00 -1.112944e-13
    outer loop
      vertex 1.778528e+01 -1.825623e+01 7.602743e+00
      vertex 2.063753e+01 -1.825623e+01 4.002199e-05
      vertex 1.745515e+01 -1.825623e+01 7.352225e+00
    endloop
  endfacet
  facet normal -7.061720e-07 1.000000e+00 -1.112944e-13
    outer loop
      vertex 1.745515e+01 -1.825623e+01 7.352225e+00
      vertex 2.063753e+01 -1.825623e+01 4.002199e-05
      vertex 1.707143e+01 -1.825623e+01 7.195686e+00
    endloop
  endfacet
  facet normal -7.061720e-07 1.000000e+00 -1.112944e-13
    outer loop
      vertex 1.707143e+01 -1.825623e+01 7.195686e+00
      vertex 2.063753e+01 -1.825623e+01 4.002199e-05
      vertex 1.666027e+01 -1.825623e+01 7.143796e+00
    endloop
  endfacet
  facet normal -7.061720e-07 1.000000e+00 -1.112944e-13
    outer loop
      vertex 2.063753e+01 -1.825623e+01 2.540004e+01
      vertex 1.819996e+01 -1.825623e+01 8.312188e+00
      vertex 1.825626e+01 -1.825623e+01 8.722768e+00
    endloop
  endfacet
  facet normal -7.061720e-07 1.000000e+00 -1.112944e-13
    outer loop
      vertex 2.063753e+01 -1.825623e+01 2.540004e+01
      vertex 1.825626e+01 -1.825623e+01 8.722768e+00
      vertex 1.820436e+01 -1.825623e+01 9.133926e+00
    endloop
  endfacet
  facet normal -7.061720e-07 1.000000e+00 -1.112944e-13
    outer loop
      vertex 2.063753e+01 -1.825623e+01 2.540004e+01
      vertex 1.820436e+01 -1.825623e+01 9.133926e+00
      vertex 1.804783e+01 -1.825623e+01 9.517646e+00
    endloop
  endfacet
  facet normal -7.061720e-07 1.000000e+00 -1.112944e-13
    outer loop
      vertex 2.063753e+01 -1.825623e+01 2.540004e+01
      vertex 1.804783e+01 -1.825623e+01 9.517646e+00
      vertex 1.779731e+01 -1.825623e+01 9.847775e+00
    endloop
  endfacet
  facet normal -7.061720e-07 1.000000e+00 -1.112944e-13
    outer loop
      vertex 2.063753e+01 -1.825623e+01 2.540004e+01
      vertex 1.779731e+01 -1.825623e+01 9.847775e+00
      vertex 1.746988e+01 -1.825623e+01 1.010182e+01
    endloop
  endfacet
  facet normal -7.061720e-07 1.000000e+00 -1.112944e-13
    outer loop
      vertex 2.063753e+01 -1.825623e+01 2.540004e+01
      vertex 1.746988e+01 -1.825623e+01 1.010182e+01
      vertex 1.708786e+01 -1.825623e+01 1.026246e+01
    endloop
  endfacet
  facet normal -7.061720e-07 1.000000e+00 -1.112944e-13
    outer loop
      vertex 2.063753e+01 -1.825623e+01 2.540004e+01
      vertex 1.708786e+01 -1.825623e+01 1.026246e+01
      vertex 1.667728e+01 -1.825623e+01 1.031875e+01
    endloop
  endfacet
  facet normal -7.061720e-07 1.000000e+00 -1.112944e-13
    outer loop
      vertex 2.063753e+01 -1.825623e+01 2.540004e+01
      vertex 1.667728e+01 -1.825623e+01 1.031875e+01
      vertex 1.819330e+01 -1.825623e+01 1.940107e+01
    endloop
  endfacet
  facet normal -7.061720e-07 1.000000e+00 -1.112944e-13
    outer loop
      vertex 1.819330e+01 -1.825623e+01 1.940107e+01
      vertex 1.667728e+01 -1.825623e+01 1.031875e+01
      vertex 1.802677e+01 -1.825623e+01 1.902158e+01
    endloop
  endfacet
  facet normal -7.061720e-07 1.000000e+00 -1.112944e-13
    outer loop
      vertex 1.802677e+01 -1.825623e+01 1.902158e+01
      vertex 1.667728e+01 -1.825623e+01 1.031875e+01
      vertex 1.776770e+01 -1.825623e+01 1.869812e+01
    endloop
  endfacet
  facet normal -7.061720e-07 1.000000e+00 -1.112944e-13
    outer loop
      vertex 1.776770e+01 -1.825623e+01 1.869812e+01
      vertex 1.667728e+01 -1.825623e+01 1.031875e+01
      vertex 1.743373e+01 -1.825623e+01 1.845274e+01
    endloop
  endfacet
  facet normal -7.061720e-07 1.000000e+00 -1.112944e-13
    outer loop
      vertex 1.743373e+01 -1.825623e+01 1.845274e+01
      vertex 1.667728e+01 -1.825623e+01 1.031875e+01
      vertex 1.704764e+01 -1.825623e+01 1.830215e+01
    endloop
  endfacet
  facet normal -7.061720e-07 1.000000e+00 -1.112944e-13
    outer loop
      vertex 1.704764e+01 -1.825623e+01 1.830215e+01
      vertex 1.667728e+01 -1.825623e+01 1.031875e+01
      vertex 1.663573e+01 -1.825623e+01 1.825663e+01
    endloop
  endfacet
  facet normal -7.061720e-07 1.000000e+00 -1.112944e-13
    outer loop
      vertex 1.663573e+01 -1.825623e+01 1.825663e+01
      vertex 1.667728e+01 -1.825623e+01 1.031875e+01
      vertex -5.564036e+00 -1.825625e+01 1.825628e+01
    endloop
  endfacet
  facet normal -7.061720e-07 1.000000e+00 -1.112944e-13
    outer loop
      vertex -5.564036e+00 -1.825625e+01 1.825628e+01
      vertex 1.667728e+01 -1.825623e+01 1.031875e+01
      vertex -1.666872e+01 -1.825625e+01 1.825625e+01
    endloop
  endfacet
  facet normal -7.061720e-07 1.000000e+00 -1.112944e-13
    outer loop
      vertex 2.063753e+01 -1.825623e+01 2.540004e+01
      vertex 1.819330e+01 -1.825623e+01 1.940107e+01
      vertex 1.825593e+01 -1.825623e+01 1.981073e+01
    endloop
  endfacet
  facet normal -7.061720e-07 1.000000e+00 -1.112944e-13
    outer loop
      vertex 2.063753e+01 -1.825623e+01 2.540004e+01
      vertex 1.825593e+01 -1.825623e+01 1.981073e+01
      vertex 1.821041e+01 -1.825623e+01 2.022264e+01
    endloop
  endfacet
  facet normal -7.061720e-07 1.000000e+00 -1.112944e-13
    outer loop
      vertex 2.063753e+01 -1.825623e+01 2.540004e+01
      vertex 1.821041e+01 -1.825623e+01 2.022264e+01
      vertex 1.805982e+01 -1.825623e+01 2.060874e+01
    endloop
  endfacet
  facet normal -7.061720e-07 1.000000e+00 -1.112944e-13
    outer loop
      vertex 2.063753e+01 -1.825623e+01 2.540004e+01
      vertex 1.805982e+01 -1.825623e+01 2.060874e+01
      vertex 1.781444e+01 -1.825623e+01 2.094270e+01
    endloop
  endfacet
  facet normal -7.061720e-07 1.000000e+00 -1.112944e-13
    outer loop
      vertex 2.063753e+01 -1.825623e+01 2.540004e+01
      vertex 1.781444e+01 -1.825623e+01 2.094270e+01
      vertex 1.749098e+01 -1.825623e+01 2.120177e+01
    endloop
  endfacet
  facet normal -7.061720e-07 1.000000e+00 -1.112944e-13
    outer loop
      vertex 2.063753e+01 -1.825623e+01 2.540004e+01
      vertex 1.749098e+01 -1.825623e+01 2.120177e+01
      vertex 1.711149e+01 -1.825623e+01 2.136830e+01
    endloop
  endfacet
  facet normal -7.061720e-07 1.000000e+00 -1.112944e-13
    outer loop
      vertex 2.063753e+01 -1.825623e+01 2.540004e+01
      vertex 1.711149e+01 -1.825623e+01 2.136830e+01
      vertex 1.670183e+01 -1.825623e+01 2.143094e+01
    endloop
  endfacet
  facet normal -7.061720e-07 1.000000e+00 -1.112944e-13
    outer loop
      vertex 2.063753e+01 -1.825623e+01 2.540004e+01
      vertex 1.670183e+01 -1.825623e+01 2.143094e+01
      vertex -5.548408e+00 -1.825625e+01 2.143124e+01
    endloop
  endfacet
  facet normal -7.061720e-07 1.000000e+00 -1.112944e-13
    outer loop
      vertex 2.063753e+01 -1.825623e+01 2.540004e+01
      vertex -5.548408e+00 -1.825625e+01 2.143124e+01
      vertex -1.666872e+01 -1.825625e+01 2.143125e+01
    endloop
  endfacet
  facet normal -7.061720e-07 1.000000e+00 -1.112944e-13
    outer loop
      vertex 2.063753e+01 -1.825623e+01 2.540004e+01
      vertex -1.666872e+01 -1.825625e+01 2.143125e+01
      vertex -2.062217e+01 -1.825626e+01 2.540000e+01
    endloop
  endfacet
  facet normal -7.061720e-07 1.000000e+00 -1.112944e-13
    outer loop
      vertex 5.653591e+00 -1.825624e+01 1.825926e+01
      vertex 1.622607e+01 -1.825623e+01 1.831926e+01
      vertex 1.663573e+01 -1.825623e+01 1.825663e+01
    endloop
  endfacet
  facet normal -7.061720e-07 1.000000e+00 -1.112944e-13
    outer loop
      vertex 1.622607e+01 -1.825623e+01 1.831926e+01
      vertex 5.653591e+00 -1.825624e+01 1.825926e+01
      vertex 6.060378e+00 -1.825624e+01 1.833844e+01
    endloop
  endfacet
  facet normal -7.061720e-07 1.000000e+00 -1.112944e-13
    outer loop
      vertex 1.622607e+01 -1.825623e+01 1.831926e+01
      vertex 6.060378e+00 -1.825624e+01 1.833844e+01
      vertex 1.584658e+01 -1.825623e+01 1.848579e+01
    endloop
  endfacet
  facet normal -7.061720e-07 1.000000e+00 -1.112944e-13
    outer loop
      vertex 1.584658e+01 -1.825623e+01 1.848579e+01
      vertex 6.060378e+00 -1.825624e+01 1.833844e+01
      vertex 6.432811e+00 -1.825624e+01 1.852020e+01
    endloop
  endfacet
  facet normal -7.061720e-07 1.000000e+00 -1.112944e-13
    outer loop
      vertex 1.584658e+01 -1.825623e+01 1.848579e+01
      vertex 6.432811e+00 -1.825624e+01 1.852020e+01
      vertex 1.552312e+01 -1.825623e+01 1.874486e+01
    endloop
  endfacet
  facet normal -7.061720e-07 1.000000e+00 -1.112944e-13
    outer loop
      vertex 1.552312e+01 -1.825623e+01 1.874486e+01
      vertex 6.432811e+00 -1.825624e+01 1.852020e+01
      vertex 6.745510e+00 -1.825624e+01 1.879216e+01
    endloop
  endfacet
  facet normal -7.061720e-07 1.000000e+00 -1.112944e-13
    outer loop
      vertex 1.552312e+01 -1.825623e+01 1.874486e+01
      vertex 6.745510e+00 -1.825624e+01 1.879216e+01
      vertex 1.527774e+01 -1.825623e+01 1.907883e+01
    endloop
  endfacet
  facet normal -7.061720e-07 1.000000e+00 -1.112944e-13
    outer loop
      vertex 1.527774e+01 -1.825623e+01 1.907883e+01
      vertex 6.745510e+00 -1.825624e+01 1.879216e+01
      vertex 6.977164e+00 -1.825624e+01 1.913579e+01
    endloop
  endfacet
  facet normal -7.061720e-07 1.000000e+00 -1.112944e-13
    outer loop
      vertex 1.527774e+01 -1.825623e+01 1.907883e+01
      vertex 6.977164e+00 -1.825624e+01 1.913579e+01
      vertex 1.512715e+01 -1.825623e+01 1.946492e+01
    endloop
  endfacet
  facet normal -7.061720e-07 1.000000e+00 -1.112944e-13
    outer loop
      vertex 1.512715e+01 -1.825623e+01 1.946492e+01
      vertex 6.977164e+00 -1.825624e+01 1.913579e+01
      vertex 7.111988e+00 -1.825624e+01 1.952767e+01
    endloop
  endfacet
  facet normal -7.061720e-07 1.000000e+00 -1.112944e-13
    outer loop
      vertex 1.512715e+01 -1.825623e+01 1.946492e+01
      vertex 7.111988e+00 -1.825624e+01 1.952767e+01
      vertex 1.508162e+01 -1.825623e+01 1.987683e+01
    endloop
  endfacet
  facet normal -7.061720e-07 1.000000e+00 -1.112944e-13
    outer loop
      vertex 1.508162e+01 -1.825623e+01 1.987683e+01
      vertex 7.111988e+00 -1.825624e+01 1.952767e+01
      vertex 7.140792e+00 -1.825624e+01 1.994109e+01
    endloop
  endfacet
  facet normal -7.061720e-07 1.000000e+00 -1.112944e-13
    outer loop
      vertex 1.508162e+01 -1.825623e+01 1.987683e+01
      vertex 7.140792e+00 -1.825624e+01 1.994109e+01
      vertex 1.514426e+01 -1.825623e+01 2.028649e+01
    endloop
  endfacet
  facet normal -7.061720e-07 1.000000e+00 -1.112944e-13
    outer loop
      vertex 1.514426e+01 -1.825623e+01 2.028649e+01
      vertex 7.140792e+00 -1.825624e+01 1.994109e+01
      vertex 7.061615e+00 -1.825624e+01 2.034787e+01
    endloop
  endfacet
  facet normal -7.061720e-07 1.000000e+00 -1.112944e-13
    outer loop
      vertex 1.514426e+01 -1.825623e+01 2.028649e+01
      vertex 7.061615e+00 -1.825624e+01 2.034787e+01
      vertex 1.531079e+01 -1.825623e+01 2.066598e+01
    endloop
  endfacet
  facet normal -7.061720e-07 1.000000e+00 -1.112944e-13
    outer loop
      vertex 1.531079e+01 -1.825623e+01 2.066598e+01
      vertex 7.061615e+00 -1.825624e+01 2.034787e+01
      vertex 6.879851e+00 -1.825624e+01 2.072031e+01
    endloop
  endfacet
  facet normal -7.061720e-07 1.000000e+00 -1.112944e-13
    outer loop
      vertex 1.531079e+01 -1.825623e+01 2.066598e+01
      vertex 6.879851e+00 -1.825624e+01 2.072031e+01
      vertex 1.556986e+01 -1.825623e+01 2.098944e+01
    endloop
  endfacet
  facet normal -7.061720e-07 1.000000e+00 -1.112944e-13
    outer loop
      vertex 1.556986e+01 -1.825623e+01 2.098944e+01
      vertex 6.879851e+00 -1.825624e+01 2.072031e+01
      vertex 6.607888e+00 -1.825624e+01 2.103301e+01
    endloop
  endfacet
  facet normal -7.061720e-07 1.000000e+00 -1.112944e-13
    outer loop
      vertex 1.556986e+01 -1.825623e+01 2.098944e+01
      vertex 6.607888e+00 -1.825624e+01 2.103301e+01
      vertex 1.590382e+01 -1.825623e+01 2.123483e+01
    endloop
  endfacet
  facet normal -7.061720e-07 1.000000e+00 -1.112944e-13
    outer loop
      vertex 1.590382e+01 -1.825623e+01 2.123483e+01
      vertex 6.607888e+00 -1.825624e+01 2.103301e+01
      vertex 6.264259e+00 -1.825624e+01 2.126466e+01
    endloop
  endfacet
  facet normal -7.061720e-07 1.000000e+00 -1.112944e-13
    outer loop
      vertex 1.590382e+01 -1.825623e+01 2.123483e+01
      vertex 6.264259e+00 -1.825624e+01 2.126466e+01
      vertex 1.628992e+01 -1.825623e+01 2.138541e+01
    endloop
  endfacet
  facet normal -7.061720e-07 1.000000e+00 -1.112944e-13
    outer loop
      vertex 1.628992e+01 -1.825623e+01 2.138541e+01
      vertex 6.264259e+00 -1.825624e+01 2.126466e+01
      vertex 5.872383e+00 -1.825624e+01 2.139948e+01
    endloop
  endfacet
  facet normal -7.061720e-07 1.000000e+00 -1.112944e-13
    outer loop
      vertex 1.628992e+01 -1.825623e+01 2.138541e+01
      vertex 5.872383e+00 -1.825624e+01 2.139948e+01
      vertex 1.670183e+01 -1.825623e+01 2.143094e+01
    endloop
  endfacet
  facet normal -7.061720e-07 1.000000e+00 -1.112944e-13
    outer loop
      vertex 1.670183e+01 -1.825623e+01 2.143094e+01
      vertex 5.872383e+00 -1.825624e+01 2.139948e+01
      vertex 5.458965e+00 -1.825624e+01 2.142829e+01
    endloop
  endfacet
  facet normal -7.061720e-07 1.000000e+00 -1.112944e-13
    outer loop
      vertex -5.074275e+00 -1.825624e+01 7.218689e+00
      vertex 5.658523e+00 -1.825624e+01 7.147069e+00
      vertex -5.482180e+00 -1.825625e+01 7.145491e+00
    endloop
  endfacet
  facet normal -7.061720e-07 1.000000e+00 -1.112944e-13
    outer loop
      vertex 5.658523e+00 -1.825624e+01 7.147069e+00
      vertex -5.074275e+00 -1.825624e+01 7.218689e+00
      vertex 5.245017e+00 -1.825624e+01 7.174586e+00
    endloop
  endfacet
  facet normal -7.061720e-07 1.000000e+00 -1.112944e-13
    outer loop
      vertex 5.245017e+00 -1.825624e+01 7.174586e+00
      vertex -5.074275e+00 -1.825624e+01 7.218689e+00
      vertex 4.852723e+00 -1.825624e+01 7.308189e+00
    endloop
  endfacet
  facet normal -7.061720e-07 1.000000e+00 -1.112944e-13
    outer loop
      vertex 4.852723e+00 -1.825624e+01 7.308189e+00
      vertex -5.074275e+00 -1.825624e+01 7.218689e+00
      vertex -4.699214e+00 -1.825624e+01 7.394965e+00
    endloop
  endfacet
  facet normal -7.061720e-07 1.000000e+00 -1.112944e-13
    outer loop
      vertex 4.852723e+00 -1.825624e+01 7.308189e+00
      vertex -4.699214e+00 -1.825624e+01 7.394965e+00
      vertex 4.508375e+00 -1.825624e+01 7.538773e+00
    endloop
  endfacet
  facet normal -7.061720e-07 1.000000e+00 -1.112944e-13
    outer loop
      vertex 4.508375e+00 -1.825624e+01 7.538773e+00
      vertex -4.699214e+00 -1.825624e+01 7.394965e+00
      vertex -4.382556e+00 -1.825624e+01 7.662309e+00
    endloop
  endfacet
  facet normal -7.061720e-07 1.000000e+00 -1.112944e-13
    outer loop
      vertex 4.508375e+00 -1.825624e+01 7.538773e+00
      vertex -4.382556e+00 -1.825624e+01 7.662309e+00
      vertex 4.235440e+00 -1.825624e+01 7.850624e+00
    endloop
  endfacet
  facet normal -7.061720e-07 1.000000e+00 -1.112944e-13
    outer loop
      vertex 4.235440e+00 -1.825624e+01 7.850624e+00
      vertex -4.382556e+00 -1.825624e+01 7.662309e+00
      vertex -4.145882e+00 -1.825624e+01 8.002499e+00
    endloop
  endfacet
  facet normal -7.061720e-07 1.000000e+00 -1.112944e-13
    outer loop
      vertex 4.235440e+00 -1.825624e+01 7.850624e+00
      vertex -4.145882e+00 -1.825624e+01 8.002499e+00
      vertex 4.052517e+00 -1.825624e+01 8.222490e+00
    endloop
  endfacet
  facet normal -7.061720e-07 1.000000e+00 -1.112944e-13
    outer loop
      vertex 4.052517e+00 -1.825624e+01 8.222490e+00
      vertex -4.145882e+00 -1.825624e+01 8.002499e+00
      vertex -4.005320e+00 -1.825624e+01 8.392355e+00
    endloop
  endfacet
  facet normal -7.061720e-07 1.000000e+00 -1.112944e-13
    outer loop
      vertex 4.052517e+00 -1.825624e+01 8.222490e+00
      vertex -4.005320e+00 -1.825624e+01 8.392355e+00
      vertex 3.972074e+00 -1.825624e+01 8.629027e+00
    endloop
  endfacet
  facet normal -7.061720e-07 1.000000e+00 -1.112944e-13
    outer loop
      vertex 3.972074e+00 -1.825624e+01 8.629027e+00
      vertex -4.005320e+00 -1.825624e+01 8.392355e+00
      vertex -3.970450e+00 -1.825624e+01 8.805306e+00
    endloop
  endfacet
  facet normal -7.061720e-07 1.000000e+00 -1.112944e-13
    outer loop
      vertex 3.972074e+00 -1.825624e+01 8.629027e+00
      vertex -3.970450e+00 -1.825624e+01 8.805306e+00
      vertex 3.999591e+00 -1.825624e+01 9.042534e+00
    endloop
  endfacet
  facet normal -7.061720e-07 1.000000e+00 -1.112944e-13
    outer loop
      vertex 3.999591e+00 -1.825624e+01 9.042534e+00
      vertex -3.970450e+00 -1.825624e+01 8.805306e+00
      vertex -4.043647e+00 -1.825624e+01 9.213211e+00
    endloop
  endfacet
  facet normal -7.061720e-07 1.000000e+00 -1.112944e-13
    outer loop
      vertex 3.999591e+00 -1.825624e+01 9.042534e+00
      vertex -4.043647e+00 -1.825624e+01 9.213211e+00
      vertex 4.133194e+00 -1.825624e+01 9.434828e+00
    endloop
  endfacet
  facet normal -7.061720e-07 1.000000e+00 -1.112944e-13
    outer loop
      vertex 4.133194e+00 -1.825624e+01 9.434828e+00
      vertex -4.043647e+00 -1.825624e+01 9.213211e+00
      vertex -4.219924e+00 -1.825624e+01 9.588272e+00
    endloop
  endfacet
  facet normal -7.061720e-07 1.000000e+00 -1.112944e-13
    outer loop
      vertex 4.133194e+00 -1.825624e+01 9.434828e+00
      vertex -4.219924e+00 -1.825624e+01 9.588272e+00
      vertex 4.363778e+00 -1.825624e+01 9.779176e+00
    endloop
  endfacet
  facet normal -7.061720e-07 1.000000e+00 -1.112944e-13
    outer loop
      vertex 4.363778e+00 -1.825624e+01 9.779176e+00
      vertex -4.219924e+00 -1.825624e+01 9.588272e+00
      vertex -4.487268e+00 -1.825624e+01 9.904930e+00
    endloop
  endfacet
  facet normal -7.061720e-07 1.000000e+00 -1.112944e-13
    outer loop
      vertex 4.363778e+00 -1.825624e+01 9.779176e+00
      vertex -4.487268e+00 -1.825624e+01 9.904930e+00
      vertex 4.675629e+00 -1.825624e+01 1.005211e+01
    endloop
  endfacet
  facet normal -7.061720e-07 1.000000e+00 -1.112944e-13
    outer loop
      vertex 4.675629e+00 -1.825624e+01 1.005211e+01
      vertex -4.487268e+00 -1.825624e+01 9.904930e+00
      vertex -4.827459e+00 -1.825624e+01 1.014160e+01
    endloop
  endfacet
  facet normal -7.061720e-07 1.000000e+00 -1.112944e-13
    outer loop
      vertex 4.675629e+00 -1.825624e+01 1.005211e+01
      vertex -4.827459e+00 -1.825624e+01 1.014160e+01
      vertex 5.047494e+00 -1.825624e+01 1.023503e+01
    endloop
  endfacet
  facet normal -7.061720e-07 1.000000e+00 -1.112944e-13
    outer loop
      vertex 5.047494e+00 -1.825624e+01 1.023503e+01
      vertex -4.827459e+00 -1.825624e+01 1.014160e+01
      vertex -5.217313e+00 -1.825625e+01 1.028217e+01
    endloop
  endfacet
  facet normal -7.061720e-07 1.000000e+00 -1.112944e-13
    outer loop
      vertex 5.047494e+00 -1.825624e+01 1.023503e+01
      vertex -5.217313e+00 -1.825625e+01 1.028217e+01
      vertex 5.454033e+00 -1.825624e+01 1.031548e+01
    endloop
  endfacet
  facet normal -7.061720e-07 1.000000e+00 -1.112944e-13
    outer loop
      vertex 5.454033e+00 -1.825624e+01 1.031548e+01
      vertex -5.217313e+00 -1.825625e+01 1.028217e+01
      vertex -5.630264e+00 -1.825625e+01 1.031704e+01
    endloop
  endfacet
  facet normal -7.061720e-07 1.000000e+00 -1.112944e-13
    outer loop
      vertex 1.666027e+01 -1.825623e+01 7.143796e+00
      vertex 5.658523e+00 -1.825624e+01 7.147069e+00
      vertex 1.624969e+01 -1.825623e+01 7.200089e+00
    endloop
  endfacet
  facet normal -7.061720e-07 1.000000e+00 -1.112944e-13
    outer loop
      vertex 5.658523e+00 -1.825624e+01 7.147069e+00
      vertex 1.666027e+01 -1.825623e+01 7.143796e+00
      vertex -5.482180e+00 -1.825625e+01 7.145491e+00
    endloop
  endfacet
  facet normal -7.061720e-07 1.000000e+00 -1.112944e-13
    outer loop
      vertex 1.624969e+01 -1.825623e+01 7.200089e+00
      vertex 5.658523e+00 -1.825624e+01 7.147069e+00
      vertex 6.065061e+00 -1.825624e+01 7.227513e+00
    endloop
  endfacet
  facet normal -7.061720e-07 1.000000e+00 -1.112944e-13
    outer loop
      vertex 1.624969e+01 -1.825623e+01 7.200089e+00
      vertex 6.065061e+00 -1.825624e+01 7.227513e+00
      vertex 1.586767e+01 -1.825623e+01 7.360730e+00
    endloop
  endfacet
  facet normal -7.061720e-07 1.000000e+00 -1.112944e-13
    outer loop
      vertex 1.586767e+01 -1.825623e+01 7.360730e+00
      vertex 6.065061e+00 -1.825624e+01 7.227513e+00
      vertex 6.436927e+00 -1.825624e+01 7.410434e+00
    endloop
  endfacet
  facet normal -7.061720e-07 1.000000e+00 -1.112944e-13
    outer loop
      vertex 1.586767e+01 -1.825623e+01 7.360730e+00
      vertex 6.436927e+00 -1.825624e+01 7.410434e+00
      vertex 1.554025e+01 -1.825623e+01 7.614771e+00
    endloop
  endfacet
  facet normal -7.061720e-07 1.000000e+00 -1.112944e-13
    outer loop
      vertex 1.554025e+01 -1.825623e+01 7.614771e+00
      vertex 6.436927e+00 -1.825624e+01 7.410434e+00
      vertex 6.748777e+00 -1.825624e+01 7.683370e+00
    endloop
  endfacet
  facet normal -7.061720e-07 1.000000e+00 -1.112944e-13
    outer loop
      vertex 1.554025e+01 -1.825623e+01 7.614771e+00
      vertex 6.748777e+00 -1.825624e+01 7.683370e+00
      vertex 1.528973e+01 -1.825623e+01 7.944900e+00
    endloop
  endfacet
  facet normal -7.061720e-07 1.000000e+00 -1.112944e-13
    outer loop
      vertex 1.528973e+01 -1.825623e+01 7.944900e+00
      vertex 6.748777e+00 -1.825624e+01 7.683370e+00
      vertex 6.979361e+00 -1.825624e+01 8.027718e+00
    endloop
  endfacet
  facet normal -7.061720e-07 1.000000e+00 -1.112944e-13
    outer loop
      vertex 1.528973e+01 -1.825623e+01 7.944900e+00
      vertex 6.979361e+00 -1.825624e+01 8.027718e+00
      vertex 1.513319e+01 -1.825623e+01 8.328620e+00
    endloop
  endfacet
  facet normal -7.061720e-07 1.000000e+00 -1.112944e-13
    outer loop
      vertex 1.513319e+01 -1.825623e+01 8.328620e+00
      vertex 6.979361e+00 -1.825624e+01 8.027718e+00
      vertex 7.112964e+00 -1.825624e+01 8.420012e+00
    endloop
  endfacet
  facet normal -7.061720e-07 1.000000e+00 -1.112944e-13
    outer loop
      vertex 1.513319e+01 -1.825623e+01 8.328620e+00
      vertex 7.112964e+00 -1.825624e+01 8.420012e+00
      vertex 1.508130e+01 -1.825623e+01 8.739779e+00
    endloop
  endfacet
  facet normal -7.061720e-07 1.000000e+00 -1.112944e-13
    outer loop
      vertex 1.508130e+01 -1.825623e+01 8.739779e+00
      vertex 7.112964e+00 -1.825624e+01 8.420012e+00
      vertex 7.140482e+00 -1.825624e+01 8.833519e+00
    endloop
  endfacet
  facet normal -7.061720e-07 1.000000e+00 -1.112944e-13
    outer loop
      vertex 1.508130e+01 -1.825623e+01 8.739779e+00
      vertex 7.140482e+00 -1.825624e+01 8.833519e+00
      vertex 1.513759e+01 -1.825623e+01 9.150358e+00
    endloop
  endfacet
  facet normal -7.061720e-07 1.000000e+00 -1.112944e-13
    outer loop
      vertex 1.513759e+01 -1.825623e+01 9.150358e+00
      vertex 7.140482e+00 -1.825624e+01 8.833519e+00
      vertex 7.060038e+00 -1.825624e+01 9.240056e+00
    endloop
  endfacet
  facet normal -7.061720e-07 1.000000e+00 -1.112944e-13
    outer loop
      vertex 1.513759e+01 -1.825623e+01 9.150358e+00
      vertex 7.060038e+00 -1.825624e+01 9.240056e+00
      vertex 1.529823e+01 -1.825623e+01 9.532377e+00
    endloop
  endfacet
  facet normal -7.061720e-07 1.000000e+00 -1.112944e-13
    outer loop
      vertex 1.529823e+01 -1.825623e+01 9.532377e+00
      vertex 7.060038e+00 -1.825624e+01 9.240056e+00
      vertex 6.877116e+00 -1.825624e+01 9.611922e+00
    endloop
  endfacet
  facet normal -7.061720e-07 1.000000e+00 -1.112944e-13
    outer loop
      vertex 1.529823e+01 -1.825623e+01 9.532377e+00
      vertex 6.877116e+00 -1.825624e+01 9.611922e+00
      vertex 1.555228e+01 -1.825623e+01 9.859803e+00
    endloop
  endfacet
  facet normal -7.061720e-07 1.000000e+00 -1.112944e-13
    outer loop
      vertex 1.555228e+01 -1.825623e+01 9.859803e+00
      vertex 6.877116e+00 -1.825624e+01 9.611922e+00
      vertex 6.604181e+00 -1.825624e+01 9.923773e+00
    endloop
  endfacet
  facet normal -7.061720e-07 1.000000e+00 -1.112944e-13
    outer loop
      vertex 1.555228e+01 -1.825623e+01 9.859803e+00
      vertex 6.604181e+00 -1.825624e+01 9.923773e+00
      vertex 1.588241e+01 -1.825623e+01 1.011032e+01
    endloop
  endfacet
  facet normal -7.061720e-07 1.000000e+00 -1.112944e-13
    outer loop
      vertex 1.588241e+01 -1.825623e+01 1.011032e+01
      vertex 6.604181e+00 -1.825624e+01 9.923773e+00
      vertex 6.259833e+00 -1.825624e+01 1.015436e+01
    endloop
  endfacet
  facet normal -7.061720e-07 1.000000e+00 -1.112944e-13
    outer loop
      vertex 1.588241e+01 -1.825623e+01 1.011032e+01
      vertex 6.259833e+00 -1.825624e+01 1.015436e+01
      vertex 1.626612e+01 -1.825623e+01 1.026686e+01
    endloop
  endfacet
  facet normal -7.061720e-07 1.000000e+00 -1.112944e-13
    outer loop
      vertex 1.626612e+01 -1.825623e+01 1.026686e+01
      vertex 6.259833e+00 -1.825624e+01 1.015436e+01
      vertex 5.867539e+00 -1.825624e+01 1.028796e+01
    endloop
  endfacet
  facet normal -7.061720e-07 1.000000e+00 -1.112944e-13
    outer loop
      vertex 1.626612e+01 -1.825623e+01 1.026686e+01
      vertex 5.867539e+00 -1.825624e+01 1.028796e+01
      vertex 1.667728e+01 -1.825623e+01 1.031875e+01
    endloop
  endfacet
  facet normal -7.061720e-07 1.000000e+00 -1.112944e-13
    outer loop
      vertex 1.667728e+01 -1.825623e+01 1.031875e+01
      vertex 5.867539e+00 -1.825624e+01 1.028796e+01
      vertex 5.454033e+00 -1.825624e+01 1.031548e+01
    endloop
  endfacet
  facet normal -7.061720e-07 1.000000e+00 -1.112944e-13
    outer loop
      vertex 1.667728e+01 -1.825623e+01 1.031875e+01
      vertex 5.454033e+00 -1.825624e+01 1.031548e+01
      vertex -5.630264e+00 -1.825625e+01 1.031704e+01
    endloop
  endfacet
  facet normal -7.061720e-07 1.000000e+00 -1.112944e-13
    outer loop
      vertex -1.686636e+01 -1.825625e+01 7.156104e+00
      vertex -5.895131e+00 -1.825625e+01 7.180361e+00
      vertex -5.482180e+00 -1.825625e+01 7.145491e+00
    endloop
  endfacet
  facet normal -7.061720e-07 1.000000e+00 -1.112944e-13
    outer loop
      vertex -5.895131e+00 -1.825625e+01 7.180361e+00
      vertex -1.686636e+01 -1.825625e+01 7.156104e+00
      vertex -1.645194e+01 -1.825625e+01 7.158625e+00
    endloop
  endfacet
  facet normal -7.061720e-07 1.000000e+00 -1.112944e-13
    outer loop
      vertex -5.895131e+00 -1.825625e+01 7.180361e+00
      vertex -1.645194e+01 -1.825625e+01 7.158625e+00
      vertex -1.605230e+01 -1.825625e+01 7.268317e+00
    endloop
  endfacet
  facet normal -7.061720e-07 1.000000e+00 -1.112944e-13
    outer loop
      vertex -5.895131e+00 -1.825625e+01 7.180361e+00
      vertex -1.605230e+01 -1.825625e+01 7.268317e+00
      vertex -6.284986e+00 -1.825625e+01 7.320923e+00
    endloop
  endfacet
  facet normal -7.061720e-07 1.000000e+00 -1.112944e-13
    outer loop
      vertex -6.284986e+00 -1.825625e+01 7.320923e+00
      vertex -1.605230e+01 -1.825625e+01 7.268317e+00
      vertex -1.569467e+01 -1.825625e+01 7.477706e+00
    endloop
  endfacet
  facet normal -7.061720e-07 1.000000e+00 -1.112944e-13
    outer loop
      vertex -6.284986e+00 -1.825625e+01 7.320923e+00
      vertex -1.569467e+01 -1.825625e+01 7.477706e+00
      vertex -6.625177e+00 -1.825625e+01 7.557597e+00
    endloop
  endfacet
  facet normal -7.061720e-07 1.000000e+00 -1.112944e-13
    outer loop
      vertex -6.625177e+00 -1.825625e+01 7.557597e+00
      vertex -1.569467e+01 -1.825625e+01 7.477706e+00
      vertex -1.540342e+01 -1.825625e+01 7.772522e+00
    endloop
  endfacet
  facet normal -7.061720e-07 1.000000e+00 -1.112944e-13
    outer loop
      vertex -6.625177e+00 -1.825625e+01 7.557597e+00
      vertex -1.540342e+01 -1.825625e+01 7.772522e+00
      vertex -6.892520e+00 -1.825625e+01 7.874254e+00
    endloop
  endfacet
  facet normal -7.061720e-07 1.000000e+00 -1.112944e-13
    outer loop
      vertex -6.892520e+00 -1.825625e+01 7.874254e+00
      vertex -1.540342e+01 -1.825625e+01 7.772522e+00
      vertex -1.519840e+01 -1.825625e+01 8.132674e+00
    endloop
  endfacet
  facet normal -7.061720e-07 1.000000e+00 -1.112944e-13
    outer loop
      vertex -6.892520e+00 -1.825625e+01 7.874254e+00
      vertex -1.519840e+01 -1.825625e+01 8.132674e+00
      vertex -7.068797e+00 -1.825625e+01 8.249315e+00
    endloop
  endfacet
  facet normal -7.061720e-07 1.000000e+00 -1.112944e-13
    outer loop
      vertex -7.068797e+00 -1.825625e+01 8.249315e+00
      vertex -1.519840e+01 -1.825625e+01 8.132674e+00
      vertex -1.509357e+01 -1.825625e+01 8.533619e+00
    endloop
  endfacet
  facet normal -7.061720e-07 1.000000e+00 -1.112944e-13
    outer loop
      vertex -7.068797e+00 -1.825625e+01 8.249315e+00
      vertex -1.509357e+01 -1.825625e+01 8.533619e+00
      vertex -7.141995e+00 -1.825625e+01 8.657221e+00
    endloop
  endfacet
  facet normal -7.061720e-07 1.000000e+00 -1.112944e-13
    outer loop
      vertex -7.141995e+00 -1.825625e+01 8.657221e+00
      vertex -1.509357e+01 -1.825625e+01 8.533619e+00
      vertex -1.509609e+01 -1.825625e+01 8.948032e+00
    endloop
  endfacet
  facet normal -7.061720e-07 1.000000e+00 -1.112944e-13
    outer loop
      vertex -7.141995e+00 -1.825625e+01 8.657221e+00
      vertex -1.509609e+01 -1.825625e+01 8.948032e+00
      vertex -7.107124e+00 -1.825625e+01 9.070172e+00
    endloop
  endfacet
  facet normal -7.061720e-07 1.000000e+00 -1.112944e-13
    outer loop
      vertex -7.107124e+00 -1.825625e+01 9.070172e+00
      vertex -1.509609e+01 -1.825625e+01 8.948032e+00
      vertex -1.520578e+01 -1.825625e+01 9.347672e+00
    endloop
  endfacet
  facet normal -7.061720e-07 1.000000e+00 -1.112944e-13
    outer loop
      vertex -7.107124e+00 -1.825625e+01 9.070172e+00
      vertex -1.520578e+01 -1.825625e+01 9.347672e+00
      vertex -6.966562e+00 -1.825625e+01 9.460027e+00
    endloop
  endfacet
  facet normal -7.061720e-07 1.000000e+00 -1.112944e-13
    outer loop
      vertex -6.966562e+00 -1.825625e+01 9.460027e+00
      vertex -1.520578e+01 -1.825625e+01 9.347672e+00
      vertex -1.541517e+01 -1.825625e+01 9.705304e+00
    endloop
  endfacet
  facet normal -7.061720e-07 1.000000e+00 -1.112944e-13
    outer loop
      vertex -6.966562e+00 -1.825625e+01 9.460027e+00
      vertex -1.541517e+01 -1.825625e+01 9.705304e+00
      vertex -6.729888e+00 -1.825625e+01 9.800218e+00
    endloop
  endfacet
  facet normal -7.061720e-07 1.000000e+00 -1.112944e-13
    outer loop
      vertex -6.729888e+00 -1.825625e+01 9.800218e+00
      vertex -1.541517e+01 -1.825625e+01 9.705304e+00
      vertex -1.570999e+01 -1.825625e+01 9.996556e+00
    endloop
  endfacet
  facet normal -7.061720e-07 1.000000e+00 -1.112944e-13
    outer loop
      vertex -6.729888e+00 -1.825625e+01 9.800218e+00
      vertex -1.570999e+01 -1.825625e+01 9.996556e+00
      vertex -6.413231e+00 -1.825625e+01 1.006756e+01
    endloop
  endfacet
  facet normal -7.061720e-07 1.000000e+00 -1.112944e-13
    outer loop
      vertex -6.413231e+00 -1.825625e+01 1.006756e+01
      vertex -1.570999e+01 -1.825625e+01 9.996556e+00
      vertex -1.607014e+01 -1.825625e+01 1.020158e+01
    endloop
  endfacet
  facet normal -7.061720e-07 1.000000e+00 -1.112944e-13
    outer loop
      vertex -6.413231e+00 -1.825625e+01 1.006756e+01
      vertex -1.607014e+01 -1.825625e+01 1.020158e+01
      vertex -6.038169e+00 -1.825625e+01 1.024384e+01
    endloop
  endfacet
  facet normal -7.061720e-07 1.000000e+00 -1.112944e-13
    outer loop
      vertex -6.038169e+00 -1.825625e+01 1.024384e+01
      vertex -1.607014e+01 -1.825625e+01 1.020158e+01
      vertex -1.647109e+01 -1.825625e+01 1.030640e+01
    endloop
  endfacet
  facet normal -7.061720e-07 1.000000e+00 -1.112944e-13
    outer loop
      vertex -6.038169e+00 -1.825625e+01 1.024384e+01
      vertex -1.647109e+01 -1.825625e+01 1.030640e+01
      vertex -5.630264e+00 -1.825625e+01 1.031704e+01
    endloop
  endfacet
  facet normal -1.000000e+00 0.000000e+00 0.000000e+00
    outer loop
      vertex 2.063753e+01 -1.582091e+01 1.945034e+01
      vertex 2.063753e+01 -1.586609e+01 8.916774e+00
      vertex 2.063753e+01 -1.587501e+01 1.986121e+01
    endloop
  endfacet
  facet normal -1.000000e+00 0.000000e+00 0.000000e+00
    outer loop
      vertex 2.063753e+01 -1.586609e+01 8.916774e+00
      vertex 2.063753e+01 -1.582091e+01 1.945034e+01
      vertex 2.063753e+01 -1.576880e+01 9.319614e+00
    endloop
  endfacet
  facet normal -1.000000e+00 0.000000e+00 0.000000e+00
    outer loop
      vertex 2.063753e+01 -1.576880e+01 9.319614e+00
      vertex 2.063753e+01 -1.582091e+01 1.945034e+01
      vertex 2.063753e+01 -1.566232e+01 1.906746e+01
    endloop
  endfacet
  facet normal -1.000000e+00 0.000000e+00 0.000000e+00
    outer loop
      vertex 2.063753e+01 -1.576880e+01 9.319614e+00
      vertex 2.063753e+01 -1.566232e+01 1.906746e+01
      vertex 2.063753e+01 -1.557057e+01 9.683548e+00
    endloop
  endfacet
  facet normal -1.000000e+00 0.000000e+00 0.000000e+00
    outer loop
      vertex 2.063753e+01 -1.557057e+01 9.683548e+00
      vertex 2.063753e+01 -1.566232e+01 1.906746e+01
      vertex 2.063753e+01 -1.541004e+01 1.873868e+01
    endloop
  endfacet
  facet normal -1.000000e+00 0.000000e+00 0.000000e+00
    outer loop
      vertex 2.063753e+01 -1.557057e+01 9.683548e+00
      vertex 2.063753e+01 -1.541004e+01 1.873868e+01
      vertex 2.063753e+01 -1.528489e+01 9.983775e+00
    endloop
  endfacet
  facet normal -1.000000e+00 0.000000e+00 0.000000e+00
    outer loop
      vertex 2.063753e+01 -1.528489e+01 9.983775e+00
      vertex 2.063753e+01 -1.541004e+01 1.873868e+01
      vertex 2.063753e+01 -1.508126e+01 1.848640e+01
    endloop
  endfacet
  facet normal -1.000000e+00 0.000000e+00 0.000000e+00
    outer loop
      vertex 2.063753e+01 -1.528489e+01 9.983775e+00
      vertex 2.063753e+01 -1.508126e+01 1.848640e+01
      vertex 2.063753e+01 -1.493125e+01 1.019983e+01
    endloop
  endfacet
  facet normal -1.000000e+00 0.000000e+00 0.000000e+00
    outer loop
      vertex 2.063753e+01 -1.493125e+01 1.019983e+01
      vertex 2.063753e+01 -1.508126e+01 1.848640e+01
      vertex 2.063753e+01 -1.469838e+01 1.832781e+01
    endloop
  endfacet
  facet normal -1.000000e+00 0.000000e+00 0.000000e+00
    outer loop
      vertex 2.063753e+01 -1.493125e+01 1.019983e+01
      vertex 2.063753e+01 -1.469838e+01 1.832781e+01
      vertex 2.063753e+01 -1.453374e+01 1.031700e+01
    endloop
  endfacet
  facet normal -1.000000e+00 0.000000e+00 0.000000e+00
    outer loop
      vertex 2.063753e+01 -1.453374e+01 1.031700e+01
      vertex 2.063753e+01 -1.469838e+01 1.832781e+01
      vertex 2.063753e+01 -1.428751e+01 1.827371e+01
    endloop
  endfacet
  facet normal -1.000000e+00 0.000000e+00 0.000000e+00
    outer loop
      vertex 2.063753e+01 -1.453374e+01 1.031700e+01
      vertex 2.063753e+01 -1.428751e+01 1.827371e+01
      vertex 2.063753e+01 -1.411945e+01 1.032729e+01
    endloop
  endfacet
  facet normal -1.000000e+00 0.000000e+00 0.000000e+00
    outer loop
      vertex 2.063753e+01 -1.411945e+01 1.032729e+01
      vertex 2.063753e+01 -1.428751e+01 1.827371e+01
      vertex 2.063753e+01 -1.387663e+01 1.832781e+01
    endloop
  endfacet
  facet normal -1.000000e+00 0.000000e+00 0.000000e+00
    outer loop
      vertex 2.063753e+01 -1.411945e+01 1.032729e+01
      vertex 2.063753e+01 -1.387663e+01 1.832781e+01
      vertex 2.063753e+01 -1.371661e+01 1.023001e+01
    endloop
  endfacet
  facet normal -1.000000e+00 0.000000e+00 0.000000e+00
    outer loop
      vertex 2.063753e+01 -1.371661e+01 1.023001e+01
      vertex 2.063753e+01 -1.387663e+01 1.832781e+01
      vertex 2.063753e+01 -1.349376e+01 1.848640e+01
    endloop
  endfacet
  facet normal -1.000000e+00 0.000000e+00 0.000000e+00
    outer loop
      vertex 2.063753e+01 -1.371661e+01 1.023001e+01
      vertex 2.063753e+01 -1.349376e+01 1.848640e+01
      vertex 2.063753e+01 -1.335267e+01 1.003177e+01
    endloop
  endfacet
  facet normal -1.000000e+00 0.000000e+00 0.000000e+00
    outer loop
      vertex 2.063753e+01 -1.335267e+01 1.003177e+01
      vertex 2.063753e+01 -1.349376e+01 1.848640e+01
      vertex 2.063753e+01 -1.316497e+01 1.873868e+01
    endloop
  endfacet
  facet normal -1.000000e+00 0.000000e+00 0.000000e+00
    outer loop
      vertex 2.063753e+01 -1.335267e+01 1.003177e+01
      vertex 2.063753e+01 -1.316497e+01 1.873868e+01
      vertex 2.063753e+01 -1.305245e+01 9.746102e+00
    endloop
  endfacet
  facet normal -1.000000e+00 0.000000e+00 0.000000e+00
    outer loop
      vertex 2.063753e+01 -1.305245e+01 9.746102e+00
      vertex 2.063753e+01 -1.316497e+01 1.873868e+01
      vertex 2.063753e+01 -1.291269e+01 1.906746e+01
    endloop
  endfacet
  facet normal -1.000000e+00 0.000000e+00 0.000000e+00
    outer loop
      vertex 2.063753e+01 -1.305245e+01 9.746102e+00
      vertex 2.063753e+01 -1.291269e+01 1.906746e+01
      vertex 2.063753e+01 -1.283639e+01 9.392460e+00
    endloop
  endfacet
  facet normal -1.000000e+00 0.000000e+00 0.000000e+00
    outer loop
      vertex 2.063753e+01 -1.283639e+01 9.392460e+00
      vertex 2.063753e+01 -1.291269e+01 1.906746e+01
      vertex 2.063753e+01 -1.275410e+01 1.945034e+01
    endloop
  endfacet
  facet normal -1.000000e+00 0.000000e+00 0.000000e+00
    outer loop
      vertex 2.063753e+01 -1.283639e+01 9.392460e+00
      vertex 2.063753e+01 -1.275410e+01 1.945034e+01
      vertex 2.063753e+01 -1.271922e+01 8.994948e+00
    endloop
  endfacet
  facet normal -1.000000e+00 0.000000e+00 0.000000e+00
    outer loop
      vertex 2.063753e+01 -1.271922e+01 8.994948e+00
      vertex 2.063753e+01 -1.275410e+01 1.945034e+01
      vertex 2.063753e+01 -1.270001e+01 1.986121e+01
    endloop
  endfacet
  facet normal -1.000000e+00 0.000000e+00 0.000000e+00
    outer loop
      vertex 2.063753e+01 -1.271922e+01 8.994948e+00
      vertex 2.063753e+01 -1.270001e+01 1.986121e+01
      vertex 2.063753e+01 -1.270893e+01 8.580655e+00
    endloop
  endfacet
  facet normal -1.000000e+00 0.000000e+00 0.000000e+00
    outer loop
      vertex 2.063753e+01 -1.825623e+01 2.540004e+01
      vertex 2.063753e+01 -1.582091e+01 2.027209e+01
      vertex 2.063753e+01 -1.587501e+01 1.986121e+01
    endloop
  endfacet
  facet normal -1.000000e+00 0.000000e+00 0.000000e+00
    outer loop
      vertex 2.063753e+01 -1.582091e+01 2.027209e+01
      vertex 2.063753e+01 -1.825623e+01 2.540004e+01
      vertex 2.063753e+01 -1.566232e+01 2.065496e+01
    endloop
  endfacet
  facet normal -1.000000e+00 0.000000e+00 0.000000e+00
    outer loop
      vertex 2.063753e+01 -1.566232e+01 2.065496e+01
      vertex 2.063753e+01 -1.825623e+01 2.540004e+01
      vertex 2.063753e+01 -1.541004e+01 2.098375e+01
    endloop
  endfacet
  facet normal -1.000000e+00 0.000000e+00 0.000000e+00
    outer loop
      vertex 2.063753e+01 -1.541004e+01 2.098375e+01
      vertex 2.063753e+01 -1.825623e+01 2.540004e+01
      vertex 2.063753e+01 -1.508126e+01 2.123603e+01
    endloop
  endfacet
  facet normal -1.000000e+00 0.000000e+00 0.000000e+00
    outer loop
      vertex 2.063753e+01 -1.508126e+01 2.123603e+01
      vertex 2.063753e+01 -1.825623e+01 2.540004e+01
      vertex 2.063753e+01 -1.469838e+01 2.139462e+01
    endloop
  endfacet
  facet normal -1.000000e+00 0.000000e+00 0.000000e+00
    outer loop
      vertex 2.063753e+01 -1.469838e+01 2.139462e+01
      vertex 2.063753e+01 -1.825623e+01 2.540004e+01
      vertex 2.063753e+01 -1.428751e+01 2.144871e+01
    endloop
  endfacet
  facet normal -1.000000e+00 0.000000e+00 0.000000e+00
    outer loop
      vertex 2.063753e+01 -1.428751e+01 2.144871e+01
      vertex 2.063753e+01 -1.825623e+01 2.540004e+01
      vertex 2.063753e+01 1.666877e+01 2.540004e+01
    endloop
  endfacet
  facet normal -1.000000e+00 0.000000e+00 0.000000e+00
    outer loop
      vertex 2.063753e+01 -1.428751e+01 2.144871e+01
      vertex 2.063753e+01 1.666877e+01 2.540004e+01
      vertex 2.063753e+01 -1.387663e+01 2.139462e+01
    endloop
  endfacet
  facet normal -1.000000e+00 0.000000e+00 0.000000e+00
    outer loop
      vertex 2.063753e+01 -1.387663e+01 2.139462e+01
      vertex 2.063753e+01 1.666877e+01 2.540004e+01
      vertex 2.063753e+01 -1.349376e+01 2.123603e+01
    endloop
  endfacet
  facet normal -1.000000e+00 0.000000e+00 0.000000e+00
    outer loop
      vertex 2.063753e+01 -1.349376e+01 2.123603e+01
      vertex 2.063753e+01 1.666877e+01 2.540004e+01
      vertex 2.063753e+01 -1.316497e+01 2.098375e+01
    endloop
  endfacet
  facet normal -1.000000e+00 0.000000e+00 0.000000e+00
    outer loop
      vertex 2.063753e+01 -1.316497e+01 2.098375e+01
      vertex 2.063753e+01 1.666877e+01 2.540004e+01
      vertex 2.063753e+01 -1.291269e+01 2.065496e+01
    endloop
  endfacet
  facet normal -1.000000e+00 0.000000e+00 0.000000e+00
    outer loop
      vertex 2.063753e+01 -1.291269e+01 2.065496e+01
      vertex 2.063753e+01 1.666877e+01 2.540004e+01
      vertex 2.063753e+01 -1.275410e+01 2.027209e+01
    endloop
  endfacet
  facet normal -1.000000e+00 0.000000e+00 0.000000e+00
    outer loop
      vertex 2.063753e+01 -1.275410e+01 2.027209e+01
      vertex 2.063753e+01 1.666877e+01 2.540004e+01
      vertex 2.063753e+01 -1.270001e+01 1.986121e+01
    endloop
  endfacet
  facet normal -1.000000e+00 0.000000e+00 0.000000e+00
    outer loop
      vertex 2.063753e+01 -1.270001e+01 1.986121e+01
      vertex 2.063753e+01 1.666877e+01 2.540004e+01
      vertex 2.063753e+01 3.788675e+00 1.448014e+01
    endloop
  endfacet
  facet normal -1.000000e+00 0.000000e+00 0.000000e+00
    outer loop
      vertex 2.063753e+01 -1.270001e+01 1.986121e+01
      vertex 2.063753e+01 3.788675e+00 1.448014e+01
      vertex 2.063753e+01 3.031825e+00 1.349379e+01
    endloop
  endfacet
  facet normal -1.000000e+00 0.000000e+00 0.000000e+00
    outer loop
      vertex 2.063753e+01 -1.270001e+01 1.986121e+01
      vertex 2.063753e+01 3.031825e+00 1.349379e+01
      vertex 2.063753e+01 2.556049e+00 1.234517e+01
    endloop
  endfacet
  facet normal -1.000000e+00 0.000000e+00 0.000000e+00
    outer loop
      vertex 2.063753e+01 -1.270001e+01 1.986121e+01
      vertex 2.063753e+01 2.556049e+00 1.234517e+01
      vertex 2.063753e+01 2.393770e+00 1.111254e+01
    endloop
  endfacet
  facet normal -1.000000e+00 0.000000e+00 0.000000e+00
    outer loop
      vertex 2.063753e+01 3.788675e+00 1.448014e+01
      vertex 2.063753e+01 1.666877e+01 2.540004e+01
      vertex 2.063753e+01 4.775020e+00 1.523699e+01
    endloop
  endfacet
  facet normal -1.000000e+00 0.000000e+00 0.000000e+00
    outer loop
      vertex 2.063753e+01 4.775020e+00 1.523699e+01
      vertex 2.063753e+01 1.666877e+01 2.540004e+01
      vertex 2.063753e+01 5.923645e+00 1.571276e+01
    endloop
  endfacet
  facet normal -1.000000e+00 0.000000e+00 0.000000e+00
    outer loop
      vertex 2.063753e+01 5.923645e+00 1.571276e+01
      vertex 2.063753e+01 1.666877e+01 2.540004e+01
      vertex 2.063753e+01 7.156270e+00 1.587504e+01
    endloop
  endfacet
  facet normal -1.000000e+00 0.000000e+00 0.000000e+00
    outer loop
      vertex 2.063753e+01 7.156270e+00 1.587504e+01
      vertex 2.063753e+01 1.666877e+01 2.540004e+01
      vertex 2.063753e+01 8.388896e+00 1.571276e+01
    endloop
  endfacet
  facet normal -1.000000e+00 0.000000e+00 0.000000e+00
    outer loop
      vertex 2.063753e+01 8.388896e+00 1.571276e+01
      vertex 2.063753e+01 1.666877e+01 2.540004e+01
      vertex 2.063753e+01 9.537520e+00 1.523699e+01
    endloop
  endfacet
  facet normal -1.000000e+00 0.000000e+00 0.000000e+00
    outer loop
      vertex 2.063753e+01 9.537520e+00 1.523699e+01
      vertex 2.063753e+01 1.666877e+01 2.540004e+01
      vertex 2.063753e+01 1.052387e+01 1.448014e+01
    endloop
  endfacet
  facet normal -1.000000e+00 0.000000e+00 0.000000e+00
    outer loop
      vertex 2.063753e+01 1.052387e+01 1.448014e+01
      vertex 2.063753e+01 1.666877e+01 2.540004e+01
      vertex 2.063753e+01 1.128072e+01 1.349379e+01
    endloop
  endfacet
  facet normal -1.000000e+00 0.000000e+00 0.000000e+00
    outer loop
      vertex 2.063753e+01 1.128072e+01 1.349379e+01
      vertex 2.063753e+01 1.666877e+01 2.540004e+01
      vertex 2.063753e+01 1.175649e+01 1.234517e+01
    endloop
  endfacet
  facet normal -1.000000e+00 0.000000e+00 0.000000e+00
    outer loop
      vertex 2.063753e+01 1.175649e+01 1.234517e+01
      vertex 2.063753e+01 1.666877e+01 2.540004e+01
      vertex 2.063753e+01 1.191877e+01 1.111254e+01
    endloop
  endfacet
  facet normal -1.000000e+00 0.000000e+00 0.000000e+00
    outer loop
      vertex 2.063753e+01 1.191877e+01 1.111254e+01
      vertex 2.063753e+01 1.666877e+01 2.540004e+01
      vertex 2.063753e+01 1.666877e+01 4.002199e-05
    endloop
  endfacet
  facet normal -1.000000e+00 0.000000e+00 0.000000e+00
    outer loop
      vertex 2.063753e+01 1.666877e+01 4.002199e-05
      vertex 2.063753e+01 1.666877e+01 2.540004e+01
      vertex 2.063753e+01 2.301848e+01 4.805762e+00
    endloop
  endfacet
  facet normal -1.000000e+00 0.000000e+00 0.000000e+00
    outer loop
      vertex 2.063753e+01 2.301848e+01 4.805762e+00
      vertex 2.063753e+01 1.666877e+01 2.540004e+01
      vertex 2.063753e+01 2.301848e+01 2.068076e+01
    endloop
  endfacet
  facet normal -1.000000e+00 0.000000e+00 0.000000e+00
    outer loop
      vertex 2.063753e+01 -1.825623e+01 2.540004e+01
      vertex 2.063753e+01 -1.508123e+01 4.002199e-05
      vertex 2.063753e+01 -1.825623e+01 4.002199e-05
    endloop
  endfacet
  facet normal -1.000000e+00 0.000000e+00 0.000000e+00
    outer loop
      vertex 2.063753e+01 -1.508123e+01 4.002199e-05
      vertex 2.063753e+01 -1.825623e+01 2.540004e+01
      vertex 2.063753e+01 -1.585579e+01 8.502481e+00
    endloop
  endfacet
  facet normal -1.000000e+00 0.000000e+00 0.000000e+00
    outer loop
      vertex 2.063753e+01 -1.585579e+01 8.502481e+00
      vertex 2.063753e+01 -1.825623e+01 2.540004e+01
      vertex 2.063753e+01 -1.586609e+01 8.916774e+00
    endloop
  endfacet
  facet normal -1.000000e+00 0.000000e+00 0.000000e+00
    outer loop
      vertex 2.063753e+01 -1.586609e+01 8.916774e+00
      vertex 2.063753e+01 -1.825623e+01 2.540004e+01
      vertex 2.063753e+01 -1.587501e+01 1.986121e+01
    endloop
  endfacet
  facet normal -1.000000e+00 0.000000e+00 0.000000e+00
    outer loop
      vertex 2.063753e+01 -1.508123e+01 4.002199e-05
      vertex 2.063753e+01 -1.585579e+01 8.502481e+00
      vertex 2.063753e+01 -1.573863e+01 8.104969e+00
    endloop
  endfacet
  facet normal -1.000000e+00 0.000000e+00 0.000000e+00
    outer loop
      vertex 2.063753e+01 -1.508123e+01 4.002199e-05
      vertex 2.063753e+01 -1.573863e+01 8.104969e+00
      vertex 2.063753e+01 -1.552257e+01 7.751326e+00
    endloop
  endfacet
  facet normal -1.000000e+00 0.000000e+00 0.000000e+00
    outer loop
      vertex 2.063753e+01 -1.508123e+01 4.002199e-05
      vertex 2.063753e+01 -1.552257e+01 7.751326e+00
      vertex 2.063753e+01 -1.522234e+01 7.465654e+00
    endloop
  endfacet
  facet normal -1.000000e+00 0.000000e+00 0.000000e+00
    outer loop
      vertex 2.063753e+01 -1.508123e+01 4.002199e-05
      vertex 2.063753e+01 -1.522234e+01 7.465654e+00
      vertex 2.063753e+01 -1.485841e+01 7.267421e+00
    endloop
  endfacet
  facet normal -1.000000e+00 0.000000e+00 0.000000e+00
    outer loop
      vertex 2.063753e+01 -1.508123e+01 4.002199e-05
      vertex 2.063753e+01 -1.485841e+01 7.267421e+00
      vertex 2.063753e+01 -1.445557e+01 7.170135e+00
    endloop
  endfacet
  facet normal -1.000000e+00 0.000000e+00 0.000000e+00
    outer loop
      vertex 2.063753e+01 -1.508123e+01 4.002199e-05
      vertex 2.063753e+01 -1.445557e+01 7.170135e+00
      vertex 2.063753e+01 1.666877e+01 4.002199e-05
    endloop
  endfacet
  facet normal -1.000000e+00 0.000000e+00 0.000000e+00
    outer loop
      vertex 2.063753e+01 1.666877e+01 4.002199e-05
      vertex 2.063753e+01 -1.445557e+01 7.170135e+00
      vertex 2.063753e+01 -1.404127e+01 7.180427e+00
    endloop
  endfacet
  facet normal -1.000000e+00 0.000000e+00 0.000000e+00
    outer loop
      vertex 2.063753e+01 1.666877e+01 4.002199e-05
      vertex 2.063753e+01 -1.404127e+01 7.180427e+00
      vertex 2.063753e+01 -1.364376e+01 7.297595e+00
    endloop
  endfacet
  facet normal -1.000000e+00 0.000000e+00 0.000000e+00
    outer loop
      vertex 2.063753e+01 1.666877e+01 4.002199e-05
      vertex 2.063753e+01 -1.364376e+01 7.297595e+00
      vertex 2.063753e+01 -1.329012e+01 7.513654e+00
    endloop
  endfacet
  facet normal -1.000000e+00 0.000000e+00 0.000000e+00
    outer loop
      vertex 2.063753e+01 1.666877e+01 4.002199e-05
      vertex 2.063753e+01 -1.329012e+01 7.513654e+00
      vertex 2.063753e+01 -1.300445e+01 7.813881e+00
    endloop
  endfacet
  facet normal -1.000000e+00 0.000000e+00 0.000000e+00
    outer loop
      vertex 2.063753e+01 1.666877e+01 4.002199e-05
      vertex 2.063753e+01 -1.300445e+01 7.813881e+00
      vertex 2.063753e+01 -1.292270e+01 7.921234e+00
    endloop
  endfacet
  facet normal -1.000000e+00 0.000000e+00 0.000000e+00
    outer loop
      vertex 2.063753e+01 1.666877e+01 4.002199e-05
      vertex 2.063753e+01 -1.292270e+01 7.921234e+00
      vertex 2.063753e+01 -1.280621e+01 8.177815e+00
    endloop
  endfacet
  facet normal -1.000000e+00 0.000000e+00 0.000000e+00
    outer loop
      vertex 2.063753e+01 1.666877e+01 4.002199e-05
      vertex 2.063753e+01 -1.280621e+01 8.177815e+00
      vertex 2.063753e+01 -1.270893e+01 8.580655e+00
    endloop
  endfacet
  facet normal -1.000000e+00 0.000000e+00 0.000000e+00
    outer loop
      vertex 2.063753e+01 1.666877e+01 4.002199e-05
      vertex 2.063753e+01 -1.270893e+01 8.580655e+00
      vertex 2.063753e+01 4.775020e+00 6.988094e+00
    endloop
  endfacet
  facet normal -1.000000e+00 0.000000e+00 0.000000e+00
    outer loop
      vertex 2.063753e+01 4.775020e+00 6.988094e+00
      vertex 2.063753e+01 -1.270893e+01 8.580655e+00
      vertex 2.063753e+01 -1.270001e+01 1.986121e+01
    endloop
  endfacet
  facet normal -1.000000e+00 0.000000e+00 0.000000e+00
    outer loop
      vertex 2.063753e+01 4.775020e+00 6.988094e+00
      vertex 2.063753e+01 -1.270001e+01 1.986121e+01
      vertex 2.063753e+01 3.788675e+00 7.744944e+00
    endloop
  endfacet
  facet normal -1.000000e+00 0.000000e+00 0.000000e+00
    outer loop
      vertex 2.063753e+01 3.788675e+00 7.744944e+00
      vertex 2.063753e+01 -1.270001e+01 1.986121e+01
      vertex 2.063753e+01 3.031825e+00 8.731290e+00
    endloop
  endfacet
  facet normal -1.000000e+00 0.000000e+00 0.000000e+00
    outer loop
      vertex 2.063753e+01 3.031825e+00 8.731290e+00
      vertex 2.063753e+01 -1.270001e+01 1.986121e+01
      vertex 2.063753e+01 2.556049e+00 9.879914e+00
    endloop
  endfacet
  facet normal -1.000000e+00 0.000000e+00 0.000000e+00
    outer loop
      vertex 2.063753e+01 2.556049e+00 9.879914e+00
      vertex 2.063753e+01 -1.270001e+01 1.986121e+01
      vertex 2.063753e+01 2.393770e+00 1.111254e+01
    endloop
  endfacet
  facet normal -1.000000e+00 0.000000e+00 0.000000e+00
    outer loop
      vertex 2.063753e+01 1.666877e+01 4.002199e-05
      vertex 2.063753e+01 4.775020e+00 6.988094e+00
      vertex 2.063753e+01 5.923645e+00 6.512318e+00
    endloop
  endfacet
  facet normal -1.000000e+00 0.000000e+00 0.000000e+00
    outer loop
      vertex 2.063753e+01 1.666877e+01 4.002199e-05
      vertex 2.063753e+01 5.923645e+00 6.512318e+00
      vertex 2.063753e+01 7.156270e+00 6.350040e+00
    endloop
  endfacet
  facet normal -1.000000e+00 0.000000e+00 0.000000e+00
    outer loop
      vertex 2.063753e+01 1.666877e+01 4.002199e-05
      vertex 2.063753e+01 7.156270e+00 6.350040e+00
      vertex 2.063753e+01 8.388896e+00 6.512318e+00
    endloop
  endfacet
  facet normal -1.000000e+00 0.000000e+00 0.000000e+00
    outer loop
      vertex 2.063753e+01 1.666877e+01 4.002199e-05
      vertex 2.063753e+01 8.388896e+00 6.512318e+00
      vertex 2.063753e+01 9.537520e+00 6.988094e+00
    endloop
  endfacet
  facet normal -1.000000e+00 0.000000e+00 0.000000e+00
    outer loop
      vertex 2.063753e+01 1.666877e+01 4.002199e-05
      vertex 2.063753e+01 9.537520e+00 6.988094e+00
      vertex 2.063753e+01 1.052387e+01 7.744944e+00
    endloop
  endfacet
  facet normal -1.000000e+00 0.000000e+00 0.000000e+00
    outer loop
      vertex 2.063753e+01 1.666877e+01 4.002199e-05
      vertex 2.063753e+01 1.052387e+01 7.744944e+00
      vertex 2.063753e+01 1.128072e+01 8.731290e+00
    endloop
  endfacet
  facet normal -1.000000e+00 0.000000e+00 0.000000e+00
    outer loop
      vertex 2.063753e+01 1.666877e+01 4.002199e-05
      vertex 2.063753e+01 1.128072e+01 8.731290e+00
      vertex 2.063753e+01 1.175649e+01 9.879914e+00
    endloop
  endfacet
  facet normal -1.000000e+00 0.000000e+00 0.000000e+00
    outer loop
      vertex 2.063753e+01 1.666877e+01 4.002199e-05
      vertex 2.063753e+01 1.175649e+01 9.879914e+00
      vertex 2.063753e+01 1.191877e+01 1.111254e+01
    endloop
  endfacet
  facet normal 0.000000e+00 1.000000e+00 0.000000e+00
    outer loop
      vertex 2.063753e+01 2.301848e+01 2.068076e+01
      vertex 2.381253e+01 2.301848e+01 4.805762e+00
      vertex 2.063753e+01 2.301848e+01 4.805762e+00
    endloop
  endfacet
  facet normal 0.000000e+00 1.000000e+00 0.000000e+00
    outer loop
      vertex 2.381253e+01 2.301848e+01 4.805762e+00
      vertex 2.063753e+01 2.301848e+01 2.068076e+01
      vertex 2.381253e+01 2.301848e+01 2.068076e+01
    endloop
  endfacet
  facet normal 0.000000e+00 5.965157e-01 8.026014e-01
    outer loop
      vertex 2.381253e+01 1.666877e+01 2.540004e+01
      vertex 2.063753e+01 2.301848e+01 2.068076e+01
      vertex 2.063753e+01 1.666877e+01 2.540004e+01
    endloop
  endfacet
  facet normal 0.000000e+00 5.965157e-01 8.026014e-01
    outer loop
      vertex 2.063753e+01 2.301848e+01 2.068076e+01
      vertex 2.381253e+01 1.666877e+01 2.540004e+01
      vertex 2.381253e+01 2.301848e+01 2.068076e+01
    endloop
  endfacet
  facet normal 0.000000e+00 6.034857e-01 -7.973738e-01
    outer loop
      vertex 2.381253e+01 2.301848e+01 4.805762e+00
      vertex 2.063753e+01 1.666877e+01 4.002199e-05
      vertex 2.063753e+01 2.301848e+01 4.805762e+00
    endloop
  endfacet
  facet normal 0.000000e+00 6.034857e-01 -7.973738e-01
    outer loop
      vertex 2.063753e+01 1.666877e+01 4.002199e-05
      vertex 2.381253e+01 2.301848e+01 4.805762e+00
      vertex 2.381253e+01 1.666877e+01 4.002199e-05
    endloop
  endfacet
  facet normal -1.000000e+00 -9.061337e-07 -5.081656e-10
    outer loop
      vertex -2.381247e+01 -1.582091e+01 1.943292e+01
      vertex -2.381247e+01 -1.586906e+01 8.868530e+00
      vertex -2.381247e+01 -1.587501e+01 1.984379e+01
    endloop
  endfacet
  facet normal -1.000000e+00 -9.061337e-07 -5.081656e-10
    outer loop
      vertex -2.381247e+01 -1.586906e+01 8.868530e+00
      vertex -2.381247e+01 -1.582091e+01 1.943292e+01
      vertex -2.381247e+01 -1.577965e+01 9.273191e+00
    endloop
  endfacet
  facet normal -1.000000e+00 -9.061337e-07 -5.081656e-10
    outer loop
      vertex -2.381247e+01 -1.577965e+01 9.273191e+00
      vertex -2.381247e+01 -1.582091e+01 1.943292e+01
      vertex -2.381247e+01 -1.566232e+01 1.905004e+01
    endloop
  endfacet
  facet normal -1.000000e+00 -9.061337e-07 -5.081656e-10
    outer loop
      vertex -2.381247e+01 -1.577965e+01 9.273191e+00
      vertex -2.381247e+01 -1.566232e+01 1.905004e+01
      vertex -2.381247e+01 -1.558855e+01 9.640921e+00
    endloop
  endfacet
  facet normal -1.000000e+00 -9.061337e-07 -5.081656e-10
    outer loop
      vertex -2.381247e+01 -1.558855e+01 9.640921e+00
      vertex -2.381247e+01 -1.566232e+01 1.905004e+01
      vertex -2.381247e+01 -1.541004e+01 1.872126e+01
    endloop
  endfacet
  facet normal -1.000000e+00 -9.061337e-07 -5.081656e-10
    outer loop
      vertex -2.381247e+01 -1.558855e+01 9.640921e+00
      vertex -2.381247e+01 -1.541004e+01 1.872126e+01
      vertex -2.381247e+01 -1.530879e+01 9.946663e+00
    endloop
  endfacet
  facet normal -1.000000e+00 -9.061337e-07 -5.081656e-10
    outer loop
      vertex -2.381247e+01 -1.530879e+01 9.946663e+00
      vertex -2.381247e+01 -1.541004e+01 1.872126e+01
      vertex -2.381247e+01 -1.508126e+01 1.846898e+01
    endloop
  endfacet
  facet normal -1.000000e+00 -9.061337e-07 -5.081656e-10
    outer loop
      vertex -2.381247e+01 -1.530879e+01 9.946663e+00
      vertex -2.381247e+01 -1.508126e+01 1.846898e+01
      vertex -2.381247e+01 -1.495943e+01 1.016958e+01
    endloop
  endfacet
  facet normal -1.000000e+00 -9.061337e-07 -5.081656e-10
    outer loop
      vertex -2.381247e+01 -1.495943e+01 1.016958e+01
      vertex -2.381247e+01 -1.508126e+01 1.846898e+01
      vertex -2.381247e+01 -1.469838e+01 1.831038e+01
    endloop
  endfacet
  facet normal -1.000000e+00 -9.061337e-07 -5.081656e-10
    outer loop
      vertex -2.381247e+01 -1.495943e+01 1.016958e+01
      vertex -2.381247e+01 -1.469838e+01 1.831038e+01
      vertex -2.381247e+01 -1.456428e+01 1.029448e+01
    endloop
  endfacet
  facet normal -1.000000e+00 -9.061337e-07 -5.081656e-10
    outer loop
      vertex -2.381247e+01 -1.456428e+01 1.029448e+01
      vertex -2.381247e+01 -1.469838e+01 1.831038e+01
      vertex -2.381247e+01 -1.428751e+01 1.825629e+01
    endloop
  endfacet
  facet normal -1.000000e+00 -9.061337e-07 -5.081656e-10
    outer loop
      vertex -2.381247e+01 -1.456428e+01 1.029448e+01
      vertex -2.381247e+01 -1.428751e+01 1.825629e+01
      vertex -2.381247e+01 -1.415027e+01 1.031285e+01
    endloop
  endfacet
  facet normal -1.000000e+00 -9.061337e-07 -5.081656e-10
    outer loop
      vertex -2.381247e+01 -1.415027e+01 1.031285e+01
      vertex -2.381247e+01 -1.428751e+01 1.825629e+01
      vertex -2.381247e+01 -1.387663e+01 1.831038e+01
    endloop
  endfacet
  facet normal -1.000000e+00 -9.061337e-07 -5.081656e-10
    outer loop
      vertex -2.381247e+01 -1.415027e+01 1.031285e+01
      vertex -2.381247e+01 -1.387663e+01 1.831038e+01
      vertex -2.381247e+01 -1.374561e+01 1.022344e+01
    endloop
  endfacet
  facet normal -1.000000e+00 -9.061337e-07 -5.081656e-10
    outer loop
      vertex -2.381247e+01 -1.374561e+01 1.022344e+01
      vertex -2.381247e+01 -1.387663e+01 1.831038e+01
      vertex -2.381247e+01 -1.349376e+01 1.846898e+01
    endloop
  endfacet
  facet normal -1.000000e+00 -9.061337e-07 -5.081656e-10
    outer loop
      vertex -2.381247e+01 -1.374561e+01 1.022344e+01
      vertex -2.381247e+01 -1.349376e+01 1.846898e+01
      vertex -2.381247e+01 -1.337787e+01 1.003234e+01
    endloop
  endfacet
  facet normal -1.000000e+00 -9.061337e-07 -5.081656e-10
    outer loop
      vertex -2.381247e+01 -1.337787e+01 1.003234e+01
      vertex -2.381247e+01 -1.349376e+01 1.846898e+01
      vertex -2.381247e+01 -1.316497e+01 1.872126e+01
    endloop
  endfacet
  facet normal -1.000000e+00 -9.061337e-07 -5.081656e-10
    outer loop
      vertex -2.381247e+01 -1.337787e+01 1.003234e+01
      vertex -2.381247e+01 -1.316497e+01 1.872126e+01
      vertex -2.381247e+01 -1.307213e+01 9.752576e+00
    endloop
  endfacet
  facet normal -1.000000e+00 -9.061337e-07 -5.081656e-10
    outer loop
      vertex -2.381247e+01 -1.307213e+01 9.752576e+00
      vertex -2.381247e+01 -1.316497e+01 1.872126e+01
      vertex -2.381247e+01 -1.291269e+01 1.905004e+01
    endloop
  endfacet
  facet normal -1.000000e+00 -9.061337e-07 -5.081656e-10
    outer loop
      vertex -2.381247e+01 -1.307213e+01 9.752576e+00
      vertex -2.381247e+01 -1.291269e+01 1.905004e+01
      vertex -2.381247e+01 -1.284922e+01 9.403215e+00
    endloop
  endfacet
  facet normal -1.000000e+00 -9.061337e-07 -5.081656e-10
    outer loop
      vertex -2.381247e+01 -1.284922e+01 9.403215e+00
      vertex -2.381247e+01 -1.291269e+01 1.905004e+01
      vertex -2.381247e+01 -1.275410e+01 1.943292e+01
    endloop
  endfacet
  facet normal -1.000000e+00 -9.061337e-07 -5.081656e-10
    outer loop
      vertex -2.381247e+01 -1.284922e+01 9.403215e+00
      vertex -2.381247e+01 -1.275410e+01 1.943292e+01
      vertex -2.381247e+01 -1.272432e+01 9.008063e+00
    endloop
  endfacet
  facet normal -1.000000e+00 -9.061337e-07 -5.081656e-10
    outer loop
      vertex -2.381247e+01 -1.272432e+01 9.008063e+00
      vertex -2.381247e+01 -1.275410e+01 1.943292e+01
      vertex -2.381247e+01 -1.270001e+01 1.984379e+01
    endloop
  endfacet
  facet normal -1.000000e+00 -9.061337e-07 -5.081656e-10
    outer loop
      vertex -2.381247e+01 -1.272432e+01 9.008063e+00
      vertex -2.381247e+01 -1.270001e+01 1.984379e+01
      vertex -2.381247e+01 -1.270595e+01 8.594050e+00
    endloop
  endfacet
  facet normal -1.000000e+00 -9.061337e-07 -5.081656e-10
    outer loop
      vertex -2.381247e+01 -1.825626e+01 2.540004e+01
      vertex -2.381247e+01 -1.582091e+01 2.025466e+01
      vertex -2.381247e+01 -1.587501e+01 1.984379e+01
    endloop
  endfacet
  facet normal -1.000000e+00 -9.061337e-07 -5.081656e-10
    outer loop
      vertex -2.381247e+01 -1.582091e+01 2.025466e+01
      vertex -2.381247e+01 -1.825626e+01 2.540004e+01
      vertex -2.381247e+01 -1.566232e+01 2.063754e+01
    endloop
  endfacet
  facet normal -1.000000e+00 -9.061337e-07 -5.081656e-10
    outer loop
      vertex -2.381247e+01 -1.566232e+01 2.063754e+01
      vertex -2.381247e+01 -1.825626e+01 2.540004e+01
      vertex -2.381247e+01 -1.541004e+01 2.096632e+01
    endloop
  endfacet
  facet normal -1.000000e+00 -9.061337e-07 -5.081656e-10
    outer loop
      vertex -2.381247e+01 -1.541004e+01 2.096632e+01
      vertex -2.381247e+01 -1.825626e+01 2.540004e+01
      vertex -2.381247e+01 -1.508126e+01 2.121860e+01
    endloop
  endfacet
  facet normal -1.000000e+00 -9.061337e-07 -5.081656e-10
    outer loop
      vertex -2.381247e+01 -1.508126e+01 2.121860e+01
      vertex -2.381247e+01 -1.825626e+01 2.540004e+01
      vertex -2.381247e+01 -1.469838e+01 2.137720e+01
    endloop
  endfacet
  facet normal -1.000000e+00 -9.061337e-07 -5.081656e-10
    outer loop
      vertex -2.381247e+01 -1.469838e+01 2.137720e+01
      vertex -2.381247e+01 -1.825626e+01 2.540004e+01
      vertex -2.381247e+01 -1.428751e+01 2.143129e+01
    endloop
  endfacet
  facet normal -1.000000e+00 -9.061337e-07 -5.081656e-10
    outer loop
      vertex -2.381247e+01 -1.428751e+01 2.143129e+01
      vertex -2.381247e+01 -1.825626e+01 2.540004e+01
      vertex -2.381247e+01 1.666877e+01 2.540004e+01
    endloop
  endfacet
  facet normal -1.000000e+00 -9.061337e-07 -5.081656e-10
    outer loop
      vertex -2.381247e+01 -1.428751e+01 2.143129e+01
      vertex -2.381247e+01 1.666877e+01 2.540004e+01
      vertex -2.381247e+01 -1.387663e+01 2.137720e+01
    endloop
  endfacet
  facet normal -1.000000e+00 -9.061337e-07 -5.081656e-10
    outer loop
      vertex -2.381247e+01 -1.387663e+01 2.137720e+01
      vertex -2.381247e+01 1.666877e+01 2.540004e+01
      vertex -2.381247e+01 -1.349376e+01 2.121860e+01
    endloop
  endfacet
  facet normal -1.000000e+00 -9.061337e-07 -5.081656e-10
    outer loop
      vertex -2.381247e+01 -1.349376e+01 2.121860e+01
      vertex -2.381247e+01 1.666877e+01 2.540004e+01
      vertex -2.381247e+01 -1.316497e+01 2.096632e+01
    endloop
  endfacet
  facet normal -1.000000e+00 -9.061337e-07 -5.081656e-10
    outer loop
      vertex -2.381247e+01 -1.316497e+01 2.096632e+01
      vertex -2.381247e+01 1.666877e+01 2.540004e+01
      vertex -2.381247e+01 -1.291269e+01 2.063754e+01
    endloop
  endfacet
  facet normal -1.000000e+00 -9.061337e-07 -5.081656e-10
    outer loop
      vertex -2.381247e+01 -1.291269e+01 2.063754e+01
      vertex -2.381247e+01 1.666877e+01 2.540004e+01
      vertex -2.381247e+01 -1.275410e+01 2.025466e+01
    endloop
  endfacet
  facet normal -1.000000e+00 -9.061337e-07 -5.081656e-10
    outer loop
      vertex -2.381247e+01 -1.275410e+01 2.025466e+01
      vertex -2.381247e+01 1.666877e+01 2.540004e+01
      vertex -2.381247e+01 -1.270001e+01 1.984379e+01
    endloop
  endfacet
  facet normal -1.000000e+00 -9.061337e-07 -5.081656e-10
    outer loop
      vertex -2.381247e+01 -1.270001e+01 1.984379e+01
      vertex -2.381247e+01 1.666877e+01 2.540004e+01
      vertex -2.381247e+01 4.771973e+00 1.681026e+01
    endloop
  endfacet
  facet normal -1.000000e+00 -9.061337e-07 -5.081656e-10
    outer loop
      vertex -2.381247e+01 -1.270001e+01 1.984379e+01
      vertex -2.381247e+01 4.771973e+00 1.681026e+01
      vertex -2.381247e+01 3.785628e+00 1.605341e+01
    endloop
  endfacet
  facet normal -1.000000e+00 -9.061337e-07 -5.081656e-10
    outer loop
      vertex -2.381247e+01 -1.270001e+01 1.984379e+01
      vertex -2.381247e+01 3.785628e+00 1.605341e+01
      vertex -2.381247e+01 3.028777e+00 1.506707e+01
    endloop
  endfacet
  facet normal -1.000000e+00 -9.061337e-07 -5.081656e-10
    outer loop
      vertex -2.381247e+01 -1.270001e+01 1.984379e+01
      vertex -2.381247e+01 3.028777e+00 1.506707e+01
      vertex -2.381247e+01 2.553001e+00 1.391844e+01
    endloop
  endfacet
  facet normal -1.000000e+00 -9.061337e-07 -5.081656e-10
    outer loop
      vertex -2.381247e+01 -1.270001e+01 1.984379e+01
      vertex -2.381247e+01 2.553001e+00 1.391844e+01
      vertex -2.381247e+01 2.390723e+00 1.268582e+01
    endloop
  endfacet
  facet normal -1.000000e+00 -9.061337e-07 -5.081656e-10
    outer loop
      vertex -2.381247e+01 4.771973e+00 1.681026e+01
      vertex -2.381247e+01 1.666877e+01 2.540004e+01
      vertex -2.381247e+01 5.920598e+00 1.728604e+01
    endloop
  endfacet
  facet normal -1.000000e+00 -9.061337e-07 -5.081656e-10
    outer loop
      vertex -2.381247e+01 5.920598e+00 1.728604e+01
      vertex -2.381247e+01 1.666877e+01 2.540004e+01
      vertex -2.381247e+01 7.153224e+00 1.744832e+01
    endloop
  endfacet
  facet normal -1.000000e+00 -9.061337e-07 -5.081656e-10
    outer loop
      vertex -2.381247e+01 7.153224e+00 1.744832e+01
      vertex -2.381247e+01 1.666877e+01 2.540004e+01
      vertex -2.381247e+01 8.385850e+00 1.728604e+01
    endloop
  endfacet
  facet normal -1.000000e+00 -9.061337e-07 -5.081656e-10
    outer loop
      vertex -2.381247e+01 8.385850e+00 1.728604e+01
      vertex -2.381247e+01 1.666877e+01 2.540004e+01
      vertex -2.381247e+01 9.534474e+00 1.681026e+01
    endloop
  endfacet
  facet normal -1.000000e+00 -9.061337e-07 -5.081656e-10
    outer loop
      vertex -2.381247e+01 9.534474e+00 1.681026e+01
      vertex -2.381247e+01 1.666877e+01 2.540004e+01
      vertex -2.381247e+01 1.052082e+01 1.605341e+01
    endloop
  endfacet
  facet normal -1.000000e+00 -9.061337e-07 -5.081656e-10
    outer loop
      vertex -2.381247e+01 1.052082e+01 1.605341e+01
      vertex -2.381247e+01 1.666877e+01 2.540004e+01
      vertex -2.381247e+01 1.127767e+01 1.506707e+01
    endloop
  endfacet
  facet normal -1.000000e+00 -9.061337e-07 -5.081656e-10
    outer loop
      vertex -2.381247e+01 1.127767e+01 1.506707e+01
      vertex -2.381247e+01 1.666877e+01 2.540004e+01
      vertex -2.381247e+01 1.175345e+01 1.391844e+01
    endloop
  endfacet
  facet normal -1.000000e+00 -9.061337e-07 -5.081656e-10
    outer loop
      vertex -2.381247e+01 1.175345e+01 1.391844e+01
      vertex -2.381247e+01 1.666877e+01 2.540004e+01
      vertex -2.381247e+01 1.191572e+01 1.268582e+01
    endloop
  endfacet
  facet normal -1.000000e+00 -9.061337e-07 -5.081656e-10
    outer loop
      vertex -2.381247e+01 1.191572e+01 1.268582e+01
      vertex -2.381247e+01 1.666877e+01 2.540004e+01
      vertex -2.381247e+01 1.666877e+01 4.002199e-05
    endloop
  endfacet
  facet normal -1.000000e+00 -9.061337e-07 -5.081656e-10
    outer loop
      vertex -2.381247e+01 1.666877e+01 4.002199e-05
      vertex -2.381247e+01 1.666877e+01 2.540004e+01
      vertex -2.381253e+01 2.301876e+01 4.773324e+00
    endloop
  endfacet
  facet normal -1.000000e+00 -9.061337e-07 -5.081656e-10
    outer loop
      vertex -2.381253e+01 2.301876e+01 4.773324e+00
      vertex -2.381247e+01 1.666877e+01 2.540004e+01
      vertex -2.381253e+01 2.301876e+01 2.064832e+01
    endloop
  endfacet
  facet normal -1.000000e+00 -9.061337e-07 -5.081656e-10
    outer loop
      vertex -2.381247e+01 -2.301876e+01 2.540004e+01
      vertex -2.381247e+01 -1.825626e+01 4.002199e-05
      vertex -2.381247e+01 -2.301876e+01 4.002199e-05
    endloop
  endfacet
  facet normal -1.000000e+00 -9.061337e-07 -5.081656e-10
    outer loop
      vertex -2.381247e+01 -1.825626e+01 4.002199e-05
      vertex -2.381247e+01 -2.301876e+01 2.540004e+01
      vertex -2.381247e+01 -1.825626e+01 2.540004e+01
    endloop
  endfacet
  facet normal -1.000000e+00 -9.061337e-07 -5.081656e-10
    outer loop
      vertex -2.381247e+01 -1.825626e+01 4.002199e-05
      vertex -2.381247e+01 -1.825626e+01 2.540004e+01
      vertex -2.381247e+01 -1.585069e+01 8.454517e+00
    endloop
  endfacet
  facet normal -1.000000e+00 -9.061337e-07 -5.081656e-10
    outer loop
      vertex -2.381247e+01 -1.825626e+01 4.002199e-05
      vertex -2.381247e+01 -1.585069e+01 8.454517e+00
      vertex -2.381247e+01 -1.572579e+01 8.059365e+00
    endloop
  endfacet
  facet normal -1.000000e+00 -9.061337e-07 -5.081656e-10
    outer loop
      vertex -2.381247e+01 -1.825626e+01 4.002199e-05
      vertex -2.381247e+01 -1.572579e+01 8.059365e+00
      vertex -2.381247e+01 -1.550288e+01 7.710004e+00
    endloop
  endfacet
  facet normal -1.000000e+00 -9.061337e-07 -5.081656e-10
    outer loop
      vertex -2.381247e+01 -1.825626e+01 4.002199e-05
      vertex -2.381247e+01 -1.550288e+01 7.710004e+00
      vertex -2.381247e+01 -1.519714e+01 7.430241e+00
    endloop
  endfacet
  facet normal -1.000000e+00 -9.061337e-07 -5.081656e-10
    outer loop
      vertex -2.381247e+01 -1.825626e+01 4.002199e-05
      vertex -2.381247e+01 -1.519714e+01 7.430241e+00
      vertex -2.381247e+01 -1.482941e+01 7.239144e+00
    endloop
  endfacet
  facet normal -1.000000e+00 -9.061337e-07 -5.081656e-10
    outer loop
      vertex -2.381247e+01 -1.825626e+01 4.002199e-05
      vertex -2.381247e+01 -1.482941e+01 7.239144e+00
      vertex -2.381247e+01 1.666877e+01 4.002199e-05
    endloop
  endfacet
  facet normal -1.000000e+00 -9.061337e-07 -5.081656e-10
    outer loop
      vertex -2.381247e+01 -1.585069e+01 8.454517e+00
      vertex -2.381247e+01 -1.825626e+01 2.540004e+01
      vertex -2.381247e+01 -1.586906e+01 8.868530e+00
    endloop
  endfacet
  facet normal -1.000000e+00 -9.061337e-07 -5.081656e-10
    outer loop
      vertex -2.381247e+01 -1.586906e+01 8.868530e+00
      vertex -2.381247e+01 -1.825626e+01 2.540004e+01
      vertex -2.381247e+01 -1.587501e+01 1.984379e+01
    endloop
  endfacet
  facet normal -1.000000e+00 -9.061337e-07 -5.081656e-10
    outer loop
      vertex -2.381247e+01 1.666877e+01 4.002199e-05
      vertex -2.381247e+01 -1.482941e+01 7.239144e+00
      vertex -2.381247e+01 -1.442475e+01 7.149733e+00
    endloop
  endfacet
  facet normal -1.000000e+00 -9.061337e-07 -5.081656e-10
    outer loop
      vertex -2.381247e+01 1.666877e+01 4.002199e-05
      vertex -2.381247e+01 -1.442475e+01 7.149733e+00
      vertex -2.381247e+01 -1.401073e+01 7.168103e+00
    endloop
  endfacet
  facet normal -1.000000e+00 -9.061337e-07 -5.081656e-10
    outer loop
      vertex -2.381247e+01 1.666877e+01 4.002199e-05
      vertex -2.381247e+01 -1.401073e+01 7.168103e+00
      vertex -2.381247e+01 -1.361558e+01 7.293002e+00
    endloop
  endfacet
  facet normal -1.000000e+00 -9.061337e-07 -5.081656e-10
    outer loop
      vertex -2.381247e+01 1.666877e+01 4.002199e-05
      vertex -2.381247e+01 -1.361558e+01 7.293002e+00
      vertex -2.381247e+01 -1.326622e+01 7.515917e+00
    endloop
  endfacet
  facet normal -1.000000e+00 -9.061337e-07 -5.081656e-10
    outer loop
      vertex -2.381247e+01 1.666877e+01 4.002199e-05
      vertex -2.381247e+01 -1.326622e+01 7.515917e+00
      vertex -2.381247e+01 -1.298646e+01 7.821659e+00
    endloop
  endfacet
  facet normal -1.000000e+00 -9.061337e-07 -5.081656e-10
    outer loop
      vertex -2.381247e+01 1.666877e+01 4.002199e-05
      vertex -2.381247e+01 -1.298646e+01 7.821659e+00
      vertex -2.381247e+01 -1.279536e+01 8.189389e+00
    endloop
  endfacet
  facet normal -1.000000e+00 -9.061337e-07 -5.081656e-10
    outer loop
      vertex -2.381247e+01 1.666877e+01 4.002199e-05
      vertex -2.381247e+01 -1.279536e+01 8.189389e+00
      vertex -2.381247e+01 -1.270595e+01 8.594050e+00
    endloop
  endfacet
  facet normal -1.000000e+00 -9.061337e-07 -5.081656e-10
    outer loop
      vertex -2.381247e+01 1.666877e+01 4.002199e-05
      vertex -2.381247e+01 -1.270595e+01 8.594050e+00
      vertex -2.381247e+01 -1.270001e+01 1.984379e+01
    endloop
  endfacet
  facet normal -1.000000e+00 -9.061337e-07 -5.081656e-10
    outer loop
      vertex -2.381247e+01 1.666877e+01 4.002199e-05
      vertex -2.381247e+01 -1.270001e+01 1.984379e+01
      vertex -2.381247e+01 4.771973e+00 8.561370e+00
    endloop
  endfacet
  facet normal -1.000000e+00 -9.061337e-07 -5.081656e-10
    outer loop
      vertex -2.381247e+01 4.771973e+00 8.561370e+00
      vertex -2.381247e+01 -1.270001e+01 1.984379e+01
      vertex -2.381247e+01 3.785628e+00 9.318220e+00
    endloop
  endfacet
  facet normal -1.000000e+00 -9.061337e-07 -5.081656e-10
    outer loop
      vertex -2.381247e+01 3.785628e+00 9.318220e+00
      vertex -2.381247e+01 -1.270001e+01 1.984379e+01
      vertex -2.381247e+01 3.028777e+00 1.030457e+01
    endloop
  endfacet
  facet normal -1.000000e+00 -9.061337e-07 -5.081656e-10
    outer loop
      vertex -2.381247e+01 3.028777e+00 1.030457e+01
      vertex -2.381247e+01 -1.270001e+01 1.984379e+01
      vertex -2.381247e+01 2.553001e+00 1.145319e+01
    endloop
  endfacet
  facet normal -1.000000e+00 -9.061337e-07 -5.081656e-10
    outer loop
      vertex -2.381247e+01 2.553001e+00 1.145319e+01
      vertex -2.381247e+01 -1.270001e+01 1.984379e+01
      vertex -2.381247e+01 2.390723e+00 1.268582e+01
    endloop
  endfacet
  facet normal -1.000000e+00 -9.061337e-07 -5.081656e-10
    outer loop
      vertex -2.381247e+01 1.666877e+01 4.002199e-05
      vertex -2.381247e+01 4.771973e+00 8.561370e+00
      vertex -2.381247e+01 5.920598e+00 8.085595e+00
    endloop
  endfacet
  facet normal -1.000000e+00 -9.061337e-07 -5.081656e-10
    outer loop
      vertex -2.381247e+01 1.666877e+01 4.002199e-05
      vertex -2.381247e+01 5.920598e+00 8.085595e+00
      vertex -2.381247e+01 7.153224e+00 7.923316e+00
    endloop
  endfacet
  facet normal -1.000000e+00 -9.061337e-07 -5.081656e-10
    outer loop
      vertex -2.381247e+01 1.666877e+01 4.002199e-05
      vertex -2.381247e+01 7.153224e+00 7.923316e+00
      vertex -2.381247e+01 8.385850e+00 8.085595e+00
    endloop
  endfacet
  facet normal -1.000000e+00 -9.061337e-07 -5.081656e-10
    outer loop
      vertex -2.381247e+01 1.666877e+01 4.002199e-05
      vertex -2.381247e+01 8.385850e+00 8.085595e+00
      vertex -2.381247e+01 9.534474e+00 8.561370e+00
    endloop
  endfacet
  facet normal -1.000000e+00 -9.061337e-07 -5.081656e-10
    outer loop
      vertex -2.381247e+01 1.666877e+01 4.002199e-05
      vertex -2.381247e+01 9.534474e+00 8.561370e+00
      vertex -2.381247e+01 1.052082e+01 9.318220e+00
    endloop
  endfacet
  facet normal -1.000000e+00 -9.061337e-07 -5.081656e-10
    outer loop
      vertex -2.381247e+01 1.666877e+01 4.002199e-05
      vertex -2.381247e+01 1.052082e+01 9.318220e+00
      vertex -2.381247e+01 1.127767e+01 1.030457e+01
    endloop
  endfacet
  facet normal -1.000000e+00 -9.061337e-07 -5.081656e-10
    outer loop
      vertex -2.381247e+01 1.666877e+01 4.002199e-05
      vertex -2.381247e+01 1.127767e+01 1.030457e+01
      vertex -2.381247e+01 1.175345e+01 1.145319e+01
    endloop
  endfacet
  facet normal -1.000000e+00 -9.061337e-07 -5.081656e-10
    outer loop
      vertex -2.381247e+01 1.666877e+01 4.002199e-05
      vertex -2.381247e+01 1.175345e+01 1.145319e+01
      vertex -2.381247e+01 1.191572e+01 1.268582e+01
    endloop
  endfacet
  facet normal 1.000000e+00 -5.741926e-06 -5.170522e-22
    outer loop
      vertex -2.177797e+01 -1.083676e-01 1.074199e+01
      vertex -2.177797e+01 -1.083676e-01 1.463345e+01
      vertex -2.177797e+01 -3.645278e-01 1.268772e+01
    endloop
  endfacet
  facet normal 1.000000e+00 -5.741926e-06 -5.170522e-22
    outer loop
      vertex -2.177797e+01 -1.083676e-01 1.463345e+01
      vertex -2.177797e+01 -1.083676e-01 1.074199e+01
      vertex -2.177797e+01 6.426570e-01 8.928855e+00
    endloop
  endfacet
  facet normal 1.000000e+00 -5.741926e-06 -5.170522e-22
    outer loop
      vertex -2.177797e+01 -1.083676e-01 1.463345e+01
      vertex -2.177797e+01 6.426570e-01 8.928855e+00
      vertex -2.177797e+01 6.426570e-01 1.644658e+01
    endloop
  endfacet
  facet normal 1.000000e+00 -5.741926e-06 -5.170522e-22
    outer loop
      vertex -2.177797e+01 6.426570e-01 1.644658e+01
      vertex -2.177797e+01 6.426570e-01 8.928855e+00
      vertex -2.177797e+01 1.837364e+00 7.371884e+00
    endloop
  endfacet
  facet normal 1.000000e+00 -5.741926e-06 -5.170522e-22
    outer loop
      vertex -2.177797e+01 6.426570e-01 1.644658e+01
      vertex -2.177797e+01 1.837364e+00 7.371884e+00
      vertex -2.177797e+01 1.837364e+00 1.800355e+01
    endloop
  endfacet
  facet normal 1.000000e+00 -5.741926e-06 -5.170522e-22
    outer loop
      vertex -2.177797e+01 1.837364e+00 1.800355e+01
      vertex -2.177797e+01 1.837364e+00 7.371884e+00
      vertex -2.177796e+01 2.390723e+00 1.268582e+01
    endloop
  endfacet
  facet normal 1.000000e+00 -5.741926e-06 -5.170522e-22
    outer loop
      vertex -2.177796e+01 2.390723e+00 1.268582e+01
      vertex -2.177797e+01 1.837364e+00 7.371884e+00
      vertex -2.177796e+01 2.553001e+00 1.145319e+01
    endloop
  endfacet
  facet normal 1.000000e+00 -5.741926e-06 -5.170522e-22
    outer loop
      vertex -2.177796e+01 2.553001e+00 1.145319e+01
      vertex -2.177797e+01 1.837364e+00 7.371884e+00
      vertex -2.177797e+01 3.394336e+00 6.177177e+00
    endloop
  endfacet
  facet normal 1.000000e+00 -5.741926e-06 -5.170522e-22
    outer loop
      vertex -2.177796e+01 2.553001e+00 1.145319e+01
      vertex -2.177797e+01 3.394336e+00 6.177177e+00
      vertex -2.177796e+01 3.028777e+00 1.030457e+01
    endloop
  endfacet
  facet normal 1.000000e+00 -5.741926e-06 -5.170522e-22
    outer loop
      vertex -2.177796e+01 3.028777e+00 1.030457e+01
      vertex -2.177797e+01 3.394336e+00 6.177177e+00
      vertex -2.177796e+01 3.785628e+00 9.318220e+00
    endloop
  endfacet
  facet normal 1.000000e+00 -5.741926e-06 -5.170522e-22
    outer loop
      vertex -2.177796e+01 3.785628e+00 9.318220e+00
      vertex -2.177797e+01 3.394336e+00 6.177177e+00
      vertex -2.177797e+01 5.207469e+00 5.426152e+00
    endloop
  endfacet
  facet normal 1.000000e+00 -5.741926e-06 -5.170522e-22
    outer loop
      vertex -2.177796e+01 3.785628e+00 9.318220e+00
      vertex -2.177797e+01 5.207469e+00 5.426152e+00
      vertex -2.177796e+01 4.771973e+00 8.561370e+00
    endloop
  endfacet
  facet normal 1.000000e+00 -5.741926e-06 -5.170522e-22
    outer loop
      vertex -2.177796e+01 4.771973e+00 8.561370e+00
      vertex -2.177797e+01 5.207469e+00 5.426152e+00
      vertex -2.177796e+01 5.920598e+00 8.085595e+00
    endloop
  endfacet
  facet normal 1.000000e+00 -5.741926e-06 -5.170522e-22
    outer loop
      vertex -2.177796e+01 5.920598e+00 8.085595e+00
      vertex -2.177797e+01 5.207469e+00 5.426152e+00
      vertex -2.177797e+01 7.153200e+00 5.169992e+00
    endloop
  endfacet
  facet normal 1.000000e+00 -5.741926e-06 -5.170522e-22
    outer loop
      vertex -2.177796e+01 5.920598e+00 8.085595e+00
      vertex -2.177797e+01 7.153200e+00 5.169992e+00
      vertex -2.177796e+01 7.153224e+00 7.923316e+00
    endloop
  endfacet
  facet normal 1.000000e+00 -5.741926e-06 -5.170522e-22
    outer loop
      vertex -2.177796e+01 7.153224e+00 7.923316e+00
      vertex -2.177797e+01 7.153200e+00 5.169992e+00
      vertex -2.177795e+01 9.098930e+00 5.426152e+00
    endloop
  endfacet
  facet normal 1.000000e+00 -5.741926e-06 -5.170522e-22
    outer loop
      vertex -2.177796e+01 7.153224e+00 7.923316e+00
      vertex -2.177795e+01 9.098930e+00 5.426152e+00
      vertex -2.177796e+01 8.385850e+00 8.085595e+00
    endloop
  endfacet
  facet normal 1.000000e+00 -5.741926e-06 -5.170522e-22
    outer loop
      vertex -2.177796e+01 8.385850e+00 8.085595e+00
      vertex -2.177795e+01 9.098930e+00 5.426152e+00
      vertex -2.177796e+01 9.534474e+00 8.561370e+00
    endloop
  endfacet
  facet normal 1.000000e+00 -5.741926e-06 -5.170522e-22
    outer loop
      vertex -2.177796e+01 9.534474e+00 8.561370e+00
      vertex -2.177795e+01 9.098930e+00 5.426152e+00
      vertex -2.177793e+01 1.091206e+01 6.177177e+00
    endloop
  endfacet
  facet normal 1.000000e+00 -5.741926e-06 -5.170522e-22
    outer loop
      vertex -2.177796e+01 9.534474e+00 8.561370e+00
      vertex -2.177793e+01 1.091206e+01 6.177177e+00
      vertex -2.177796e+01 1.052082e+01 9.318220e+00
    endloop
  endfacet
  facet normal 1.000000e+00 -5.741926e-06 -5.170522e-22
    outer loop
      vertex -2.177796e+01 1.052082e+01 9.318220e+00
      vertex -2.177793e+01 1.091206e+01 6.177177e+00
      vertex -2.177796e+01 1.127767e+01 1.030457e+01
    endloop
  endfacet
  facet normal 1.000000e+00 -5.741926e-06 -5.170522e-22
    outer loop
      vertex -2.177796e+01 1.127767e+01 1.030457e+01
      vertex -2.177793e+01 1.091206e+01 6.177177e+00
      vertex -2.177791e+01 1.246903e+01 7.371884e+00
    endloop
  endfacet
  facet normal 1.000000e+00 -5.741926e-06 -5.170522e-22
    outer loop
      vertex -2.177796e+01 1.127767e+01 1.030457e+01
      vertex -2.177791e+01 1.246903e+01 7.371884e+00
      vertex -2.177796e+01 1.175345e+01 1.145319e+01
    endloop
  endfacet
  facet normal 1.000000e+00 -5.741926e-06 -5.170522e-22
    outer loop
      vertex -2.177796e+01 1.175345e+01 1.145319e+01
      vertex -2.177791e+01 1.246903e+01 7.371884e+00
      vertex -2.177796e+01 1.191572e+01 1.268582e+01
    endloop
  endfacet
  facet normal 1.000000e+00 -5.741926e-06 -5.170522e-22
    outer loop
      vertex -2.177797e+01 1.837364e+00 1.800355e+01
      vertex -2.177796e+01 2.553001e+00 1.391844e+01
      vertex -2.177797e+01 3.394336e+00 1.919826e+01
    endloop
  endfacet
  facet normal 1.000000e+00 -5.741926e-06 -5.170522e-22
    outer loop
      vertex -2.177796e+01 2.553001e+00 1.391844e+01
      vertex -2.177797e+01 1.837364e+00 1.800355e+01
      vertex -2.177796e+01 2.390723e+00 1.268582e+01
    endloop
  endfacet
  facet normal 1.000000e+00 -5.741926e-06 -5.170522e-22
    outer loop
      vertex -2.177797e+01 3.394336e+00 1.919826e+01
      vertex -2.177796e+01 2.553001e+00 1.391844e+01
      vertex -2.177796e+01 3.028777e+00 1.506707e+01
    endloop
  endfacet
  facet normal 1.000000e+00 -5.741926e-06 -5.170522e-22
    outer loop
      vertex -2.177797e+01 3.394336e+00 1.919826e+01
      vertex -2.177796e+01 3.028777e+00 1.506707e+01
      vertex -2.177796e+01 3.785628e+00 1.605341e+01
    endloop
  endfacet
  facet normal 1.000000e+00 -5.741926e-06 -5.170522e-22
    outer loop
      vertex -2.177797e+01 3.394336e+00 1.919826e+01
      vertex -2.177796e+01 3.785628e+00 1.605341e+01
      vertex -2.177797e+01 5.207469e+00 1.994929e+01
    endloop
  endfacet
  facet normal 1.000000e+00 -5.741926e-06 -5.170522e-22
    outer loop
      vertex -2.177797e+01 5.207469e+00 1.994929e+01
      vertex -2.177796e+01 3.785628e+00 1.605341e+01
      vertex -2.177796e+01 4.771973e+00 1.681026e+01
    endloop
  endfacet
  facet normal 1.000000e+00 -5.741926e-06 -5.170522e-22
    outer loop
      vertex -2.177797e+01 5.207469e+00 1.994929e+01
      vertex -2.177796e+01 4.771973e+00 1.681026e+01
      vertex -2.177796e+01 5.920598e+00 1.728604e+01
    endloop
  endfacet
  facet normal 1.000000e+00 -5.741926e-06 -5.170522e-22
    outer loop
      vertex -2.177797e+01 5.207469e+00 1.994929e+01
      vertex -2.177796e+01 5.920598e+00 1.728604e+01
      vertex -2.177797e+01 7.153200e+00 2.020545e+01
    endloop
  endfacet
  facet normal 1.000000e+00 -5.741926e-06 -5.170522e-22
    outer loop
      vertex -2.177797e+01 7.153200e+00 2.020545e+01
      vertex -2.177796e+01 5.920598e+00 1.728604e+01
      vertex -2.177796e+01 7.153224e+00 1.744832e+01
    endloop
  endfacet
  facet normal 1.000000e+00 -5.741926e-06 -5.170522e-22
    outer loop
      vertex -2.177797e+01 7.153200e+00 2.020545e+01
      vertex -2.177796e+01 7.153224e+00 1.744832e+01
      vertex -2.177795e+01 9.098930e+00 1.994929e+01
    endloop
  endfacet
  facet normal 1.000000e+00 -5.741926e-06 -5.170522e-22
    outer loop
      vertex -2.177795e+01 9.098930e+00 1.994929e+01
      vertex -2.177796e+01 7.153224e+00 1.744832e+01
      vertex -2.177796e+01 8.385850e+00 1.728604e+01
    endloop
  endfacet
  facet normal 1.000000e+00 -5.741926e-06 -5.170522e-22
    outer loop
      vertex -2.177795e+01 9.098930e+00 1.994929e+01
      vertex -2.177796e+01 8.385850e+00 1.728604e+01
      vertex -2.177796e+01 9.534474e+00 1.681026e+01
    endloop
  endfacet
  facet normal 1.000000e+00 -5.741926e-06 -5.170522e-22
    outer loop
      vertex -2.177795e+01 9.098930e+00 1.994929e+01
      vertex -2.177796e+01 9.534474e+00 1.681026e+01
      vertex -2.177793e+01 1.091206e+01 1.919826e+01
    endloop
  endfacet
  facet normal 1.000000e+00 -5.741926e-06 -5.170522e-22
    outer loop
      vertex -2.177793e+01 1.091206e+01 1.919826e+01
      vertex -2.177796e+01 9.534474e+00 1.681026e+01
      vertex -2.177796e+01 1.052082e+01 1.605341e+01
    endloop
  endfacet
  facet normal 1.000000e+00 -5.741926e-06 -5.170522e-22
    outer loop
      vertex -2.177793e+01 1.091206e+01 1.919826e+01
      vertex -2.177796e+01 1.052082e+01 1.605341e+01
      vertex -2.177796e+01 1.127767e+01 1.506707e+01
    endloop
  endfacet
  facet normal 1.000000e+00 -5.741926e-06 -5.170522e-22
    outer loop
      vertex -2.177793e+01 1.091206e+01 1.919826e+01
      vertex -2.177796e+01 1.127767e+01 1.506707e+01
      vertex -2.177791e+01 1.246903e+01 1.800355e+01
    endloop
  endfacet
  facet normal 1.000000e+00 -5.741926e-06 -5.170522e-22
    outer loop
      vertex -2.177791e+01 1.246903e+01 1.800355e+01
      vertex -2.177796e+01 1.127767e+01 1.506707e+01
      vertex -2.177796e+01 1.175345e+01 1.391844e+01
    endloop
  endfacet
  facet normal 1.000000e+00 -5.741926e-06 -5.170522e-22
    outer loop
      vertex -2.177791e+01 1.246903e+01 1.800355e+01
      vertex -2.177796e+01 1.175345e+01 1.391844e+01
      vertex -2.177796e+01 1.191572e+01 1.268582e+01
    endloop
  endfacet
  facet normal 1.000000e+00 -5.741926e-06 -5.170522e-22
    outer loop
      vertex -2.177791e+01 1.246903e+01 1.800355e+01
      vertex -2.177796e+01 1.191572e+01 1.268582e+01
      vertex -2.177791e+01 1.246903e+01 7.371884e+00
    endloop
  endfacet
  facet normal 1.000000e+00 -5.741926e-06 -5.170522e-22
    outer loop
      vertex -2.177791e+01 1.246903e+01 1.800355e+01
      vertex -2.177791e+01 1.246903e+01 7.371884e+00
      vertex -2.177790e+01 1.366374e+01 8.928855e+00
    endloop
  endfacet
  facet normal 1.000000e+00 -5.741926e-06 -5.170522e-22
    outer loop
      vertex -2.177791e+01 1.246903e+01 1.800355e+01
      vertex -2.177790e+01 1.366374e+01 8.928855e+00
      vertex -2.177790e+01 1.366374e+01 1.644658e+01
    endloop
  endfacet
  facet normal 1.000000e+00 -5.741926e-06 -5.170522e-22
    outer loop
      vertex -2.177790e+01 1.366374e+01 1.644658e+01
      vertex -2.177790e+01 1.366374e+01 8.928855e+00
      vertex -2.177789e+01 1.441477e+01 1.074199e+01
    endloop
  endfacet
  facet normal 1.000000e+00 -5.741926e-06 -5.170522e-22
    outer loop
      vertex -2.177790e+01 1.366374e+01 1.644658e+01
      vertex -2.177789e+01 1.441477e+01 1.074199e+01
      vertex -2.177789e+01 1.441477e+01 1.463345e+01
    endloop
  endfacet
  facet normal 1.000000e+00 -5.741926e-06 -5.170522e-22
    outer loop
      vertex -2.177789e+01 1.441477e+01 1.463345e+01
      vertex -2.177789e+01 1.441477e+01 1.074199e+01
      vertex -2.177788e+01 1.467092e+01 1.268772e+01
    endloop
  endfacet
  facet normal 3.687261e-01 5.658669e-01 -7.374521e-01
    outer loop
      vertex 2.381253e+01 4.775020e+00 1.682449e+01
      vertex 2.063753e+01 3.788675e+00 1.448014e+01
      vertex 2.063753e+01 4.775020e+00 1.523699e+01
    endloop
  endfacet
  facet normal 3.687261e-01 5.658669e-01 -7.374521e-01
    outer loop
      vertex 2.063753e+01 3.788675e+00 1.448014e+01
      vertex 2.381253e+01 4.775020e+00 1.682449e+01
      vertex 2.381253e+01 3.788675e+00 1.606764e+01
    endloop
  endfacet
  facet normal 2.911904e-01 7.589735e-01 -5.823808e-01
    outer loop
      vertex 2.063753e+01 3.788675e+00 1.448014e+01
      vertex 2.381253e+01 3.031825e+00 1.508129e+01
      vertex 2.063753e+01 3.031825e+00 1.349379e+01
    endloop
  endfacet
  facet normal 2.911904e-01 7.589735e-01 -5.823808e-01
    outer loop
      vertex 2.381253e+01 3.031825e+00 1.508129e+01
      vertex 2.063753e+01 3.788675e+00 1.448014e+01
      vertex 2.381253e+01 3.788675e+00 1.606764e+01
    endloop
  endfacet
  facet normal 1.879324e-01 9.074178e-01 -3.758648e-01
    outer loop
      vertex 2.063753e+01 3.031825e+00 1.349379e+01
      vertex 2.381253e+01 2.556049e+00 1.393267e+01
      vertex 2.063753e+01 2.556049e+00 1.234517e+01
    endloop
  endfacet
  facet normal 1.879324e-01 9.074178e-01 -3.758648e-01
    outer loop
      vertex 2.381253e+01 2.556049e+00 1.393267e+01
      vertex 2.063753e+01 3.031825e+00 1.349379e+01
      vertex 2.381253e+01 3.031825e+00 1.508129e+01
    endloop
  endfacet
  facet normal 6.512455e-02 9.893401e-01 -1.302491e-01
    outer loop
      vertex 2.063753e+01 2.556049e+00 1.234517e+01
      vertex 2.381253e+01 2.393770e+00 1.270004e+01
      vertex 2.063753e+01 2.393770e+00 1.111254e+01
    endloop
  endfacet
  facet normal 6.512455e-02 9.893401e-01 -1.302491e-01
    outer loop
      vertex 2.381253e+01 2.393770e+00 1.270004e+01
      vertex 2.063753e+01 2.556049e+00 1.234517e+01
      vertex 2.381253e+01 2.556049e+00 1.393267e+01
    endloop
  endfacet
  facet normal -6.512455e-02 9.893401e-01 1.302491e-01
    outer loop
      vertex 2.063753e+01 2.393770e+00 1.111254e+01
      vertex 2.381253e+01 2.556049e+00 1.146741e+01
      vertex 2.063753e+01 2.556049e+00 9.879914e+00
    endloop
  endfacet
  facet normal -6.512455e-02 9.893401e-01 1.302491e-01
    outer loop
      vertex 2.381253e+01 2.556049e+00 1.146741e+01
      vertex 2.063753e+01 2.393770e+00 1.111254e+01
      vertex 2.381253e+01 2.393770e+00 1.270004e+01
    endloop
  endfacet
  facet normal -1.879324e-01 9.074178e-01 3.758648e-01
    outer loop
      vertex 2.063753e+01 2.556049e+00 9.879914e+00
      vertex 2.381253e+01 3.031825e+00 1.031879e+01
      vertex 2.063753e+01 3.031825e+00 8.731290e+00
    endloop
  endfacet
  facet normal -1.879324e-01 9.074178e-01 3.758648e-01
    outer loop
      vertex 2.381253e+01 3.031825e+00 1.031879e+01
      vertex 2.063753e+01 2.556049e+00 9.879914e+00
      vertex 2.381253e+01 2.556049e+00 1.146741e+01
    endloop
  endfacet
  facet normal -2.911904e-01 7.589735e-01 5.823808e-01
    outer loop
      vertex 2.063753e+01 3.031825e+00 8.731290e+00
      vertex 2.381253e+01 3.788675e+00 9.332444e+00
      vertex 2.063753e+01 3.788675e+00 7.744944e+00
    endloop
  endfacet
  facet normal -2.911904e-01 7.589735e-01 5.823808e-01
    outer loop
      vertex 2.381253e+01 3.788675e+00 9.332444e+00
      vertex 2.063753e+01 3.031825e+00 8.731290e+00
      vertex 2.381253e+01 3.031825e+00 1.031879e+01
    endloop
  endfacet
  facet normal -3.687261e-01 5.658669e-01 7.374521e-01
    outer loop
      vertex 2.381253e+01 3.788675e+00 9.332444e+00
      vertex 2.063753e+01 4.775020e+00 6.988094e+00
      vertex 2.063753e+01 3.788675e+00 7.744944e+00
    endloop
  endfacet
  facet normal -3.687261e-01 5.658669e-01 7.374521e-01
    outer loop
      vertex 2.063753e+01 4.775020e+00 6.988094e+00
      vertex 2.381253e+01 3.788675e+00 9.332444e+00
      vertex 2.381253e+01 4.775020e+00 8.575594e+00
    endloop
  endfacet
  facet normal -4.193585e-01 3.474079e-01 8.387170e-01
    outer loop
      vertex 2.381253e+01 4.775020e+00 8.575594e+00
      vertex 2.063753e+01 5.923645e+00 6.512318e+00
      vertex 2.063753e+01 4.775020e+00 6.988094e+00
    endloop
  endfacet
  facet normal -4.193585e-01 3.474079e-01 8.387170e-01
    outer loop
      vertex 2.063753e+01 5.923645e+00 6.512318e+00
      vertex 2.381253e+01 4.775020e+00 8.575594e+00
      vertex 2.381253e+01 5.923645e+00 8.099818e+00
    endloop
  endfacet
  facet normal -4.441450e-01 1.169456e-01 8.882899e-01
    outer loop
      vertex 2.381253e+01 5.923645e+00 8.099818e+00
      vertex 2.063753e+01 7.156270e+00 6.350040e+00
      vertex 2.063753e+01 5.923645e+00 6.512318e+00
    endloop
  endfacet
  facet normal -4.441450e-01 1.169456e-01 8.882899e-01
    outer loop
      vertex 2.063753e+01 7.156270e+00 6.350040e+00
      vertex 2.381253e+01 5.923645e+00 8.099818e+00
      vertex 2.381253e+01 7.156270e+00 7.937540e+00
    endloop
  endfacet
  facet normal -4.441450e-01 -1.169456e-01 8.882899e-01
    outer loop
      vertex 2.381253e+01 7.156270e+00 7.937540e+00
      vertex 2.063753e+01 8.388896e+00 6.512318e+00
      vertex 2.063753e+01 7.156270e+00 6.350040e+00
    endloop
  endfacet
  facet normal -4.441450e-01 -1.169456e-01 8.882899e-01
    outer loop
      vertex 2.063753e+01 8.388896e+00 6.512318e+00
      vertex 2.381253e+01 7.156270e+00 7.937540e+00
      vertex 2.381253e+01 8.388896e+00 8.099818e+00
    endloop
  endfacet
  facet normal -4.193585e-01 -3.474079e-01 8.387170e-01
    outer loop
      vertex 2.381253e+01 8.388896e+00 8.099818e+00
      vertex 2.063753e+01 9.537520e+00 6.988094e+00
      vertex 2.063753e+01 8.388896e+00 6.512318e+00
    endloop
  endfacet
  facet normal -4.193585e-01 -3.474079e-01 8.387170e-01
    outer loop
      vertex 2.063753e+01 9.537520e+00 6.988094e+00
      vertex 2.381253e+01 8.388896e+00 8.099818e+00
      vertex 2.381253e+01 9.537520e+00 8.575594e+00
    endloop
  endfacet
  facet normal -3.687261e-01 -5.658669e-01 7.374521e-01
    outer loop
      vertex 2.381253e+01 9.537520e+00 8.575594e+00
      vertex 2.063753e+01 1.052387e+01 7.744944e+00
      vertex 2.063753e+01 9.537520e+00 6.988094e+00
    endloop
  endfacet
  facet normal -3.687261e-01 -5.658669e-01 7.374521e-01
    outer loop
      vertex 2.063753e+01 1.052387e+01 7.744944e+00
      vertex 2.381253e+01 9.537520e+00 8.575594e+00
      vertex 2.381253e+01 1.052387e+01 9.332444e+00
    endloop
  endfacet
  facet normal -2.911904e-01 -7.589735e-01 5.823808e-01
    outer loop
      vertex 2.381253e+01 1.052387e+01 9.332444e+00
      vertex 2.063753e+01 1.128072e+01 8.731290e+00
      vertex 2.063753e+01 1.052387e+01 7.744944e+00
    endloop
  endfacet
  facet normal -2.911904e-01 -7.589735e-01 5.823808e-01
    outer loop
      vertex 2.063753e+01 1.128072e+01 8.731290e+00
      vertex 2.381253e+01 1.052387e+01 9.332444e+00
      vertex 2.381253e+01 1.128072e+01 1.031879e+01
    endloop
  endfacet
  facet normal -1.879324e-01 -9.074178e-01 3.758648e-01
    outer loop
      vertex 2.381253e+01 1.128072e+01 1.031879e+01
      vertex 2.063753e+01 1.175649e+01 9.879914e+00
      vertex 2.063753e+01 1.128072e+01 8.731290e+00
    endloop
  endfacet
  facet normal -1.879324e-01 -9.074178e-01 3.758648e-01
    outer loop
      vertex 2.063753e+01 1.175649e+01 9.879914e+00
      vertex 2.381253e+01 1.128072e+01 1.031879e+01
      vertex 2.381253e+01 1.175649e+01 1.146741e+01
    endloop
  endfacet
  facet normal -6.512455e-02 -9.893401e-01 1.302491e-01
    outer loop
      vertex 2.381253e+01 1.175649e+01 1.146741e+01
      vertex 2.063753e+01 1.191877e+01 1.111254e+01
      vertex 2.063753e+01 1.175649e+01 9.879914e+00
    endloop
  endfacet
  facet normal -6.512455e-02 -9.893401e-01 1.302491e-01
    outer loop
      vertex 2.063753e+01 1.191877e+01 1.111254e+01
      vertex 2.381253e+01 1.175649e+01 1.146741e+01
      vertex 2.381253e+01 1.191877e+01 1.270004e+01
    endloop
  endfacet
  facet normal 6.512455e-02 -9.893401e-01 -1.302491e-01
    outer loop
      vertex 2.381253e+01 1.191877e+01 1.270004e+01
      vertex 2.063753e+01 1.175649e+01 1.234517e+01
      vertex 2.063753e+01 1.191877e+01 1.111254e+01
    endloop
  endfacet
  facet normal 6.512455e-02 -9.893401e-01 -1.302491e-01
    outer loop
      vertex 2.063753e+01 1.175649e+01 1.234517e+01
      vertex 2.381253e+01 1.191877e+01 1.270004e+01
      vertex 2.381253e+01 1.175649e+01 1.393267e+01
    endloop
  endfacet
  facet normal 1.879324e-01 -9.074178e-01 -3.758648e-01
    outer loop
      vertex 2.381253e+01 1.175649e+01 1.393267e+01
      vertex 2.063753e+01 1.128072e+01 1.349379e+01
      vertex 2.063753e+01 1.175649e+01 1.234517e+01
    endloop
  endfacet
  facet normal 1.879324e-01 -9.074178e-01 -3.758648e-01
    outer loop
      vertex 2.063753e+01 1.128072e+01 1.349379e+01
      vertex 2.381253e+01 1.175649e+01 1.393267e+01
      vertex 2.381253e+01 1.128072e+01 1.508129e+01
    endloop
  endfacet
  facet normal 2.911904e-01 -7.589735e-01 -5.823808e-01
    outer loop
      vertex 2.381253e+01 1.128072e+01 1.508129e+01
      vertex 2.063753e+01 1.052387e+01 1.448014e+01
      vertex 2.063753e+01 1.128072e+01 1.349379e+01
    endloop
  endfacet
  facet normal 2.911904e-01 -7.589735e-01 -5.823808e-01
    outer loop
      vertex 2.063753e+01 1.052387e+01 1.448014e+01
      vertex 2.381253e+01 1.128072e+01 1.508129e+01
      vertex 2.381253e+01 1.052387e+01 1.606764e+01
    endloop
  endfacet
  facet normal 3.687261e-01 -5.658669e-01 -7.374521e-01
    outer loop
      vertex 2.381253e+01 1.052387e+01 1.606764e+01
      vertex 2.063753e+01 9.537520e+00 1.523699e+01
      vertex 2.063753e+01 1.052387e+01 1.448014e+01
    endloop
  endfacet
  facet normal 3.687261e-01 -5.658669e-01 -7.374521e-01
    outer loop
      vertex 2.063753e+01 9.537520e+00 1.523699e+01
      vertex 2.381253e+01 1.052387e+01 1.606764e+01
      vertex 2.381253e+01 9.537520e+00 1.682449e+01
    endloop
  endfacet
  facet normal 4.193585e-01 -3.474079e-01 -8.387170e-01
    outer loop
      vertex 2.381253e+01 9.537520e+00 1.682449e+01
      vertex 2.063753e+01 8.388896e+00 1.571276e+01
      vertex 2.063753e+01 9.537520e+00 1.523699e+01
    endloop
  endfacet
  facet normal 4.193585e-01 -3.474079e-01 -8.387170e-01
    outer loop
      vertex 2.063753e+01 8.388896e+00 1.571276e+01
      vertex 2.381253e+01 9.537520e+00 1.682449e+01
      vertex 2.381253e+01 8.388896e+00 1.730026e+01
    endloop
  endfacet
  facet normal 4.441450e-01 -1.169456e-01 -8.882899e-01
    outer loop
      vertex 2.381253e+01 8.388896e+00 1.730026e+01
      vertex 2.063753e+01 7.156270e+00 1.587504e+01
      vertex 2.063753e+01 8.388896e+00 1.571276e+01
    endloop
  endfacet
  facet normal 4.441450e-01 -1.169456e-01 -8.882899e-01
    outer loop
      vertex 2.063753e+01 7.156270e+00 1.587504e+01
      vertex 2.381253e+01 8.388896e+00 1.730026e+01
      vertex 2.381253e+01 7.156270e+00 1.746254e+01
    endloop
  endfacet
  facet normal 4.441450e-01 1.169456e-01 -8.882899e-01
    outer loop
      vertex 2.381253e+01 7.156270e+00 1.746254e+01
      vertex 2.063753e+01 5.923645e+00 1.571276e+01
      vertex 2.063753e+01 7.156270e+00 1.587504e+01
    endloop
  endfacet
  facet normal 4.441450e-01 1.169456e-01 -8.882899e-01
    outer loop
      vertex 2.063753e+01 5.923645e+00 1.571276e+01
      vertex 2.381253e+01 7.156270e+00 1.746254e+01
      vertex 2.381253e+01 5.923645e+00 1.730026e+01
    endloop
  endfacet
  facet normal 4.193585e-01 3.474079e-01 -8.387170e-01
    outer loop
      vertex 2.381253e+01 5.923645e+00 1.730026e+01
      vertex 2.063753e+01 4.775020e+00 1.523699e+01
      vertex 2.063753e+01 5.923645e+00 1.571276e+01
    endloop
  endfacet
  facet normal 4.193585e-01 3.474079e-01 -8.387170e-01
    outer loop
      vertex 2.063753e+01 4.775020e+00 1.523699e+01
      vertex 2.381253e+01 5.923645e+00 1.730026e+01
      vertex 2.381253e+01 4.775020e+00 1.682449e+01
    endloop
  endfacet
  facet normal 1.000000e+00 0.000000e+00 0.000000e+00
    outer loop
      vertex 2.381253e+01 -1.825626e+01 4.002199e-05
      vertex 2.381253e+01 -1.585579e+01 8.502481e+00
      vertex 2.381253e+01 -1.825626e+01 2.540004e+01
    endloop
  endfacet
  facet normal 1.000000e+00 0.000000e+00 0.000000e+00
    outer loop
      vertex 2.381253e+01 -1.585579e+01 8.502481e+00
      vertex 2.381253e+01 -1.825626e+01 4.002199e-05
      vertex 2.381253e+01 -1.573863e+01 8.104969e+00
    endloop
  endfacet
  facet normal 1.000000e+00 0.000000e+00 0.000000e+00
    outer loop
      vertex 2.381253e+01 -1.573863e+01 8.104969e+00
      vertex 2.381253e+01 -1.825626e+01 4.002199e-05
      vertex 2.381253e+01 -1.552257e+01 7.751326e+00
    endloop
  endfacet
  facet normal 1.000000e+00 0.000000e+00 0.000000e+00
    outer loop
      vertex 2.381253e+01 -1.552257e+01 7.751326e+00
      vertex 2.381253e+01 -1.825626e+01 4.002199e-05
      vertex 2.381253e+01 -1.522234e+01 7.465654e+00
    endloop
  endfacet
  facet normal 1.000000e+00 0.000000e+00 0.000000e+00
    outer loop
      vertex 2.381253e+01 -1.522234e+01 7.465654e+00
      vertex 2.381253e+01 -1.825626e+01 4.002199e-05
      vertex 2.381253e+01 -1.485841e+01 7.267421e+00
    endloop
  endfacet
  facet normal 1.000000e+00 0.000000e+00 0.000000e+00
    outer loop
      vertex 2.381253e+01 -1.485841e+01 7.267421e+00
      vertex 2.381253e+01 -1.825626e+01 4.002199e-05
      vertex 2.381253e+01 -1.445557e+01 7.170135e+00
    endloop
  endfacet
  facet normal 1.000000e+00 0.000000e+00 0.000000e+00
    outer loop
      vertex 2.381253e+01 -1.445557e+01 7.170135e+00
      vertex 2.381253e+01 -1.825626e+01 4.002199e-05
      vertex 2.381253e+01 1.666877e+01 4.002199e-05
    endloop
  endfacet
  facet normal 1.000000e+00 0.000000e+00 0.000000e+00
    outer loop
      vertex 2.381253e+01 -1.825626e+01 2.540004e+01
      vertex 2.381253e+01 -1.585579e+01 8.502481e+00
      vertex 2.381253e+01 -1.586609e+01 8.916774e+00
    endloop
  endfacet
  facet normal 1.000000e+00 0.000000e+00 0.000000e+00
    outer loop
      vertex 2.381253e+01 -1.825626e+01 2.540004e+01
      vertex 2.381253e+01 -1.586609e+01 8.916774e+00
      vertex 2.381253e+01 -1.587501e+01 1.986121e+01
    endloop
  endfacet
  facet normal 1.000000e+00 0.000000e+00 0.000000e+00
    outer loop
      vertex 2.381253e+01 -1.445557e+01 7.170135e+00
      vertex 2.381253e+01 1.666877e+01 4.002199e-05
      vertex 2.381253e+01 -1.404127e+01 7.180427e+00
    endloop
  endfacet
  facet normal 1.000000e+00 0.000000e+00 0.000000e+00
    outer loop
      vertex 2.381253e+01 -1.404127e+01 7.180427e+00
      vertex 2.381253e+01 1.666877e+01 4.002199e-05
      vertex 2.381253e+01 -1.364376e+01 7.297595e+00
    endloop
  endfacet
  facet normal 1.000000e+00 0.000000e+00 0.000000e+00
    outer loop
      vertex 2.381253e+01 -1.364376e+01 7.297595e+00
      vertex 2.381253e+01 1.666877e+01 4.002199e-05
      vertex 2.381253e+01 -1.329012e+01 7.513654e+00
    endloop
  endfacet
  facet normal 1.000000e+00 0.000000e+00 0.000000e+00
    outer loop
      vertex 2.381253e+01 -1.329012e+01 7.513654e+00
      vertex 2.381253e+01 1.666877e+01 4.002199e-05
      vertex 2.381253e+01 -1.300445e+01 7.813881e+00
    endloop
  endfacet
  facet normal 1.000000e+00 0.000000e+00 0.000000e+00
    outer loop
      vertex 2.381253e+01 -1.300445e+01 7.813881e+00
      vertex 2.381253e+01 1.666877e+01 4.002199e-05
      vertex 2.381253e+01 -1.292270e+01 7.921234e+00
    endloop
  endfacet
  facet normal 1.000000e+00 0.000000e+00 0.000000e+00
    outer loop
      vertex 2.381253e+01 -1.292270e+01 7.921234e+00
      vertex 2.381253e+01 1.666877e+01 4.002199e-05
      vertex 2.381253e+01 -1.280621e+01 8.177815e+00
    endloop
  endfacet
  facet normal 1.000000e+00 0.000000e+00 0.000000e+00
    outer loop
      vertex 2.381253e+01 -1.280621e+01 8.177815e+00
      vertex 2.381253e+01 1.666877e+01 4.002199e-05
      vertex 2.381253e+01 -1.270893e+01 8.580655e+00
    endloop
  endfacet
  facet normal 1.000000e+00 0.000000e+00 0.000000e+00
    outer loop
      vertex 2.381253e+01 -1.270893e+01 8.580655e+00
      vertex 2.381253e+01 1.666877e+01 4.002199e-05
      vertex 2.381253e+01 -1.270001e+01 1.986121e+01
    endloop
  endfacet
  facet normal 1.000000e+00 0.000000e+00 0.000000e+00
    outer loop
      vertex 2.381253e+01 -1.270001e+01 1.986121e+01
      vertex 2.381253e+01 1.666877e+01 4.002199e-05
      vertex 2.381253e+01 4.775020e+00 8.575594e+00
    endloop
  endfacet
  facet normal 1.000000e+00 0.000000e+00 0.000000e+00
    outer loop
      vertex 2.381253e+01 -1.270001e+01 1.986121e+01
      vertex 2.381253e+01 4.775020e+00 8.575594e+00
      vertex 2.381253e+01 3.788675e+00 9.332444e+00
    endloop
  endfacet
  facet normal 1.000000e+00 0.000000e+00 0.000000e+00
    outer loop
      vertex 2.381253e+01 -1.270001e+01 1.986121e+01
      vertex 2.381253e+01 3.788675e+00 9.332444e+00
      vertex 2.381253e+01 3.031825e+00 1.031879e+01
    endloop
  endfacet
  facet normal 1.000000e+00 0.000000e+00 0.000000e+00
    outer loop
      vertex 2.381253e+01 -1.270001e+01 1.986121e+01
      vertex 2.381253e+01 3.031825e+00 1.031879e+01
      vertex 2.381253e+01 2.556049e+00 1.146741e+01
    endloop
  endfacet
  facet normal 1.000000e+00 0.000000e+00 0.000000e+00
    outer loop
      vertex 2.381253e+01 -1.270001e+01 1.986121e+01
      vertex 2.381253e+01 2.556049e+00 1.146741e+01
      vertex 2.381253e+01 2.393770e+00 1.270004e+01
    endloop
  endfacet
  facet normal 1.000000e+00 0.000000e+00 0.000000e+00
    outer loop
      vertex 2.381253e+01 4.775020e+00 8.575594e+00
      vertex 2.381253e+01 1.666877e+01 4.002199e-05
      vertex 2.381253e+01 5.923645e+00 8.099818e+00
    endloop
  endfacet
  facet normal 1.000000e+00 0.000000e+00 0.000000e+00
    outer loop
      vertex 2.381253e+01 5.923645e+00 8.099818e+00
      vertex 2.381253e+01 1.666877e+01 4.002199e-05
      vertex 2.381253e+01 7.156270e+00 7.937540e+00
    endloop
  endfacet
  facet normal 1.000000e+00 0.000000e+00 0.000000e+00
    outer loop
      vertex 2.381253e+01 7.156270e+00 7.937540e+00
      vertex 2.381253e+01 1.666877e+01 4.002199e-05
      vertex 2.381253e+01 8.388896e+00 8.099818e+00
    endloop
  endfacet
  facet normal 1.000000e+00 0.000000e+00 0.000000e+00
    outer loop
      vertex 2.381253e+01 8.388896e+00 8.099818e+00
      vertex 2.381253e+01 1.666877e+01 4.002199e-05
      vertex 2.381253e+01 9.537520e+00 8.575594e+00
    endloop
  endfacet
  facet normal 1.000000e+00 0.000000e+00 0.000000e+00
    outer loop
      vertex 2.381253e+01 9.537520e+00 8.575594e+00
      vertex 2.381253e+01 1.666877e+01 4.002199e-05
      vertex 2.381253e+01 1.052387e+01 9.332444e+00
    endloop
  endfacet
  facet normal 1.000000e+00 0.000000e+00 0.000000e+00
    outer loop
      vertex 2.381253e+01 1.052387e+01 9.332444e+00
      vertex 2.381253e+01 1.666877e+01 4.002199e-05
      vertex 2.381253e+01 1.128072e+01 1.031879e+01
    endloop
  endfacet
  facet normal 1.000000e+00 0.000000e+00 0.000000e+00
    outer loop
      vertex 2.381253e+01 1.128072e+01 1.031879e+01
      vertex 2.381253e+01 1.666877e+01 4.002199e-05
      vertex 2.381253e+01 1.175649e+01 1.146741e+01
    endloop
  endfacet
  facet normal 1.000000e+00 0.000000e+00 0.000000e+00
    outer loop
      vertex 2.381253e+01 1.175649e+01 1.146741e+01
      vertex 2.381253e+01 1.666877e+01 4.002199e-05
      vertex 2.381253e+01 1.191877e+01 1.270004e+01
    endloop
  endfacet
  facet normal 1.000000e+00 0.000000e+00 0.000000e+00
    outer loop
      vertex 2.381253e+01 -1.825626e+01 2.540004e+01
      vertex 2.381253e+01 -1.428751e+01 2.144871e+01
      vertex 2.381253e+01 1.666877e+01 2.540004e+01
    endloop
  endfacet
  facet normal 1.000000e+00 0.000000e+00 0.000000e+00
    outer loop
      vertex 2.381253e+01 -1.428751e+01 2.144871e+01
      vertex 2.381253e+01 -1.825626e+01 2.540004e+01
      vertex 2.381253e+01 -1.469838e+01 2.139462e+01
    endloop
  endfacet
  facet normal 1.000000e+00 0.000000e+00 0.000000e+00
    outer loop
      vertex 2.381253e+01 -1.469838e+01 2.139462e+01
      vertex 2.381253e+01 -1.825626e+01 2.540004e+01
      vertex 2.381253e+01 -1.508126e+01 2.123603e+01
    endloop
  endfacet
  facet normal 1.000000e+00 0.000000e+00 0.000000e+00
    outer loop
      vertex 2.381253e+01 -1.508126e+01 2.123603e+01
      vertex 2.381253e+01 -1.825626e+01 2.540004e+01
      vertex 2.381253e+01 -1.541004e+01 2.098375e+01
    endloop
  endfacet
  facet normal 1.000000e+00 0.000000e+00 0.000000e+00
    outer loop
      vertex 2.381253e+01 -1.541004e+01 2.098375e+01
      vertex 2.381253e+01 -1.825626e+01 2.540004e+01
      vertex 2.381253e+01 -1.566232e+01 2.065496e+01
    endloop
  endfacet
  facet normal 1.000000e+00 0.000000e+00 0.000000e+00
    outer loop
      vertex 2.381253e+01 -1.566232e+01 2.065496e+01
      vertex 2.381253e+01 -1.825626e+01 2.540004e+01
      vertex 2.381253e+01 -1.582091e+01 2.027209e+01
    endloop
  endfacet
  facet normal 1.000000e+00 0.000000e+00 0.000000e+00
    outer loop
      vertex 2.381253e+01 -1.582091e+01 2.027209e+01
      vertex 2.381253e+01 -1.825626e+01 2.540004e+01
      vertex 2.381253e+01 -1.587501e+01 1.986121e+01
    endloop
  endfacet
  facet normal 1.000000e+00 0.000000e+00 0.000000e+00
    outer loop
      vertex 2.381253e+01 1.666877e+01 2.540004e+01
      vertex 2.381253e+01 -1.428751e+01 2.144871e+01
      vertex 2.381253e+01 -1.387663e+01 2.139462e+01
    endloop
  endfacet
  facet normal 1.000000e+00 0.000000e+00 0.000000e+00
    outer loop
      vertex 2.381253e+01 1.666877e+01 2.540004e+01
      vertex 2.381253e+01 -1.387663e+01 2.139462e+01
      vertex 2.381253e+01 -1.349376e+01 2.123603e+01
    endloop
  endfacet
  facet normal 1.000000e+00 0.000000e+00 0.000000e+00
    outer loop
      vertex 2.381253e+01 1.666877e+01 2.540004e+01
      vertex 2.381253e+01 -1.349376e+01 2.123603e+01
      vertex 2.381253e+01 -1.316497e+01 2.098375e+01
    endloop
  endfacet
  facet normal 1.000000e+00 0.000000e+00 0.000000e+00
    outer loop
      vertex 2.381253e+01 1.666877e+01 2.540004e+01
      vertex 2.381253e+01 -1.316497e+01 2.098375e+01
      vertex 2.381253e+01 -1.291269e+01 2.065496e+01
    endloop
  endfacet
  facet normal 1.000000e+00 0.000000e+00 0.000000e+00
    outer loop
      vertex 2.381253e+01 1.666877e+01 2.540004e+01
      vertex 2.381253e+01 -1.291269e+01 2.065496e+01
      vertex 2.381253e+01 -1.275410e+01 2.027209e+01
    endloop
  endfacet
  facet normal 1.000000e+00 0.000000e+00 0.000000e+00
    outer loop
      vertex 2.381253e+01 1.666877e+01 2.540004e+01
      vertex 2.381253e+01 -1.275410e+01 2.027209e+01
      vertex 2.381253e+01 -1.270001e+01 1.986121e+01
    endloop
  endfacet
  facet normal 1.000000e+00 0.000000e+00 0.000000e+00
    outer loop
      vertex 2.381253e+01 1.666877e+01 2.540004e+01
      vertex 2.381253e+01 -1.270001e+01 1.986121e+01
      vertex 2.381253e+01 4.775020e+00 1.682449e+01
    endloop
  endfacet
  facet normal 1.000000e+00 0.000000e+00 0.000000e+00
    outer loop
      vertex 2.381253e+01 4.775020e+00 1.682449e+01
      vertex 2.381253e+01 -1.270001e+01 1.986121e+01
      vertex 2.381253e+01 3.788675e+00 1.606764e+01
    endloop
  endfacet
  facet normal 1.000000e+00 0.000000e+00 0.000000e+00
    outer loop
      vertex 2.381253e+01 3.788675e+00 1.606764e+01
      vertex 2.381253e+01 -1.270001e+01 1.986121e+01
      vertex 2.381253e+01 3.031825e+00 1.508129e+01
    endloop
  endfacet
  facet normal 1.000000e+00 0.000000e+00 0.000000e+00
    outer loop
      vertex 2.381253e+01 3.031825e+00 1.508129e+01
      vertex 2.381253e+01 -1.270001e+01 1.986121e+01
      vertex 2.381253e+01 2.556049e+00 1.393267e+01
    endloop
  endfacet
  facet normal 1.000000e+00 0.000000e+00 0.000000e+00
    outer loop
      vertex 2.381253e+01 2.556049e+00 1.393267e+01
      vertex 2.381253e+01 -1.270001e+01 1.986121e+01
      vertex 2.381253e+01 2.393770e+00 1.270004e+01
    endloop
  endfacet
  facet normal 1.000000e+00 0.000000e+00 0.000000e+00
    outer loop
      vertex 2.381253e+01 1.666877e+01 2.540004e+01
      vertex 2.381253e+01 4.775020e+00 1.682449e+01
      vertex 2.381253e+01 5.923645e+00 1.730026e+01
    endloop
  endfacet
  facet normal 1.000000e+00 0.000000e+00 0.000000e+00
    outer loop
      vertex 2.381253e+01 1.666877e+01 2.540004e+01
      vertex 2.381253e+01 5.923645e+00 1.730026e+01
      vertex 2.381253e+01 7.156270e+00 1.746254e+01
    endloop
  endfacet
  facet normal 1.000000e+00 0.000000e+00 0.000000e+00
    outer loop
      vertex 2.381253e+01 1.666877e+01 2.540004e+01
      vertex 2.381253e+01 7.156270e+00 1.746254e+01
      vertex 2.381253e+01 8.388896e+00 1.730026e+01
    endloop
  endfacet
  facet normal 1.000000e+00 0.000000e+00 0.000000e+00
    outer loop
      vertex 2.381253e+01 1.666877e+01 2.540004e+01
      vertex 2.381253e+01 8.388896e+00 1.730026e+01
      vertex 2.381253e+01 9.537520e+00 1.682449e+01
    endloop
  endfacet
  facet normal 1.000000e+00 0.000000e+00 0.000000e+00
    outer loop
      vertex 2.381253e+01 1.666877e+01 2.540004e+01
      vertex 2.381253e+01 9.537520e+00 1.682449e+01
      vertex 2.381253e+01 1.052387e+01 1.606764e+01
    endloop
  endfacet
  facet normal 1.000000e+00 0.000000e+00 0.000000e+00
    outer loop
      vertex 2.381253e+01 1.666877e+01 2.540004e+01
      vertex 2.381253e+01 1.052387e+01 1.606764e+01
      vertex 2.381253e+01 1.128072e+01 1.508129e+01
    endloop
  endfacet
  facet normal 1.000000e+00 0.000000e+00 0.000000e+00
    outer loop
      vertex 2.381253e+01 1.666877e+01 2.540004e+01
      vertex 2.381253e+01 1.128072e+01 1.508129e+01
      vertex 2.381253e+01 1.175649e+01 1.393267e+01
    endloop
  endfacet
  facet normal 1.000000e+00 0.000000e+00 0.000000e+00
    outer loop
      vertex 2.381253e+01 1.666877e+01 2.540004e+01
      vertex 2.381253e+01 1.175649e+01 1.393267e+01
      vertex 2.381253e+01 1.191877e+01 1.270004e+01
    endloop
  endfacet
  facet normal 1.000000e+00 0.000000e+00 0.000000e+00
    outer loop
      vertex 2.381253e+01 1.666877e+01 2.540004e+01
      vertex 2.381253e+01 1.191877e+01 1.270004e+01
      vertex 2.381253e+01 1.666877e+01 4.002199e-05
    endloop
  endfacet
  facet normal 1.000000e+00 0.000000e+00 0.000000e+00
    outer loop
      vertex 2.381253e+01 1.666877e+01 2.540004e+01
      vertex 2.381253e+01 1.666877e+01 4.002199e-05
      vertex 2.381253e+01 2.301848e+01 4.805762e+00
    endloop
  endfacet
  facet normal 1.000000e+00 0.000000e+00 0.000000e+00
    outer loop
      vertex 2.381253e+01 1.666877e+01 2.540004e+01
      vertex 2.381253e+01 2.301848e+01 4.805762e+00
      vertex 2.381253e+01 2.301848e+01 2.068076e+01
    endloop
  endfacet
  facet normal 1.000000e+00 0.000000e+00 0.000000e+00
    outer loop
      vertex 2.381253e+01 -1.586609e+01 8.916774e+00
      vertex 2.381253e+01 -1.582091e+01 1.945034e+01
      vertex 2.381253e+01 -1.587501e+01 1.986121e+01
    endloop
  endfacet
  facet normal 1.000000e+00 0.000000e+00 0.000000e+00
    outer loop
      vertex 2.381253e+01 -1.582091e+01 1.945034e+01
      vertex 2.381253e+01 -1.586609e+01 8.916774e+00
      vertex 2.381253e+01 -1.576880e+01 9.319614e+00
    endloop
  endfacet
  facet normal 1.000000e+00 0.000000e+00 0.000000e+00
    outer loop
      vertex 2.381253e+01 -1.582091e+01 1.945034e+01
      vertex 2.381253e+01 -1.576880e+01 9.319614e+00
      vertex 2.381253e+01 -1.566232e+01 1.906746e+01
    endloop
  endfacet
  facet normal 1.000000e+00 0.000000e+00 0.000000e+00
    outer loop
      vertex 2.381253e+01 -1.566232e+01 1.906746e+01
      vertex 2.381253e+01 -1.576880e+01 9.319614e+00
      vertex 2.381253e+01 -1.557057e+01 9.683548e+00
    endloop
  endfacet
  facet normal 1.000000e+00 0.000000e+00 0.000000e+00
    outer loop
      vertex 2.381253e+01 -1.566232e+01 1.906746e+01
      vertex 2.381253e+01 -1.557057e+01 9.683548e+00
      vertex 2.381253e+01 -1.541004e+01 1.873868e+01
    endloop
  endfacet
  facet normal 1.000000e+00 0.000000e+00 0.000000e+00
    outer loop
      vertex 2.381253e+01 -1.541004e+01 1.873868e+01
      vertex 2.381253e+01 -1.557057e+01 9.683548e+00
      vertex 2.381253e+01 -1.528489e+01 9.983775e+00
    endloop
  endfacet
  facet normal 1.000000e+00 0.000000e+00 0.000000e+00
    outer loop
      vertex 2.381253e+01 -1.541004e+01 1.873868e+01
      vertex 2.381253e+01 -1.528489e+01 9.983775e+00
      vertex 2.381253e+01 -1.508126e+01 1.848640e+01
    endloop
  endfacet
  facet normal 1.000000e+00 0.000000e+00 0.000000e+00
    outer loop
      vertex 2.381253e+01 -1.508126e+01 1.848640e+01
      vertex 2.381253e+01 -1.528489e+01 9.983775e+00
      vertex 2.381253e+01 -1.493125e+01 1.019983e+01
    endloop
  endfacet
  facet normal 1.000000e+00 0.000000e+00 0.000000e+00
    outer loop
      vertex 2.381253e+01 -1.508126e+01 1.848640e+01
      vertex 2.381253e+01 -1.493125e+01 1.019983e+01
      vertex 2.381253e+01 -1.469838e+01 1.832781e+01
    endloop
  endfacet
  facet normal 1.000000e+00 0.000000e+00 0.000000e+00
    outer loop
      vertex 2.381253e+01 -1.469838e+01 1.832781e+01
      vertex 2.381253e+01 -1.493125e+01 1.019983e+01
      vertex 2.381253e+01 -1.453374e+01 1.031700e+01
    endloop
  endfacet
  facet normal 1.000000e+00 0.000000e+00 0.000000e+00
    outer loop
      vertex 2.381253e+01 -1.469838e+01 1.832781e+01
      vertex 2.381253e+01 -1.453374e+01 1.031700e+01
      vertex 2.381253e+01 -1.428751e+01 1.827371e+01
    endloop
  endfacet
  facet normal 1.000000e+00 0.000000e+00 0.000000e+00
    outer loop
      vertex 2.381253e+01 -1.428751e+01 1.827371e+01
      vertex 2.381253e+01 -1.453374e+01 1.031700e+01
      vertex 2.381253e+01 -1.411945e+01 1.032729e+01
    endloop
  endfacet
  facet normal 1.000000e+00 0.000000e+00 0.000000e+00
    outer loop
      vertex 2.381253e+01 -1.428751e+01 1.827371e+01
      vertex 2.381253e+01 -1.411945e+01 1.032729e+01
      vertex 2.381253e+01 -1.387663e+01 1.832781e+01
    endloop
  endfacet
  facet normal 1.000000e+00 0.000000e+00 0.000000e+00
    outer loop
      vertex 2.381253e+01 -1.387663e+01 1.832781e+01
      vertex 2.381253e+01 -1.411945e+01 1.032729e+01
      vertex 2.381253e+01 -1.371661e+01 1.023001e+01
    endloop
  endfacet
  facet normal 1.000000e+00 0.000000e+00 0.000000e+00
    outer loop
      vertex 2.381253e+01 -1.387663e+01 1.832781e+01
      vertex 2.381253e+01 -1.371661e+01 1.023001e+01
      vertex 2.381253e+01 -1.349376e+01 1.848640e+01
    endloop
  endfacet
  facet normal 1.000000e+00 0.000000e+00 0.000000e+00
    outer loop
      vertex 2.381253e+01 -1.349376e+01 1.848640e+01
      vertex 2.381253e+01 -1.371661e+01 1.023001e+01
      vertex 2.381253e+01 -1.335267e+01 1.003177e+01
    endloop
  endfacet
  facet normal 1.000000e+00 0.000000e+00 0.000000e+00
    outer loop
      vertex 2.381253e+01 -1.349376e+01 1.848640e+01
      vertex 2.381253e+01 -1.335267e+01 1.003177e+01
      vertex 2.381253e+01 -1.316497e+01 1.873868e+01
    endloop
  endfacet
  facet normal 1.000000e+00 0.000000e+00 0.000000e+00
    outer loop
      vertex 2.381253e+01 -1.316497e+01 1.873868e+01
      vertex 2.381253e+01 -1.335267e+01 1.003177e+01
      vertex 2.381253e+01 -1.305245e+01 9.746102e+00
    endloop
  endfacet
  facet normal 1.000000e+00 0.000000e+00 0.000000e+00
    outer loop
      vertex 2.381253e+01 -1.316497e+01 1.873868e+01
      vertex 2.381253e+01 -1.305245e+01 9.746102e+00
      vertex 2.381253e+01 -1.291269e+01 1.906746e+01
    endloop
  endfacet
  facet normal 1.000000e+00 0.000000e+00 0.000000e+00
    outer loop
      vertex 2.381253e+01 -1.291269e+01 1.906746e+01
      vertex 2.381253e+01 -1.305245e+01 9.746102e+00
      vertex 2.381253e+01 -1.283639e+01 9.392460e+00
    endloop
  endfacet
  facet normal 1.000000e+00 0.000000e+00 0.000000e+00
    outer loop
      vertex 2.381253e+01 -1.291269e+01 1.906746e+01
      vertex 2.381253e+01 -1.283639e+01 9.392460e+00
      vertex 2.381253e+01 -1.275410e+01 1.945034e+01
    endloop
  endfacet
  facet normal 1.000000e+00 0.000000e+00 0.000000e+00
    outer loop
      vertex 2.381253e+01 -1.275410e+01 1.945034e+01
      vertex 2.381253e+01 -1.283639e+01 9.392460e+00
      vertex 2.381253e+01 -1.271922e+01 8.994948e+00
    endloop
  endfacet
  facet normal 1.000000e+00 0.000000e+00 0.000000e+00
    outer loop
      vertex 2.381253e+01 -1.275410e+01 1.945034e+01
      vertex 2.381253e+01 -1.271922e+01 8.994948e+00
      vertex 2.381253e+01 -1.270001e+01 1.986121e+01
    endloop
  endfacet
  facet normal 1.000000e+00 0.000000e+00 0.000000e+00
    outer loop
      vertex 2.381253e+01 -1.270001e+01 1.986121e+01
      vertex 2.381253e+01 -1.271922e+01 8.994948e+00
      vertex 2.381253e+01 -1.270893e+01 8.580655e+00
    endloop
  endfacet
endsolid Default
