solid Default
  facet normal 0.000000e+00 9.238795e-01 3.826834e-01
    outer loop
      vertex -2.698750e+01 2.545697e+00 1.145319e+01
      vertex -2.379717e+01 3.021466e+00 1.030457e+01
      vertex -2.698750e+01 3.021472e+00 1.030457e+01
    endloop
  endfacet
  facet normal 0.000000e+00 9.238795e-01 3.826834e-01
    outer loop
      vertex -2.379717e+01 3.021466e+00 1.030457e+01
      vertex -2.698750e+01 2.545697e+00 1.145319e+01
      vertex -2.379717e+01 2.545690e+00 1.145319e+01
    endloop
  endfacet
  facet normal 0.000000e+00 9.914448e-01 1.305262e-01
    outer loop
      vertex -2.698750e+01 2.383419e+00 1.268582e+01
      vertex -2.379717e+01 2.545690e+00 1.145319e+01
      vertex -2.698750e+01 2.545697e+00 1.145319e+01
    endloop
  endfacet
  facet normal 0.000000e+00 9.914448e-01 1.305262e-01
    outer loop
      vertex -2.379717e+01 2.545690e+00 1.145319e+01
      vertex -2.698750e+01 2.383419e+00 1.268582e+01
      vertex -2.379717e+01 2.383412e+00 1.268582e+01
    endloop
  endfacet
  facet normal 0.000000e+00 3.826834e-01 9.238795e-01
    outer loop
      vertex -2.379717e+01 4.764662e+00 8.561370e+00
      vertex -2.698750e+01 5.913292e+00 8.085594e+00
      vertex -2.698750e+01 4.764669e+00 8.561370e+00
    endloop
  endfacet
  facet normal 0.000000e+00 3.826834e-01 9.238795e-01
    outer loop
      vertex -2.698750e+01 5.913292e+00 8.085594e+00
      vertex -2.379717e+01 4.764662e+00 8.561370e+00
      vertex -2.379717e+01 5.913286e+00 8.085594e+00
    endloop
  endfacet
  facet normal 0.000000e+00 -6.087614e-01 7.933533e-01
    outer loop
      vertex -2.379717e+01 9.527163e+00 8.561370e+00
      vertex -2.698750e+01 1.051352e+01 9.318220e+00
      vertex -2.698750e+01 9.527169e+00 8.561370e+00
    endloop
  endfacet
  facet normal 0.000000e+00 -6.087614e-01 7.933533e-01
    outer loop
      vertex -2.698750e+01 1.051352e+01 9.318220e+00
      vertex -2.379717e+01 9.527163e+00 8.561370e+00
      vertex -2.379717e+01 1.051351e+01 9.318220e+00
    endloop
  endfacet
  facet normal 0.000000e+00 6.087614e-01 7.933533e-01
    outer loop
      vertex -2.379717e+01 3.778316e+00 9.318220e+00
      vertex -2.698750e+01 4.764669e+00 8.561370e+00
      vertex -2.698750e+01 3.778322e+00 9.318220e+00
    endloop
  endfacet
  facet normal 0.000000e+00 6.087614e-01 7.933533e-01
    outer loop
      vertex -2.698750e+01 4.764669e+00 8.561370e+00
      vertex -2.379717e+01 3.778316e+00 9.318220e+00
      vertex -2.379717e+01 4.764662e+00 8.561370e+00
    endloop
  endfacet
  facet normal 0.000000e+00 7.933533e-01 6.087614e-01
    outer loop
      vertex -2.698750e+01 3.021472e+00 1.030457e+01
      vertex -2.379717e+01 3.778316e+00 9.318220e+00
      vertex -2.698750e+01 3.778322e+00 9.318220e+00
    endloop
  endfacet
  facet normal 0.000000e+00 7.933533e-01 6.087614e-01
    outer loop
      vertex -2.379717e+01 3.778316e+00 9.318220e+00
      vertex -2.698750e+01 3.021472e+00 1.030457e+01
      vertex -2.379717e+01 3.021466e+00 1.030457e+01
    endloop
  endfacet
  facet normal 0.000000e+00 -9.238795e-01 -3.826834e-01
    outer loop
      vertex -2.379717e+01 1.127036e+01 1.506707e+01
      vertex -2.698750e+01 1.174614e+01 1.391844e+01
      vertex -2.379717e+01 1.174613e+01 1.391844e+01
    endloop
  endfacet
  facet normal 0.000000e+00 -9.238795e-01 -3.826834e-01
    outer loop
      vertex -2.698750e+01 1.174614e+01 1.391844e+01
      vertex -2.379717e+01 1.127036e+01 1.506707e+01
      vertex -2.698750e+01 1.127036e+01 1.506707e+01
    endloop
  endfacet
  facet normal 0.000000e+00 -9.238795e-01 3.826834e-01
    outer loop
      vertex -2.379717e+01 1.174613e+01 1.145319e+01
      vertex -2.698750e+01 1.127036e+01 1.030457e+01
      vertex -2.379717e+01 1.127036e+01 1.030457e+01
    endloop
  endfacet
  facet normal 0.000000e+00 -9.238795e-01 3.826834e-01
    outer loop
      vertex -2.698750e+01 1.127036e+01 1.030457e+01
      vertex -2.379717e+01 1.174613e+01 1.145319e+01
      vertex -2.698750e+01 1.174614e+01 1.145319e+01
    endloop
  endfacet
  facet normal 0.000000e+00 9.238795e-01 -3.826834e-01
    outer loop
      vertex -2.698750e+01 3.021472e+00 1.506707e+01
      vertex -2.379717e+01 2.545690e+00 1.391844e+01
      vertex -2.698750e+01 2.545697e+00 1.391844e+01
    endloop
  endfacet
  facet normal 0.000000e+00 9.238795e-01 -3.826834e-01
    outer loop
      vertex -2.379717e+01 2.545690e+00 1.391844e+01
      vertex -2.698750e+01 3.021472e+00 1.506707e+01
      vertex -2.379717e+01 3.021466e+00 1.506707e+01
    endloop
  endfacet
  facet normal 0.000000e+00 -9.914448e-01 -1.305262e-01
    outer loop
      vertex -2.379717e+01 1.174613e+01 1.391844e+01
      vertex -2.698750e+01 1.190842e+01 1.268582e+01
      vertex -2.379717e+01 1.190841e+01 1.268582e+01
    endloop
  endfacet
  facet normal 0.000000e+00 -9.914448e-01 -1.305262e-01
    outer loop
      vertex -2.698750e+01 1.190842e+01 1.268582e+01
      vertex -2.379717e+01 1.174613e+01 1.391844e+01
      vertex -2.698750e+01 1.174614e+01 1.391844e+01
    endloop
  endfacet
  facet normal 0.000000e+00 1.305262e-01 9.914448e-01
    outer loop
      vertex -2.379717e+01 5.913286e+00 8.085594e+00
      vertex -2.698750e+01 7.145919e+00 7.923316e+00
      vertex -2.698750e+01 5.913292e+00 8.085594e+00
    endloop
  endfacet
  facet normal 0.000000e+00 1.305262e-01 9.914448e-01
    outer loop
      vertex -2.698750e+01 7.145919e+00 7.923316e+00
      vertex -2.379717e+01 5.913286e+00 8.085594e+00
      vertex -2.379717e+01 7.145913e+00 7.923316e+00
    endloop
  endfacet
  facet normal 0.000000e+00 -3.826834e-01 9.238795e-01
    outer loop
      vertex -2.379717e+01 8.378538e+00 8.085594e+00
      vertex -2.698750e+01 9.527169e+00 8.561370e+00
      vertex -2.698750e+01 8.378544e+00 8.085594e+00
    endloop
  endfacet
  facet normal 0.000000e+00 -3.826834e-01 9.238795e-01
    outer loop
      vertex -2.698750e+01 9.527169e+00 8.561370e+00
      vertex -2.379717e+01 8.378538e+00 8.085594e+00
      vertex -2.379717e+01 9.527163e+00 8.561370e+00
    endloop
  endfacet
  facet normal 0.000000e+00 -3.826834e-01 -9.238795e-01
    outer loop
      vertex -2.379717e+01 9.527163e+00 1.681026e+01
      vertex -2.698750e+01 8.378544e+00 1.728604e+01
      vertex -2.698750e+01 9.527169e+00 1.681026e+01
    endloop
  endfacet
  facet normal 0.000000e+00 -3.826834e-01 -9.238795e-01
    outer loop
      vertex -2.698750e+01 8.378544e+00 1.728604e+01
      vertex -2.379717e+01 9.527163e+00 1.681026e+01
      vertex -2.379717e+01 8.378538e+00 1.728604e+01
    endloop
  endfacet
  facet normal 0.000000e+00 -7.933533e-01 -6.087614e-01
    outer loop
      vertex -2.379717e+01 1.051351e+01 1.605341e+01
      vertex -2.698750e+01 1.127036e+01 1.506707e+01
      vertex -2.379717e+01 1.127036e+01 1.506707e+01
    endloop
  endfacet
  facet normal 0.000000e+00 -7.933533e-01 -6.087614e-01
    outer loop
      vertex -2.698750e+01 1.127036e+01 1.506707e+01
      vertex -2.379717e+01 1.051351e+01 1.605341e+01
      vertex -2.698750e+01 1.051352e+01 1.605341e+01
    endloop
  endfacet
  facet normal 0.000000e+00 -6.087614e-01 -7.933533e-01
    outer loop
      vertex -2.379717e+01 1.051351e+01 1.605341e+01
      vertex -2.698750e+01 9.527169e+00 1.681026e+01
      vertex -2.698750e+01 1.051352e+01 1.605341e+01
    endloop
  endfacet
  facet normal 0.000000e+00 -6.087614e-01 -7.933533e-01
    outer loop
      vertex -2.698750e+01 9.527169e+00 1.681026e+01
      vertex -2.379717e+01 1.051351e+01 1.605341e+01
      vertex -2.379717e+01 9.527163e+00 1.681026e+01
    endloop
  endfacet
  facet normal 0.000000e+00 -1.305262e-01 -9.914448e-01
    outer loop
      vertex -2.379717e+01 8.378538e+00 1.728604e+01
      vertex -2.698750e+01 7.145919e+00 1.744832e+01
      vertex -2.698750e+01 8.378544e+00 1.728604e+01
    endloop
  endfacet
  facet normal 0.000000e+00 -1.305262e-01 -9.914448e-01
    outer loop
      vertex -2.698750e+01 7.145919e+00 1.744832e+01
      vertex -2.379717e+01 8.378538e+00 1.728604e+01
      vertex -2.379717e+01 7.145913e+00 1.744832e+01
    endloop
  endfacet
  facet normal 0.000000e+00 3.826834e-01 -9.238795e-01
    outer loop
      vertex -2.379717e+01 5.913286e+00 1.728604e+01
      vertex -2.698750e+01 4.764669e+00 1.681026e+01
      vertex -2.698750e+01 5.913292e+00 1.728604e+01
    endloop
  endfacet
  facet normal 0.000000e+00 3.826834e-01 -9.238795e-01
    outer loop
      vertex -2.698750e+01 4.764669e+00 1.681026e+01
      vertex -2.379717e+01 5.913286e+00 1.728604e+01
      vertex -2.379717e+01 4.764662e+00 1.681026e+01
    endloop
  endfacet
  facet normal 0.000000e+00 6.087614e-01 -7.933533e-01
    outer loop
      vertex -2.379717e+01 4.764662e+00 1.681026e+01
      vertex -2.698750e+01 3.778322e+00 1.605341e+01
      vertex -2.698750e+01 4.764669e+00 1.681026e+01
    endloop
  endfacet
  facet normal 0.000000e+00 6.087614e-01 -7.933533e-01
    outer loop
      vertex -2.698750e+01 3.778322e+00 1.605341e+01
      vertex -2.379717e+01 4.764662e+00 1.681026e+01
      vertex -2.379717e+01 3.778316e+00 1.605341e+01
    endloop
  endfacet
  facet normal 0.000000e+00 7.933533e-01 -6.087614e-01
    outer loop
      vertex -2.698750e+01 3.778322e+00 1.605341e+01
      vertex -2.379717e+01 3.021466e+00 1.506707e+01
      vertex -2.698750e+01 3.021472e+00 1.506707e+01
    endloop
  endfacet
  facet normal 0.000000e+00 7.933533e-01 -6.087614e-01
    outer loop
      vertex -2.379717e+01 3.021466e+00 1.506707e+01
      vertex -2.698750e+01 3.778322e+00 1.605341e+01
      vertex -2.379717e+01 3.778316e+00 1.605341e+01
    endloop
  endfacet
  facet normal 0.000000e+00 1.305262e-01 -9.914448e-01
    outer loop
      vertex -2.379717e+01 7.145913e+00 1.744832e+01
      vertex -2.698750e+01 5.913292e+00 1.728604e+01
      vertex -2.698750e+01 7.145919e+00 1.744832e+01
    endloop
  endfacet
  facet normal 0.000000e+00 1.305262e-01 -9.914448e-01
    outer loop
      vertex -2.698750e+01 5.913292e+00 1.728604e+01
      vertex -2.379717e+01 7.145913e+00 1.744832e+01
      vertex -2.379717e+01 5.913286e+00 1.728604e+01
    endloop
  endfacet
  facet normal 0.000000e+00 -1.305262e-01 9.914448e-01
    outer loop
      vertex -2.379717e+01 7.145913e+00 7.923316e+00
      vertex -2.698750e+01 8.378544e+00 8.085594e+00
      vertex -2.698750e+01 7.145919e+00 7.923316e+00
    endloop
  endfacet
  facet normal 0.000000e+00 -1.305262e-01 9.914448e-01
    outer loop
      vertex -2.698750e+01 8.378544e+00 8.085594e+00
      vertex -2.379717e+01 7.145913e+00 7.923316e+00
      vertex -2.379717e+01 8.378538e+00 8.085594e+00
    endloop
  endfacet
  facet normal 0.000000e+00 -7.933533e-01 6.087614e-01
    outer loop
      vertex -2.379717e+01 1.127036e+01 1.030457e+01
      vertex -2.698750e+01 1.051352e+01 9.318220e+00
      vertex -2.379717e+01 1.051351e+01 9.318220e+00
    endloop
  endfacet
  facet normal 0.000000e+00 -7.933533e-01 6.087614e-01
    outer loop
      vertex -2.698750e+01 1.051352e+01 9.318220e+00
      vertex -2.379717e+01 1.127036e+01 1.030457e+01
      vertex -2.698750e+01 1.127036e+01 1.030457e+01
    endloop
  endfacet
  facet normal 0.000000e+00 9.914448e-01 -1.305262e-01
    outer loop
      vertex -2.698750e+01 2.545697e+00 1.391844e+01
      vertex -2.379717e+01 2.383412e+00 1.268582e+01
      vertex -2.698750e+01 2.383419e+00 1.268582e+01
    endloop
  endfacet
  facet normal 0.000000e+00 9.914448e-01 -1.305262e-01
    outer loop
      vertex -2.379717e+01 2.383412e+00 1.268582e+01
      vertex -2.698750e+01 2.545697e+00 1.391844e+01
      vertex -2.379717e+01 2.545690e+00 1.391844e+01
    endloop
  endfacet
  facet normal 0.000000e+00 -9.914448e-01 1.305262e-01
    outer loop
      vertex -2.379717e+01 1.190841e+01 1.268582e+01
      vertex -2.698750e+01 1.174614e+01 1.145319e+01
      vertex -2.379717e+01 1.174613e+01 1.145319e+01
    endloop
  endfacet
  facet normal 0.000000e+00 -9.914448e-01 1.305262e-01
    outer loop
      vertex -2.698750e+01 1.174614e+01 1.145319e+01
      vertex -2.379717e+01 1.190841e+01 1.268582e+01
      vertex -2.698750e+01 1.190842e+01 1.268582e+01
    endloop
  endfacet
  facet normal 1.560838e-05 7.063062e-01 7.079064e-01
    outer loop
      vertex -2.698750e+01 1.824897e+01 2.540004e+01
      vertex -2.379720e+01 2.301142e+01 2.064828e+01
      vertex -2.698751e+01 2.301145e+01 2.064832e+01
    endloop
  endfacet
  facet normal 1.560838e-05 7.063062e-01 7.079064e-01
    outer loop
      vertex -2.379720e+01 2.301142e+01 2.064828e+01
      vertex -2.698750e+01 1.824897e+01 2.540004e+01
      vertex -2.379719e+01 1.824894e+01 2.540000e+01
    endloop
  endfacet
  facet normal -2.117469e-06 7.079073e-01 -7.063053e-01
    outer loop
      vertex -2.698750e+01 1.824897e+01 4.002198e-05
      vertex -2.379720e+01 2.301142e+01 4.773283e+00
      vertex -2.379719e+01 1.824894e+01 0.000000e+00
    endloop
  endfacet
  facet normal -2.117469e-06 7.079073e-01 -7.063053e-01
    outer loop
      vertex -2.379720e+01 2.301142e+01 4.773283e+00
      vertex -2.698750e+01 1.824897e+01 4.002198e-05
      vertex -2.698751e+01 2.301145e+01 4.773323e+00
    endloop
  endfacet
  facet normal 8.773396e-07 2.908610e-07 -1.000000e+00
    outer loop
      vertex 2.381250e+01 -1.826353e+01 4.428440e-05
      vertex -2.379719e+01 -2.302606e+01 0.000000e+00
      vertex -2.379719e+01 -1.826356e+01 0.000000e+00
    endloop
  endfacet
  facet normal 8.773396e-07 2.908610e-07 -1.000000e+00
    outer loop
      vertex -2.379719e+01 -2.302606e+01 0.000000e+00
      vertex 2.381250e+01 -1.826353e+01 4.428440e-05
      vertex 2.698751e+01 -2.302602e+01 4.328067e-05
    endloop
  endfacet
  facet normal 8.773396e-07 2.908610e-07 -1.000000e+00
    outer loop
      vertex 2.698751e+01 -2.302602e+01 4.328067e-05
      vertex 2.381250e+01 -1.826353e+01 4.428440e-05
      vertex 2.698750e+01 -1.826356e+01 4.428440e-05
    endloop
  endfacet
  facet normal 1.000000e+00 4.917691e-07 9.220612e-08
    outer loop
      vertex 2.698751e+01 -2.302602e+01 4.328067e-05
      vertex 2.698750e+01 -1.826356e+01 2.540004e+01
      vertex 2.698750e+01 -2.302603e+01 2.540004e+01
    endloop
  endfacet
  facet normal 1.000000e+00 4.917691e-07 9.220612e-08
    outer loop
      vertex 2.698750e+01 -1.826356e+01 2.540004e+01
      vertex 2.698751e+01 -2.302602e+01 4.328067e-05
      vertex 2.698750e+01 -1.826356e+01 4.428440e-05
    endloop
  endfacet
  facet normal 0.000000e+00 0.000000e+00 -1.000000e+00
    outer loop
      vertex 2.698750e+01 1.824897e+01 4.428440e-05
      vertex 2.381250e+01 -1.508853e+01 4.428440e-05
      vertex 2.381250e+01 1.824897e+01 4.428440e-05
    endloop
  endfacet
  facet normal 0.000000e+00 0.000000e+00 -1.000000e+00
    outer loop
      vertex 2.381250e+01 -1.508853e+01 4.428440e-05
      vertex 2.698750e+01 1.824897e+01 4.428440e-05
      vertex 2.381250e+01 -1.826353e+01 4.428440e-05
    endloop
  endfacet
  facet normal 0.000000e+00 0.000000e+00 -1.000000e+00
    outer loop
      vertex 2.381250e+01 -1.826353e+01 4.428440e-05
      vertex 2.698750e+01 1.824897e+01 4.428440e-05
      vertex 2.698750e+01 -1.826356e+01 4.428440e-05
    endloop
  endfacet
  facet normal -1.254487e-05 1.287246e-13 -1.000000e+00
    outer loop
      vertex -2.698750e+01 1.824897e+01 4.002198e-05
      vertex -2.698750e+01 -2.302606e+01 4.002198e-05
      vertex -2.698750e+01 -1.826356e+01 4.002198e-05
    endloop
  endfacet
  facet normal -1.254487e-05 1.287246e-13 -1.000000e+00
    outer loop
      vertex -2.698750e+01 -2.302606e+01 4.002198e-05
      vertex -2.698750e+01 1.824897e+01 4.002198e-05
      vertex -2.379719e+01 1.824894e+01 0.000000e+00
    endloop
  endfacet
  facet normal -1.254487e-05 1.287246e-13 -1.000000e+00
    outer loop
      vertex -2.698750e+01 -2.302606e+01 4.002198e-05
      vertex -2.379719e+01 1.824894e+01 0.000000e+00
      vertex -2.379719e+01 -1.826356e+01 0.000000e+00
    endloop
  endfacet
  facet normal -1.254487e-05 1.287246e-13 -1.000000e+00
    outer loop
      vertex -2.379719e+01 -2.302606e+01 0.000000e+00
      vertex -2.698750e+01 -2.302606e+01 4.002198e-05
      vertex -2.379719e+01 -1.826356e+01 0.000000e+00
    endloop
  endfacet
  facet normal 0.000000e+00 0.000000e+00 1.000000e+00
    outer loop
      vertex 2.698750e+01 -1.826356e+01 2.540004e+01
      vertex 2.381250e+01 1.824897e+01 2.540004e+01
      vertex 2.381250e+01 -1.826353e+01 2.540004e+01
    endloop
  endfacet
  facet normal 0.000000e+00 0.000000e+00 1.000000e+00
    outer loop
      vertex 2.381250e+01 1.824897e+01 2.540004e+01
      vertex 2.698750e+01 -1.826356e+01 2.540004e+01
      vertex 2.698750e+01 1.824897e+01 2.540004e+01
    endloop
  endfacet
  facet normal -9.571238e-06 -1.000000e+00 1.465494e-14
    outer loop
      vertex 2.698750e+01 -1.826356e+01 2.540004e+01
      vertex 2.381250e+01 -1.826353e+01 4.428440e-05
      vertex 2.698750e+01 -1.826356e+01 4.428440e-05
    endloop
  endfacet
  facet normal -9.571238e-06 -1.000000e+00 1.465494e-14
    outer loop
      vertex 2.381250e+01 -1.826353e+01 4.428440e-05
      vertex 2.698750e+01 -1.826356e+01 2.540004e+01
      vertex 2.381250e+01 -1.826353e+01 2.540004e+01
    endloop
  endfacet
  facet normal 1.254487e-05 -1.287283e-13 1.000000e+00
    outer loop
      vertex -2.379719e+01 -2.302606e+01 2.540000e+01
      vertex -2.379719e+01 -1.826356e+01 2.540000e+01
      vertex -2.698750e+01 -2.302606e+01 2.540004e+01
    endloop
  endfacet
  facet normal 1.254487e-05 -1.287283e-13 1.000000e+00
    outer loop
      vertex -2.698750e+01 -2.302606e+01 2.540004e+01
      vertex -2.698750e+01 1.824897e+01 2.540004e+01
      vertex -2.698750e+01 -1.826356e+01 2.540004e+01
    endloop
  endfacet
  facet normal 1.254487e-05 -1.287283e-13 1.000000e+00
    outer loop
      vertex -2.698750e+01 1.824897e+01 2.540004e+01
      vertex -2.698750e+01 -2.302606e+01 2.540004e+01
      vertex -2.379719e+01 1.824894e+01 2.540000e+01
    endloop
  endfacet
  facet normal 1.254487e-05 -1.287283e-13 1.000000e+00
    outer loop
      vertex -2.379719e+01 1.824894e+01 2.540000e+01
      vertex -2.698750e+01 -2.302606e+01 2.540004e+01
      vertex -2.379719e+01 -1.826356e+01 2.540000e+01
    endloop
  endfacet
  facet normal 7.933533e-01 5.188577e-07 6.087614e-01
    outer loop
      vertex -1.779128e+01 -2.302605e+01 1.872122e+01
      vertex -1.804357e+01 -1.826356e+01 1.905001e+01
      vertex -1.804356e+01 -2.302605e+01 1.905001e+01
    endloop
  endfacet
  facet normal 7.933533e-01 5.188577e-07 6.087614e-01
    outer loop
      vertex -1.804357e+01 -1.826356e+01 1.905001e+01
      vertex -1.779128e+01 -2.302605e+01 1.872122e+01
      vertex -1.779128e+01 -1.826356e+01 1.872122e+01
    endloop
  endfacet
  facet normal 6.087614e-01 3.828309e-07 7.933533e-01
    outer loop
      vertex -1.779128e+01 -2.302605e+01 1.872122e+01
      vertex -1.746250e+01 -1.826356e+01 1.846894e+01
      vertex -1.779128e+01 -1.826356e+01 1.872122e+01
    endloop
  endfacet
  facet normal 6.087614e-01 3.828309e-07 7.933533e-01
    outer loop
      vertex -1.746250e+01 -1.826356e+01 1.846894e+01
      vertex -1.779128e+01 -2.302605e+01 1.872122e+01
      vertex -1.746250e+01 -2.302605e+01 1.846894e+01
    endloop
  endfacet
  facet normal 3.826834e-01 2.207148e-07 9.238795e-01
    outer loop
      vertex -1.746250e+01 -2.302605e+01 1.846894e+01
      vertex -1.707963e+01 -1.826355e+01 1.831035e+01
      vertex -1.746250e+01 -1.826356e+01 1.846894e+01
    endloop
  endfacet
  facet normal 3.826834e-01 2.207148e-07 9.238795e-01
    outer loop
      vertex -1.707963e+01 -1.826355e+01 1.831035e+01
      vertex -1.746250e+01 -2.302605e+01 1.846894e+01
      vertex -1.707962e+01 -2.302605e+01 1.831035e+01
    endloop
  endfacet
  facet normal 1.305262e-01 4.355726e-08 9.914448e-01
    outer loop
      vertex -1.707962e+01 -2.302605e+01 1.831035e+01
      vertex -1.666875e+01 -1.826355e+01 1.825626e+01
      vertex -1.707963e+01 -1.826355e+01 1.831035e+01
    endloop
  endfacet
  facet normal 1.305262e-01 4.355726e-08 9.914448e-01
    outer loop
      vertex -1.666875e+01 -1.826355e+01 1.825626e+01
      vertex -1.707962e+01 -2.302605e+01 1.831035e+01
      vertex -1.666875e+01 -2.302605e+01 1.825626e+01
    endloop
  endfacet
  facet normal -1.305262e-01 -1.365686e-07 9.914448e-01
    outer loop
      vertex -1.666875e+01 -2.302605e+01 1.825626e+01
      vertex -1.625788e+01 -1.826355e+01 1.831035e+01
      vertex -1.666875e+01 -1.826355e+01 1.825626e+01
    endloop
  endfacet
  facet normal -1.305262e-01 -1.365686e-07 9.914448e-01
    outer loop
      vertex -1.625788e+01 -1.826355e+01 1.831035e+01
      vertex -1.666875e+01 -2.302605e+01 1.825626e+01
      vertex -1.625787e+01 -2.302605e+01 1.831035e+01
    endloop
  endfacet
  facet normal -3.826834e-01 -3.073875e-07 9.238795e-01
    outer loop
      vertex -1.625787e+01 -2.302605e+01 1.831035e+01
      vertex -1.587500e+01 -1.826355e+01 1.846894e+01
      vertex -1.625788e+01 -1.826355e+01 1.831035e+01
    endloop
  endfacet
  facet normal -3.826834e-01 -3.073875e-07 9.238795e-01
    outer loop
      vertex -1.587500e+01 -1.826355e+01 1.846894e+01
      vertex -1.625787e+01 -2.302605e+01 1.831035e+01
      vertex -1.587500e+01 -2.302605e+01 1.846894e+01
    endloop
  endfacet
  facet normal -6.087614e-01 -4.572584e-07 7.933533e-01
    outer loop
      vertex -1.587500e+01 -2.302605e+01 1.846894e+01
      vertex -1.554622e+01 -1.826355e+01 1.872122e+01
      vertex -1.587500e+01 -1.826355e+01 1.846894e+01
    endloop
  endfacet
  facet normal -6.087614e-01 -4.572584e-07 7.933533e-01
    outer loop
      vertex -1.554622e+01 -1.826355e+01 1.872122e+01
      vertex -1.587500e+01 -2.302605e+01 1.846894e+01
      vertex -1.554622e+01 -2.302605e+01 1.872122e+01
    endloop
  endfacet
  facet normal -7.933533e-01 -5.759680e-07 6.087614e-01
    outer loop
      vertex -1.529393e+01 -2.302605e+01 1.905001e+01
      vertex -1.554622e+01 -1.826355e+01 1.872122e+01
      vertex -1.554622e+01 -2.302605e+01 1.872122e+01
    endloop
  endfacet
  facet normal -7.933533e-01 -5.759680e-07 6.087614e-01
    outer loop
      vertex -1.554622e+01 -1.826355e+01 1.872122e+01
      vertex -1.529393e+01 -2.302605e+01 1.905001e+01
      vertex -1.529394e+01 -1.826355e+01 1.905001e+01
    endloop
  endfacet
  facet normal -9.238795e-01 -6.554263e-07 3.826834e-01
    outer loop
      vertex -1.513534e+01 -2.302605e+01 1.943288e+01
      vertex -1.529394e+01 -1.826355e+01 1.905001e+01
      vertex -1.529393e+01 -2.302605e+01 1.905001e+01
    endloop
  endfacet
  facet normal -9.238795e-01 -6.554263e-07 3.826834e-01
    outer loop
      vertex -1.529394e+01 -1.826355e+01 1.905001e+01
      vertex -1.513534e+01 -2.302605e+01 1.943288e+01
      vertex -1.513534e+01 -1.826355e+01 1.943288e+01
    endloop
  endfacet
  facet normal -9.914448e-01 -6.902184e-07 1.305262e-01
    outer loop
      vertex -1.508125e+01 -2.302605e+01 1.984376e+01
      vertex -1.513534e+01 -1.826355e+01 1.943288e+01
      vertex -1.513534e+01 -2.302605e+01 1.943288e+01
    endloop
  endfacet
  facet normal -9.914448e-01 -6.902184e-07 1.305262e-01
    outer loop
      vertex -1.513534e+01 -1.826355e+01 1.943288e+01
      vertex -1.508125e+01 -2.302605e+01 1.984376e+01
      vertex -1.508125e+01 -1.826355e+01 1.984376e+01
    endloop
  endfacet
  facet normal -9.914448e-01 -6.779732e-07 -1.305262e-01
    outer loop
      vertex -1.513534e+01 -1.826355e+01 2.025463e+01
      vertex -1.508125e+01 -2.302605e+01 1.984376e+01
      vertex -1.513534e+01 -2.302605e+01 2.025463e+01
    endloop
  endfacet
  facet normal -9.914448e-01 -6.779732e-07 -1.305262e-01
    outer loop
      vertex -1.508125e+01 -2.302605e+01 1.984376e+01
      vertex -1.513534e+01 -1.826355e+01 2.025463e+01
      vertex -1.508125e+01 -1.826355e+01 1.984376e+01
    endloop
  endfacet
  facet normal -9.238795e-01 -6.195253e-07 -3.826834e-01
    outer loop
      vertex -1.529394e+01 -1.826355e+01 2.063751e+01
      vertex -1.513534e+01 -2.302605e+01 2.025463e+01
      vertex -1.529393e+01 -2.302605e+01 2.063751e+01
    endloop
  endfacet
  facet normal -9.238795e-01 -6.195253e-07 -3.826834e-01
    outer loop
      vertex -1.513534e+01 -2.302605e+01 2.025463e+01
      vertex -1.529394e+01 -1.826355e+01 2.063751e+01
      vertex -1.513534e+01 -1.826355e+01 2.025463e+01
    endloop
  endfacet
  facet normal -7.933533e-01 -5.188577e-07 -6.087614e-01
    outer loop
      vertex -1.554622e+01 -1.826355e+01 2.096629e+01
      vertex -1.529393e+01 -2.302605e+01 2.063751e+01
      vertex -1.554622e+01 -2.302605e+01 2.096629e+01
    endloop
  endfacet
  facet normal -7.933533e-01 -5.188577e-07 -6.087614e-01
    outer loop
      vertex -1.529393e+01 -2.302605e+01 2.063751e+01
      vertex -1.554622e+01 -1.826355e+01 2.096629e+01
      vertex -1.529394e+01 -1.826355e+01 2.063751e+01
    endloop
  endfacet
  facet normal -6.087614e-01 -3.828309e-07 -7.933533e-01
    outer loop
      vertex -1.554622e+01 -1.826355e+01 2.096629e+01
      vertex -1.587500e+01 -2.302605e+01 2.121857e+01
      vertex -1.587500e+01 -1.826355e+01 2.121857e+01
    endloop
  endfacet
  facet normal -6.087614e-01 -3.828309e-07 -7.933533e-01
    outer loop
      vertex -1.587500e+01 -2.302605e+01 2.121857e+01
      vertex -1.554622e+01 -1.826355e+01 2.096629e+01
      vertex -1.554622e+01 -2.302605e+01 2.096629e+01
    endloop
  endfacet
  facet normal -3.826834e-01 -2.207148e-07 -9.238795e-01
    outer loop
      vertex -1.587500e+01 -1.826355e+01 2.121857e+01
      vertex -1.625787e+01 -2.302605e+01 2.137716e+01
      vertex -1.625788e+01 -1.826355e+01 2.137716e+01
    endloop
  endfacet
  facet normal -3.826834e-01 -2.207148e-07 -9.238795e-01
    outer loop
      vertex -1.625787e+01 -2.302605e+01 2.137716e+01
      vertex -1.587500e+01 -1.826355e+01 2.121857e+01
      vertex -1.587500e+01 -2.302605e+01 2.121857e+01
    endloop
  endfacet
  facet normal -1.305262e-01 -4.355726e-08 -9.914448e-01
    outer loop
      vertex -1.625788e+01 -1.826355e+01 2.137716e+01
      vertex -1.666875e+01 -2.302605e+01 2.143126e+01
      vertex -1.666875e+01 -1.826355e+01 2.143126e+01
    endloop
  endfacet
  facet normal -1.305262e-01 -4.355726e-08 -9.914448e-01
    outer loop
      vertex -1.666875e+01 -2.302605e+01 2.143126e+01
      vertex -1.625788e+01 -1.826355e+01 2.137716e+01
      vertex -1.625787e+01 -2.302605e+01 2.137716e+01
    endloop
  endfacet
  facet normal 1.305262e-01 1.365686e-07 -9.914448e-01
    outer loop
      vertex -1.666875e+01 -1.826355e+01 2.143126e+01
      vertex -1.707962e+01 -2.302605e+01 2.137716e+01
      vertex -1.707963e+01 -1.826356e+01 2.137716e+01
    endloop
  endfacet
  facet normal 1.305262e-01 1.365686e-07 -9.914448e-01
    outer loop
      vertex -1.707962e+01 -2.302605e+01 2.137716e+01
      vertex -1.666875e+01 -1.826355e+01 2.143126e+01
      vertex -1.666875e+01 -2.302605e+01 2.143126e+01
    endloop
  endfacet
  facet normal 3.826834e-01 3.073875e-07 -9.238795e-01
    outer loop
      vertex -1.707963e+01 -1.826356e+01 2.137716e+01
      vertex -1.746250e+01 -2.302605e+01 2.121857e+01
      vertex -1.746250e+01 -1.826356e+01 2.121857e+01
    endloop
  endfacet
  facet normal 3.826834e-01 3.073875e-07 -9.238795e-01
    outer loop
      vertex -1.746250e+01 -2.302605e+01 2.121857e+01
      vertex -1.707963e+01 -1.826356e+01 2.137716e+01
      vertex -1.707962e+01 -2.302605e+01 2.137716e+01
    endloop
  endfacet
  facet normal 6.087614e-01 4.572584e-07 -7.933533e-01
    outer loop
      vertex -1.746250e+01 -1.826356e+01 2.121857e+01
      vertex -1.779128e+01 -2.302605e+01 2.096629e+01
      vertex -1.779128e+01 -1.826356e+01 2.096629e+01
    endloop
  endfacet
  facet normal 6.087614e-01 4.572584e-07 -7.933533e-01
    outer loop
      vertex -1.779128e+01 -2.302605e+01 2.096629e+01
      vertex -1.746250e+01 -1.826356e+01 2.121857e+01
      vertex -1.746250e+01 -2.302605e+01 2.121857e+01
    endloop
  endfacet
  facet normal 7.933533e-01 5.759680e-07 -6.087614e-01
    outer loop
      vertex -1.804357e+01 -1.826356e+01 2.063751e+01
      vertex -1.779128e+01 -2.302605e+01 2.096629e+01
      vertex -1.804356e+01 -2.302605e+01 2.063751e+01
    endloop
  endfacet
  facet normal 7.933533e-01 5.759680e-07 -6.087614e-01
    outer loop
      vertex -1.779128e+01 -2.302605e+01 2.096629e+01
      vertex -1.804357e+01 -1.826356e+01 2.063751e+01
      vertex -1.779128e+01 -1.826356e+01 2.096629e+01
    endloop
  endfacet
  facet normal 9.238795e-01 6.554263e-07 -3.826834e-01
    outer loop
      vertex -1.820216e+01 -1.826356e+01 2.025463e+01
      vertex -1.804356e+01 -2.302605e+01 2.063751e+01
      vertex -1.820215e+01 -2.302605e+01 2.025463e+01
    endloop
  endfacet
  facet normal 9.238795e-01 6.554263e-07 -3.826834e-01
    outer loop
      vertex -1.804356e+01 -2.302605e+01 2.063751e+01
      vertex -1.820216e+01 -1.826356e+01 2.025463e+01
      vertex -1.804357e+01 -1.826356e+01 2.063751e+01
    endloop
  endfacet
  facet normal 9.914448e-01 6.902184e-07 -1.305262e-01
    outer loop
      vertex -1.825625e+01 -1.826356e+01 1.984376e+01
      vertex -1.820215e+01 -2.302605e+01 2.025463e+01
      vertex -1.825625e+01 -2.302605e+01 1.984376e+01
    endloop
  endfacet
  facet normal 9.914448e-01 6.902184e-07 -1.305262e-01
    outer loop
      vertex -1.820215e+01 -2.302605e+01 2.025463e+01
      vertex -1.825625e+01 -1.826356e+01 1.984376e+01
      vertex -1.820216e+01 -1.826356e+01 2.025463e+01
    endloop
  endfacet
  facet normal 9.914448e-01 6.779732e-07 1.305262e-01
    outer loop
      vertex -1.820215e+01 -2.302605e+01 1.943288e+01
      vertex -1.825625e+01 -1.826356e+01 1.984376e+01
      vertex -1.825625e+01 -2.302605e+01 1.984376e+01
    endloop
  endfacet
  facet normal 9.914448e-01 6.779732e-07 1.305262e-01
    outer loop
      vertex -1.825625e+01 -1.826356e+01 1.984376e+01
      vertex -1.820215e+01 -2.302605e+01 1.943288e+01
      vertex -1.820216e+01 -1.826356e+01 1.943288e+01
    endloop
  endfacet
  facet normal 9.238795e-01 6.195253e-07 3.826834e-01
    outer loop
      vertex -1.804356e+01 -2.302605e+01 1.905001e+01
      vertex -1.820216e+01 -1.826356e+01 1.943288e+01
      vertex -1.820215e+01 -2.302605e+01 1.943288e+01
    endloop
  endfacet
  facet normal 9.238795e-01 6.195253e-07 3.826834e-01
    outer loop
      vertex -1.820216e+01 -1.826356e+01 1.943288e+01
      vertex -1.804356e+01 -2.302605e+01 1.905001e+01
      vertex -1.804357e+01 -1.826356e+01 1.905001e+01
    endloop
  endfacet
  facet normal -3.781316e-01 -3.043346e-07 9.257519e-01
    outer loop
      vertex -5.152924e+00 -2.302605e+01 1.830835e+01
      vertex -4.769276e+00 -1.826355e+01 1.846506e+01
      vertex -5.152927e+00 -1.826355e+01 1.830835e+01
    endloop
  endfacet
  facet normal -3.781316e-01 -3.043346e-07 9.257519e-01
    outer loop
      vertex -4.769276e+00 -1.826355e+01 1.846506e+01
      vertex -5.152924e+00 -2.302605e+01 1.830835e+01
      vertex -4.769273e+00 -2.302605e+01 1.846506e+01
    endloop
  endfacet
  facet normal -6.048493e-01 -4.546992e-07 7.963400e-01
    outer loop
      vertex -4.769273e+00 -2.302605e+01 1.846506e+01
      vertex -4.439257e+00 -1.826355e+01 1.871572e+01
      vertex -4.769276e+00 -1.826355e+01 1.846506e+01
    endloop
  endfacet
  facet normal -6.048493e-01 -4.546992e-07 7.963400e-01
    outer loop
      vertex -4.439257e+00 -1.826355e+01 1.871572e+01
      vertex -4.769273e+00 -2.302605e+01 1.846506e+01
      vertex -4.439253e+00 -2.302604e+01 1.871572e+01
    endloop
  endfacet
  facet normal -7.903475e-01 -5.740768e-07 6.126588e-01
    outer loop
      vertex -4.185355e+00 -2.302604e+01 1.904326e+01
      vertex -4.439257e+00 -1.826355e+01 1.871572e+01
      vertex -4.439253e+00 -2.302604e+01 1.871572e+01
    endloop
  endfacet
  facet normal -7.903475e-01 -5.740768e-07 6.126588e-01
    outer loop
      vertex -4.439257e+00 -1.826355e+01 1.871572e+01
      vertex -4.185355e+00 -2.302604e+01 1.904326e+01
      vertex -4.185358e+00 -1.826355e+01 1.904326e+01
    endloop
  endfacet
  facet normal -9.219849e-01 -6.543319e-07 3.872260e-01
    outer loop
      vertex -4.024880e+00 -2.302604e+01 1.942535e+01
      vertex -4.185358e+00 -1.826355e+01 1.904326e+01
      vertex -4.185355e+00 -2.302604e+01 1.904326e+01
    endloop
  endfacet
  facet normal -9.219849e-01 -6.543319e-07 3.872260e-01
    outer loop
      vertex -4.185358e+00 -1.826355e+01 1.904326e+01
      vertex -4.024880e+00 -2.302604e+01 1.942535e+01
      vertex -4.024884e+00 -1.826355e+01 1.942535e+01
    endloop
  endfacet
  facet normal -9.907904e-01 -6.899957e-07 1.354043e-01
    outer loop
      vertex -3.968766e+00 -2.302604e+01 1.983595e+01
      vertex -4.024884e+00 -1.826355e+01 1.942535e+01
      vertex -4.024880e+00 -2.302604e+01 1.942535e+01
    endloop
  endfacet
  facet normal -9.907904e-01 -6.899957e-07 1.354043e-01
    outer loop
      vertex -4.024884e+00 -1.826355e+01 1.942535e+01
      vertex -3.968766e+00 -2.302604e+01 1.983595e+01
      vertex -3.968769e+00 -1.826355e+01 1.983595e+01
    endloop
  endfacet
  facet normal -9.920753e-01 -6.786373e-07 -1.256449e-01
    outer loop
      vertex -4.020839e+00 -1.826355e+01 2.024709e+01
      vertex -3.968766e+00 -2.302604e+01 1.983595e+01
      vertex -4.020836e+00 -2.302604e+01 2.024709e+01
    endloop
  endfacet
  facet normal -9.920753e-01 -6.786373e-07 -1.256449e-01
    outer loop
      vertex -3.968766e+00 -2.302604e+01 1.983595e+01
      vertex -4.020839e+00 -1.826355e+01 2.024709e+01
      vertex -3.968769e+00 -1.826355e+01 1.983595e+01
    endloop
  endfacet
  facet normal -9.257519e-01 -6.210307e-07 -3.781316e-01
    outer loop
      vertex -4.177545e+00 -1.826355e+01 2.063074e+01
      vertex -4.020836e+00 -2.302604e+01 2.024709e+01
      vertex -4.177541e+00 -2.302604e+01 2.063074e+01
    endloop
  endfacet
  facet normal -9.257519e-01 -6.210307e-07 -3.781316e-01
    outer loop
      vertex -4.020836e+00 -2.302604e+01 2.024709e+01
      vertex -4.177545e+00 -1.826355e+01 2.063074e+01
      vertex -4.020839e+00 -1.826355e+01 2.024709e+01
    endloop
  endfacet
  facet normal -7.963400e-01 -5.211021e-07 -6.048493e-01
    outer loop
      vertex -4.428207e+00 -1.826355e+01 2.096076e+01
      vertex -4.177541e+00 -2.302604e+01 2.063074e+01
      vertex -4.428204e+00 -2.302604e+01 2.096076e+01
    endloop
  endfacet
  facet normal -7.963400e-01 -5.211021e-07 -6.048493e-01
    outer loop
      vertex -4.177541e+00 -2.302604e+01 2.063074e+01
      vertex -4.428207e+00 -1.826355e+01 2.096076e+01
      vertex -4.177545e+00 -1.826355e+01 2.063074e+01
    endloop
  endfacet
  facet normal -6.126588e-01 -3.856611e-07 -7.903475e-01
    outer loop
      vertex -4.428207e+00 -1.826355e+01 2.096076e+01
      vertex -4.755740e+00 -2.302605e+01 2.121466e+01
      vertex -4.755743e+00 -1.826355e+01 2.121466e+01
    endloop
  endfacet
  facet normal -6.126588e-01 -3.856611e-07 -7.903475e-01
    outer loop
      vertex -4.755740e+00 -2.302605e+01 2.121466e+01
      vertex -4.428207e+00 -1.826355e+01 2.096076e+01
      vertex -4.428204e+00 -2.302604e+01 2.096076e+01
    endloop
  endfacet
  facet normal -3.872260e-01 -2.239380e-07 -9.219849e-01
    outer loop
      vertex -4.755743e+00 -1.826355e+01 2.121466e+01
      vertex -5.137829e+00 -2.302605e+01 2.137513e+01
      vertex -5.137833e+00 -1.826355e+01 2.137513e+01
    endloop
  endfacet
  facet normal -3.872260e-01 -2.239380e-07 -9.219849e-01
    outer loop
      vertex -5.137829e+00 -2.302605e+01 2.137513e+01
      vertex -4.755743e+00 -1.826355e+01 2.121466e+01
      vertex -4.755740e+00 -2.302605e+01 2.121466e+01
    endloop
  endfacet
  facet normal -1.354043e-01 -4.695388e-08 -9.907904e-01
    outer loop
      vertex -5.137833e+00 -1.826355e+01 2.137513e+01
      vertex -5.548433e+00 -2.302605e+01 2.143125e+01
      vertex -5.548436e+00 -1.826355e+01 2.143125e+01
    endloop
  endfacet
  facet normal -1.354043e-01 -4.695388e-08 -9.907904e-01
    outer loop
      vertex -5.548433e+00 -2.302605e+01 2.143125e+01
      vertex -5.137833e+00 -1.826355e+01 2.137513e+01
      vertex -5.137829e+00 -2.302605e+01 2.137513e+01
    endloop
  endfacet
  facet normal 1.256449e-01 1.332301e-07 -9.920753e-01
    outer loop
      vertex -5.548436e+00 -1.826355e+01 2.143125e+01
      vertex -5.959570e+00 -2.302605e+01 2.137918e+01
      vertex -5.959573e+00 -1.826355e+01 2.137918e+01
    endloop
  endfacet
  facet normal 1.256449e-01 1.332301e-07 -9.920753e-01
    outer loop
      vertex -5.959570e+00 -2.302605e+01 2.137918e+01
      vertex -5.548436e+00 -1.826355e+01 2.143125e+01
      vertex -5.548433e+00 -2.302605e+01 2.143125e+01
    endloop
  endfacet
  facet normal 3.781316e-01 3.043346e-07 -9.257519e-01
    outer loop
      vertex -5.959573e+00 -1.826355e+01 2.137918e+01
      vertex -6.343220e+00 -2.302605e+01 2.122247e+01
      vertex -6.343224e+00 -1.826355e+01 2.122247e+01
    endloop
  endfacet
  facet normal 3.781316e-01 3.043346e-07 -9.257519e-01
    outer loop
      vertex -6.343220e+00 -2.302605e+01 2.122247e+01
      vertex -5.959573e+00 -1.826355e+01 2.137918e+01
      vertex -5.959570e+00 -2.302605e+01 2.137918e+01
    endloop
  endfacet
  facet normal 6.048493e-01 4.546992e-07 -7.963400e-01
    outer loop
      vertex -6.343224e+00 -1.826355e+01 2.122247e+01
      vertex -6.673241e+00 -2.302605e+01 2.097181e+01
      vertex -6.673244e+00 -1.826355e+01 2.097181e+01
    endloop
  endfacet
  facet normal 6.048493e-01 4.546992e-07 -7.963400e-01
    outer loop
      vertex -6.673241e+00 -2.302605e+01 2.097181e+01
      vertex -6.343224e+00 -1.826355e+01 2.122247e+01
      vertex -6.343220e+00 -2.302605e+01 2.122247e+01
    endloop
  endfacet
  facet normal 7.903475e-01 5.740768e-07 -6.126588e-01
    outer loop
      vertex -6.927142e+00 -1.826355e+01 2.064427e+01
      vertex -6.673241e+00 -2.302605e+01 2.097181e+01
      vertex -6.927139e+00 -2.302605e+01 2.064427e+01
    endloop
  endfacet
  facet normal 7.903475e-01 5.740768e-07 -6.126588e-01
    outer loop
      vertex -6.673241e+00 -2.302605e+01 2.097181e+01
      vertex -6.927142e+00 -1.826355e+01 2.064427e+01
      vertex -6.673244e+00 -1.826355e+01 2.097181e+01
    endloop
  endfacet
  facet normal 9.219849e-01 6.543319e-07 -3.872260e-01
    outer loop
      vertex -7.087616e+00 -1.826355e+01 2.026218e+01
      vertex -6.927139e+00 -2.302605e+01 2.064427e+01
      vertex -7.087613e+00 -2.302605e+01 2.026218e+01
    endloop
  endfacet
  facet normal 9.219849e-01 6.543319e-07 -3.872260e-01
    outer loop
      vertex -6.927139e+00 -2.302605e+01 2.064427e+01
      vertex -7.087616e+00 -1.826355e+01 2.026218e+01
      vertex -6.927142e+00 -1.826355e+01 2.064427e+01
    endloop
  endfacet
  facet normal 9.907904e-01 6.899957e-07 -1.354043e-01
    outer loop
      vertex -7.143731e+00 -1.826355e+01 1.985158e+01
      vertex -7.087613e+00 -2.302605e+01 2.026218e+01
      vertex -7.143727e+00 -2.302605e+01 1.985158e+01
    endloop
  endfacet
  facet normal 9.907904e-01 6.899957e-07 -1.354043e-01
    outer loop
      vertex -7.087613e+00 -2.302605e+01 2.026218e+01
      vertex -7.143731e+00 -1.826355e+01 1.985158e+01
      vertex -7.087616e+00 -1.826355e+01 2.026218e+01
    endloop
  endfacet
  facet normal 9.920753e-01 6.786373e-07 1.256449e-01
    outer loop
      vertex -7.091658e+00 -2.302605e+01 1.944044e+01
      vertex -7.143731e+00 -1.826355e+01 1.985158e+01
      vertex -7.143727e+00 -2.302605e+01 1.985158e+01
    endloop
  endfacet
  facet normal 9.920753e-01 6.786373e-07 1.256449e-01
    outer loop
      vertex -7.143731e+00 -1.826355e+01 1.985158e+01
      vertex -7.091658e+00 -2.302605e+01 1.944044e+01
      vertex -7.091661e+00 -1.826355e+01 1.944044e+01
    endloop
  endfacet
  facet normal 9.257519e-01 6.210307e-07 3.781316e-01
    outer loop
      vertex -6.934952e+00 -2.302605e+01 1.905679e+01
      vertex -7.091661e+00 -1.826355e+01 1.944044e+01
      vertex -7.091658e+00 -2.302605e+01 1.944044e+01
    endloop
  endfacet
  facet normal 9.257519e-01 6.210307e-07 3.781316e-01
    outer loop
      vertex -7.091661e+00 -1.826355e+01 1.944044e+01
      vertex -6.934952e+00 -2.302605e+01 1.905679e+01
      vertex -6.934956e+00 -1.826355e+01 1.905679e+01
    endloop
  endfacet
  facet normal 7.963400e-01 5.211021e-07 6.048493e-01
    outer loop
      vertex -6.684290e+00 -2.302605e+01 1.872677e+01
      vertex -6.934956e+00 -1.826355e+01 1.905679e+01
      vertex -6.934952e+00 -2.302605e+01 1.905679e+01
    endloop
  endfacet
  facet normal 7.963400e-01 5.211021e-07 6.048493e-01
    outer loop
      vertex -6.934956e+00 -1.826355e+01 1.905679e+01
      vertex -6.684290e+00 -2.302605e+01 1.872677e+01
      vertex -6.684293e+00 -1.826355e+01 1.872677e+01
    endloop
  endfacet
  facet normal 6.126588e-01 3.856611e-07 7.903475e-01
    outer loop
      vertex -6.684290e+00 -2.302605e+01 1.872677e+01
      vertex -6.356757e+00 -1.826355e+01 1.847287e+01
      vertex -6.684293e+00 -1.826355e+01 1.872677e+01
    endloop
  endfacet
  facet normal 6.126588e-01 3.856611e-07 7.903475e-01
    outer loop
      vertex -6.356757e+00 -1.826355e+01 1.847287e+01
      vertex -6.684290e+00 -2.302605e+01 1.872677e+01
      vertex -6.356754e+00 -2.302605e+01 1.847287e+01
    endloop
  endfacet
  facet normal 3.872260e-01 2.239380e-07 9.219849e-01
    outer loop
      vertex -6.356754e+00 -2.302605e+01 1.847287e+01
      vertex -5.974668e+00 -1.826355e+01 1.831240e+01
      vertex -6.356757e+00 -1.826355e+01 1.847287e+01
    endloop
  endfacet
  facet normal 3.872260e-01 2.239380e-07 9.219849e-01
    outer loop
      vertex -5.974668e+00 -1.826355e+01 1.831240e+01
      vertex -6.356754e+00 -2.302605e+01 1.847287e+01
      vertex -5.974664e+00 -2.302605e+01 1.831240e+01
    endloop
  endfacet
  facet normal 1.354043e-01 4.695388e-08 9.907904e-01
    outer loop
      vertex -5.974664e+00 -2.302605e+01 1.831240e+01
      vertex -5.564064e+00 -1.826355e+01 1.825629e+01
      vertex -5.974668e+00 -1.826355e+01 1.831240e+01
    endloop
  endfacet
  facet normal 1.354043e-01 4.695388e-08 9.907904e-01
    outer loop
      vertex -5.564064e+00 -1.826355e+01 1.825629e+01
      vertex -5.974664e+00 -2.302605e+01 1.831240e+01
      vertex -5.564061e+00 -2.302605e+01 1.825629e+01
    endloop
  endfacet
  facet normal -1.256449e-01 -1.332301e-07 9.920753e-01
    outer loop
      vertex -5.564061e+00 -2.302605e+01 1.825629e+01
      vertex -5.152927e+00 -1.826355e+01 1.830835e+01
      vertex -5.564064e+00 -1.826355e+01 1.825629e+01
    endloop
  endfacet
  facet normal -1.256449e-01 -1.332301e-07 9.920753e-01
    outer loop
      vertex -5.152927e+00 -1.826355e+01 1.830835e+01
      vertex -5.564061e+00 -2.302605e+01 1.825629e+01
      vertex -5.152924e+00 -2.302605e+01 1.830835e+01
    endloop
  endfacet
  facet normal 9.815791e-01 6.683267e-07 1.910560e-01
    outer loop
      vertex 4.050916e+00 -2.302604e+01 1.933968e+01
      vertex 3.971735e+00 -1.826354e+01 1.974646e+01
      vertex 3.971739e+00 -2.302604e+01 1.974646e+01
    endloop
  endfacet
  facet normal 9.815791e-01 6.683267e-07 1.910560e-01
    outer loop
      vertex 3.971735e+00 -1.826354e+01 1.974646e+01
      vertex 4.050916e+00 -2.302604e+01 1.933968e+01
      vertex 4.050913e+00 -1.826354e+01 1.933968e+01
    endloop
  endfacet
  facet normal 8.986837e-01 5.995174e-07 4.385973e-01
    outer loop
      vertex 4.232680e+00 -2.302604e+01 1.896724e+01
      vertex 4.050913e+00 -1.826354e+01 1.933968e+01
      vertex 4.050916e+00 -2.302604e+01 1.933968e+01
    endloop
  endfacet
  facet normal 8.986837e-01 5.995174e-07 4.385973e-01
    outer loop
      vertex 4.050913e+00 -1.826354e+01 1.933968e+01
      vertex 4.232680e+00 -2.302604e+01 1.896724e+01
      vertex 4.232677e+00 -1.826354e+01 1.896724e+01
    endloop
  endfacet
  facet normal 7.545444e-01 4.898521e-07 6.562489e-01
    outer loop
      vertex 4.504643e+00 -2.302604e+01 1.865454e+01
      vertex 4.232677e+00 -1.826354e+01 1.896724e+01
      vertex 4.232680e+00 -2.302604e+01 1.896724e+01
    endloop
  endfacet
  facet normal 7.545444e-01 4.898521e-07 6.562489e-01
    outer loop
      vertex 4.232677e+00 -1.826354e+01 1.896724e+01
      vertex 4.504643e+00 -2.302604e+01 1.865454e+01
      vertex 4.504640e+00 -1.826354e+01 1.865454e+01
    endloop
  endfacet
  facet normal 5.589842e-01 3.468043e-07 8.291783e-01
    outer loop
      vertex 4.504643e+00 -2.302604e+01 1.865454e+01
      vertex 4.848268e+00 -1.826354e+01 1.842289e+01
      vertex 4.504640e+00 -1.826354e+01 1.865454e+01
    endloop
  endfacet
  facet normal 5.589842e-01 3.468043e-07 8.291783e-01
    outer loop
      vertex 4.848268e+00 -1.826354e+01 1.842289e+01
      vertex 4.504643e+00 -2.302604e+01 1.865454e+01
      vertex 4.848272e+00 -2.302604e+01 1.842289e+01
    endloop
  endfacet
  facet normal 3.253302e-01 1.801222e-07 9.456005e-01
    outer loop
      vertex 4.848272e+00 -2.302604e+01 1.842289e+01
      vertex 5.240145e+00 -1.826354e+01 1.828807e+01
      vertex 4.848268e+00 -1.826354e+01 1.842289e+01
    endloop
  endfacet
  facet normal 3.253302e-01 1.801222e-07 9.456005e-01
    outer loop
      vertex 5.240145e+00 -1.826354e+01 1.828807e+01
      vertex 4.848272e+00 -2.302604e+01 1.842289e+01
      vertex 5.240148e+00 -2.302604e+01 1.828807e+01
    endloop
  endfacet
  facet normal 6.950540e-02 1.165136e-09 9.975816e-01
    outer loop
      vertex 5.240148e+00 -2.302604e+01 1.828807e+01
      vertex 5.653563e+00 -1.826354e+01 1.825926e+01
      vertex 5.240145e+00 -1.826354e+01 1.828807e+01
    endloop
  endfacet
  facet normal 6.950540e-02 1.165136e-09 9.975816e-01
    outer loop
      vertex 5.653563e+00 -1.826354e+01 1.825926e+01
      vertex 5.240148e+00 -2.302604e+01 1.828807e+01
      vertex 5.653566e+00 -2.302604e+01 1.825926e+01
    endloop
  endfacet
  facet normal -1.910560e-01 -1.778713e-07 9.815791e-01
    outer loop
      vertex 5.653566e+00 -2.302604e+01 1.825926e+01
      vertex 6.060350e+00 -1.826354e+01 1.833844e+01
      vertex 5.653563e+00 -1.826354e+01 1.825926e+01
    endloop
  endfacet
  facet normal -1.910560e-01 -1.778713e-07 9.815791e-01
    outer loop
      vertex 6.060350e+00 -1.826354e+01 1.833844e+01
      vertex 5.653566e+00 -2.302604e+01 1.825926e+01
      vertex 6.060353e+00 -2.302604e+01 1.833844e+01
    endloop
  endfacet
  facet normal -4.385973e-01 -3.447862e-07 8.986837e-01
    outer loop
      vertex 6.060353e+00 -2.302604e+01 1.833844e+01
      vertex 6.432783e+00 -1.826354e+01 1.852020e+01
      vertex 6.060350e+00 -1.826354e+01 1.833844e+01
    endloop
  endfacet
  facet normal -4.385973e-01 -3.447862e-07 8.986837e-01
    outer loop
      vertex 6.432783e+00 -1.826354e+01 1.852020e+01
      vertex 6.060353e+00 -2.302604e+01 1.833844e+01
      vertex 6.432786e+00 -2.302604e+01 1.852020e+01
    endloop
  endfacet
  facet normal -6.562489e-01 -4.882044e-07 7.545444e-01
    outer loop
      vertex 6.432786e+00 -2.302604e+01 1.852020e+01
      vertex 6.745482e+00 -1.826354e+01 1.879217e+01
      vertex 6.432783e+00 -1.826354e+01 1.852020e+01
    endloop
  endfacet
  facet normal -6.562489e-01 -4.882044e-07 7.545444e-01
    outer loop
      vertex 6.745482e+00 -1.826354e+01 1.879217e+01
      vertex 6.432786e+00 -2.302604e+01 1.852020e+01
      vertex 6.745485e+00 -2.302604e+01 1.879217e+01
    endloop
  endfacet
  facet normal -8.291783e-01 -5.983523e-07 5.589842e-01
    outer loop
      vertex 6.977140e+00 -2.302604e+01 1.913579e+01
      vertex 6.745482e+00 -1.826354e+01 1.879217e+01
      vertex 6.745485e+00 -2.302604e+01 1.879217e+01
    endloop
  endfacet
  facet normal -8.291783e-01 -5.983523e-07 5.589842e-01
    outer loop
      vertex 6.745482e+00 -1.826354e+01 1.879217e+01
      vertex 6.977140e+00 -2.302604e+01 1.913579e+01
      vertex 6.977136e+00 -1.826354e+01 1.913579e+01
    endloop
  endfacet
  facet normal -9.456005e-01 -6.677234e-07 3.253302e-01
    outer loop
      vertex 7.111963e+00 -2.302604e+01 1.952767e+01
      vertex 6.977136e+00 -1.826354e+01 1.913579e+01
      vertex 6.977140e+00 -2.302604e+01 1.913579e+01
    endloop
  endfacet
  facet normal -9.456005e-01 -6.677234e-07 3.253302e-01
    outer loop
      vertex 6.977136e+00 -1.826354e+01 1.913579e+01
      vertex 7.111963e+00 -2.302604e+01 1.952767e+01
      vertex 7.111960e+00 -1.826354e+01 1.952767e+01
    endloop
  endfacet
  facet normal -9.975816e-01 -6.915903e-07 6.950540e-02
    outer loop
      vertex 7.140768e+00 -2.302604e+01 1.994109e+01
      vertex 7.111960e+00 -1.826354e+01 1.952767e+01
      vertex 7.111963e+00 -2.302604e+01 1.952767e+01
    endloop
  endfacet
  facet normal -9.975816e-01 -6.915903e-07 6.950540e-02
    outer loop
      vertex 7.111960e+00 -1.826354e+01 1.952767e+01
      vertex 7.140768e+00 -2.302604e+01 1.994109e+01
      vertex 7.140764e+00 -1.826354e+01 1.994109e+01
    endloop
  endfacet
  facet normal -9.815791e-01 -6.683267e-07 -1.910560e-01
    outer loop
      vertex 7.061587e+00 -1.826354e+01 2.034788e+01
      vertex 7.140768e+00 -2.302604e+01 1.994109e+01
      vertex 7.061590e+00 -2.302604e+01 2.034788e+01
    endloop
  endfacet
  facet normal -9.815791e-01 -6.683267e-07 -1.910560e-01
    outer loop
      vertex 7.140768e+00 -2.302604e+01 1.994109e+01
      vertex 7.061587e+00 -1.826354e+01 2.034788e+01
      vertex 7.140764e+00 -1.826354e+01 1.994109e+01
    endloop
  endfacet
  facet normal -8.986837e-01 -5.995174e-07 -4.385973e-01
    outer loop
      vertex 6.879823e+00 -1.826354e+01 2.072031e+01
      vertex 7.061590e+00 -2.302604e+01 2.034788e+01
      vertex 6.879826e+00 -2.302604e+01 2.072031e+01
    endloop
  endfacet
  facet normal -8.986837e-01 -5.995174e-07 -4.385973e-01
    outer loop
      vertex 7.061590e+00 -2.302604e+01 2.034788e+01
      vertex 6.879823e+00 -1.826354e+01 2.072031e+01
      vertex 7.061587e+00 -1.826354e+01 2.034788e+01
    endloop
  endfacet
  facet normal -7.545444e-01 -4.898521e-07 -6.562489e-01
    outer loop
      vertex 6.607860e+00 -1.826354e+01 2.103301e+01
      vertex 6.879826e+00 -2.302604e+01 2.072031e+01
      vertex 6.607863e+00 -2.302604e+01 2.103301e+01
    endloop
  endfacet
  facet normal -7.545444e-01 -4.898521e-07 -6.562489e-01
    outer loop
      vertex 6.879826e+00 -2.302604e+01 2.072031e+01
      vertex 6.607860e+00 -1.826354e+01 2.103301e+01
      vertex 6.879823e+00 -1.826354e+01 2.072031e+01
    endloop
  endfacet
  facet normal -5.589842e-01 -3.468043e-07 -8.291783e-01
    outer loop
      vertex 6.607860e+00 -1.826354e+01 2.103301e+01
      vertex 6.264235e+00 -2.302604e+01 2.126466e+01
      vertex 6.264231e+00 -1.826354e+01 2.126466e+01
    endloop
  endfacet
  facet normal -5.589842e-01 -3.468043e-07 -8.291783e-01
    outer loop
      vertex 6.264235e+00 -2.302604e+01 2.126466e+01
      vertex 6.607860e+00 -1.826354e+01 2.103301e+01
      vertex 6.607863e+00 -2.302604e+01 2.103301e+01
    endloop
  endfacet
  facet normal -3.253302e-01 -1.801222e-07 -9.456005e-01
    outer loop
      vertex 6.264231e+00 -1.826354e+01 2.126466e+01
      vertex 5.872358e+00 -2.302604e+01 2.139949e+01
      vertex 5.872355e+00 -1.826354e+01 2.139949e+01
    endloop
  endfacet
  facet normal -3.253302e-01 -1.801222e-07 -9.456005e-01
    outer loop
      vertex 5.872358e+00 -2.302604e+01 2.139949e+01
      vertex 6.264231e+00 -1.826354e+01 2.126466e+01
      vertex 6.264235e+00 -2.302604e+01 2.126466e+01
    endloop
  endfacet
  facet normal -6.950540e-02 -1.165136e-09 -9.975816e-01
    outer loop
      vertex 5.872355e+00 -1.826354e+01 2.139949e+01
      vertex 5.458940e+00 -2.302604e+01 2.142829e+01
      vertex 5.458937e+00 -1.826354e+01 2.142829e+01
    endloop
  endfacet
  facet normal -6.950540e-02 -1.165136e-09 -9.975816e-01
    outer loop
      vertex 5.458940e+00 -2.302604e+01 2.142829e+01
      vertex 5.872355e+00 -1.826354e+01 2.139949e+01
      vertex 5.872358e+00 -2.302604e+01 2.139949e+01
    endloop
  endfacet
  facet normal 1.910560e-01 1.778713e-07 -9.815791e-01
    outer loop
      vertex 5.458937e+00 -1.826354e+01 2.142829e+01
      vertex 5.052153e+00 -2.302604e+01 2.134911e+01
      vertex 5.052150e+00 -1.826354e+01 2.134911e+01
    endloop
  endfacet
  facet normal 1.910560e-01 1.778713e-07 -9.815791e-01
    outer loop
      vertex 5.052153e+00 -2.302604e+01 2.134911e+01
      vertex 5.458937e+00 -1.826354e+01 2.142829e+01
      vertex 5.458940e+00 -2.302604e+01 2.142829e+01
    endloop
  endfacet
  facet normal 4.385973e-01 3.447862e-07 -8.986837e-01
    outer loop
      vertex 5.052150e+00 -1.826354e+01 2.134911e+01
      vertex 4.679720e+00 -2.302604e+01 2.116735e+01
      vertex 4.679717e+00 -1.826354e+01 2.116735e+01
    endloop
  endfacet
  facet normal 4.385973e-01 3.447862e-07 -8.986837e-01
    outer loop
      vertex 4.679720e+00 -2.302604e+01 2.116735e+01
      vertex 5.052150e+00 -1.826354e+01 2.134911e+01
      vertex 5.052153e+00 -2.302604e+01 2.134911e+01
    endloop
  endfacet
  facet normal 6.562489e-01 4.882044e-07 -7.545444e-01
    outer loop
      vertex 4.679717e+00 -1.826354e+01 2.116735e+01
      vertex 4.367021e+00 -2.302604e+01 2.089539e+01
      vertex 4.367018e+00 -1.826354e+01 2.089539e+01
    endloop
  endfacet
  facet normal 6.562489e-01 4.882044e-07 -7.545444e-01
    outer loop
      vertex 4.367021e+00 -2.302604e+01 2.089539e+01
      vertex 4.679717e+00 -1.826354e+01 2.116735e+01
      vertex 4.679720e+00 -2.302604e+01 2.116735e+01
    endloop
  endfacet
  facet normal 8.291783e-01 5.983523e-07 -5.589842e-01
    outer loop
      vertex 4.135363e+00 -1.826354e+01 2.055176e+01
      vertex 4.367021e+00 -2.302604e+01 2.089539e+01
      vertex 4.135367e+00 -2.302604e+01 2.055176e+01
    endloop
  endfacet
  facet normal 8.291783e-01 5.983523e-07 -5.589842e-01
    outer loop
      vertex 4.367021e+00 -2.302604e+01 2.089539e+01
      vertex 4.135363e+00 -1.826354e+01 2.055176e+01
      vertex 4.367018e+00 -1.826354e+01 2.089539e+01
    endloop
  endfacet
  facet normal 9.456005e-01 6.677234e-07 -3.253302e-01
    outer loop
      vertex 4.000540e+00 -1.826354e+01 2.015988e+01
      vertex 4.135367e+00 -2.302604e+01 2.055176e+01
      vertex 4.000543e+00 -2.302604e+01 2.015988e+01
    endloop
  endfacet
  facet normal 9.456005e-01 6.677234e-07 -3.253302e-01
    outer loop
      vertex 4.135367e+00 -2.302604e+01 2.055176e+01
      vertex 4.000540e+00 -1.826354e+01 2.015988e+01
      vertex 4.135363e+00 -1.826354e+01 2.055176e+01
    endloop
  endfacet
  facet normal 9.975816e-01 6.915903e-07 -6.950540e-02
    outer loop
      vertex 3.971735e+00 -1.826354e+01 1.974646e+01
      vertex 4.000543e+00 -2.302604e+01 2.015988e+01
      vertex 3.971739e+00 -2.302604e+01 1.974646e+01
    endloop
  endfacet
  facet normal 9.975816e-01 6.915903e-07 -6.950540e-02
    outer loop
      vertex 4.000543e+00 -2.302604e+01 2.015988e+01
      vertex 3.971735e+00 -1.826354e+01 1.974646e+01
      vertex 4.000540e+00 -1.826354e+01 2.015988e+01
    endloop
  endfacet
  facet normal -9.316466e-01 -6.257906e-07 -3.633657e-01
    outer loop
      vertex 1.805979e+01 -1.826353e+01 2.060874e+01
      vertex 1.821038e+01 -2.302603e+01 2.022265e+01
      vertex 1.805980e+01 -2.302603e+01 2.060874e+01
    endloop
  endfacet
  facet normal -9.316466e-01 -6.257906e-07 -3.633657e-01
    outer loop
      vertex 1.821038e+01 -2.302603e+01 2.022265e+01
      vertex 1.805979e+01 -1.826353e+01 2.060874e+01
      vertex 1.821038e+01 -1.826353e+01 2.022265e+01
    endloop
  endfacet
  facet normal -8.058556e-01 -5.282652e-07 -5.921122e-01
    outer loop
      vertex 1.781441e+01 -1.826353e+01 2.094270e+01
      vertex 1.805980e+01 -2.302603e+01 2.060874e+01
      vertex 1.781441e+01 -2.302603e+01 2.094270e+01
    endloop
  endfacet
  facet normal -8.058556e-01 -5.282652e-07 -5.921122e-01
    outer loop
      vertex 1.805980e+01 -2.302603e+01 2.060874e+01
      vertex 1.781441e+01 -1.826353e+01 2.094270e+01
      vertex 1.805979e+01 -1.826353e+01 2.060874e+01
    endloop
  endfacet
  facet normal -6.251467e-01 -3.947393e-07 -7.805072e-01
    outer loop
      vertex 1.781441e+01 -1.826353e+01 2.094270e+01
      vertex 1.749095e+01 -2.302603e+01 2.120178e+01
      vertex 1.749095e+01 -1.826353e+01 2.120178e+01
    endloop
  endfacet
  facet normal -6.251467e-01 -3.947393e-07 -7.805072e-01
    outer loop
      vertex 1.749095e+01 -2.302603e+01 2.120178e+01
      vertex 1.781441e+01 -1.826353e+01 2.094270e+01
      vertex 1.781441e+01 -2.302603e+01 2.094270e+01
    endloop
  endfacet
  facet normal -4.018353e-01 -2.343126e-07 -9.157120e-01
    outer loop
      vertex 1.749095e+01 -1.826353e+01 2.120178e+01
      vertex 1.711146e+01 -2.302603e+01 2.136831e+01
      vertex 1.711146e+01 -1.826353e+01 2.136831e+01
    endloop
  endfacet
  facet normal -4.018353e-01 -2.343126e-07 -9.157120e-01
    outer loop
      vertex 1.711146e+01 -2.302603e+01 2.136831e+01
      vertex 1.749095e+01 -1.826353e+01 2.120178e+01
      vertex 1.749095e+01 -2.302603e+01 2.120178e+01
    endloop
  endfacet
  facet normal -1.511394e-01 -5.791788e-08 -9.885125e-01
    outer loop
      vertex 1.711146e+01 -1.826353e+01 2.136831e+01
      vertex 1.670180e+01 -2.302603e+01 2.143094e+01
      vertex 1.670180e+01 -1.826353e+01 2.143094e+01
    endloop
  endfacet
  facet normal -1.511394e-01 -5.791788e-08 -9.885125e-01
    outer loop
      vertex 1.670180e+01 -2.302603e+01 2.143094e+01
      vertex 1.711146e+01 -1.826353e+01 2.136831e+01
      vertex 1.711146e+01 -2.302603e+01 2.136831e+01
    endloop
  endfacet
  facet normal 1.098564e-01 1.224239e-07 -9.939475e-01
    outer loop
      vertex 1.670180e+01 -1.826353e+01 2.143094e+01
      vertex 1.628989e+01 -2.302603e+01 2.138541e+01
      vertex 1.628989e+01 -1.826353e+01 2.138542e+01
    endloop
  endfacet
  facet normal 1.098564e-01 1.224239e-07 -9.939475e-01
    outer loop
      vertex 1.628989e+01 -2.302603e+01 2.138541e+01
      vertex 1.670180e+01 -1.826353e+01 2.143094e+01
      vertex 1.670180e+01 -2.302603e+01 2.143094e+01
    endloop
  endfacet
  facet normal 3.633657e-01 2.944226e-07 -9.316466e-01
    outer loop
      vertex 1.628989e+01 -1.826353e+01 2.138542e+01
      vertex 1.590380e+01 -2.302603e+01 2.123483e+01
      vertex 1.590380e+01 -1.826353e+01 2.123483e+01
    endloop
  endfacet
  facet normal 3.633657e-01 2.944226e-07 -9.316466e-01
    outer loop
      vertex 1.590380e+01 -2.302603e+01 2.123483e+01
      vertex 1.628989e+01 -1.826353e+01 2.138542e+01
      vertex 1.628989e+01 -2.302603e+01 2.138541e+01
    endloop
  endfacet
  facet normal 5.921122e-01 4.463569e-07 -8.058556e-01
    outer loop
      vertex 1.590380e+01 -1.826353e+01 2.123483e+01
      vertex 1.556983e+01 -2.302603e+01 2.098944e+01
      vertex 1.556983e+01 -1.826353e+01 2.098944e+01
    endloop
  endfacet
  facet normal 5.921122e-01 4.463569e-07 -8.058556e-01
    outer loop
      vertex 1.556983e+01 -2.302603e+01 2.098944e+01
      vertex 1.590380e+01 -1.826353e+01 2.123483e+01
      vertex 1.590380e+01 -2.302603e+01 2.123483e+01
    endloop
  endfacet
  facet normal 7.805072e-01 5.678729e-07 -6.251467e-01
    outer loop
      vertex 1.531076e+01 -1.826353e+01 2.066599e+01
      vertex 1.556983e+01 -2.302603e+01 2.098944e+01
      vertex 1.531076e+01 -2.302603e+01 2.066599e+01
    endloop
  endfacet
  facet normal 7.805072e-01 5.678729e-07 -6.251467e-01
    outer loop
      vertex 1.556983e+01 -2.302603e+01 2.098944e+01
      vertex 1.531076e+01 -1.826353e+01 2.066599e+01
      vertex 1.556983e+01 -1.826353e+01 2.098944e+01
    endloop
  endfacet
  facet normal 9.157120e-01 6.506890e-07 -4.018353e-01
    outer loop
      vertex 1.514423e+01 -1.826353e+01 2.028650e+01
      vertex 1.531076e+01 -2.302603e+01 2.066599e+01
      vertex 1.514423e+01 -2.302603e+01 2.028650e+01
    endloop
  endfacet
  facet normal 9.157120e-01 6.506890e-07 -4.018353e-01
    outer loop
      vertex 1.531076e+01 -2.302603e+01 2.066599e+01
      vertex 1.514423e+01 -1.826353e+01 2.028650e+01
      vertex 1.531076e+01 -1.826353e+01 2.066599e+01
    endloop
  endfacet
  facet normal 9.885125e-01 6.891618e-07 -1.511394e-01
    outer loop
      vertex 1.508159e+01 -1.826353e+01 1.987684e+01
      vertex 1.514423e+01 -2.302603e+01 2.028650e+01
      vertex 1.508160e+01 -2.302603e+01 1.987684e+01
    endloop
  endfacet
  facet normal 9.885125e-01 6.891618e-07 -1.511394e-01
    outer loop
      vertex 1.514423e+01 -2.302603e+01 2.028650e+01
      vertex 1.508159e+01 -1.826353e+01 1.987684e+01
      vertex 1.514423e+01 -1.826353e+01 2.028650e+01
    endloop
  endfacet
  facet normal 9.939475e-01 6.806695e-07 1.098564e-01
    outer loop
      vertex 1.512712e+01 -2.302603e+01 1.946492e+01
      vertex 1.508159e+01 -1.826353e+01 1.987684e+01
      vertex 1.508160e+01 -2.302603e+01 1.987684e+01
    endloop
  endfacet
  facet normal 9.939475e-01 6.806695e-07 1.098564e-01
    outer loop
      vertex 1.508159e+01 -1.826353e+01 1.987684e+01
      vertex 1.512712e+01 -2.302603e+01 1.946492e+01
      vertex 1.512712e+01 -1.826353e+01 1.946492e+01
    endloop
  endfacet
  facet normal 9.316466e-01 6.257906e-07 3.633657e-01
    outer loop
      vertex 1.527771e+01 -2.302603e+01 1.907883e+01
      vertex 1.512712e+01 -1.826353e+01 1.946492e+01
      vertex 1.512712e+01 -2.302603e+01 1.946492e+01
    endloop
  endfacet
  facet normal 9.316466e-01 6.257906e-07 3.633657e-01
    outer loop
      vertex 1.512712e+01 -1.826353e+01 1.946492e+01
      vertex 1.527771e+01 -2.302603e+01 1.907883e+01
      vertex 1.527771e+01 -1.826353e+01 1.907883e+01
    endloop
  endfacet
  facet normal 8.058556e-01 5.282652e-07 5.921122e-01
    outer loop
      vertex 1.552309e+01 -2.302603e+01 1.874487e+01
      vertex 1.527771e+01 -1.826353e+01 1.907883e+01
      vertex 1.527771e+01 -2.302603e+01 1.907883e+01
    endloop
  endfacet
  facet normal 8.058556e-01 5.282652e-07 5.921122e-01
    outer loop
      vertex 1.527771e+01 -1.826353e+01 1.907883e+01
      vertex 1.552309e+01 -2.302603e+01 1.874487e+01
      vertex 1.552309e+01 -1.826353e+01 1.874487e+01
    endloop
  endfacet
  facet normal 6.251467e-01 3.947393e-07 7.805072e-01
    outer loop
      vertex 1.552309e+01 -2.302603e+01 1.874487e+01
      vertex 1.584655e+01 -1.826353e+01 1.848579e+01
      vertex 1.552309e+01 -1.826353e+01 1.874487e+01
    endloop
  endfacet
  facet normal 6.251467e-01 3.947393e-07 7.805072e-01
    outer loop
      vertex 1.584655e+01 -1.826353e+01 1.848579e+01
      vertex 1.552309e+01 -2.302603e+01 1.874487e+01
      vertex 1.584655e+01 -2.302603e+01 1.848579e+01
    endloop
  endfacet
  facet normal 4.018353e-01 2.343126e-07 9.157120e-01
    outer loop
      vertex 1.584655e+01 -2.302603e+01 1.848579e+01
      vertex 1.622604e+01 -1.826353e+01 1.831926e+01
      vertex 1.584655e+01 -1.826353e+01 1.848579e+01
    endloop
  endfacet
  facet normal 4.018353e-01 2.343126e-07 9.157120e-01
    outer loop
      vertex 1.622604e+01 -1.826353e+01 1.831926e+01
      vertex 1.584655e+01 -2.302603e+01 1.848579e+01
      vertex 1.622604e+01 -2.302603e+01 1.831926e+01
    endloop
  endfacet
  facet normal 1.511394e-01 5.791788e-08 9.885125e-01
    outer loop
      vertex 1.622604e+01 -2.302603e+01 1.831926e+01
      vertex 1.663570e+01 -1.826353e+01 1.825663e+01
      vertex 1.622604e+01 -1.826353e+01 1.831926e+01
    endloop
  endfacet
  facet normal 1.511394e-01 5.791788e-08 9.885125e-01
    outer loop
      vertex 1.663570e+01 -1.826353e+01 1.825663e+01
      vertex 1.622604e+01 -2.302603e+01 1.831926e+01
      vertex 1.663570e+01 -2.302603e+01 1.825663e+01
    endloop
  endfacet
  facet normal -1.098564e-01 -1.224239e-07 9.939475e-01
    outer loop
      vertex 1.663570e+01 -2.302603e+01 1.825663e+01
      vertex 1.704761e+01 -1.826353e+01 1.830216e+01
      vertex 1.663570e+01 -1.826353e+01 1.825663e+01
    endloop
  endfacet
  facet normal -1.098564e-01 -1.224239e-07 9.939475e-01
    outer loop
      vertex 1.704761e+01 -1.826353e+01 1.830216e+01
      vertex 1.663570e+01 -2.302603e+01 1.825663e+01
      vertex 1.704761e+01 -2.302603e+01 1.830216e+01
    endloop
  endfacet
  facet normal -3.633657e-01 -2.944226e-07 9.316466e-01
    outer loop
      vertex 1.704761e+01 -2.302603e+01 1.830216e+01
      vertex 1.743370e+01 -1.826353e+01 1.845274e+01
      vertex 1.704761e+01 -1.826353e+01 1.830216e+01
    endloop
  endfacet
  facet normal -3.633657e-01 -2.944226e-07 9.316466e-01
    outer loop
      vertex 1.743370e+01 -1.826353e+01 1.845274e+01
      vertex 1.704761e+01 -2.302603e+01 1.830216e+01
      vertex 1.743371e+01 -2.302603e+01 1.845274e+01
    endloop
  endfacet
  facet normal -5.921122e-01 -4.463569e-07 8.058556e-01
    outer loop
      vertex 1.743371e+01 -2.302603e+01 1.845274e+01
      vertex 1.776767e+01 -1.826353e+01 1.869813e+01
      vertex 1.743370e+01 -1.826353e+01 1.845274e+01
    endloop
  endfacet
  facet normal -5.921122e-01 -4.463569e-07 8.058556e-01
    outer loop
      vertex 1.776767e+01 -1.826353e+01 1.869813e+01
      vertex 1.743371e+01 -2.302603e+01 1.845274e+01
      vertex 1.776767e+01 -2.302603e+01 1.869813e+01
    endloop
  endfacet
  facet normal -7.805072e-01 -5.678729e-07 6.251467e-01
    outer loop
      vertex 1.802674e+01 -2.302603e+01 1.902159e+01
      vertex 1.776767e+01 -1.826353e+01 1.869813e+01
      vertex 1.776767e+01 -2.302603e+01 1.869813e+01
    endloop
  endfacet
  facet normal -7.805072e-01 -5.678729e-07 6.251467e-01
    outer loop
      vertex 1.776767e+01 -1.826353e+01 1.869813e+01
      vertex 1.802674e+01 -2.302603e+01 1.902159e+01
      vertex 1.802674e+01 -1.826353e+01 1.902159e+01
    endloop
  endfacet
  facet normal -9.157120e-01 -6.506890e-07 4.018353e-01
    outer loop
      vertex 1.819327e+01 -2.302603e+01 1.940107e+01
      vertex 1.802674e+01 -1.826353e+01 1.902159e+01
      vertex 1.802674e+01 -2.302603e+01 1.902159e+01
    endloop
  endfacet
  facet normal -9.157120e-01 -6.506890e-07 4.018353e-01
    outer loop
      vertex 1.802674e+01 -1.826353e+01 1.902159e+01
      vertex 1.819327e+01 -2.302603e+01 1.940107e+01
      vertex 1.819327e+01 -1.826353e+01 1.940108e+01
    endloop
  endfacet
  facet normal -9.885125e-01 -6.891618e-07 1.511394e-01
    outer loop
      vertex 1.825591e+01 -2.302603e+01 1.981073e+01
      vertex 1.819327e+01 -1.826353e+01 1.940108e+01
      vertex 1.819327e+01 -2.302603e+01 1.940107e+01
    endloop
  endfacet
  facet normal -9.885125e-01 -6.891618e-07 1.511394e-01
    outer loop
      vertex 1.819327e+01 -1.826353e+01 1.940108e+01
      vertex 1.825591e+01 -2.302603e+01 1.981073e+01
      vertex 1.825591e+01 -1.826353e+01 1.981073e+01
    endloop
  endfacet
  facet normal -9.939475e-01 -6.806695e-07 -1.098564e-01
    outer loop
      vertex 1.821038e+01 -1.826353e+01 2.022265e+01
      vertex 1.825591e+01 -2.302603e+01 1.981073e+01
      vertex 1.821038e+01 -2.302603e+01 2.022265e+01
    endloop
  endfacet
  facet normal -9.939475e-01 -6.806695e-07 -1.098564e-01
    outer loop
      vertex 1.825591e+01 -2.302603e+01 1.981073e+01
      vertex 1.821038e+01 -1.826353e+01 2.022265e+01
      vertex 1.825591e+01 -1.826353e+01 1.981073e+01
    endloop
  endfacet
  facet normal 7.900803e-01 5.739087e-07 -6.130033e-01
    outer loop
      vertex 1.529821e+01 -1.826353e+01 9.532380e+00
      vertex 1.555225e+01 -2.302604e+01 9.859806e+00
      vertex 1.529821e+01 -2.302604e+01 9.532380e+00
    endloop
  endfacet
  facet normal 7.900803e-01 5.739087e-07 -6.130033e-01
    outer loop
      vertex 1.555225e+01 -2.302604e+01 9.859806e+00
      vertex 1.529821e+01 -1.826353e+01 9.532380e+00
      vertex 1.555225e+01 -1.826353e+01 9.859806e+00
    endloop
  endfacet
  facet normal 9.218160e-01 6.542344e-07 -3.876279e-01
    outer loop
      vertex 1.513757e+01 -1.826353e+01 9.150361e+00
      vertex 1.529821e+01 -2.302604e+01 9.532380e+00
      vertex 1.513757e+01 -2.302604e+01 9.150360e+00
    endloop
  endfacet
  facet normal 9.218160e-01 6.542344e-07 -3.876279e-01
    outer loop
      vertex 1.529821e+01 -2.302604e+01 9.532380e+00
      vertex 1.513757e+01 -1.826353e+01 9.150361e+00
      vertex 1.529821e+01 -1.826353e+01 9.532380e+00
    endloop
  endfacet
  facet normal 9.907313e-01 6.899751e-07 -1.358362e-01
    outer loop
      vertex 1.508127e+01 -1.826353e+01 8.739782e+00
      vertex 1.513757e+01 -2.302604e+01 9.150360e+00
      vertex 1.508128e+01 -2.302604e+01 8.739781e+00
    endloop
  endfacet
  facet normal 9.907313e-01 6.899751e-07 -1.358362e-01
    outer loop
      vertex 1.513757e+01 -2.302604e+01 9.150360e+00
      vertex 1.508127e+01 -1.826353e+01 8.739782e+00
      vertex 1.513757e+01 -1.826353e+01 9.150361e+00
    endloop
  endfacet
  facet normal 9.921300e-01 6.786952e-07 1.252124e-01
    outer loop
      vertex 1.513317e+01 -2.302604e+01 8.328622e+00
      vertex 1.508127e+01 -1.826353e+01 8.739782e+00
      vertex 1.508128e+01 -2.302604e+01 8.739781e+00
    endloop
  endfacet
  facet normal 9.921300e-01 6.786952e-07 1.252124e-01
    outer loop
      vertex 1.508127e+01 -1.826353e+01 8.739782e+00
      vertex 1.513317e+01 -2.302604e+01 8.328622e+00
      vertex 1.513316e+01 -1.826353e+01 8.328622e+00
    endloop
  endfacet
  facet normal 9.259166e-01 6.211633e-07 3.777280e-01
    outer loop
      vertex 1.528971e+01 -2.302604e+01 7.944903e+00
      vertex 1.513316e+01 -1.826353e+01 8.328622e+00
      vertex 1.513317e+01 -2.302604e+01 8.328622e+00
    endloop
  endfacet
  facet normal 9.259166e-01 6.211633e-07 3.777280e-01
    outer loop
      vertex 1.513316e+01 -1.826353e+01 8.328622e+00
      vertex 1.528971e+01 -2.302604e+01 7.944903e+00
      vertex 1.528970e+01 -1.826353e+01 7.944903e+00
    endloop
  endfacet
  facet normal 7.966036e-01 5.213001e-07 6.045020e-01
    outer loop
      vertex 1.554022e+01 -2.302604e+01 7.614774e+00
      vertex 1.528970e+01 -1.826353e+01 7.944903e+00
      vertex 1.528971e+01 -2.302604e+01 7.944903e+00
    endloop
  endfacet
  facet normal 7.966036e-01 5.213001e-07 6.045020e-01
    outer loop
      vertex 1.528970e+01 -1.826353e+01 7.944903e+00
      vertex 1.554022e+01 -2.302604e+01 7.614774e+00
      vertex 1.554022e+01 -1.826353e+01 7.614774e+00
    endloop
  endfacet
  facet normal 6.130033e-01 3.859112e-07 7.900803e-01
    outer loop
      vertex 1.554022e+01 -2.302604e+01 7.614774e+00
      vertex 1.586765e+01 -1.826353e+01 7.360733e+00
      vertex 1.554022e+01 -1.826353e+01 7.614774e+00
    endloop
  endfacet
  facet normal 6.130033e-01 3.859112e-07 7.900803e-01
    outer loop
      vertex 1.586765e+01 -1.826353e+01 7.360733e+00
      vertex 1.554022e+01 -2.302604e+01 7.614774e+00
      vertex 1.586765e+01 -2.302604e+01 7.360732e+00
    endloop
  endfacet
  facet normal 3.876279e-01 2.242232e-07 9.218160e-01
    outer loop
      vertex 1.586765e+01 -2.302604e+01 7.360732e+00
      vertex 1.624967e+01 -1.826353e+01 7.200092e+00
      vertex 1.586765e+01 -1.826353e+01 7.360733e+00
    endloop
  endfacet
  facet normal 3.876279e-01 2.242232e-07 9.218160e-01
    outer loop
      vertex 1.624967e+01 -1.826353e+01 7.200092e+00
      vertex 1.586765e+01 -2.302604e+01 7.360732e+00
      vertex 1.624967e+01 -2.302604e+01 7.200092e+00
    endloop
  endfacet
  facet normal 1.358362e-01 4.725465e-08 9.907313e-01
    outer loop
      vertex 1.624967e+01 -2.302604e+01 7.200092e+00
      vertex 1.666024e+01 -1.826353e+01 7.143799e+00
      vertex 1.624967e+01 -1.826353e+01 7.200092e+00
    endloop
  endfacet
  facet normal 1.358362e-01 4.725465e-08 9.907313e-01
    outer loop
      vertex 1.666024e+01 -1.826353e+01 7.143799e+00
      vertex 1.624967e+01 -2.302604e+01 7.200092e+00
      vertex 1.666025e+01 -2.302604e+01 7.143798e+00
    endloop
  endfacet
  facet normal -1.252124e-01 -1.329342e-07 9.921300e-01
    outer loop
      vertex 1.666025e+01 -2.302604e+01 7.143798e+00
      vertex 1.707140e+01 -1.826353e+01 7.195689e+00
      vertex 1.666024e+01 -1.826353e+01 7.143799e+00
    endloop
  endfacet
  facet normal -1.252124e-01 -1.329342e-07 9.921300e-01
    outer loop
      vertex 1.707140e+01 -1.826353e+01 7.195689e+00
      vertex 1.666025e+01 -2.302604e+01 7.143798e+00
      vertex 1.707141e+01 -2.302604e+01 7.195689e+00
    endloop
  endfacet
  facet normal -3.777280e-01 -3.040638e-07 9.259166e-01
    outer loop
      vertex 1.707141e+01 -2.302604e+01 7.195689e+00
      vertex 1.745512e+01 -1.826353e+01 7.352228e+00
      vertex 1.707140e+01 -1.826353e+01 7.195689e+00
    endloop
  endfacet
  facet normal -3.777280e-01 -3.040638e-07 9.259166e-01
    outer loop
      vertex 1.745512e+01 -1.826353e+01 7.352228e+00
      vertex 1.707141e+01 -2.302604e+01 7.195689e+00
      vertex 1.745513e+01 -2.302604e+01 7.352227e+00
    endloop
  endfacet
  facet normal -6.045020e-01 -4.544720e-07 7.966036e-01
    outer loop
      vertex 1.745513e+01 -2.302604e+01 7.352227e+00
      vertex 1.778525e+01 -1.826353e+01 7.602745e+00
      vertex 1.745512e+01 -1.826353e+01 7.352228e+00
    endloop
  endfacet
  facet normal -6.045020e-01 -4.544720e-07 7.966036e-01
    outer loop
      vertex 1.778525e+01 -1.826353e+01 7.602745e+00
      vertex 1.745513e+01 -2.302604e+01 7.352227e+00
      vertex 1.778525e+01 -2.302604e+01 7.602745e+00
    endloop
  endfacet
  facet normal -7.900803e-01 -5.739087e-07 6.130033e-01
    outer loop
      vertex 1.803930e+01 -2.302604e+01 7.930171e+00
      vertex 1.778525e+01 -1.826353e+01 7.602745e+00
      vertex 1.778525e+01 -2.302604e+01 7.602745e+00
    endloop
  endfacet
  facet normal -7.900803e-01 -5.739087e-07 6.130033e-01
    outer loop
      vertex 1.778525e+01 -1.826353e+01 7.602745e+00
      vertex 1.803930e+01 -2.302604e+01 7.930171e+00
      vertex 1.803929e+01 -1.826353e+01 7.930171e+00
    endloop
  endfacet
  facet normal -9.218160e-01 -6.542344e-07 3.876279e-01
    outer loop
      vertex 1.819994e+01 -2.302604e+01 8.312191e+00
      vertex 1.803929e+01 -1.826353e+01 7.930171e+00
      vertex 1.803930e+01 -2.302604e+01 7.930171e+00
    endloop
  endfacet
  facet normal -9.218160e-01 -6.542344e-07 3.876279e-01
    outer loop
      vertex 1.803929e+01 -1.826353e+01 7.930171e+00
      vertex 1.819994e+01 -2.302604e+01 8.312191e+00
      vertex 1.819993e+01 -1.826353e+01 8.312191e+00
    endloop
  endfacet
  facet normal -9.907313e-01 -6.899751e-07 1.358362e-01
    outer loop
      vertex 1.825623e+01 -2.302604e+01 8.722770e+00
      vertex 1.819993e+01 -1.826353e+01 8.312191e+00
      vertex 1.819994e+01 -2.302604e+01 8.312191e+00
    endloop
  endfacet
  facet normal -9.907313e-01 -6.899751e-07 1.358362e-01
    outer loop
      vertex 1.819993e+01 -1.826353e+01 8.312191e+00
      vertex 1.825623e+01 -2.302604e+01 8.722770e+00
      vertex 1.825623e+01 -1.826353e+01 8.722771e+00
    endloop
  endfacet
  facet normal -9.921300e-01 -6.786952e-07 -1.252124e-01
    outer loop
      vertex 1.820434e+01 -1.826353e+01 9.133929e+00
      vertex 1.825623e+01 -2.302604e+01 8.722770e+00
      vertex 1.820434e+01 -2.302604e+01 9.133929e+00
    endloop
  endfacet
  facet normal -9.921300e-01 -6.786952e-07 -1.252124e-01
    outer loop
      vertex 1.825623e+01 -2.302604e+01 8.722770e+00
      vertex 1.820434e+01 -1.826353e+01 9.133929e+00
      vertex 1.825623e+01 -1.826353e+01 8.722771e+00
    endloop
  endfacet
  facet normal -9.259166e-01 -6.211633e-07 -3.777280e-01
    outer loop
      vertex 1.804780e+01 -1.826353e+01 9.517649e+00
      vertex 1.820434e+01 -2.302604e+01 9.133929e+00
      vertex 1.804780e+01 -2.302604e+01 9.517649e+00
    endloop
  endfacet
  facet normal -9.259166e-01 -6.211633e-07 -3.777280e-01
    outer loop
      vertex 1.820434e+01 -2.302604e+01 9.133929e+00
      vertex 1.804780e+01 -1.826353e+01 9.517649e+00
      vertex 1.820434e+01 -1.826353e+01 9.133929e+00
    endloop
  endfacet
  facet normal -7.966036e-01 -5.213001e-07 -6.045020e-01
    outer loop
      vertex 1.779728e+01 -1.826353e+01 9.847778e+00
      vertex 1.804780e+01 -2.302604e+01 9.517649e+00
      vertex 1.779728e+01 -2.302604e+01 9.847777e+00
    endloop
  endfacet
  facet normal -7.966036e-01 -5.213001e-07 -6.045020e-01
    outer loop
      vertex 1.804780e+01 -2.302604e+01 9.517649e+00
      vertex 1.779728e+01 -1.826353e+01 9.847778e+00
      vertex 1.804780e+01 -1.826353e+01 9.517649e+00
    endloop
  endfacet
  facet normal -6.130033e-01 -3.859112e-07 -7.900803e-01
    outer loop
      vertex 1.779728e+01 -1.826353e+01 9.847778e+00
      vertex 1.746986e+01 -2.302604e+01 1.010182e+01
      vertex 1.746985e+01 -1.826353e+01 1.010182e+01
    endloop
  endfacet
  facet normal -6.130033e-01 -3.859112e-07 -7.900803e-01
    outer loop
      vertex 1.746986e+01 -2.302604e+01 1.010182e+01
      vertex 1.779728e+01 -1.826353e+01 9.847778e+00
      vertex 1.779728e+01 -2.302604e+01 9.847777e+00
    endloop
  endfacet
  facet normal -3.876279e-01 -2.242232e-07 -9.218160e-01
    outer loop
      vertex 1.746985e+01 -1.826353e+01 1.010182e+01
      vertex 1.708784e+01 -2.302604e+01 1.026246e+01
      vertex 1.708783e+01 -1.826353e+01 1.026246e+01
    endloop
  endfacet
  facet normal -3.876279e-01 -2.242232e-07 -9.218160e-01
    outer loop
      vertex 1.708784e+01 -2.302604e+01 1.026246e+01
      vertex 1.746985e+01 -1.826353e+01 1.010182e+01
      vertex 1.746986e+01 -2.302604e+01 1.010182e+01
    endloop
  endfacet
  facet normal -1.358362e-01 -4.725465e-08 -9.907313e-01
    outer loop
      vertex 1.708783e+01 -1.826353e+01 1.026246e+01
      vertex 1.667726e+01 -2.302604e+01 1.031875e+01
      vertex 1.667726e+01 -1.826353e+01 1.031875e+01
    endloop
  endfacet
  facet normal -1.358362e-01 -4.725465e-08 -9.907313e-01
    outer loop
      vertex 1.667726e+01 -2.302604e+01 1.031875e+01
      vertex 1.708783e+01 -1.826353e+01 1.026246e+01
      vertex 1.708784e+01 -2.302604e+01 1.026246e+01
    endloop
  endfacet
  facet normal 1.252124e-01 1.329342e-07 -9.921300e-01
    outer loop
      vertex 1.667726e+01 -1.826353e+01 1.031875e+01
      vertex 1.626610e+01 -2.302604e+01 1.026686e+01
      vertex 1.626610e+01 -1.826353e+01 1.026686e+01
    endloop
  endfacet
  facet normal 1.252124e-01 1.329342e-07 -9.921300e-01
    outer loop
      vertex 1.626610e+01 -2.302604e+01 1.026686e+01
      vertex 1.667726e+01 -1.826353e+01 1.031875e+01
      vertex 1.667726e+01 -2.302604e+01 1.031875e+01
    endloop
  endfacet
  facet normal 3.777280e-01 3.040638e-07 -9.259166e-01
    outer loop
      vertex 1.626610e+01 -1.826353e+01 1.026686e+01
      vertex 1.588238e+01 -2.302604e+01 1.011032e+01
      vertex 1.588238e+01 -1.826353e+01 1.011032e+01
    endloop
  endfacet
  facet normal 3.777280e-01 3.040638e-07 -9.259166e-01
    outer loop
      vertex 1.588238e+01 -2.302604e+01 1.011032e+01
      vertex 1.626610e+01 -1.826353e+01 1.026686e+01
      vertex 1.626610e+01 -2.302604e+01 1.026686e+01
    endloop
  endfacet
  facet normal 6.045020e-01 4.544720e-07 -7.966036e-01
    outer loop
      vertex 1.588238e+01 -1.826353e+01 1.011032e+01
      vertex 1.555225e+01 -2.302604e+01 9.859806e+00
      vertex 1.555225e+01 -1.826353e+01 9.859806e+00
    endloop
  endfacet
  facet normal 6.045020e-01 4.544720e-07 -7.966036e-01
    outer loop
      vertex 1.555225e+01 -2.302604e+01 9.859806e+00
      vertex 1.588238e+01 -1.826353e+01 1.011032e+01
      vertex 1.588238e+01 -2.302604e+01 1.011032e+01
    endloop
  endfacet
  facet normal 9.407228e-01 6.650073e-07 -3.391764e-01
    outer loop
      vertex -7.107152e+00 -1.826355e+01 9.070175e+00
      vertex -6.966587e+00 -2.302605e+01 9.460030e+00
      vertex -7.107149e+00 -2.302605e+01 9.070175e+00
    endloop
  endfacet
  facet normal 9.407228e-01 6.650073e-07 -3.391764e-01
    outer loop
      vertex -6.966587e+00 -2.302605e+01 9.460030e+00
      vertex -7.107152e+00 -1.826355e+01 9.070175e+00
      vertex -6.966590e+00 -1.826355e+01 9.460030e+00
    endloop
  endfacet
  facet normal 9.964538e-01 6.914988e-07 -8.414229e-02
    outer loop
      vertex -7.142023e+00 -1.826355e+01 8.657224e+00
      vertex -7.107149e+00 -2.302605e+01 9.070175e+00
      vertex -7.142020e+00 -2.302605e+01 8.657223e+00
    endloop
  endfacet
  facet normal 9.964538e-01 6.914988e-07 -8.414229e-02
    outer loop
      vertex -7.107149e+00 -2.302605e+01 9.070175e+00
      vertex -7.142023e+00 -1.826355e+01 8.657224e+00
      vertex -7.107152e+00 -1.826355e+01 9.070175e+00
    endloop
  endfacet
  facet normal 9.842780e-01 6.708658e-07 1.766260e-01
    outer loop
      vertex -7.068822e+00 -2.302605e+01 8.249318e+00
      vertex -7.142023e+00 -1.826355e+01 8.657224e+00
      vertex -7.142020e+00 -2.302605e+01 8.657223e+00
    endloop
  endfacet
  facet normal 9.842780e-01 6.708658e-07 1.766260e-01
    outer loop
      vertex -7.142023e+00 -1.826355e+01 8.657224e+00
      vertex -7.068822e+00 -2.302605e+01 8.249318e+00
      vertex -7.068825e+00 -1.826355e+01 8.249318e+00
    endloop
  endfacet
  facet normal 9.050254e-01 6.045143e-07 4.253575e-01
    outer loop
      vertex -6.892545e+00 -2.302605e+01 7.874257e+00
      vertex -7.068825e+00 -1.826355e+01 8.249318e+00
      vertex -7.068822e+00 -2.302605e+01 8.249318e+00
    endloop
  endfacet
  facet normal 9.050254e-01 6.045143e-07 4.253575e-01
    outer loop
      vertex -7.068825e+00 -1.826355e+01 8.249318e+00
      vertex -6.892545e+00 -2.302605e+01 7.874257e+00
      vertex -6.892548e+00 -1.826355e+01 7.874257e+00
    endloop
  endfacet
  facet normal 7.640969e-01 4.969663e-07 6.451015e-01
    outer loop
      vertex -6.625201e+00 -2.302605e+01 7.557600e+00
      vertex -6.892548e+00 -1.826355e+01 7.874257e+00
      vertex -6.892545e+00 -2.302605e+01 7.874257e+00
    endloop
  endfacet
  facet normal 7.640969e-01 4.969663e-07 6.451015e-01
    outer loop
      vertex -6.892548e+00 -1.826355e+01 7.874257e+00
      vertex -6.625201e+00 -2.302605e+01 7.557600e+00
      vertex -6.625205e+00 -1.826355e+01 7.557600e+00
    endloop
  endfacet
  facet normal 5.710962e-01 3.555506e-07 8.208832e-01
    outer loop
      vertex -6.625201e+00 -2.302605e+01 7.557600e+00
      vertex -6.285014e+00 -1.826355e+01 7.320926e+00
      vertex -6.625205e+00 -1.826355e+01 7.557600e+00
    endloop
  endfacet
  facet normal 5.710962e-01 3.555506e-07 8.208832e-01
    outer loop
      vertex -6.285014e+00 -1.826355e+01 7.320926e+00
      vertex -6.625201e+00 -2.302605e+01 7.557600e+00
      vertex -6.285010e+00 -2.302605e+01 7.320926e+00
    endloop
  endfacet
  facet normal 3.391764e-01 1.899049e-07 9.407228e-01
    outer loop
      vertex -6.285010e+00 -2.302605e+01 7.320926e+00
      vertex -5.895159e+00 -1.826355e+01 7.180364e+00
      vertex -6.285014e+00 -1.826355e+01 7.320926e+00
    endloop
  endfacet
  facet normal 3.391764e-01 1.899049e-07 9.407228e-01
    outer loop
      vertex -5.895159e+00 -1.826355e+01 7.180364e+00
      vertex -6.285010e+00 -2.302605e+01 7.320926e+00
      vertex -5.895156e+00 -2.302605e+01 7.180364e+00
    endloop
  endfacet
  facet normal 8.414229e-02 1.131748e-08 9.964538e-01
    outer loop
      vertex -5.895156e+00 -2.302605e+01 7.180364e+00
      vertex -5.482208e+00 -1.826355e+01 7.145494e+00
      vertex -5.895159e+00 -1.826355e+01 7.180364e+00
    endloop
  endfacet
  facet normal 8.414229e-02 1.131748e-08 9.964538e-01
    outer loop
      vertex -5.482208e+00 -1.826355e+01 7.145494e+00
      vertex -5.895156e+00 -2.302605e+01 7.180364e+00
      vertex -5.482205e+00 -2.302605e+01 7.145494e+00
    endloop
  endfacet
  facet normal -1.766260e-01 -1.680412e-07 9.842780e-01
    outer loop
      vertex -5.482205e+00 -2.302605e+01 7.145494e+00
      vertex -5.074303e+00 -1.826355e+01 7.218691e+00
      vertex -5.482208e+00 -1.826355e+01 7.145494e+00
    endloop
  endfacet
  facet normal -1.766260e-01 -1.680412e-07 9.842780e-01
    outer loop
      vertex -5.074303e+00 -1.826355e+01 7.218691e+00
      vertex -5.482205e+00 -2.302605e+01 7.145494e+00
      vertex -5.074300e+00 -2.302605e+01 7.218691e+00
    endloop
  endfacet
  facet normal -4.253575e-01 -3.359482e-07 9.050254e-01
    outer loop
      vertex -5.074300e+00 -2.302605e+01 7.218691e+00
      vertex -4.699242e+00 -1.826355e+01 7.394968e+00
      vertex -5.074303e+00 -1.826355e+01 7.218691e+00
    endloop
  endfacet
  facet normal -4.253575e-01 -3.359482e-07 9.050254e-01
    outer loop
      vertex -4.699242e+00 -1.826355e+01 7.394968e+00
      vertex -5.074300e+00 -2.302605e+01 7.218691e+00
      vertex -4.699238e+00 -2.302605e+01 7.394968e+00
    endloop
  endfacet
  facet normal -6.451015e-01 -4.809609e-07 7.640969e-01
    outer loop
      vertex -4.699238e+00 -2.302605e+01 7.394968e+00
      vertex -4.382584e+00 -1.826355e+01 7.662311e+00
      vertex -4.699242e+00 -1.826355e+01 7.394968e+00
    endloop
  endfacet
  facet normal -6.451015e-01 -4.809609e-07 7.640969e-01
    outer loop
      vertex -4.382584e+00 -1.826355e+01 7.662311e+00
      vertex -4.699238e+00 -2.302605e+01 7.394968e+00
      vertex -4.382581e+00 -2.302604e+01 7.662311e+00
    endloop
  endfacet
  facet normal -8.208832e-01 -5.931968e-07 5.710962e-01
    outer loop
      vertex -4.145907e+00 -2.302604e+01 8.002502e+00
      vertex -4.382584e+00 -1.826355e+01 7.662311e+00
      vertex -4.382581e+00 -2.302604e+01 7.662311e+00
    endloop
  endfacet
  facet normal -8.208832e-01 -5.931968e-07 5.710962e-01
    outer loop
      vertex -4.382584e+00 -1.826355e+01 7.662311e+00
      vertex -4.145907e+00 -2.302604e+01 8.002502e+00
      vertex -4.145910e+00 -1.826355e+01 8.002502e+00
    endloop
  endfacet
  facet normal -9.407228e-01 -6.650073e-07 3.391764e-01
    outer loop
      vertex -4.005345e+00 -2.302604e+01 8.392357e+00
      vertex -4.145910e+00 -1.826355e+01 8.002502e+00
      vertex -4.145907e+00 -2.302604e+01 8.002502e+00
    endloop
  endfacet
  facet normal -9.407228e-01 -6.650073e-07 3.391764e-01
    outer loop
      vertex -4.145910e+00 -1.826355e+01 8.002502e+00
      vertex -4.005345e+00 -2.302604e+01 8.392357e+00
      vertex -4.005348e+00 -1.826355e+01 8.392358e+00
    endloop
  endfacet
  facet normal -9.964538e-01 -6.914988e-07 8.414229e-02
    outer loop
      vertex -3.970474e+00 -2.302604e+01 8.805308e+00
      vertex -4.005348e+00 -1.826355e+01 8.392358e+00
      vertex -4.005345e+00 -2.302604e+01 8.392357e+00
    endloop
  endfacet
  facet normal -9.964538e-01 -6.914988e-07 8.414229e-02
    outer loop
      vertex -4.005348e+00 -1.826355e+01 8.392358e+00
      vertex -3.970474e+00 -2.302604e+01 8.805308e+00
      vertex -3.970478e+00 -1.826355e+01 8.805309e+00
    endloop
  endfacet
  facet normal -9.842780e-01 -6.708658e-07 -1.766260e-01
    outer loop
      vertex -4.043675e+00 -1.826355e+01 9.213214e+00
      vertex -3.970474e+00 -2.302604e+01 8.805308e+00
      vertex -4.043672e+00 -2.302604e+01 9.213214e+00
    endloop
  endfacet
  facet normal -9.842780e-01 -6.708658e-07 -1.766260e-01
    outer loop
      vertex -3.970474e+00 -2.302604e+01 8.805308e+00
      vertex -4.043675e+00 -1.826355e+01 9.213214e+00
      vertex -3.970478e+00 -1.826355e+01 8.805309e+00
    endloop
  endfacet
  facet normal -9.050254e-01 -6.045143e-07 -4.253575e-01
    outer loop
      vertex -4.219952e+00 -1.826355e+01 9.588275e+00
      vertex -4.043672e+00 -2.302604e+01 9.213214e+00
      vertex -4.219949e+00 -2.302604e+01 9.588275e+00
    endloop
  endfacet
  facet normal -9.050254e-01 -6.045143e-07 -4.253575e-01
    outer loop
      vertex -4.043672e+00 -2.302604e+01 9.213214e+00
      vertex -4.219952e+00 -1.826355e+01 9.588275e+00
      vertex -4.043675e+00 -1.826355e+01 9.213214e+00
    endloop
  endfacet
  facet normal -7.640969e-01 -4.969663e-07 -6.451015e-01
    outer loop
      vertex -4.487296e+00 -1.826355e+01 9.904933e+00
      vertex -4.219949e+00 -2.302604e+01 9.588275e+00
      vertex -4.487292e+00 -2.302605e+01 9.904932e+00
    endloop
  endfacet
  facet normal -7.640969e-01 -4.969663e-07 -6.451015e-01
    outer loop
      vertex -4.219949e+00 -2.302604e+01 9.588275e+00
      vertex -4.487296e+00 -1.826355e+01 9.904933e+00
      vertex -4.219952e+00 -1.826355e+01 9.588275e+00
    endloop
  endfacet
  facet normal -5.710962e-01 -3.555506e-07 -8.208832e-01
    outer loop
      vertex -4.487296e+00 -1.826355e+01 9.904933e+00
      vertex -4.827484e+00 -2.302605e+01 1.014161e+01
      vertex -4.827487e+00 -1.826355e+01 1.014161e+01
    endloop
  endfacet
  facet normal -5.710962e-01 -3.555506e-07 -8.208832e-01
    outer loop
      vertex -4.827484e+00 -2.302605e+01 1.014161e+01
      vertex -4.487296e+00 -1.826355e+01 9.904933e+00
      vertex -4.487292e+00 -2.302605e+01 9.904932e+00
    endloop
  endfacet
  facet normal -3.391764e-01 -1.899049e-07 -9.407228e-01
    outer loop
      vertex -4.827487e+00 -1.826355e+01 1.014161e+01
      vertex -5.217338e+00 -2.302605e+01 1.028217e+01
      vertex -5.217341e+00 -1.826355e+01 1.028217e+01
    endloop
  endfacet
  facet normal -3.391764e-01 -1.899049e-07 -9.407228e-01
    outer loop
      vertex -5.217338e+00 -2.302605e+01 1.028217e+01
      vertex -4.827487e+00 -1.826355e+01 1.014161e+01
      vertex -4.827484e+00 -2.302605e+01 1.014161e+01
    endloop
  endfacet
  facet normal -8.414229e-02 -1.131748e-08 -9.964538e-01
    outer loop
      vertex -5.217341e+00 -1.826355e+01 1.028217e+01
      vertex -5.630289e+00 -2.302605e+01 1.031704e+01
      vertex -5.630292e+00 -1.826355e+01 1.031704e+01
    endloop
  endfacet
  facet normal -8.414229e-02 -1.131748e-08 -9.964538e-01
    outer loop
      vertex -5.630289e+00 -2.302605e+01 1.031704e+01
      vertex -5.217341e+00 -1.826355e+01 1.028217e+01
      vertex -5.217338e+00 -2.302605e+01 1.028217e+01
    endloop
  endfacet
  facet normal 1.766260e-01 1.680412e-07 -9.842780e-01
    outer loop
      vertex -5.630292e+00 -1.826355e+01 1.031704e+01
      vertex -6.038194e+00 -2.302605e+01 1.024384e+01
      vertex -6.038197e+00 -1.826355e+01 1.024384e+01
    endloop
  endfacet
  facet normal 1.766260e-01 1.680412e-07 -9.842780e-01
    outer loop
      vertex -6.038194e+00 -2.302605e+01 1.024384e+01
      vertex -5.630292e+00 -1.826355e+01 1.031704e+01
      vertex -5.630289e+00 -2.302605e+01 1.031704e+01
    endloop
  endfacet
  facet normal 4.253575e-01 3.359482e-07 -9.050254e-01
    outer loop
      vertex -6.038197e+00 -1.826355e+01 1.024384e+01
      vertex -6.413255e+00 -2.302605e+01 1.006756e+01
      vertex -6.413259e+00 -1.826355e+01 1.006756e+01
    endloop
  endfacet
  facet normal 4.253575e-01 3.359482e-07 -9.050254e-01
    outer loop
      vertex -6.413255e+00 -2.302605e+01 1.006756e+01
      vertex -6.038197e+00 -1.826355e+01 1.024384e+01
      vertex -6.038194e+00 -2.302605e+01 1.024384e+01
    endloop
  endfacet
  facet normal 6.451015e-01 4.809609e-07 -7.640969e-01
    outer loop
      vertex -6.413259e+00 -1.826355e+01 1.006756e+01
      vertex -6.729913e+00 -2.302605e+01 9.800221e+00
      vertex -6.729916e+00 -1.826355e+01 9.800221e+00
    endloop
  endfacet
  facet normal 6.451015e-01 4.809609e-07 -7.640969e-01
    outer loop
      vertex -6.729913e+00 -2.302605e+01 9.800221e+00
      vertex -6.413259e+00 -1.826355e+01 1.006756e+01
      vertex -6.413255e+00 -2.302605e+01 1.006756e+01
    endloop
  endfacet
  facet normal 8.208832e-01 5.931968e-07 -5.710962e-01
    outer loop
      vertex -6.966590e+00 -1.826355e+01 9.460030e+00
      vertex -6.729913e+00 -2.302605e+01 9.800221e+00
      vertex -6.966587e+00 -2.302605e+01 9.460030e+00
    endloop
  endfacet
  facet normal 8.208832e-01 5.931968e-07 -5.710962e-01
    outer loop
      vertex -6.729913e+00 -2.302605e+01 9.800221e+00
      vertex -6.966590e+00 -1.826355e+01 9.460030e+00
      vertex -6.729916e+00 -1.826355e+01 9.800221e+00
    endloop
  endfacet
  facet normal 6.708841e-07 -1.000000e+00 -4.104358e-08
    outer loop
      vertex -5.895156e+00 -2.302605e+01 7.180364e+00
      vertex -1.686638e+01 -2.302605e+01 7.156107e+00
      vertex -5.482205e+00 -2.302605e+01 7.145494e+00
    endloop
  endfacet
  facet normal 6.708841e-07 -1.000000e+00 -4.104358e-08
    outer loop
      vertex -1.686638e+01 -2.302605e+01 7.156107e+00
      vertex -5.895156e+00 -2.302605e+01 7.180364e+00
      vertex -1.645197e+01 -2.302605e+01 7.158627e+00
    endloop
  endfacet
  facet normal 6.708841e-07 -1.000000e+00 -4.104358e-08
    outer loop
      vertex -1.645197e+01 -2.302605e+01 7.158627e+00
      vertex -5.895156e+00 -2.302605e+01 7.180364e+00
      vertex -1.605233e+01 -2.302605e+01 7.268319e+00
    endloop
  endfacet
  facet normal 6.708841e-07 -1.000000e+00 -4.104358e-08
    outer loop
      vertex -1.605233e+01 -2.302605e+01 7.268319e+00
      vertex -5.895156e+00 -2.302605e+01 7.180364e+00
      vertex -6.285010e+00 -2.302605e+01 7.320926e+00
    endloop
  endfacet
  facet normal 6.708841e-07 -1.000000e+00 -4.104358e-08
    outer loop
      vertex -1.605233e+01 -2.302605e+01 7.268319e+00
      vertex -6.285010e+00 -2.302605e+01 7.320926e+00
      vertex -1.569470e+01 -2.302605e+01 7.477708e+00
    endloop
  endfacet
  facet normal 6.708841e-07 -1.000000e+00 -4.104358e-08
    outer loop
      vertex -1.569470e+01 -2.302605e+01 7.477708e+00
      vertex -6.285010e+00 -2.302605e+01 7.320926e+00
      vertex -6.625201e+00 -2.302605e+01 7.557600e+00
    endloop
  endfacet
  facet normal 6.708841e-07 -1.000000e+00 -4.104358e-08
    outer loop
      vertex -1.569470e+01 -2.302605e+01 7.477708e+00
      vertex -6.625201e+00 -2.302605e+01 7.557600e+00
      vertex -1.540344e+01 -2.302605e+01 7.772525e+00
    endloop
  endfacet
  facet normal 6.708841e-07 -1.000000e+00 -4.104358e-08
    outer loop
      vertex -1.540344e+01 -2.302605e+01 7.772525e+00
      vertex -6.625201e+00 -2.302605e+01 7.557600e+00
      vertex -6.892545e+00 -2.302605e+01 7.874257e+00
    endloop
  endfacet
  facet normal 6.708841e-07 -1.000000e+00 -4.104358e-08
    outer loop
      vertex -1.540344e+01 -2.302605e+01 7.772525e+00
      vertex -6.892545e+00 -2.302605e+01 7.874257e+00
      vertex -1.519842e+01 -2.302605e+01 8.132677e+00
    endloop
  endfacet
  facet normal 6.708841e-07 -1.000000e+00 -4.104358e-08
    outer loop
      vertex -1.519842e+01 -2.302605e+01 8.132677e+00
      vertex -6.892545e+00 -2.302605e+01 7.874257e+00
      vertex -7.068822e+00 -2.302605e+01 8.249318e+00
    endloop
  endfacet
  facet normal 6.708841e-07 -1.000000e+00 -4.104358e-08
    outer loop
      vertex -1.519842e+01 -2.302605e+01 8.132677e+00
      vertex -7.068822e+00 -2.302605e+01 8.249318e+00
      vertex -1.509360e+01 -2.302605e+01 8.533621e+00
    endloop
  endfacet
  facet normal 6.708841e-07 -1.000000e+00 -4.104358e-08
    outer loop
      vertex -1.509360e+01 -2.302605e+01 8.533621e+00
      vertex -7.068822e+00 -2.302605e+01 8.249318e+00
      vertex -7.142020e+00 -2.302605e+01 8.657223e+00
    endloop
  endfacet
  facet normal 6.708841e-07 -1.000000e+00 -4.104358e-08
    outer loop
      vertex -1.509360e+01 -2.302605e+01 8.533621e+00
      vertex -7.142020e+00 -2.302605e+01 8.657223e+00
      vertex -1.509612e+01 -2.302605e+01 8.948034e+00
    endloop
  endfacet
  facet normal 6.708841e-07 -1.000000e+00 -4.104358e-08
    outer loop
      vertex -1.509612e+01 -2.302605e+01 8.948034e+00
      vertex -7.142020e+00 -2.302605e+01 8.657223e+00
      vertex -7.107149e+00 -2.302605e+01 9.070175e+00
    endloop
  endfacet
  facet normal 6.708841e-07 -1.000000e+00 -4.104358e-08
    outer loop
      vertex -1.509612e+01 -2.302605e+01 8.948034e+00
      vertex -7.107149e+00 -2.302605e+01 9.070175e+00
      vertex -1.520581e+01 -2.302605e+01 9.347674e+00
    endloop
  endfacet
  facet normal 6.708841e-07 -1.000000e+00 -4.104358e-08
    outer loop
      vertex -1.520581e+01 -2.302605e+01 9.347674e+00
      vertex -7.107149e+00 -2.302605e+01 9.070175e+00
      vertex -6.966587e+00 -2.302605e+01 9.460030e+00
    endloop
  endfacet
  facet normal 6.708841e-07 -1.000000e+00 -4.104358e-08
    outer loop
      vertex -1.520581e+01 -2.302605e+01 9.347674e+00
      vertex -6.966587e+00 -2.302605e+01 9.460030e+00
      vertex -1.541520e+01 -2.302605e+01 9.705306e+00
    endloop
  endfacet
  facet normal 6.708841e-07 -1.000000e+00 -4.104358e-08
    outer loop
      vertex -1.541520e+01 -2.302605e+01 9.705306e+00
      vertex -6.966587e+00 -2.302605e+01 9.460030e+00
      vertex -6.729913e+00 -2.302605e+01 9.800221e+00
    endloop
  endfacet
  facet normal 6.708841e-07 -1.000000e+00 -4.104358e-08
    outer loop
      vertex -1.541520e+01 -2.302605e+01 9.705306e+00
      vertex -6.729913e+00 -2.302605e+01 9.800221e+00
      vertex -1.571001e+01 -2.302605e+01 9.996558e+00
    endloop
  endfacet
  facet normal 6.708841e-07 -1.000000e+00 -4.104358e-08
    outer loop
      vertex -1.571001e+01 -2.302605e+01 9.996558e+00
      vertex -6.729913e+00 -2.302605e+01 9.800221e+00
      vertex -6.413255e+00 -2.302605e+01 1.006756e+01
    endloop
  endfacet
  facet normal 6.708841e-07 -1.000000e+00 -4.104358e-08
    outer loop
      vertex -1.571001e+01 -2.302605e+01 9.996558e+00
      vertex -6.413255e+00 -2.302605e+01 1.006756e+01
      vertex -1.607017e+01 -2.302605e+01 1.020158e+01
    endloop
  endfacet
  facet normal 6.708841e-07 -1.000000e+00 -4.104358e-08
    outer loop
      vertex -1.607017e+01 -2.302605e+01 1.020158e+01
      vertex -6.413255e+00 -2.302605e+01 1.006756e+01
      vertex -6.038194e+00 -2.302605e+01 1.024384e+01
    endloop
  endfacet
  facet normal 6.708841e-07 -1.000000e+00 -4.104358e-08
    outer loop
      vertex -1.607017e+01 -2.302605e+01 1.020158e+01
      vertex -6.038194e+00 -2.302605e+01 1.024384e+01
      vertex -1.647111e+01 -2.302605e+01 1.030641e+01
    endloop
  endfacet
  facet normal 6.708841e-07 -1.000000e+00 -4.104358e-08
    outer loop
      vertex -1.647111e+01 -2.302605e+01 1.030641e+01
      vertex -6.038194e+00 -2.302605e+01 1.024384e+01
      vertex -5.630289e+00 -2.302605e+01 1.031704e+01
    endloop
  endfacet
  facet normal 6.708841e-07 -1.000000e+00 -4.104358e-08
    outer loop
      vertex 1.666025e+01 -2.302604e+01 7.143798e+00
      vertex 5.658498e+00 -2.302604e+01 7.147071e+00
      vertex -5.482205e+00 -2.302605e+01 7.145494e+00
    endloop
  endfacet
  facet normal 6.708841e-07 -1.000000e+00 -4.104358e-08
    outer loop
      vertex 5.658498e+00 -2.302604e+01 7.147071e+00
      vertex 1.666025e+01 -2.302604e+01 7.143798e+00
      vertex 1.624967e+01 -2.302604e+01 7.200092e+00
    endloop
  endfacet
  facet normal 6.708841e-07 -1.000000e+00 -4.104358e-08
    outer loop
      vertex 5.658498e+00 -2.302604e+01 7.147071e+00
      vertex 1.624967e+01 -2.302604e+01 7.200092e+00
      vertex 6.065036e+00 -2.302604e+01 7.227515e+00
    endloop
  endfacet
  facet normal 6.708841e-07 -1.000000e+00 -4.104358e-08
    outer loop
      vertex 6.065036e+00 -2.302604e+01 7.227515e+00
      vertex 1.624967e+01 -2.302604e+01 7.200092e+00
      vertex 1.586765e+01 -2.302604e+01 7.360732e+00
    endloop
  endfacet
  facet normal 6.708841e-07 -1.000000e+00 -4.104358e-08
    outer loop
      vertex 6.065036e+00 -2.302604e+01 7.227515e+00
      vertex 1.586765e+01 -2.302604e+01 7.360732e+00
      vertex 6.436902e+00 -2.302604e+01 7.410437e+00
    endloop
  endfacet
  facet normal 6.708841e-07 -1.000000e+00 -4.104358e-08
    outer loop
      vertex 6.436902e+00 -2.302604e+01 7.410437e+00
      vertex 1.586765e+01 -2.302604e+01 7.360732e+00
      vertex 1.554022e+01 -2.302604e+01 7.614774e+00
    endloop
  endfacet
  facet normal 6.708841e-07 -1.000000e+00 -4.104358e-08
    outer loop
      vertex 6.436902e+00 -2.302604e+01 7.410437e+00
      vertex 1.554022e+01 -2.302604e+01 7.614774e+00
      vertex 6.748753e+00 -2.302604e+01 7.683373e+00
    endloop
  endfacet
  facet normal 6.708841e-07 -1.000000e+00 -4.104358e-08
    outer loop
      vertex 6.748753e+00 -2.302604e+01 7.683373e+00
      vertex 1.554022e+01 -2.302604e+01 7.614774e+00
      vertex 1.528971e+01 -2.302604e+01 7.944903e+00
    endloop
  endfacet
  facet normal 6.708841e-07 -1.000000e+00 -4.104358e-08
    outer loop
      vertex 6.748753e+00 -2.302604e+01 7.683373e+00
      vertex 1.528971e+01 -2.302604e+01 7.944903e+00
      vertex 6.979336e+00 -2.302604e+01 8.027720e+00
    endloop
  endfacet
  facet normal 6.708841e-07 -1.000000e+00 -4.104358e-08
    outer loop
      vertex 6.979336e+00 -2.302604e+01 8.027720e+00
      vertex 1.528971e+01 -2.302604e+01 7.944903e+00
      vertex 1.513317e+01 -2.302604e+01 8.328622e+00
    endloop
  endfacet
  facet normal 6.708841e-07 -1.000000e+00 -4.104358e-08
    outer loop
      vertex 6.979336e+00 -2.302604e+01 8.027720e+00
      vertex 1.513317e+01 -2.302604e+01 8.328622e+00
      vertex 7.112940e+00 -2.302604e+01 8.420015e+00
    endloop
  endfacet
  facet normal 6.708841e-07 -1.000000e+00 -4.104358e-08
    outer loop
      vertex 7.112940e+00 -2.302604e+01 8.420015e+00
      vertex 1.513317e+01 -2.302604e+01 8.328622e+00
      vertex 1.508128e+01 -2.302604e+01 8.739781e+00
    endloop
  endfacet
  facet normal 6.708841e-07 -1.000000e+00 -4.104358e-08
    outer loop
      vertex 7.112940e+00 -2.302604e+01 8.420015e+00
      vertex 1.508128e+01 -2.302604e+01 8.739781e+00
      vertex 7.140457e+00 -2.302604e+01 8.833521e+00
    endloop
  endfacet
  facet normal 6.708841e-07 -1.000000e+00 -4.104358e-08
    outer loop
      vertex 7.140457e+00 -2.302604e+01 8.833521e+00
      vertex 1.508128e+01 -2.302604e+01 8.739781e+00
      vertex 1.513757e+01 -2.302604e+01 9.150360e+00
    endloop
  endfacet
  facet normal 6.708841e-07 -1.000000e+00 -4.104358e-08
    outer loop
      vertex 7.140457e+00 -2.302604e+01 8.833521e+00
      vertex 1.513757e+01 -2.302604e+01 9.150360e+00
      vertex 7.060014e+00 -2.302604e+01 9.240059e+00
    endloop
  endfacet
  facet normal 6.708841e-07 -1.000000e+00 -4.104358e-08
    outer loop
      vertex 7.060014e+00 -2.302604e+01 9.240059e+00
      vertex 1.513757e+01 -2.302604e+01 9.150360e+00
      vertex 1.529821e+01 -2.302604e+01 9.532380e+00
    endloop
  endfacet
  facet normal 6.708841e-07 -1.000000e+00 -4.104358e-08
    outer loop
      vertex 7.060014e+00 -2.302604e+01 9.240059e+00
      vertex 1.529821e+01 -2.302604e+01 9.532380e+00
      vertex 6.877091e+00 -2.302604e+01 9.611924e+00
    endloop
  endfacet
  facet normal 6.708841e-07 -1.000000e+00 -4.104358e-08
    outer loop
      vertex 6.877091e+00 -2.302604e+01 9.611924e+00
      vertex 1.529821e+01 -2.302604e+01 9.532380e+00
      vertex 1.555225e+01 -2.302604e+01 9.859806e+00
    endloop
  endfacet
  facet normal 6.708841e-07 -1.000000e+00 -4.104358e-08
    outer loop
      vertex 6.877091e+00 -2.302604e+01 9.611924e+00
      vertex 1.555225e+01 -2.302604e+01 9.859806e+00
      vertex 6.604156e+00 -2.302604e+01 9.923776e+00
    endloop
  endfacet
  facet normal 6.708841e-07 -1.000000e+00 -4.104358e-08
    outer loop
      vertex 6.604156e+00 -2.302604e+01 9.923776e+00
      vertex 1.555225e+01 -2.302604e+01 9.859806e+00
      vertex 1.588238e+01 -2.302604e+01 1.011032e+01
    endloop
  endfacet
  facet normal 6.708841e-07 -1.000000e+00 -4.104358e-08
    outer loop
      vertex 6.604156e+00 -2.302604e+01 9.923776e+00
      vertex 1.588238e+01 -2.302604e+01 1.011032e+01
      vertex 6.259808e+00 -2.302604e+01 1.015436e+01
    endloop
  endfacet
  facet normal 6.708841e-07 -1.000000e+00 -4.104358e-08
    outer loop
      vertex 6.259808e+00 -2.302604e+01 1.015436e+01
      vertex 1.588238e+01 -2.302604e+01 1.011032e+01
      vertex 1.626610e+01 -2.302604e+01 1.026686e+01
    endloop
  endfacet
  facet normal 6.708841e-07 -1.000000e+00 -4.104358e-08
    outer loop
      vertex 6.259808e+00 -2.302604e+01 1.015436e+01
      vertex 1.626610e+01 -2.302604e+01 1.026686e+01
      vertex 5.867514e+00 -2.302604e+01 1.028796e+01
    endloop
  endfacet
  facet normal 6.708841e-07 -1.000000e+00 -4.104358e-08
    outer loop
      vertex 5.867514e+00 -2.302604e+01 1.028796e+01
      vertex 1.626610e+01 -2.302604e+01 1.026686e+01
      vertex 1.667726e+01 -2.302604e+01 1.031875e+01
    endloop
  endfacet
  facet normal 6.708841e-07 -1.000000e+00 -4.104358e-08
    outer loop
      vertex 5.867514e+00 -2.302604e+01 1.028796e+01
      vertex 1.667726e+01 -2.302604e+01 1.031875e+01
      vertex 5.454008e+00 -2.302604e+01 1.031548e+01
    endloop
  endfacet
  facet normal 6.708841e-07 -1.000000e+00 -4.104358e-08
    outer loop
      vertex 5.454008e+00 -2.302604e+01 1.031548e+01
      vertex 1.667726e+01 -2.302604e+01 1.031875e+01
      vertex -5.630289e+00 -2.302605e+01 1.031704e+01
    endloop
  endfacet
  facet normal 6.708841e-07 -1.000000e+00 -4.104358e-08
    outer loop
      vertex 5.658498e+00 -2.302604e+01 7.147071e+00
      vertex -5.074300e+00 -2.302605e+01 7.218691e+00
      vertex -5.482205e+00 -2.302605e+01 7.145494e+00
    endloop
  endfacet
  facet normal 6.708841e-07 -1.000000e+00 -4.104358e-08
    outer loop
      vertex -5.074300e+00 -2.302605e+01 7.218691e+00
      vertex 5.658498e+00 -2.302604e+01 7.147071e+00
      vertex 5.244992e+00 -2.302604e+01 7.174589e+00
    endloop
  endfacet
  facet normal 6.708841e-07 -1.000000e+00 -4.104358e-08
    outer loop
      vertex -5.074300e+00 -2.302605e+01 7.218691e+00
      vertex 5.244992e+00 -2.302604e+01 7.174589e+00
      vertex 4.852698e+00 -2.302604e+01 7.308192e+00
    endloop
  endfacet
  facet normal 6.708841e-07 -1.000000e+00 -4.104358e-08
    outer loop
      vertex -5.074300e+00 -2.302605e+01 7.218691e+00
      vertex 4.852698e+00 -2.302604e+01 7.308192e+00
      vertex -4.699238e+00 -2.302605e+01 7.394968e+00
    endloop
  endfacet
  facet normal 6.708841e-07 -1.000000e+00 -4.104358e-08
    outer loop
      vertex -4.699238e+00 -2.302605e+01 7.394968e+00
      vertex 4.852698e+00 -2.302604e+01 7.308192e+00
      vertex 4.508350e+00 -2.302604e+01 7.538776e+00
    endloop
  endfacet
  facet normal 6.708841e-07 -1.000000e+00 -4.104358e-08
    outer loop
      vertex -4.699238e+00 -2.302605e+01 7.394968e+00
      vertex 4.508350e+00 -2.302604e+01 7.538776e+00
      vertex -4.382581e+00 -2.302604e+01 7.662311e+00
    endloop
  endfacet
  facet normal 6.708841e-07 -1.000000e+00 -4.104358e-08
    outer loop
      vertex -4.382581e+00 -2.302604e+01 7.662311e+00
      vertex 4.508350e+00 -2.302604e+01 7.538776e+00
      vertex 4.235415e+00 -2.302604e+01 7.850627e+00
    endloop
  endfacet
  facet normal 6.708841e-07 -1.000000e+00 -4.104358e-08
    outer loop
      vertex -4.382581e+00 -2.302604e+01 7.662311e+00
      vertex 4.235415e+00 -2.302604e+01 7.850627e+00
      vertex -4.145907e+00 -2.302604e+01 8.002502e+00
    endloop
  endfacet
  facet normal 6.708841e-07 -1.000000e+00 -4.104358e-08
    outer loop
      vertex -4.145907e+00 -2.302604e+01 8.002502e+00
      vertex 4.235415e+00 -2.302604e+01 7.850627e+00
      vertex 4.052493e+00 -2.302604e+01 8.222492e+00
    endloop
  endfacet
  facet normal 6.708841e-07 -1.000000e+00 -4.104358e-08
    outer loop
      vertex -4.145907e+00 -2.302604e+01 8.002502e+00
      vertex 4.052493e+00 -2.302604e+01 8.222492e+00
      vertex -4.005345e+00 -2.302604e+01 8.392357e+00
    endloop
  endfacet
  facet normal 6.708841e-07 -1.000000e+00 -4.104358e-08
    outer loop
      vertex -4.005345e+00 -2.302604e+01 8.392357e+00
      vertex 4.052493e+00 -2.302604e+01 8.222492e+00
      vertex 3.972049e+00 -2.302604e+01 8.629030e+00
    endloop
  endfacet
  facet normal 6.708841e-07 -1.000000e+00 -4.104358e-08
    outer loop
      vertex -4.005345e+00 -2.302604e+01 8.392357e+00
      vertex 3.972049e+00 -2.302604e+01 8.629030e+00
      vertex -3.970474e+00 -2.302604e+01 8.805308e+00
    endloop
  endfacet
  facet normal 6.708841e-07 -1.000000e+00 -4.104358e-08
    outer loop
      vertex -3.970474e+00 -2.302604e+01 8.805308e+00
      vertex 3.972049e+00 -2.302604e+01 8.629030e+00
      vertex 3.999567e+00 -2.302604e+01 9.042537e+00
    endloop
  endfacet
  facet normal 6.708841e-07 -1.000000e+00 -4.104358e-08
    outer loop
      vertex -3.970474e+00 -2.302604e+01 8.805308e+00
      vertex 3.999567e+00 -2.302604e+01 9.042537e+00
      vertex -4.043672e+00 -2.302604e+01 9.213214e+00
    endloop
  endfacet
  facet normal 6.708841e-07 -1.000000e+00 -4.104358e-08
    outer loop
      vertex -4.043672e+00 -2.302604e+01 9.213214e+00
      vertex 3.999567e+00 -2.302604e+01 9.042537e+00
      vertex 4.133170e+00 -2.302604e+01 9.434831e+00
    endloop
  endfacet
  facet normal 6.708841e-07 -1.000000e+00 -4.104358e-08
    outer loop
      vertex -4.043672e+00 -2.302604e+01 9.213214e+00
      vertex 4.133170e+00 -2.302604e+01 9.434831e+00
      vertex -4.219949e+00 -2.302604e+01 9.588275e+00
    endloop
  endfacet
  facet normal 6.708841e-07 -1.000000e+00 -4.104358e-08
    outer loop
      vertex -4.219949e+00 -2.302604e+01 9.588275e+00
      vertex 4.133170e+00 -2.302604e+01 9.434831e+00
      vertex 4.363754e+00 -2.302604e+01 9.779179e+00
    endloop
  endfacet
  facet normal 6.708841e-07 -1.000000e+00 -4.104358e-08
    outer loop
      vertex -4.219949e+00 -2.302604e+01 9.588275e+00
      vertex 4.363754e+00 -2.302604e+01 9.779179e+00
      vertex -4.487292e+00 -2.302605e+01 9.904932e+00
    endloop
  endfacet
  facet normal 6.708841e-07 -1.000000e+00 -4.104358e-08
    outer loop
      vertex -4.487292e+00 -2.302605e+01 9.904932e+00
      vertex 4.363754e+00 -2.302604e+01 9.779179e+00
      vertex 4.675604e+00 -2.302604e+01 1.005211e+01
    endloop
  endfacet
  facet normal 6.708841e-07 -1.000000e+00 -4.104358e-08
    outer loop
      vertex -4.487292e+00 -2.302605e+01 9.904932e+00
      vertex 4.675604e+00 -2.302604e+01 1.005211e+01
      vertex -4.827484e+00 -2.302605e+01 1.014161e+01
    endloop
  endfacet
  facet normal 6.708841e-07 -1.000000e+00 -4.104358e-08
    outer loop
      vertex -4.827484e+00 -2.302605e+01 1.014161e+01
      vertex 4.675604e+00 -2.302604e+01 1.005211e+01
      vertex 5.047470e+00 -2.302604e+01 1.023504e+01
    endloop
  endfacet
  facet normal 6.708841e-07 -1.000000e+00 -4.104358e-08
    outer loop
      vertex -4.827484e+00 -2.302605e+01 1.014161e+01
      vertex 5.047470e+00 -2.302604e+01 1.023504e+01
      vertex -5.217338e+00 -2.302605e+01 1.028217e+01
    endloop
  endfacet
  facet normal 6.708841e-07 -1.000000e+00 -4.104358e-08
    outer loop
      vertex -5.217338e+00 -2.302605e+01 1.028217e+01
      vertex 5.047470e+00 -2.302604e+01 1.023504e+01
      vertex 5.454008e+00 -2.302604e+01 1.031548e+01
    endloop
  endfacet
  facet normal 6.708841e-07 -1.000000e+00 -4.104358e-08
    outer loop
      vertex -5.217338e+00 -2.302605e+01 1.028217e+01
      vertex 5.454008e+00 -2.302604e+01 1.031548e+01
      vertex -5.630289e+00 -2.302605e+01 1.031704e+01
    endloop
  endfacet
  facet normal 6.708841e-07 -1.000000e+00 -4.104358e-08
    outer loop
      vertex 1.622604e+01 -2.302603e+01 1.831926e+01
      vertex 5.653566e+00 -2.302604e+01 1.825926e+01
      vertex 1.663570e+01 -2.302603e+01 1.825663e+01
    endloop
  endfacet
  facet normal 6.708841e-07 -1.000000e+00 -4.104358e-08
    outer loop
      vertex 5.653566e+00 -2.302604e+01 1.825926e+01
      vertex 1.622604e+01 -2.302603e+01 1.831926e+01
      vertex 6.060353e+00 -2.302604e+01 1.833844e+01
    endloop
  endfacet
  facet normal 6.708841e-07 -1.000000e+00 -4.104358e-08
    outer loop
      vertex 6.060353e+00 -2.302604e+01 1.833844e+01
      vertex 1.622604e+01 -2.302603e+01 1.831926e+01
      vertex 1.584655e+01 -2.302603e+01 1.848579e+01
    endloop
  endfacet
  facet normal 6.708841e-07 -1.000000e+00 -4.104358e-08
    outer loop
      vertex 6.060353e+00 -2.302604e+01 1.833844e+01
      vertex 1.584655e+01 -2.302603e+01 1.848579e+01
      vertex 6.432786e+00 -2.302604e+01 1.852020e+01
    endloop
  endfacet
  facet normal 6.708841e-07 -1.000000e+00 -4.104358e-08
    outer loop
      vertex 6.432786e+00 -2.302604e+01 1.852020e+01
      vertex 1.584655e+01 -2.302603e+01 1.848579e+01
      vertex 1.552309e+01 -2.302603e+01 1.874487e+01
    endloop
  endfacet
  facet normal 6.708841e-07 -1.000000e+00 -4.104358e-08
    outer loop
      vertex 6.432786e+00 -2.302604e+01 1.852020e+01
      vertex 1.552309e+01 -2.302603e+01 1.874487e+01
      vertex 6.745485e+00 -2.302604e+01 1.879217e+01
    endloop
  endfacet
  facet normal 6.708841e-07 -1.000000e+00 -4.104358e-08
    outer loop
      vertex 6.745485e+00 -2.302604e+01 1.879217e+01
      vertex 1.552309e+01 -2.302603e+01 1.874487e+01
      vertex 1.527771e+01 -2.302603e+01 1.907883e+01
    endloop
  endfacet
  facet normal 6.708841e-07 -1.000000e+00 -4.104358e-08
    outer loop
      vertex 6.745485e+00 -2.302604e+01 1.879217e+01
      vertex 1.527771e+01 -2.302603e+01 1.907883e+01
      vertex 6.977140e+00 -2.302604e+01 1.913579e+01
    endloop
  endfacet
  facet normal 6.708841e-07 -1.000000e+00 -4.104358e-08
    outer loop
      vertex 6.977140e+00 -2.302604e+01 1.913579e+01
      vertex 1.527771e+01 -2.302603e+01 1.907883e+01
      vertex 1.512712e+01 -2.302603e+01 1.946492e+01
    endloop
  endfacet
  facet normal 6.708841e-07 -1.000000e+00 -4.104358e-08
    outer loop
      vertex 6.977140e+00 -2.302604e+01 1.913579e+01
      vertex 1.512712e+01 -2.302603e+01 1.946492e+01
      vertex 7.111963e+00 -2.302604e+01 1.952767e+01
    endloop
  endfacet
  facet normal 6.708841e-07 -1.000000e+00 -4.104358e-08
    outer loop
      vertex 7.111963e+00 -2.302604e+01 1.952767e+01
      vertex 1.512712e+01 -2.302603e+01 1.946492e+01
      vertex 1.508160e+01 -2.302603e+01 1.987684e+01
    endloop
  endfacet
  facet normal 6.708841e-07 -1.000000e+00 -4.104358e-08
    outer loop
      vertex 7.111963e+00 -2.302604e+01 1.952767e+01
      vertex 1.508160e+01 -2.302603e+01 1.987684e+01
      vertex 7.140768e+00 -2.302604e+01 1.994109e+01
    endloop
  endfacet
  facet normal 6.708841e-07 -1.000000e+00 -4.104358e-08
    outer loop
      vertex 7.140768e+00 -2.302604e+01 1.994109e+01
      vertex 1.508160e+01 -2.302603e+01 1.987684e+01
      vertex 1.514423e+01 -2.302603e+01 2.028650e+01
    endloop
  endfacet
  facet normal 6.708841e-07 -1.000000e+00 -4.104358e-08
    outer loop
      vertex 7.140768e+00 -2.302604e+01 1.994109e+01
      vertex 1.514423e+01 -2.302603e+01 2.028650e+01
      vertex 7.061590e+00 -2.302604e+01 2.034788e+01
    endloop
  endfacet
  facet normal 6.708841e-07 -1.000000e+00 -4.104358e-08
    outer loop
      vertex 7.061590e+00 -2.302604e+01 2.034788e+01
      vertex 1.514423e+01 -2.302603e+01 2.028650e+01
      vertex 1.531076e+01 -2.302603e+01 2.066599e+01
    endloop
  endfacet
  facet normal 6.708841e-07 -1.000000e+00 -4.104358e-08
    outer loop
      vertex 7.061590e+00 -2.302604e+01 2.034788e+01
      vertex 1.531076e+01 -2.302603e+01 2.066599e+01
      vertex 6.879826e+00 -2.302604e+01 2.072031e+01
    endloop
  endfacet
  facet normal 6.708841e-07 -1.000000e+00 -4.104358e-08
    outer loop
      vertex 6.879826e+00 -2.302604e+01 2.072031e+01
      vertex 1.531076e+01 -2.302603e+01 2.066599e+01
      vertex 1.556983e+01 -2.302603e+01 2.098944e+01
    endloop
  endfacet
  facet normal 6.708841e-07 -1.000000e+00 -4.104358e-08
    outer loop
      vertex 6.879826e+00 -2.302604e+01 2.072031e+01
      vertex 1.556983e+01 -2.302603e+01 2.098944e+01
      vertex 6.607863e+00 -2.302604e+01 2.103301e+01
    endloop
  endfacet
  facet normal 6.708841e-07 -1.000000e+00 -4.104358e-08
    outer loop
      vertex 6.607863e+00 -2.302604e+01 2.103301e+01
      vertex 1.556983e+01 -2.302603e+01 2.098944e+01
      vertex 1.590380e+01 -2.302603e+01 2.123483e+01
    endloop
  endfacet
  facet normal 6.708841e-07 -1.000000e+00 -4.104358e-08
    outer loop
      vertex 6.607863e+00 -2.302604e+01 2.103301e+01
      vertex 1.590380e+01 -2.302603e+01 2.123483e+01
      vertex 6.264235e+00 -2.302604e+01 2.126466e+01
    endloop
  endfacet
  facet normal 6.708841e-07 -1.000000e+00 -4.104358e-08
    outer loop
      vertex 6.264235e+00 -2.302604e+01 2.126466e+01
      vertex 1.590380e+01 -2.302603e+01 2.123483e+01
      vertex 1.628989e+01 -2.302603e+01 2.138541e+01
    endloop
  endfacet
  facet normal 6.708841e-07 -1.000000e+00 -4.104358e-08
    outer loop
      vertex 6.264235e+00 -2.302604e+01 2.126466e+01
      vertex 1.628989e+01 -2.302603e+01 2.138541e+01
      vertex 5.872358e+00 -2.302604e+01 2.139949e+01
    endloop
  endfacet
  facet normal 6.708841e-07 -1.000000e+00 -4.104358e-08
    outer loop
      vertex 5.872358e+00 -2.302604e+01 2.139949e+01
      vertex 1.628989e+01 -2.302603e+01 2.138541e+01
      vertex 1.670180e+01 -2.302603e+01 2.143094e+01
    endloop
  endfacet
  facet normal 6.708841e-07 -1.000000e+00 -4.104358e-08
    outer loop
      vertex 5.872358e+00 -2.302604e+01 2.139949e+01
      vertex 1.670180e+01 -2.302603e+01 2.143094e+01
      vertex 5.458940e+00 -2.302604e+01 2.142829e+01
    endloop
  endfacet
  facet normal 6.708841e-07 -1.000000e+00 -4.104358e-08
    outer loop
      vertex 2.698751e+01 -2.302602e+01 4.328067e-05
      vertex 1.707141e+01 -2.302604e+01 7.195689e+00
      vertex 1.666025e+01 -2.302604e+01 7.143798e+00
    endloop
  endfacet
  facet normal 6.708841e-07 -1.000000e+00 -4.104358e-08
    outer loop
      vertex 1.707141e+01 -2.302604e+01 7.195689e+00
      vertex 2.698751e+01 -2.302602e+01 4.328067e-05
      vertex 1.745513e+01 -2.302604e+01 7.352227e+00
    endloop
  endfacet
  facet normal 6.708841e-07 -1.000000e+00 -4.104358e-08
    outer loop
      vertex 1.745513e+01 -2.302604e+01 7.352227e+00
      vertex 2.698751e+01 -2.302602e+01 4.328067e-05
      vertex 1.778525e+01 -2.302604e+01 7.602745e+00
    endloop
  endfacet
  facet normal 6.708841e-07 -1.000000e+00 -4.104358e-08
    outer loop
      vertex 1.778525e+01 -2.302604e+01 7.602745e+00
      vertex 2.698751e+01 -2.302602e+01 4.328067e-05
      vertex 1.803930e+01 -2.302604e+01 7.930171e+00
    endloop
  endfacet
  facet normal 6.708841e-07 -1.000000e+00 -4.104358e-08
    outer loop
      vertex 1.803930e+01 -2.302604e+01 7.930171e+00
      vertex 2.698751e+01 -2.302602e+01 4.328067e-05
      vertex 2.698750e+01 -2.302603e+01 2.540004e+01
    endloop
  endfacet
  facet normal 6.708841e-07 -1.000000e+00 -4.104358e-08
    outer loop
      vertex 1.803930e+01 -2.302604e+01 7.930171e+00
      vertex 2.698750e+01 -2.302603e+01 2.540004e+01
      vertex 1.819994e+01 -2.302604e+01 8.312191e+00
    endloop
  endfacet
  facet normal 6.708841e-07 -1.000000e+00 -4.104358e-08
    outer loop
      vertex 1.819994e+01 -2.302604e+01 8.312191e+00
      vertex 2.698750e+01 -2.302603e+01 2.540004e+01
      vertex 1.825623e+01 -2.302604e+01 8.722770e+00
    endloop
  endfacet
  facet normal 6.708841e-07 -1.000000e+00 -4.104358e-08
    outer loop
      vertex 1.825623e+01 -2.302604e+01 8.722770e+00
      vertex 2.698750e+01 -2.302603e+01 2.540004e+01
      vertex 1.820434e+01 -2.302604e+01 9.133929e+00
    endloop
  endfacet
  facet normal 6.708841e-07 -1.000000e+00 -4.104358e-08
    outer loop
      vertex 1.820434e+01 -2.302604e+01 9.133929e+00
      vertex 2.698750e+01 -2.302603e+01 2.540004e+01
      vertex 1.804780e+01 -2.302604e+01 9.517649e+00
    endloop
  endfacet
  facet normal 6.708841e-07 -1.000000e+00 -4.104358e-08
    outer loop
      vertex 1.804780e+01 -2.302604e+01 9.517649e+00
      vertex 2.698750e+01 -2.302603e+01 2.540004e+01
      vertex 1.779728e+01 -2.302604e+01 9.847777e+00
    endloop
  endfacet
  facet normal 6.708841e-07 -1.000000e+00 -4.104358e-08
    outer loop
      vertex 1.779728e+01 -2.302604e+01 9.847777e+00
      vertex 2.698750e+01 -2.302603e+01 2.540004e+01
      vertex 1.746986e+01 -2.302604e+01 1.010182e+01
    endloop
  endfacet
  facet normal 6.708841e-07 -1.000000e+00 -4.104358e-08
    outer loop
      vertex 1.746986e+01 -2.302604e+01 1.010182e+01
      vertex 2.698750e+01 -2.302603e+01 2.540004e+01
      vertex 1.708784e+01 -2.302604e+01 1.026246e+01
    endloop
  endfacet
  facet normal 6.708841e-07 -1.000000e+00 -4.104358e-08
    outer loop
      vertex 1.708784e+01 -2.302604e+01 1.026246e+01
      vertex 2.698750e+01 -2.302603e+01 2.540004e+01
      vertex 1.667726e+01 -2.302604e+01 1.031875e+01
    endloop
  endfacet
  facet normal 6.708841e-07 -1.000000e+00 -4.104358e-08
    outer loop
      vertex 1.667726e+01 -2.302604e+01 1.031875e+01
      vertex 2.698750e+01 -2.302603e+01 2.540004e+01
      vertex 1.743371e+01 -2.302603e+01 1.845274e+01
    endloop
  endfacet
  facet normal 6.708841e-07 -1.000000e+00 -4.104358e-08
    outer loop
      vertex 1.667726e+01 -2.302604e+01 1.031875e+01
      vertex 1.743371e+01 -2.302603e+01 1.845274e+01
      vertex 1.704761e+01 -2.302603e+01 1.830216e+01
    endloop
  endfacet
  facet normal 6.708841e-07 -1.000000e+00 -4.104358e-08
    outer loop
      vertex 1.667726e+01 -2.302604e+01 1.031875e+01
      vertex 1.704761e+01 -2.302603e+01 1.830216e+01
      vertex 1.663570e+01 -2.302603e+01 1.825663e+01
    endloop
  endfacet
  facet normal 6.708841e-07 -1.000000e+00 -4.104358e-08
    outer loop
      vertex 1.667726e+01 -2.302604e+01 1.031875e+01
      vertex 1.663570e+01 -2.302603e+01 1.825663e+01
      vertex -5.564061e+00 -2.302605e+01 1.825629e+01
    endloop
  endfacet
  facet normal 6.708841e-07 -1.000000e+00 -4.104358e-08
    outer loop
      vertex 1.667726e+01 -2.302604e+01 1.031875e+01
      vertex -5.564061e+00 -2.302605e+01 1.825629e+01
      vertex -1.666875e+01 -2.302605e+01 1.825626e+01
    endloop
  endfacet
  facet normal 6.708841e-07 -1.000000e+00 -4.104358e-08
    outer loop
      vertex 1.743371e+01 -2.302603e+01 1.845274e+01
      vertex 2.698750e+01 -2.302603e+01 2.540004e+01
      vertex 1.776767e+01 -2.302603e+01 1.869813e+01
    endloop
  endfacet
  facet normal 6.708841e-07 -1.000000e+00 -4.104358e-08
    outer loop
      vertex 1.776767e+01 -2.302603e+01 1.869813e+01
      vertex 2.698750e+01 -2.302603e+01 2.540004e+01
      vertex 1.802674e+01 -2.302603e+01 1.902159e+01
    endloop
  endfacet
  facet normal 6.708841e-07 -1.000000e+00 -4.104358e-08
    outer loop
      vertex 1.802674e+01 -2.302603e+01 1.902159e+01
      vertex 2.698750e+01 -2.302603e+01 2.540004e+01
      vertex 1.819327e+01 -2.302603e+01 1.940107e+01
    endloop
  endfacet
  facet normal 6.708841e-07 -1.000000e+00 -4.104358e-08
    outer loop
      vertex 1.819327e+01 -2.302603e+01 1.940107e+01
      vertex 2.698750e+01 -2.302603e+01 2.540004e+01
      vertex 1.825591e+01 -2.302603e+01 1.981073e+01
    endloop
  endfacet
  facet normal 6.708841e-07 -1.000000e+00 -4.104358e-08
    outer loop
      vertex 1.825591e+01 -2.302603e+01 1.981073e+01
      vertex 2.698750e+01 -2.302603e+01 2.540004e+01
      vertex 1.821038e+01 -2.302603e+01 2.022265e+01
    endloop
  endfacet
  facet normal 6.708841e-07 -1.000000e+00 -4.104358e-08
    outer loop
      vertex 1.821038e+01 -2.302603e+01 2.022265e+01
      vertex 2.698750e+01 -2.302603e+01 2.540004e+01
      vertex 1.805980e+01 -2.302603e+01 2.060874e+01
    endloop
  endfacet
  facet normal 6.708841e-07 -1.000000e+00 -4.104358e-08
    outer loop
      vertex 1.805980e+01 -2.302603e+01 2.060874e+01
      vertex 2.698750e+01 -2.302603e+01 2.540004e+01
      vertex 1.781441e+01 -2.302603e+01 2.094270e+01
    endloop
  endfacet
  facet normal 6.708841e-07 -1.000000e+00 -4.104358e-08
    outer loop
      vertex 1.781441e+01 -2.302603e+01 2.094270e+01
      vertex 2.698750e+01 -2.302603e+01 2.540004e+01
      vertex 1.749095e+01 -2.302603e+01 2.120178e+01
    endloop
  endfacet
  facet normal 6.708841e-07 -1.000000e+00 -4.104358e-08
    outer loop
      vertex 1.749095e+01 -2.302603e+01 2.120178e+01
      vertex 2.698750e+01 -2.302603e+01 2.540004e+01
      vertex 1.711146e+01 -2.302603e+01 2.136831e+01
    endloop
  endfacet
  facet normal 6.708841e-07 -1.000000e+00 -4.104358e-08
    outer loop
      vertex 1.711146e+01 -2.302603e+01 2.136831e+01
      vertex 2.698750e+01 -2.302603e+01 2.540004e+01
      vertex 1.670180e+01 -2.302603e+01 2.143094e+01
    endloop
  endfacet
  facet normal 6.708841e-07 -1.000000e+00 -4.104358e-08
    outer loop
      vertex 1.670180e+01 -2.302603e+01 2.143094e+01
      vertex 2.698750e+01 -2.302603e+01 2.540004e+01
      vertex -5.548433e+00 -2.302605e+01 2.143125e+01
    endloop
  endfacet
  facet normal 6.708841e-07 -1.000000e+00 -4.104358e-08
    outer loop
      vertex -5.548433e+00 -2.302605e+01 2.143125e+01
      vertex 2.698750e+01 -2.302603e+01 2.540004e+01
      vertex -1.666875e+01 -2.302605e+01 2.143126e+01
    endloop
  endfacet
  facet normal 6.708841e-07 -1.000000e+00 -4.104358e-08
    outer loop
      vertex -1.666875e+01 -2.302605e+01 2.143126e+01
      vertex 2.698750e+01 -2.302603e+01 2.540004e+01
      vertex -2.379719e+01 -2.302606e+01 2.540000e+01
    endloop
  endfacet
  facet normal 6.708841e-07 -1.000000e+00 -4.104358e-08
    outer loop
      vertex 2.698751e+01 -2.302602e+01 4.328067e-05
      vertex -2.698750e+01 -2.302606e+01 4.002198e-05
      vertex -2.379719e+01 -2.302606e+01 0.000000e+00
    endloop
  endfacet
  facet normal 6.708841e-07 -1.000000e+00 -4.104358e-08
    outer loop
      vertex -2.698750e+01 -2.302606e+01 4.002198e-05
      vertex 2.698751e+01 -2.302602e+01 4.328067e-05
      vertex -1.686638e+01 -2.302605e+01 7.156107e+00
    endloop
  endfacet
  facet normal 6.708841e-07 -1.000000e+00 -4.104358e-08
    outer loop
      vertex -2.698750e+01 -2.302606e+01 4.002198e-05
      vertex -1.686638e+01 -2.302605e+01 7.156107e+00
      vertex -1.726733e+01 -2.302605e+01 7.260930e+00
    endloop
  endfacet
  facet normal 6.708841e-07 -1.000000e+00 -4.104358e-08
    outer loop
      vertex -2.698750e+01 -2.302606e+01 4.002198e-05
      vertex -1.726733e+01 -2.302605e+01 7.260930e+00
      vertex -1.762748e+01 -2.302605e+01 7.465954e+00
    endloop
  endfacet
  facet normal 6.708841e-07 -1.000000e+00 -4.104358e-08
    outer loop
      vertex -2.698750e+01 -2.302606e+01 4.002198e-05
      vertex -1.762748e+01 -2.302605e+01 7.465954e+00
      vertex -1.792230e+01 -2.302605e+01 7.757206e+00
    endloop
  endfacet
  facet normal 6.708841e-07 -1.000000e+00 -4.104358e-08
    outer loop
      vertex -2.698750e+01 -2.302606e+01 4.002198e-05
      vertex -1.792230e+01 -2.302605e+01 7.757206e+00
      vertex -1.813168e+01 -2.302605e+01 8.114839e+00
    endloop
  endfacet
  facet normal 6.708841e-07 -1.000000e+00 -4.104358e-08
    outer loop
      vertex -2.698750e+01 -2.302606e+01 4.002198e-05
      vertex -1.813168e+01 -2.302605e+01 8.114839e+00
      vertex -2.698750e+01 -2.302606e+01 2.540004e+01
    endloop
  endfacet
  facet normal 6.708841e-07 -1.000000e+00 -4.104358e-08
    outer loop
      vertex -1.686638e+01 -2.302605e+01 7.156107e+00
      vertex 2.698751e+01 -2.302602e+01 4.328067e-05
      vertex -5.482205e+00 -2.302605e+01 7.145494e+00
    endloop
  endfacet
  facet normal 6.708841e-07 -1.000000e+00 -4.104358e-08
    outer loop
      vertex -5.482205e+00 -2.302605e+01 7.145494e+00
      vertex 2.698751e+01 -2.302602e+01 4.328067e-05
      vertex 1.666025e+01 -2.302604e+01 7.143798e+00
    endloop
  endfacet
  facet normal 6.708841e-07 -1.000000e+00 -4.104358e-08
    outer loop
      vertex -2.698750e+01 -2.302606e+01 2.540004e+01
      vertex -1.813168e+01 -2.302605e+01 8.114839e+00
      vertex -1.824138e+01 -2.302605e+01 8.514478e+00
    endloop
  endfacet
  facet normal 6.708841e-07 -1.000000e+00 -4.104358e-08
    outer loop
      vertex -2.698750e+01 -2.302606e+01 2.540004e+01
      vertex -1.824138e+01 -2.302605e+01 8.514478e+00
      vertex -1.824390e+01 -2.302605e+01 8.928892e+00
    endloop
  endfacet
  facet normal 6.708841e-07 -1.000000e+00 -4.104358e-08
    outer loop
      vertex -2.698750e+01 -2.302606e+01 2.540004e+01
      vertex -1.824390e+01 -2.302605e+01 8.928892e+00
      vertex -1.813907e+01 -2.302605e+01 9.329835e+00
    endloop
  endfacet
  facet normal 6.708841e-07 -1.000000e+00 -4.104358e-08
    outer loop
      vertex -2.698750e+01 -2.302606e+01 2.540004e+01
      vertex -1.813907e+01 -2.302605e+01 9.329835e+00
      vertex -1.793405e+01 -2.302605e+01 9.689988e+00
    endloop
  endfacet
  facet normal 6.708841e-07 -1.000000e+00 -4.104358e-08
    outer loop
      vertex -2.698750e+01 -2.302606e+01 2.540004e+01
      vertex -1.793405e+01 -2.302605e+01 9.689988e+00
      vertex -1.764280e+01 -2.302605e+01 9.984805e+00
    endloop
  endfacet
  facet normal 6.708841e-07 -1.000000e+00 -4.104358e-08
    outer loop
      vertex -2.698750e+01 -2.302606e+01 2.540004e+01
      vertex -1.764280e+01 -2.302605e+01 9.984805e+00
      vertex -1.728517e+01 -2.302605e+01 1.019419e+01
    endloop
  endfacet
  facet normal 6.708841e-07 -1.000000e+00 -4.104358e-08
    outer loop
      vertex -2.698750e+01 -2.302606e+01 2.540004e+01
      vertex -1.728517e+01 -2.302605e+01 1.019419e+01
      vertex -1.688552e+01 -2.302605e+01 1.030389e+01
    endloop
  endfacet
  facet normal 6.708841e-07 -1.000000e+00 -4.104358e-08
    outer loop
      vertex -2.698750e+01 -2.302606e+01 2.540004e+01
      vertex -1.688552e+01 -2.302605e+01 1.030389e+01
      vertex -1.647111e+01 -2.302605e+01 1.030641e+01
    endloop
  endfacet
  facet normal 6.708841e-07 -1.000000e+00 -4.104358e-08
    outer loop
      vertex -2.698750e+01 -2.302606e+01 2.540004e+01
      vertex -1.647111e+01 -2.302605e+01 1.030641e+01
      vertex -1.746250e+01 -2.302605e+01 1.846894e+01
    endloop
  endfacet
  facet normal 6.708841e-07 -1.000000e+00 -4.104358e-08
    outer loop
      vertex -1.746250e+01 -2.302605e+01 1.846894e+01
      vertex -1.647111e+01 -2.302605e+01 1.030641e+01
      vertex -5.630289e+00 -2.302605e+01 1.031704e+01
    endloop
  endfacet
  facet normal 6.708841e-07 -1.000000e+00 -4.104358e-08
    outer loop
      vertex -1.746250e+01 -2.302605e+01 1.846894e+01
      vertex -5.630289e+00 -2.302605e+01 1.031704e+01
      vertex -1.707962e+01 -2.302605e+01 1.831035e+01
    endloop
  endfacet
  facet normal 6.708841e-07 -1.000000e+00 -4.104358e-08
    outer loop
      vertex -1.707962e+01 -2.302605e+01 1.831035e+01
      vertex -5.630289e+00 -2.302605e+01 1.031704e+01
      vertex 1.667726e+01 -2.302604e+01 1.031875e+01
    endloop
  endfacet
  facet normal 6.708841e-07 -1.000000e+00 -4.104358e-08
    outer loop
      vertex -1.707962e+01 -2.302605e+01 1.831035e+01
      vertex 1.667726e+01 -2.302604e+01 1.031875e+01
      vertex -1.666875e+01 -2.302605e+01 1.825626e+01
    endloop
  endfacet
  facet normal 6.708841e-07 -1.000000e+00 -4.104358e-08
    outer loop
      vertex -2.698750e+01 -2.302606e+01 2.540004e+01
      vertex -1.746250e+01 -2.302605e+01 1.846894e+01
      vertex -1.779128e+01 -2.302605e+01 1.872122e+01
    endloop
  endfacet
  facet normal 6.708841e-07 -1.000000e+00 -4.104358e-08
    outer loop
      vertex -2.698750e+01 -2.302606e+01 2.540004e+01
      vertex -1.779128e+01 -2.302605e+01 1.872122e+01
      vertex -1.804356e+01 -2.302605e+01 1.905001e+01
    endloop
  endfacet
  facet normal 6.708841e-07 -1.000000e+00 -4.104358e-08
    outer loop
      vertex -2.698750e+01 -2.302606e+01 2.540004e+01
      vertex -1.804356e+01 -2.302605e+01 1.905001e+01
      vertex -1.820215e+01 -2.302605e+01 1.943288e+01
    endloop
  endfacet
  facet normal 6.708841e-07 -1.000000e+00 -4.104358e-08
    outer loop
      vertex -2.698750e+01 -2.302606e+01 2.540004e+01
      vertex -1.820215e+01 -2.302605e+01 1.943288e+01
      vertex -1.825625e+01 -2.302605e+01 1.984376e+01
    endloop
  endfacet
  facet normal 6.708841e-07 -1.000000e+00 -4.104358e-08
    outer loop
      vertex -2.698750e+01 -2.302606e+01 2.540004e+01
      vertex -1.825625e+01 -2.302605e+01 1.984376e+01
      vertex -1.820215e+01 -2.302605e+01 2.025463e+01
    endloop
  endfacet
  facet normal 6.708841e-07 -1.000000e+00 -4.104358e-08
    outer loop
      vertex -2.698750e+01 -2.302606e+01 2.540004e+01
      vertex -1.820215e+01 -2.302605e+01 2.025463e+01
      vertex -1.804356e+01 -2.302605e+01 2.063751e+01
    endloop
  endfacet
  facet normal 6.708841e-07 -1.000000e+00 -4.104358e-08
    outer loop
      vertex -2.698750e+01 -2.302606e+01 2.540004e+01
      vertex -1.804356e+01 -2.302605e+01 2.063751e+01
      vertex -1.779128e+01 -2.302605e+01 2.096629e+01
    endloop
  endfacet
  facet normal 6.708841e-07 -1.000000e+00 -4.104358e-08
    outer loop
      vertex -2.698750e+01 -2.302606e+01 2.540004e+01
      vertex -1.779128e+01 -2.302605e+01 2.096629e+01
      vertex -1.746250e+01 -2.302605e+01 2.121857e+01
    endloop
  endfacet
  facet normal 6.708841e-07 -1.000000e+00 -4.104358e-08
    outer loop
      vertex -2.698750e+01 -2.302606e+01 2.540004e+01
      vertex -1.746250e+01 -2.302605e+01 2.121857e+01
      vertex -1.707962e+01 -2.302605e+01 2.137716e+01
    endloop
  endfacet
  facet normal 6.708841e-07 -1.000000e+00 -4.104358e-08
    outer loop
      vertex -2.698750e+01 -2.302606e+01 2.540004e+01
      vertex -1.707962e+01 -2.302605e+01 2.137716e+01
      vertex -1.666875e+01 -2.302605e+01 2.143126e+01
    endloop
  endfacet
  facet normal 6.708841e-07 -1.000000e+00 -4.104358e-08
    outer loop
      vertex -2.698750e+01 -2.302606e+01 2.540004e+01
      vertex -1.666875e+01 -2.302605e+01 2.143126e+01
      vertex -2.379719e+01 -2.302606e+01 2.540000e+01
    endloop
  endfacet
  facet normal 6.708841e-07 -1.000000e+00 -4.104358e-08
    outer loop
      vertex -5.564061e+00 -2.302605e+01 1.825629e+01
      vertex -1.625787e+01 -2.302605e+01 1.831035e+01
      vertex -1.666875e+01 -2.302605e+01 1.825626e+01
    endloop
  endfacet
  facet normal 6.708841e-07 -1.000000e+00 -4.104358e-08
    outer loop
      vertex -1.625787e+01 -2.302605e+01 1.831035e+01
      vertex -5.564061e+00 -2.302605e+01 1.825629e+01
      vertex -5.974664e+00 -2.302605e+01 1.831240e+01
    endloop
  endfacet
  facet normal 6.708841e-07 -1.000000e+00 -4.104358e-08
    outer loop
      vertex -1.625787e+01 -2.302605e+01 1.831035e+01
      vertex -5.974664e+00 -2.302605e+01 1.831240e+01
      vertex -1.587500e+01 -2.302605e+01 1.846894e+01
    endloop
  endfacet
  facet normal 6.708841e-07 -1.000000e+00 -4.104358e-08
    outer loop
      vertex -1.587500e+01 -2.302605e+01 1.846894e+01
      vertex -5.974664e+00 -2.302605e+01 1.831240e+01
      vertex -6.356754e+00 -2.302605e+01 1.847287e+01
    endloop
  endfacet
  facet normal 6.708841e-07 -1.000000e+00 -4.104358e-08
    outer loop
      vertex -1.587500e+01 -2.302605e+01 1.846894e+01
      vertex -6.356754e+00 -2.302605e+01 1.847287e+01
      vertex -1.554622e+01 -2.302605e+01 1.872122e+01
    endloop
  endfacet
  facet normal 6.708841e-07 -1.000000e+00 -4.104358e-08
    outer loop
      vertex -1.554622e+01 -2.302605e+01 1.872122e+01
      vertex -6.356754e+00 -2.302605e+01 1.847287e+01
      vertex -6.684290e+00 -2.302605e+01 1.872677e+01
    endloop
  endfacet
  facet normal 6.708841e-07 -1.000000e+00 -4.104358e-08
    outer loop
      vertex -1.554622e+01 -2.302605e+01 1.872122e+01
      vertex -6.684290e+00 -2.302605e+01 1.872677e+01
      vertex -1.529393e+01 -2.302605e+01 1.905001e+01
    endloop
  endfacet
  facet normal 6.708841e-07 -1.000000e+00 -4.104358e-08
    outer loop
      vertex -1.529393e+01 -2.302605e+01 1.905001e+01
      vertex -6.684290e+00 -2.302605e+01 1.872677e+01
      vertex -6.934952e+00 -2.302605e+01 1.905679e+01
    endloop
  endfacet
  facet normal 6.708841e-07 -1.000000e+00 -4.104358e-08
    outer loop
      vertex -1.529393e+01 -2.302605e+01 1.905001e+01
      vertex -6.934952e+00 -2.302605e+01 1.905679e+01
      vertex -1.513534e+01 -2.302605e+01 1.943288e+01
    endloop
  endfacet
  facet normal 6.708841e-07 -1.000000e+00 -4.104358e-08
    outer loop
      vertex -1.513534e+01 -2.302605e+01 1.943288e+01
      vertex -6.934952e+00 -2.302605e+01 1.905679e+01
      vertex -7.091658e+00 -2.302605e+01 1.944044e+01
    endloop
  endfacet
  facet normal 6.708841e-07 -1.000000e+00 -4.104358e-08
    outer loop
      vertex -1.513534e+01 -2.302605e+01 1.943288e+01
      vertex -7.091658e+00 -2.302605e+01 1.944044e+01
      vertex -1.508125e+01 -2.302605e+01 1.984376e+01
    endloop
  endfacet
  facet normal 6.708841e-07 -1.000000e+00 -4.104358e-08
    outer loop
      vertex -1.508125e+01 -2.302605e+01 1.984376e+01
      vertex -7.091658e+00 -2.302605e+01 1.944044e+01
      vertex -7.143727e+00 -2.302605e+01 1.985158e+01
    endloop
  endfacet
  facet normal 6.708841e-07 -1.000000e+00 -4.104358e-08
    outer loop
      vertex -1.508125e+01 -2.302605e+01 1.984376e+01
      vertex -7.143727e+00 -2.302605e+01 1.985158e+01
      vertex -1.513534e+01 -2.302605e+01 2.025463e+01
    endloop
  endfacet
  facet normal 6.708841e-07 -1.000000e+00 -4.104358e-08
    outer loop
      vertex -1.513534e+01 -2.302605e+01 2.025463e+01
      vertex -7.143727e+00 -2.302605e+01 1.985158e+01
      vertex -7.087613e+00 -2.302605e+01 2.026218e+01
    endloop
  endfacet
  facet normal 6.708841e-07 -1.000000e+00 -4.104358e-08
    outer loop
      vertex -1.513534e+01 -2.302605e+01 2.025463e+01
      vertex -7.087613e+00 -2.302605e+01 2.026218e+01
      vertex -1.529393e+01 -2.302605e+01 2.063751e+01
    endloop
  endfacet
  facet normal 6.708841e-07 -1.000000e+00 -4.104358e-08
    outer loop
      vertex -1.529393e+01 -2.302605e+01 2.063751e+01
      vertex -7.087613e+00 -2.302605e+01 2.026218e+01
      vertex -6.927139e+00 -2.302605e+01 2.064427e+01
    endloop
  endfacet
  facet normal 6.708841e-07 -1.000000e+00 -4.104358e-08
    outer loop
      vertex -1.529393e+01 -2.302605e+01 2.063751e+01
      vertex -6.927139e+00 -2.302605e+01 2.064427e+01
      vertex -1.554622e+01 -2.302605e+01 2.096629e+01
    endloop
  endfacet
  facet normal 6.708841e-07 -1.000000e+00 -4.104358e-08
    outer loop
      vertex -1.554622e+01 -2.302605e+01 2.096629e+01
      vertex -6.927139e+00 -2.302605e+01 2.064427e+01
      vertex -6.673241e+00 -2.302605e+01 2.097181e+01
    endloop
  endfacet
  facet normal 6.708841e-07 -1.000000e+00 -4.104358e-08
    outer loop
      vertex -1.554622e+01 -2.302605e+01 2.096629e+01
      vertex -6.673241e+00 -2.302605e+01 2.097181e+01
      vertex -1.587500e+01 -2.302605e+01 2.121857e+01
    endloop
  endfacet
  facet normal 6.708841e-07 -1.000000e+00 -4.104358e-08
    outer loop
      vertex -1.587500e+01 -2.302605e+01 2.121857e+01
      vertex -6.673241e+00 -2.302605e+01 2.097181e+01
      vertex -6.343220e+00 -2.302605e+01 2.122247e+01
    endloop
  endfacet
  facet normal 6.708841e-07 -1.000000e+00 -4.104358e-08
    outer loop
      vertex -1.587500e+01 -2.302605e+01 2.121857e+01
      vertex -6.343220e+00 -2.302605e+01 2.122247e+01
      vertex -1.625787e+01 -2.302605e+01 2.137716e+01
    endloop
  endfacet
  facet normal 6.708841e-07 -1.000000e+00 -4.104358e-08
    outer loop
      vertex -1.625787e+01 -2.302605e+01 2.137716e+01
      vertex -6.343220e+00 -2.302605e+01 2.122247e+01
      vertex -5.959570e+00 -2.302605e+01 2.137918e+01
    endloop
  endfacet
  facet normal 6.708841e-07 -1.000000e+00 -4.104358e-08
    outer loop
      vertex -1.625787e+01 -2.302605e+01 2.137716e+01
      vertex -5.959570e+00 -2.302605e+01 2.137918e+01
      vertex -1.666875e+01 -2.302605e+01 2.143126e+01
    endloop
  endfacet
  facet normal 6.708841e-07 -1.000000e+00 -4.104358e-08
    outer loop
      vertex -1.666875e+01 -2.302605e+01 2.143126e+01
      vertex -5.959570e+00 -2.302605e+01 2.137918e+01
      vertex -5.548433e+00 -2.302605e+01 2.143125e+01
    endloop
  endfacet
  facet normal 6.708841e-07 -1.000000e+00 -4.104358e-08
    outer loop
      vertex -5.564061e+00 -2.302605e+01 1.825629e+01
      vertex 5.653566e+00 -2.302604e+01 1.825926e+01
      vertex -5.152924e+00 -2.302605e+01 1.830835e+01
    endloop
  endfacet
  facet normal 6.708841e-07 -1.000000e+00 -4.104358e-08
    outer loop
      vertex 5.653566e+00 -2.302604e+01 1.825926e+01
      vertex -5.564061e+00 -2.302605e+01 1.825629e+01
      vertex 1.663570e+01 -2.302603e+01 1.825663e+01
    endloop
  endfacet
  facet normal 6.708841e-07 -1.000000e+00 -4.104358e-08
    outer loop
      vertex -5.152924e+00 -2.302605e+01 1.830835e+01
      vertex 5.653566e+00 -2.302604e+01 1.825926e+01
      vertex 5.240148e+00 -2.302604e+01 1.828807e+01
    endloop
  endfacet
  facet normal 6.708841e-07 -1.000000e+00 -4.104358e-08
    outer loop
      vertex -5.152924e+00 -2.302605e+01 1.830835e+01
      vertex 5.240148e+00 -2.302604e+01 1.828807e+01
      vertex 4.848272e+00 -2.302604e+01 1.842289e+01
    endloop
  endfacet
  facet normal 6.708841e-07 -1.000000e+00 -4.104358e-08
    outer loop
      vertex -5.152924e+00 -2.302605e+01 1.830835e+01
      vertex 4.848272e+00 -2.302604e+01 1.842289e+01
      vertex -4.769273e+00 -2.302605e+01 1.846506e+01
    endloop
  endfacet
  facet normal 6.708841e-07 -1.000000e+00 -4.104358e-08
    outer loop
      vertex -4.769273e+00 -2.302605e+01 1.846506e+01
      vertex 4.848272e+00 -2.302604e+01 1.842289e+01
      vertex 4.504643e+00 -2.302604e+01 1.865454e+01
    endloop
  endfacet
  facet normal 6.708841e-07 -1.000000e+00 -4.104358e-08
    outer loop
      vertex -4.769273e+00 -2.302605e+01 1.846506e+01
      vertex 4.504643e+00 -2.302604e+01 1.865454e+01
      vertex -4.439253e+00 -2.302604e+01 1.871572e+01
    endloop
  endfacet
  facet normal 6.708841e-07 -1.000000e+00 -4.104358e-08
    outer loop
      vertex -4.439253e+00 -2.302604e+01 1.871572e+01
      vertex 4.504643e+00 -2.302604e+01 1.865454e+01
      vertex 4.232680e+00 -2.302604e+01 1.896724e+01
    endloop
  endfacet
  facet normal 6.708841e-07 -1.000000e+00 -4.104358e-08
    outer loop
      vertex -4.439253e+00 -2.302604e+01 1.871572e+01
      vertex 4.232680e+00 -2.302604e+01 1.896724e+01
      vertex -4.185355e+00 -2.302604e+01 1.904326e+01
    endloop
  endfacet
  facet normal 6.708841e-07 -1.000000e+00 -4.104358e-08
    outer loop
      vertex -4.185355e+00 -2.302604e+01 1.904326e+01
      vertex 4.232680e+00 -2.302604e+01 1.896724e+01
      vertex 4.050916e+00 -2.302604e+01 1.933968e+01
    endloop
  endfacet
  facet normal 6.708841e-07 -1.000000e+00 -4.104358e-08
    outer loop
      vertex -4.185355e+00 -2.302604e+01 1.904326e+01
      vertex 4.050916e+00 -2.302604e+01 1.933968e+01
      vertex -4.024880e+00 -2.302604e+01 1.942535e+01
    endloop
  endfacet
  facet normal 6.708841e-07 -1.000000e+00 -4.104358e-08
    outer loop
      vertex -4.024880e+00 -2.302604e+01 1.942535e+01
      vertex 4.050916e+00 -2.302604e+01 1.933968e+01
      vertex 3.971739e+00 -2.302604e+01 1.974646e+01
    endloop
  endfacet
  facet normal 6.708841e-07 -1.000000e+00 -4.104358e-08
    outer loop
      vertex -4.024880e+00 -2.302604e+01 1.942535e+01
      vertex 3.971739e+00 -2.302604e+01 1.974646e+01
      vertex -3.968766e+00 -2.302604e+01 1.983595e+01
    endloop
  endfacet
  facet normal 6.708841e-07 -1.000000e+00 -4.104358e-08
    outer loop
      vertex -3.968766e+00 -2.302604e+01 1.983595e+01
      vertex 3.971739e+00 -2.302604e+01 1.974646e+01
      vertex 4.000543e+00 -2.302604e+01 2.015988e+01
    endloop
  endfacet
  facet normal 6.708841e-07 -1.000000e+00 -4.104358e-08
    outer loop
      vertex -3.968766e+00 -2.302604e+01 1.983595e+01
      vertex 4.000543e+00 -2.302604e+01 2.015988e+01
      vertex -4.020836e+00 -2.302604e+01 2.024709e+01
    endloop
  endfacet
  facet normal 6.708841e-07 -1.000000e+00 -4.104358e-08
    outer loop
      vertex -4.020836e+00 -2.302604e+01 2.024709e+01
      vertex 4.000543e+00 -2.302604e+01 2.015988e+01
      vertex 4.135367e+00 -2.302604e+01 2.055176e+01
    endloop
  endfacet
  facet normal 6.708841e-07 -1.000000e+00 -4.104358e-08
    outer loop
      vertex -4.020836e+00 -2.302604e+01 2.024709e+01
      vertex 4.135367e+00 -2.302604e+01 2.055176e+01
      vertex -4.177541e+00 -2.302604e+01 2.063074e+01
    endloop
  endfacet
  facet normal 6.708841e-07 -1.000000e+00 -4.104358e-08
    outer loop
      vertex -4.177541e+00 -2.302604e+01 2.063074e+01
      vertex 4.135367e+00 -2.302604e+01 2.055176e+01
      vertex 4.367021e+00 -2.302604e+01 2.089539e+01
    endloop
  endfacet
  facet normal 6.708841e-07 -1.000000e+00 -4.104358e-08
    outer loop
      vertex -4.177541e+00 -2.302604e+01 2.063074e+01
      vertex 4.367021e+00 -2.302604e+01 2.089539e+01
      vertex -4.428204e+00 -2.302604e+01 2.096076e+01
    endloop
  endfacet
  facet normal 6.708841e-07 -1.000000e+00 -4.104358e-08
    outer loop
      vertex -4.428204e+00 -2.302604e+01 2.096076e+01
      vertex 4.367021e+00 -2.302604e+01 2.089539e+01
      vertex 4.679720e+00 -2.302604e+01 2.116735e+01
    endloop
  endfacet
  facet normal 6.708841e-07 -1.000000e+00 -4.104358e-08
    outer loop
      vertex -4.428204e+00 -2.302604e+01 2.096076e+01
      vertex 4.679720e+00 -2.302604e+01 2.116735e+01
      vertex -4.755740e+00 -2.302605e+01 2.121466e+01
    endloop
  endfacet
  facet normal 6.708841e-07 -1.000000e+00 -4.104358e-08
    outer loop
      vertex -4.755740e+00 -2.302605e+01 2.121466e+01
      vertex 4.679720e+00 -2.302604e+01 2.116735e+01
      vertex 5.052153e+00 -2.302604e+01 2.134911e+01
    endloop
  endfacet
  facet normal 6.708841e-07 -1.000000e+00 -4.104358e-08
    outer loop
      vertex -4.755740e+00 -2.302605e+01 2.121466e+01
      vertex 5.052153e+00 -2.302604e+01 2.134911e+01
      vertex -5.137829e+00 -2.302605e+01 2.137513e+01
    endloop
  endfacet
  facet normal 6.708841e-07 -1.000000e+00 -4.104358e-08
    outer loop
      vertex -5.137829e+00 -2.302605e+01 2.137513e+01
      vertex 5.052153e+00 -2.302604e+01 2.134911e+01
      vertex 5.458940e+00 -2.302604e+01 2.142829e+01
    endloop
  endfacet
  facet normal 6.708841e-07 -1.000000e+00 -4.104358e-08
    outer loop
      vertex -5.137829e+00 -2.302605e+01 2.137513e+01
      vertex 5.458940e+00 -2.302604e+01 2.142829e+01
      vertex -5.548433e+00 -2.302605e+01 2.143125e+01
    endloop
  endfacet
  facet normal 6.708841e-07 -1.000000e+00 -4.104358e-08
    outer loop
      vertex -5.548433e+00 -2.302605e+01 2.143125e+01
      vertex 5.458940e+00 -2.302604e+01 2.142829e+01
      vertex 1.670180e+01 -2.302603e+01 2.143094e+01
    endloop
  endfacet
  facet normal 9.999815e-01 6.897008e-07 6.081328e-03
    outer loop
      vertex -1.824138e+01 -2.302605e+01 8.514478e+00
      vertex -1.824390e+01 -1.826356e+01 8.928892e+00
      vertex -1.824390e+01 -2.302605e+01 8.928892e+00
    endloop
  endfacet
  facet normal 9.999815e-01 6.897008e-07 6.081328e-03
    outer loop
      vertex -1.824390e+01 -1.826356e+01 8.928892e+00
      vertex -1.824138e+01 -2.302605e+01 8.514478e+00
      vertex -1.824138e+01 -1.826356e+01 8.514478e+00
    endloop
  endfacet
  facet normal 9.643340e-01 6.529737e-07 2.646884e-01
    outer loop
      vertex -1.813168e+01 -2.302605e+01 8.114839e+00
      vertex -1.824138e+01 -1.826356e+01 8.514478e+00
      vertex -1.824138e+01 -2.302605e+01 8.514478e+00
    endloop
  endfacet
  facet normal 9.643340e-01 6.529737e-07 2.646884e-01
    outer loop
      vertex -1.824138e+01 -1.826356e+01 8.514478e+00
      vertex -1.813168e+01 -2.302605e+01 8.114839e+00
      vertex -1.813169e+01 -1.826356e+01 8.114839e+00
    endloop
  endfacet
  facet normal 8.629687e-01 5.717474e-07 5.052574e-01
    outer loop
      vertex -1.792230e+01 -2.302605e+01 7.757206e+00
      vertex -1.813169e+01 -1.826356e+01 8.114839e+00
      vertex -1.813168e+01 -2.302605e+01 8.114839e+00
    endloop
  endfacet
  facet normal 8.629687e-01 5.717474e-07 5.052574e-01
    outer loop
      vertex -1.813169e+01 -1.826356e+01 8.114839e+00
      vertex -1.792230e+01 -2.302605e+01 7.757206e+00
      vertex -1.792230e+01 -1.826356e+01 7.757206e+00
    endloop
  endfacet
  facet normal 7.027935e-01 4.515575e-07 7.113938e-01
    outer loop
      vertex -1.792230e+01 -2.302605e+01 7.757206e+00
      vertex -1.762748e+01 -1.826356e+01 7.465954e+00
      vertex -1.792230e+01 -1.826356e+01 7.757206e+00
    endloop
  endfacet
  facet normal 7.027935e-01 4.515575e-07 7.113938e-01
    outer loop
      vertex -1.762748e+01 -1.826356e+01 7.465954e+00
      vertex -1.792230e+01 -2.302605e+01 7.757206e+00
      vertex -1.762748e+01 -2.302605e+01 7.465954e+00
    endloop
  endfacet
  facet normal 4.947242e-01 3.005946e-07 8.690500e-01
    outer loop
      vertex -1.762748e+01 -2.302605e+01 7.465954e+00
      vertex -1.726733e+01 -1.826356e+01 7.260930e+00
      vertex -1.762748e+01 -1.826356e+01 7.465954e+00
    endloop
  endfacet
  facet normal 4.947242e-01 3.005946e-07 8.690500e-01
    outer loop
      vertex -1.726733e+01 -1.826356e+01 7.260930e+00
      vertex -1.762748e+01 -2.302605e+01 7.465954e+00
      vertex -1.726733e+01 -2.302605e+01 7.260930e+00
    endloop
  endfacet
  facet normal 2.529401e-01 1.291468e-07 9.674819e-01
    outer loop
      vertex -1.726733e+01 -2.302605e+01 7.260930e+00
      vertex -1.686639e+01 -1.826355e+01 7.156107e+00
      vertex -1.726733e+01 -1.826356e+01 7.260930e+00
    endloop
  endfacet
  facet normal 2.529401e-01 1.291468e-07 9.674819e-01
    outer loop
      vertex -1.686639e+01 -1.826355e+01 7.156107e+00
      vertex -1.726733e+01 -2.302605e+01 7.260930e+00
      vertex -1.686638e+01 -2.302605e+01 7.156107e+00
    endloop
  endfacet
  facet normal -6.081328e-03 -5.110219e-08 9.999815e-01
    outer loop
      vertex -1.686638e+01 -2.302605e+01 7.156107e+00
      vertex -1.645197e+01 -1.826355e+01 7.158627e+00
      vertex -1.686639e+01 -1.826355e+01 7.156107e+00
    endloop
  endfacet
  facet normal -6.081328e-03 -5.110219e-08 9.999815e-01
    outer loop
      vertex -1.645197e+01 -1.826355e+01 7.158627e+00
      vertex -1.686638e+01 -2.302605e+01 7.156107e+00
      vertex -1.645197e+01 -2.302605e+01 7.158627e+00
    endloop
  endfacet
  facet normal -2.646884e-01 -2.278686e-07 9.643340e-01
    outer loop
      vertex -1.645197e+01 -2.302605e+01 7.158627e+00
      vertex -1.605233e+01 -1.826355e+01 7.268320e+00
      vertex -1.645197e+01 -1.826355e+01 7.158627e+00
    endloop
  endfacet
  facet normal -2.646884e-01 -2.278686e-07 9.643340e-01
    outer loop
      vertex -1.605233e+01 -1.826355e+01 7.268320e+00
      vertex -1.645197e+01 -2.302605e+01 7.158627e+00
      vertex -1.605233e+01 -2.302605e+01 7.268319e+00
    endloop
  endfacet
  facet normal -5.052574e-01 -3.891062e-07 8.629687e-01
    outer loop
      vertex -1.605233e+01 -2.302605e+01 7.268319e+00
      vertex -1.569470e+01 -1.826355e+01 7.477708e+00
      vertex -1.605233e+01 -1.826355e+01 7.268320e+00
    endloop
  endfacet
  facet normal -5.052574e-01 -3.891062e-07 8.629687e-01
    outer loop
      vertex -1.569470e+01 -1.826355e+01 7.477708e+00
      vertex -1.605233e+01 -2.302605e+01 7.268319e+00
      vertex -1.569470e+01 -2.302605e+01 7.477708e+00
    endloop
  endfacet
  facet normal -7.113938e-01 -5.238268e-07 7.027935e-01
    outer loop
      vertex -1.540344e+01 -2.302605e+01 7.772525e+00
      vertex -1.569470e+01 -1.826355e+01 7.477708e+00
      vertex -1.569470e+01 -2.302605e+01 7.477708e+00
    endloop
  endfacet
  facet normal -7.113938e-01 -5.238268e-07 7.027935e-01
    outer loop
      vertex -1.569470e+01 -1.826355e+01 7.477708e+00
      vertex -1.540344e+01 -2.302605e+01 7.772525e+00
      vertex -1.540345e+01 -1.826355e+01 7.772525e+00
    endloop
  endfacet
  facet normal -8.690500e-01 -6.228494e-07 4.947242e-01
    outer loop
      vertex -1.519842e+01 -2.302605e+01 8.132677e+00
      vertex -1.540345e+01 -1.826355e+01 7.772525e+00
      vertex -1.540344e+01 -2.302605e+01 7.772525e+00
    endloop
  endfacet
  facet normal -8.690500e-01 -6.228494e-07 4.947242e-01
    outer loop
      vertex -1.540345e+01 -1.826355e+01 7.772525e+00
      vertex -1.519842e+01 -2.302605e+01 8.132677e+00
      vertex -1.519842e+01 -1.826355e+01 8.132677e+00
    endloop
  endfacet
  facet normal -9.674819e-01 -6.794261e-07 2.529401e-01
    outer loop
      vertex -1.509360e+01 -2.302605e+01 8.533621e+00
      vertex -1.519842e+01 -1.826355e+01 8.132677e+00
      vertex -1.519842e+01 -2.302605e+01 8.132677e+00
    endloop
  endfacet
  facet normal -9.674819e-01 -6.794261e-07 2.529401e-01
    outer loop
      vertex -1.519842e+01 -1.826355e+01 8.132677e+00
      vertex -1.509360e+01 -2.302605e+01 8.533621e+00
      vertex -1.509360e+01 -1.826355e+01 8.533621e+00
    endloop
  endfacet
  facet normal -9.999815e-01 -6.897008e-07 -6.081328e-03
    outer loop
      vertex -1.509612e+01 -1.826355e+01 8.948035e+00
      vertex -1.509360e+01 -2.302605e+01 8.533621e+00
      vertex -1.509612e+01 -2.302605e+01 8.948034e+00
    endloop
  endfacet
  facet normal -9.999815e-01 -6.897008e-07 -6.081328e-03
    outer loop
      vertex -1.509360e+01 -2.302605e+01 8.533621e+00
      vertex -1.509612e+01 -1.826355e+01 8.948035e+00
      vertex -1.509360e+01 -1.826355e+01 8.533621e+00
    endloop
  endfacet
  facet normal -9.643340e-01 -6.529737e-07 -2.646884e-01
    outer loop
      vertex -1.520581e+01 -1.826355e+01 9.347674e+00
      vertex -1.509612e+01 -2.302605e+01 8.948034e+00
      vertex -1.520581e+01 -2.302605e+01 9.347674e+00
    endloop
  endfacet
  facet normal -9.643340e-01 -6.529737e-07 -2.646884e-01
    outer loop
      vertex -1.509612e+01 -2.302605e+01 8.948034e+00
      vertex -1.520581e+01 -1.826355e+01 9.347674e+00
      vertex -1.509612e+01 -1.826355e+01 8.948035e+00
    endloop
  endfacet
  facet normal -8.629687e-01 -5.717474e-07 -5.052574e-01
    outer loop
      vertex -1.541520e+01 -1.826355e+01 9.705307e+00
      vertex -1.520581e+01 -2.302605e+01 9.347674e+00
      vertex -1.541520e+01 -2.302605e+01 9.705306e+00
    endloop
  endfacet
  facet normal -8.629687e-01 -5.717474e-07 -5.052574e-01
    outer loop
      vertex -1.520581e+01 -2.302605e+01 9.347674e+00
      vertex -1.541520e+01 -1.826355e+01 9.705307e+00
      vertex -1.520581e+01 -1.826355e+01 9.347674e+00
    endloop
  endfacet
  facet normal -7.027935e-01 -4.515575e-07 -7.113938e-01
    outer loop
      vertex -1.541520e+01 -1.826355e+01 9.705307e+00
      vertex -1.571001e+01 -2.302605e+01 9.996558e+00
      vertex -1.571002e+01 -1.826355e+01 9.996559e+00
    endloop
  endfacet
  facet normal -7.027935e-01 -4.515575e-07 -7.113938e-01
    outer loop
      vertex -1.571001e+01 -2.302605e+01 9.996558e+00
      vertex -1.541520e+01 -1.826355e+01 9.705307e+00
      vertex -1.541520e+01 -2.302605e+01 9.705306e+00
    endloop
  endfacet
  facet normal -4.947242e-01 -3.005946e-07 -8.690500e-01
    outer loop
      vertex -1.571002e+01 -1.826355e+01 9.996559e+00
      vertex -1.607017e+01 -2.302605e+01 1.020158e+01
      vertex -1.607017e+01 -1.826355e+01 1.020158e+01
    endloop
  endfacet
  facet normal -4.947242e-01 -3.005946e-07 -8.690500e-01
    outer loop
      vertex -1.607017e+01 -2.302605e+01 1.020158e+01
      vertex -1.571002e+01 -1.826355e+01 9.996559e+00
      vertex -1.571001e+01 -2.302605e+01 9.996558e+00
    endloop
  endfacet
  facet normal -2.529401e-01 -1.291468e-07 -9.674819e-01
    outer loop
      vertex -1.607017e+01 -1.826355e+01 1.020158e+01
      vertex -1.647111e+01 -2.302605e+01 1.030641e+01
      vertex -1.647111e+01 -1.826355e+01 1.030641e+01
    endloop
  endfacet
  facet normal -2.529401e-01 -1.291468e-07 -9.674819e-01
    outer loop
      vertex -1.647111e+01 -2.302605e+01 1.030641e+01
      vertex -1.607017e+01 -1.826355e+01 1.020158e+01
      vertex -1.607017e+01 -2.302605e+01 1.020158e+01
    endloop
  endfacet
  facet normal 6.081328e-03 5.110219e-08 -9.999815e-01
    outer loop
      vertex -1.647111e+01 -1.826355e+01 1.030641e+01
      vertex -1.688552e+01 -2.302605e+01 1.030389e+01
      vertex -1.688553e+01 -1.826355e+01 1.030389e+01
    endloop
  endfacet
  facet normal 6.081328e-03 5.110219e-08 -9.999815e-01
    outer loop
      vertex -1.688552e+01 -2.302605e+01 1.030389e+01
      vertex -1.647111e+01 -1.826355e+01 1.030641e+01
      vertex -1.647111e+01 -2.302605e+01 1.030641e+01
    endloop
  endfacet
  facet normal 2.646884e-01 2.278686e-07 -9.643340e-01
    outer loop
      vertex -1.688553e+01 -1.826355e+01 1.030389e+01
      vertex -1.728517e+01 -2.302605e+01 1.019419e+01
      vertex -1.728517e+01 -1.826356e+01 1.019419e+01
    endloop
  endfacet
  facet normal 2.646884e-01 2.278686e-07 -9.643340e-01
    outer loop
      vertex -1.728517e+01 -2.302605e+01 1.019419e+01
      vertex -1.688553e+01 -1.826355e+01 1.030389e+01
      vertex -1.688552e+01 -2.302605e+01 1.030389e+01
    endloop
  endfacet
  facet normal 5.052574e-01 3.891062e-07 -8.629687e-01
    outer loop
      vertex -1.728517e+01 -1.826356e+01 1.019419e+01
      vertex -1.764280e+01 -2.302605e+01 9.984805e+00
      vertex -1.764280e+01 -1.826356e+01 9.984805e+00
    endloop
  endfacet
  facet normal 5.052574e-01 3.891062e-07 -8.629687e-01
    outer loop
      vertex -1.764280e+01 -2.302605e+01 9.984805e+00
      vertex -1.728517e+01 -1.826356e+01 1.019419e+01
      vertex -1.728517e+01 -2.302605e+01 1.019419e+01
    endloop
  endfacet
  facet normal 7.113938e-01 5.238268e-07 -7.027935e-01
    outer loop
      vertex -1.793405e+01 -1.826356e+01 9.689989e+00
      vertex -1.764280e+01 -2.302605e+01 9.984805e+00
      vertex -1.793405e+01 -2.302605e+01 9.689988e+00
    endloop
  endfacet
  facet normal 7.113938e-01 5.238268e-07 -7.027935e-01
    outer loop
      vertex -1.764280e+01 -2.302605e+01 9.984805e+00
      vertex -1.793405e+01 -1.826356e+01 9.689989e+00
      vertex -1.764280e+01 -1.826356e+01 9.984805e+00
    endloop
  endfacet
  facet normal 8.690500e-01 6.228494e-07 -4.947242e-01
    outer loop
      vertex -1.813908e+01 -1.826356e+01 9.329836e+00
      vertex -1.793405e+01 -2.302605e+01 9.689988e+00
      vertex -1.813907e+01 -2.302605e+01 9.329835e+00
    endloop
  endfacet
  facet normal 8.690500e-01 6.228494e-07 -4.947242e-01
    outer loop
      vertex -1.793405e+01 -2.302605e+01 9.689988e+00
      vertex -1.813908e+01 -1.826356e+01 9.329836e+00
      vertex -1.793405e+01 -1.826356e+01 9.689989e+00
    endloop
  endfacet
  facet normal 9.674819e-01 6.794261e-07 -2.529401e-01
    outer loop
      vertex -1.824390e+01 -1.826356e+01 8.928892e+00
      vertex -1.813907e+01 -2.302605e+01 9.329835e+00
      vertex -1.824390e+01 -2.302605e+01 8.928892e+00
    endloop
  endfacet
  facet normal 9.674819e-01 6.794261e-07 -2.529401e-01
    outer loop
      vertex -1.813907e+01 -2.302605e+01 9.329835e+00
      vertex -1.824390e+01 -1.826356e+01 8.928892e+00
      vertex -1.813908e+01 -1.826356e+01 9.329836e+00
    endloop
  endfacet
  facet normal -8.744183e-07 -3.305295e-07 1.000000e+00
    outer loop
      vertex -2.379719e+01 -2.302606e+01 2.540000e+01
      vertex 2.381250e+01 -1.826353e+01 2.540004e+01
      vertex -2.379719e+01 -1.826356e+01 2.540000e+01
    endloop
  endfacet
  facet normal -8.744183e-07 -3.305295e-07 1.000000e+00
    outer loop
      vertex 2.381250e+01 -1.826353e+01 2.540004e+01
      vertex -2.379719e+01 -2.302606e+01 2.540000e+01
      vertex 2.698750e+01 -2.302603e+01 2.540004e+01
    endloop
  endfacet
  facet normal -8.744183e-07 -3.305295e-07 1.000000e+00
    outer loop
      vertex 2.381250e+01 -1.826353e+01 2.540004e+01
      vertex 2.698750e+01 -2.302603e+01 2.540004e+01
      vertex 2.698750e+01 -1.826356e+01 2.540004e+01
    endloop
  endfacet
  facet normal 0.000000e+00 -3.826834e-01 -9.238795e-01
    outer loop
      vertex -2.379667e+01 -1.350106e+01 2.121861e+01
      vertex -2.698750e+01 -1.388394e+01 2.137720e+01
      vertex -2.698750e+01 -1.350106e+01 2.121861e+01
    endloop
  endfacet
  facet normal 0.000000e+00 -3.826834e-01 -9.238795e-01
    outer loop
      vertex -2.698750e+01 -1.388394e+01 2.137720e+01
      vertex -2.379667e+01 -1.350106e+01 2.121861e+01
      vertex -2.379667e+01 -1.388394e+01 2.137720e+01
    endloop
  endfacet
  facet normal -2.725247e-18 -6.087614e-01 -7.933533e-01
    outer loop
      vertex -2.379667e+01 -1.317228e+01 2.096632e+01
      vertex -2.698750e+01 -1.350106e+01 2.121861e+01
      vertex -2.698750e+01 -1.317228e+01 2.096632e+01
    endloop
  endfacet
  facet normal -2.725247e-18 -6.087614e-01 -7.933533e-01
    outer loop
      vertex -2.698750e+01 -1.350106e+01 2.121861e+01
      vertex -2.379667e+01 -1.317228e+01 2.096632e+01
      vertex -2.379667e+01 -1.350106e+01 2.121861e+01
    endloop
  endfacet
  facet normal 2.091156e-18 -7.933533e-01 -6.087614e-01
    outer loop
      vertex -2.379667e+01 -1.317228e+01 2.096632e+01
      vertex -2.698750e+01 -1.292000e+01 2.063754e+01
      vertex -2.379667e+01 -1.292000e+01 2.063754e+01
    endloop
  endfacet
  facet normal 2.091156e-18 -7.933533e-01 -6.087614e-01
    outer loop
      vertex -2.698750e+01 -1.292000e+01 2.063754e+01
      vertex -2.379667e+01 -1.317228e+01 2.096632e+01
      vertex -2.698750e+01 -1.317228e+01 2.096632e+01
    endloop
  endfacet
  facet normal 0.000000e+00 -9.238795e-01 -3.826834e-01
    outer loop
      vertex -2.379667e+01 -1.292000e+01 2.063754e+01
      vertex -2.698750e+01 -1.276140e+01 2.025467e+01
      vertex -2.379667e+01 -1.276140e+01 2.025467e+01
    endloop
  endfacet
  facet normal 0.000000e+00 -9.238795e-01 -3.826834e-01
    outer loop
      vertex -2.698750e+01 -1.276140e+01 2.025467e+01
      vertex -2.379667e+01 -1.292000e+01 2.063754e+01
      vertex -2.698750e+01 -1.292000e+01 2.063754e+01
    endloop
  endfacet
  facet normal 8.514279e-19 -9.914448e-01 -1.305262e-01
    outer loop
      vertex -2.379667e+01 -1.276140e+01 2.025467e+01
      vertex -2.698750e+01 -1.270731e+01 1.984379e+01
      vertex -2.379667e+01 -1.270731e+01 1.984379e+01
    endloop
  endfacet
  facet normal 8.514279e-19 -9.914448e-01 -1.305262e-01
    outer loop
      vertex -2.698750e+01 -1.270731e+01 1.984379e+01
      vertex -2.379667e+01 -1.276140e+01 2.025467e+01
      vertex -2.698750e+01 -1.276140e+01 2.025467e+01
    endloop
  endfacet
  facet normal -1.748169e-18 -9.914448e-01 1.305262e-01
    outer loop
      vertex -2.379667e+01 -1.270731e+01 1.984379e+01
      vertex -2.698750e+01 -1.276140e+01 1.943292e+01
      vertex -2.379667e+01 -1.276140e+01 1.943292e+01
    endloop
  endfacet
  facet normal -1.748169e-18 -9.914448e-01 1.305262e-01
    outer loop
      vertex -2.698750e+01 -1.276140e+01 1.943292e+01
      vertex -2.379667e+01 -1.270731e+01 1.984379e+01
      vertex -2.698750e+01 -1.270731e+01 1.984379e+01
    endloop
  endfacet
  facet normal 1.586809e-18 -9.238795e-01 3.826834e-01
    outer loop
      vertex -2.379667e+01 -1.276140e+01 1.943292e+01
      vertex -2.698750e+01 -1.292000e+01 1.905004e+01
      vertex -2.379667e+01 -1.292000e+01 1.905004e+01
    endloop
  endfacet
  facet normal 1.586809e-18 -9.238795e-01 3.826834e-01
    outer loop
      vertex -2.698750e+01 -1.292000e+01 1.905004e+01
      vertex -2.379667e+01 -1.276140e+01 1.943292e+01
      vertex -2.698750e+01 -1.276140e+01 1.943292e+01
    endloop
  endfacet
  facet normal -2.091156e-18 -7.933533e-01 6.087614e-01
    outer loop
      vertex -2.379667e+01 -1.292000e+01 1.905004e+01
      vertex -2.698750e+01 -1.317228e+01 1.872126e+01
      vertex -2.379667e+01 -1.317228e+01 1.872126e+01
    endloop
  endfacet
  facet normal -2.091156e-18 -7.933533e-01 6.087614e-01
    outer loop
      vertex -2.698750e+01 -1.317228e+01 1.872126e+01
      vertex -2.379667e+01 -1.292000e+01 1.905004e+01
      vertex -2.698750e+01 -1.292000e+01 1.905004e+01
    endloop
  endfacet
  facet normal 2.725247e-18 -6.087614e-01 7.933533e-01
    outer loop
      vertex -2.379667e+01 -1.350106e+01 1.846898e+01
      vertex -2.698750e+01 -1.317228e+01 1.872126e+01
      vertex -2.698750e+01 -1.350106e+01 1.846898e+01
    endloop
  endfacet
  facet normal 2.725247e-18 -6.087614e-01 7.933533e-01
    outer loop
      vertex -2.698750e+01 -1.317228e+01 1.872126e+01
      vertex -2.379667e+01 -1.350106e+01 1.846898e+01
      vertex -2.379667e+01 -1.317228e+01 1.872126e+01
    endloop
  endfacet
  facet normal -2.988953e-31 -3.826834e-01 9.238795e-01
    outer loop
      vertex -2.379667e+01 -1.388394e+01 1.831038e+01
      vertex -2.698750e+01 -1.350106e+01 1.846898e+01
      vertex -2.698750e+01 -1.388394e+01 1.831038e+01
    endloop
  endfacet
  facet normal -2.988953e-31 -3.826834e-01 9.238795e-01
    outer loop
      vertex -2.698750e+01 -1.350106e+01 1.846898e+01
      vertex -2.379667e+01 -1.388394e+01 1.831038e+01
      vertex -2.379667e+01 -1.350106e+01 1.846898e+01
    endloop
  endfacet
  facet normal -8.514279e-19 -1.305262e-01 9.914448e-01
    outer loop
      vertex -2.379667e+01 -1.429481e+01 1.825629e+01
      vertex -2.698750e+01 -1.388394e+01 1.831038e+01
      vertex -2.698750e+01 -1.429481e+01 1.825629e+01
    endloop
  endfacet
  facet normal -8.514279e-19 -1.305262e-01 9.914448e-01
    outer loop
      vertex -2.698750e+01 -1.388394e+01 1.831038e+01
      vertex -2.379667e+01 -1.429481e+01 1.825629e+01
      vertex -2.379667e+01 -1.388394e+01 1.831038e+01
    endloop
  endfacet
  facet normal 8.514279e-19 1.305262e-01 9.914448e-01
    outer loop
      vertex -2.379667e+01 -1.470569e+01 1.831038e+01
      vertex -2.698750e+01 -1.429481e+01 1.825629e+01
      vertex -2.698750e+01 -1.470569e+01 1.831038e+01
    endloop
  endfacet
  facet normal 8.514279e-19 1.305262e-01 9.914448e-01
    outer loop
      vertex -2.698750e+01 -1.429481e+01 1.825629e+01
      vertex -2.379667e+01 -1.470569e+01 1.831038e+01
      vertex -2.379667e+01 -1.429481e+01 1.825629e+01
    endloop
  endfacet
  facet normal 1.586809e-18 3.826834e-01 9.238795e-01
    outer loop
      vertex -2.379667e+01 -1.508856e+01 1.846898e+01
      vertex -2.698750e+01 -1.470569e+01 1.831038e+01
      vertex -2.698750e+01 -1.508856e+01 1.846898e+01
    endloop
  endfacet
  facet normal 1.586809e-18 3.826834e-01 9.238795e-01
    outer loop
      vertex -2.698750e+01 -1.470569e+01 1.831038e+01
      vertex -2.379667e+01 -1.508856e+01 1.846898e+01
      vertex -2.379667e+01 -1.470569e+01 1.831038e+01
    endloop
  endfacet
  facet normal 2.725247e-18 6.087614e-01 7.933533e-01
    outer loop
      vertex -2.379667e+01 -1.541734e+01 1.872126e+01
      vertex -2.698750e+01 -1.508856e+01 1.846898e+01
      vertex -2.698750e+01 -1.541734e+01 1.872126e+01
    endloop
  endfacet
  facet normal 2.725247e-18 6.087614e-01 7.933533e-01
    outer loop
      vertex -2.698750e+01 -1.508856e+01 1.846898e+01
      vertex -2.379667e+01 -1.541734e+01 1.872126e+01
      vertex -2.379667e+01 -1.508856e+01 1.846898e+01
    endloop
  endfacet
  facet normal 2.091156e-18 7.933533e-01 6.087614e-01
    outer loop
      vertex -2.698750e+01 -1.566963e+01 1.905004e+01
      vertex -2.379667e+01 -1.541734e+01 1.872126e+01
      vertex -2.698750e+01 -1.541734e+01 1.872126e+01
    endloop
  endfacet
  facet normal 2.091156e-18 7.933533e-01 6.087614e-01
    outer loop
      vertex -2.379667e+01 -1.541734e+01 1.872126e+01
      vertex -2.698750e+01 -1.566963e+01 1.905004e+01
      vertex -2.379667e+01 -1.566963e+01 1.905004e+01
    endloop
  endfacet
  facet normal 0.000000e+00 9.238795e-01 3.826834e-01
    outer loop
      vertex -2.698750e+01 -1.582822e+01 1.943292e+01
      vertex -2.379667e+01 -1.566963e+01 1.905004e+01
      vertex -2.698750e+01 -1.566963e+01 1.905004e+01
    endloop
  endfacet
  facet normal 0.000000e+00 9.238795e-01 3.826834e-01
    outer loop
      vertex -2.379667e+01 -1.566963e+01 1.905004e+01
      vertex -2.698750e+01 -1.582822e+01 1.943292e+01
      vertex -2.379667e+01 -1.582822e+01 1.943292e+01
    endloop
  endfacet
  facet normal 8.514279e-19 9.914448e-01 1.305262e-01
    outer loop
      vertex -2.698750e+01 -1.588231e+01 1.984379e+01
      vertex -2.379667e+01 -1.582822e+01 1.943292e+01
      vertex -2.698750e+01 -1.582822e+01 1.943292e+01
    endloop
  endfacet
  facet normal 8.514279e-19 9.914448e-01 1.305262e-01
    outer loop
      vertex -2.379667e+01 -1.582822e+01 1.943292e+01
      vertex -2.698750e+01 -1.588231e+01 1.984379e+01
      vertex -2.379667e+01 -1.588231e+01 1.984379e+01
    endloop
  endfacet
  facet normal 8.967408e-19 9.914448e-01 -1.305262e-01
    outer loop
      vertex -2.698750e+01 -1.582822e+01 2.025467e+01
      vertex -2.379667e+01 -1.588231e+01 1.984379e+01
      vertex -2.698750e+01 -1.588231e+01 1.984379e+01
    endloop
  endfacet
  facet normal 8.967408e-19 9.914448e-01 -1.305262e-01
    outer loop
      vertex -2.379667e+01 -1.588231e+01 1.984379e+01
      vertex -2.698750e+01 -1.582822e+01 2.025467e+01
      vertex -2.379667e+01 -1.582822e+01 2.025467e+01
    endloop
  endfacet
  facet normal 1.586809e-18 9.238795e-01 -3.826834e-01
    outer loop
      vertex -2.698750e+01 -1.566963e+01 2.063754e+01
      vertex -2.379667e+01 -1.582822e+01 2.025467e+01
      vertex -2.698750e+01 -1.582822e+01 2.025467e+01
    endloop
  endfacet
  facet normal 1.586809e-18 9.238795e-01 -3.826834e-01
    outer loop
      vertex -2.379667e+01 -1.582822e+01 2.025467e+01
      vertex -2.698750e+01 -1.566963e+01 2.063754e+01
      vertex -2.379667e+01 -1.566963e+01 2.063754e+01
    endloop
  endfacet
  facet normal 2.091156e-18 7.933533e-01 -6.087614e-01
    outer loop
      vertex -2.698750e+01 -1.541734e+01 2.096632e+01
      vertex -2.379667e+01 -1.566963e+01 2.063754e+01
      vertex -2.698750e+01 -1.566963e+01 2.063754e+01
    endloop
  endfacet
  facet normal 2.091156e-18 7.933533e-01 -6.087614e-01
    outer loop
      vertex -2.379667e+01 -1.566963e+01 2.063754e+01
      vertex -2.698750e+01 -1.541734e+01 2.096632e+01
      vertex -2.379667e+01 -1.541734e+01 2.096632e+01
    endloop
  endfacet
  facet normal -1.188684e-31 6.087614e-01 -7.933533e-01
    outer loop
      vertex -2.379667e+01 -1.508856e+01 2.121861e+01
      vertex -2.698750e+01 -1.541734e+01 2.096632e+01
      vertex -2.698750e+01 -1.508856e+01 2.121861e+01
    endloop
  endfacet
  facet normal -1.188684e-31 6.087614e-01 -7.933533e-01
    outer loop
      vertex -2.698750e+01 -1.541734e+01 2.096632e+01
      vertex -2.379667e+01 -1.508856e+01 2.121861e+01
      vertex -2.379667e+01 -1.541734e+01 2.096632e+01
    endloop
  endfacet
  facet normal -1.586809e-18 3.826834e-01 -9.238795e-01
    outer loop
      vertex -2.379667e+01 -1.470569e+01 2.137720e+01
      vertex -2.698750e+01 -1.508856e+01 2.121861e+01
      vertex -2.698750e+01 -1.470569e+01 2.137720e+01
    endloop
  endfacet
  facet normal -1.586809e-18 3.826834e-01 -9.238795e-01
    outer loop
      vertex -2.698750e+01 -1.508856e+01 2.121861e+01
      vertex -2.379667e+01 -1.470569e+01 2.137720e+01
      vertex -2.379667e+01 -1.508856e+01 2.121861e+01
    endloop
  endfacet
  facet normal -8.514279e-19 1.305262e-01 -9.914448e-01
    outer loop
      vertex -2.379667e+01 -1.429481e+01 2.143129e+01
      vertex -2.698750e+01 -1.470569e+01 2.137720e+01
      vertex -2.698750e+01 -1.429481e+01 2.143129e+01
    endloop
  endfacet
  facet normal -8.514279e-19 1.305262e-01 -9.914448e-01
    outer loop
      vertex -2.698750e+01 -1.470569e+01 2.137720e+01
      vertex -2.379667e+01 -1.429481e+01 2.143129e+01
      vertex -2.379667e+01 -1.470569e+01 2.137720e+01
    endloop
  endfacet
  facet normal 4.531297e-20 -1.305262e-01 -9.914448e-01
    outer loop
      vertex -2.379667e+01 -1.388394e+01 2.137720e+01
      vertex -2.698750e+01 -1.429481e+01 2.143129e+01
      vertex -2.698750e+01 -1.388394e+01 2.137720e+01
    endloop
  endfacet
  facet normal 4.531297e-20 -1.305262e-01 -9.914448e-01
    outer loop
      vertex -2.698750e+01 -1.429481e+01 2.143129e+01
      vertex -2.379667e+01 -1.388394e+01 2.137720e+01
      vertex -2.379667e+01 -1.429481e+01 2.143129e+01
    endloop
  endfacet
  facet normal 4.722745e-09 2.157483e-01 9.764490e-01
    outer loop
      vertex -2.379645e+01 -1.483671e+01 7.239144e+00
      vertex -2.698750e+01 -1.443205e+01 7.149734e+00
      vertex -2.698750e+01 -1.483671e+01 7.239144e+00
    endloop
  endfacet
  facet normal 4.722745e-09 2.157483e-01 9.764490e-01
    outer loop
      vertex -2.698750e+01 -1.443205e+01 7.149734e+00
      vertex -2.379645e+01 -1.483671e+01 7.239144e+00
      vertex -2.379645e+01 -1.443205e+01 7.149734e+00
    endloop
  endfacet
  facet normal 1.001417e-09 4.611205e-01 8.873376e-01
    outer loop
      vertex -2.379645e+01 -1.520444e+01 7.430242e+00
      vertex -2.698750e+01 -1.483671e+01 7.239144e+00
      vertex -2.698750e+01 -1.520444e+01 7.430242e+00
    endloop
  endfacet
  facet normal 1.001417e-09 4.611205e-01 8.873376e-01
    outer loop
      vertex -2.698750e+01 -1.483671e+01 7.239144e+00
      vertex -2.379645e+01 -1.520444e+01 7.430242e+00
      vertex -2.379645e+01 -1.483671e+01 7.239144e+00
    endloop
  endfacet
  facet normal -2.788157e-09 6.750680e-01 7.377555e-01
    outer loop
      vertex -2.379645e+01 -1.551018e+01 7.710004e+00
      vertex -2.698750e+01 -1.520444e+01 7.430242e+00
      vertex -2.698750e+01 -1.551018e+01 7.710004e+00
    endloop
  endfacet
  facet normal -2.788157e-09 6.750680e-01 7.377555e-01
    outer loop
      vertex -2.698750e+01 -1.520444e+01 7.430242e+00
      vertex -2.379645e+01 -1.551018e+01 7.710004e+00
      vertex -2.379645e+01 -1.520444e+01 7.430242e+00
    endloop
  endfacet
  facet normal -6.387723e-09 8.430109e-01 5.378966e-01
    outer loop
      vertex -2.698750e+01 -1.551018e+01 7.710004e+00
      vertex -2.379645e+01 -1.573310e+01 8.059365e+00
      vertex -2.379645e+01 -1.551018e+01 7.710004e+00
    endloop
  endfacet
  facet normal -6.387723e-09 8.430109e-01 5.378966e-01
    outer loop
      vertex -2.379645e+01 -1.573310e+01 8.059365e+00
      vertex -2.698750e+01 -1.551018e+01 7.710004e+00
      vertex -2.698750e+01 -1.573310e+01 8.059365e+00
    endloop
  endfacet
  facet normal -9.551975e-09 9.535038e-01 3.013810e-01
    outer loop
      vertex -2.698750e+01 -1.573310e+01 8.059365e+00
      vertex -2.379645e+01 -1.585800e+01 8.454516e+00
      vertex -2.379645e+01 -1.573310e+01 8.059365e+00
    endloop
  endfacet
  facet normal -9.551975e-09 9.535038e-01 3.013810e-01
    outer loop
      vertex -2.379645e+01 -1.585800e+01 8.454516e+00
      vertex -2.698750e+01 -1.573310e+01 8.059365e+00
      vertex -2.698750e+01 -1.585800e+01 8.454516e+00
    endloop
  endfacet
  facet normal -1.206528e-08 9.990171e-01 4.432671e-02
    outer loop
      vertex -2.698750e+01 -1.585800e+01 8.454516e+00
      vertex -2.379645e+01 -1.587637e+01 8.868530e+00
      vertex -2.379645e+01 -1.585800e+01 8.454516e+00
    endloop
  endfacet
  facet normal -1.206528e-08 9.990171e-01 4.432671e-02
    outer loop
      vertex -2.379645e+01 -1.587637e+01 8.868530e+00
      vertex -2.698750e+01 -1.585800e+01 8.454516e+00
      vertex -2.698750e+01 -1.587637e+01 8.868530e+00
    endloop
  endfacet
  facet normal -1.375635e-08 9.764490e-01 -2.157483e-01
    outer loop
      vertex -2.698750e+01 -1.587637e+01 8.868530e+00
      vertex -2.379645e+01 -1.578696e+01 9.273191e+00
      vertex -2.379645e+01 -1.587637e+01 8.868530e+00
    endloop
  endfacet
  facet normal -1.375635e-08 9.764490e-01 -2.157483e-01
    outer loop
      vertex -2.379645e+01 -1.578696e+01 9.273191e+00
      vertex -2.698750e+01 -1.587637e+01 8.868530e+00
      vertex -2.698750e+01 -1.578696e+01 9.273191e+00
    endloop
  endfacet
  facet normal -1.450995e-08 8.873376e-01 -4.611205e-01
    outer loop
      vertex -2.698750e+01 -1.578696e+01 9.273191e+00
      vertex -2.379645e+01 -1.559586e+01 9.640922e+00
      vertex -2.379645e+01 -1.578696e+01 9.273191e+00
    endloop
  endfacet
  facet normal -1.450995e-08 8.873376e-01 -4.611205e-01
    outer loop
      vertex -2.379645e+01 -1.559586e+01 9.640922e+00
      vertex -2.698750e+01 -1.578696e+01 9.273191e+00
      vertex -2.698750e+01 -1.559586e+01 9.640922e+00
    endloop
  endfacet
  facet normal -1.427472e-08 7.377555e-01 -6.750680e-01
    outer loop
      vertex -2.698750e+01 -1.559586e+01 9.640922e+00
      vertex -2.379645e+01 -1.531610e+01 9.946663e+00
      vertex -2.379645e+01 -1.559586e+01 9.640922e+00
    endloop
  endfacet
  facet normal -1.427472e-08 7.377555e-01 -6.750680e-01
    outer loop
      vertex -2.379645e+01 -1.531610e+01 9.946663e+00
      vertex -2.698750e+01 -1.559586e+01 9.640922e+00
      vertex -2.698750e+01 -1.531610e+01 9.946663e+00
    endloop
  endfacet
  facet normal -1.306669e-08 5.378966e-01 -8.430109e-01
    outer loop
      vertex -2.379645e+01 -1.496674e+01 1.016958e+01
      vertex -2.698750e+01 -1.531610e+01 9.946663e+00
      vertex -2.698750e+01 -1.496674e+01 1.016958e+01
    endloop
  endfacet
  facet normal -1.306669e-08 5.378966e-01 -8.430109e-01
    outer loop
      vertex -2.698750e+01 -1.531610e+01 9.946663e+00
      vertex -2.379645e+01 -1.496674e+01 1.016958e+01
      vertex -2.379645e+01 -1.531610e+01 9.946663e+00
    endloop
  endfacet
  facet normal -1.096819e-08 3.013810e-01 -9.535038e-01
    outer loop
      vertex -2.379645e+01 -1.457158e+01 1.029448e+01
      vertex -2.698750e+01 -1.496674e+01 1.016958e+01
      vertex -2.698750e+01 -1.457158e+01 1.029448e+01
    endloop
  endfacet
  facet normal -1.096819e-08 3.013810e-01 -9.535038e-01
    outer loop
      vertex -2.698750e+01 -1.496674e+01 1.016958e+01
      vertex -2.379645e+01 -1.457158e+01 1.029448e+01
      vertex -2.379645e+01 -1.496674e+01 1.016958e+01
    endloop
  endfacet
  facet normal -8.122228e-09 4.432671e-02 -9.990171e-01
    outer loop
      vertex -2.379645e+01 -1.415757e+01 1.031285e+01
      vertex -2.698750e+01 -1.457158e+01 1.029448e+01
      vertex -2.698750e+01 -1.415757e+01 1.031285e+01
    endloop
  endfacet
  facet normal -8.122228e-09 4.432671e-02 -9.990171e-01
    outer loop
      vertex -2.698750e+01 -1.457158e+01 1.029448e+01
      vertex -2.379645e+01 -1.415757e+01 1.031285e+01
      vertex -2.379645e+01 -1.457158e+01 1.029448e+01
    endloop
  endfacet
  facet normal -4.722746e-09 -2.157483e-01 -9.764490e-01
    outer loop
      vertex -2.379645e+01 -1.375291e+01 1.022344e+01
      vertex -2.698750e+01 -1.415757e+01 1.031285e+01
      vertex -2.698750e+01 -1.375291e+01 1.022344e+01
    endloop
  endfacet
  facet normal -4.722746e-09 -2.157483e-01 -9.764490e-01
    outer loop
      vertex -2.698750e+01 -1.415757e+01 1.031285e+01
      vertex -2.379645e+01 -1.375291e+01 1.022344e+01
      vertex -2.379645e+01 -1.415757e+01 1.031285e+01
    endloop
  endfacet
  facet normal -1.001417e-09 -4.611205e-01 -8.873376e-01
    outer loop
      vertex -2.379645e+01 -1.338518e+01 1.003234e+01
      vertex -2.698750e+01 -1.375291e+01 1.022344e+01
      vertex -2.698750e+01 -1.338518e+01 1.003234e+01
    endloop
  endfacet
  facet normal -1.001417e-09 -4.611205e-01 -8.873376e-01
    outer loop
      vertex -2.698750e+01 -1.375291e+01 1.022344e+01
      vertex -2.379645e+01 -1.338518e+01 1.003234e+01
      vertex -2.379645e+01 -1.375291e+01 1.022344e+01
    endloop
  endfacet
  facet normal 2.788157e-09 -6.750680e-01 -7.377555e-01
    outer loop
      vertex -2.379645e+01 -1.307944e+01 9.752576e+00
      vertex -2.698750e+01 -1.338518e+01 1.003234e+01
      vertex -2.698750e+01 -1.307944e+01 9.752576e+00
    endloop
  endfacet
  facet normal 2.788157e-09 -6.750680e-01 -7.377555e-01
    outer loop
      vertex -2.698750e+01 -1.338518e+01 1.003234e+01
      vertex -2.379645e+01 -1.307944e+01 9.752576e+00
      vertex -2.379645e+01 -1.338518e+01 1.003234e+01
    endloop
  endfacet
  facet normal 6.387723e-09 -8.430109e-01 -5.378966e-01
    outer loop
      vertex -2.379645e+01 -1.307944e+01 9.752576e+00
      vertex -2.698750e+01 -1.285652e+01 9.403215e+00
      vertex -2.379645e+01 -1.285652e+01 9.403215e+00
    endloop
  endfacet
  facet normal 6.387723e-09 -8.430109e-01 -5.378966e-01
    outer loop
      vertex -2.698750e+01 -1.285652e+01 9.403215e+00
      vertex -2.379645e+01 -1.307944e+01 9.752576e+00
      vertex -2.698750e+01 -1.307944e+01 9.752576e+00
    endloop
  endfacet
  facet normal 9.551975e-09 -9.535038e-01 -3.013810e-01
    outer loop
      vertex -2.379645e+01 -1.285652e+01 9.403215e+00
      vertex -2.698750e+01 -1.273162e+01 9.008063e+00
      vertex -2.379645e+01 -1.273162e+01 9.008063e+00
    endloop
  endfacet
  facet normal 9.551975e-09 -9.535038e-01 -3.013810e-01
    outer loop
      vertex -2.698750e+01 -1.273162e+01 9.008063e+00
      vertex -2.379645e+01 -1.285652e+01 9.403215e+00
      vertex -2.698750e+01 -1.285652e+01 9.403215e+00
    endloop
  endfacet
  facet normal 1.206528e-08 -9.990171e-01 -4.432671e-02
    outer loop
      vertex -2.379645e+01 -1.273162e+01 9.008063e+00
      vertex -2.698750e+01 -1.271325e+01 8.594050e+00
      vertex -2.379645e+01 -1.271325e+01 8.594050e+00
    endloop
  endfacet
  facet normal 1.206528e-08 -9.990171e-01 -4.432671e-02
    outer loop
      vertex -2.698750e+01 -1.271325e+01 8.594050e+00
      vertex -2.379645e+01 -1.273162e+01 9.008063e+00
      vertex -2.698750e+01 -1.273162e+01 9.008063e+00
    endloop
  endfacet
  facet normal 1.375635e-08 -9.764490e-01 2.157483e-01
    outer loop
      vertex -2.379645e+01 -1.271325e+01 8.594050e+00
      vertex -2.698750e+01 -1.280266e+01 8.189389e+00
      vertex -2.379645e+01 -1.280266e+01 8.189389e+00
    endloop
  endfacet
  facet normal 1.375635e-08 -9.764490e-01 2.157483e-01
    outer loop
      vertex -2.698750e+01 -1.280266e+01 8.189389e+00
      vertex -2.379645e+01 -1.271325e+01 8.594050e+00
      vertex -2.698750e+01 -1.271325e+01 8.594050e+00
    endloop
  endfacet
  facet normal 2.228135e-03 -8.919175e-01 4.521926e-01
    outer loop
      vertex -2.379675e+01 -1.292880e+01 7.898011e+00
      vertex -2.698750e+01 -1.299376e+01 7.821658e+00
      vertex -2.379645e+01 -1.299376e+01 7.821658e+00
    endloop
  endfacet
  facet normal 2.228135e-03 -8.919175e-01 4.521926e-01
    outer loop
      vertex -2.698750e+01 -1.299376e+01 7.821658e+00
      vertex -2.379675e+01 -1.292880e+01 7.898011e+00
      vertex -2.698750e+01 -1.280266e+01 8.189389e+00
    endloop
  endfacet
  facet normal 2.228135e-03 -8.919175e-01 4.521926e-01
    outer loop
      vertex -2.698750e+01 -1.280266e+01 8.189389e+00
      vertex -2.379675e+01 -1.292880e+01 7.898011e+00
      vertex -2.379645e+01 -1.280266e+01 8.189389e+00
    endloop
  endfacet
  facet normal 1.427472e-08 -7.377555e-01 6.750680e-01
    outer loop
      vertex -2.379645e+01 -1.299376e+01 7.821658e+00
      vertex -2.698750e+01 -1.327352e+01 7.515917e+00
      vertex -2.379645e+01 -1.327352e+01 7.515917e+00
    endloop
  endfacet
  facet normal 1.427472e-08 -7.377555e-01 6.750680e-01
    outer loop
      vertex -2.698750e+01 -1.327352e+01 7.515917e+00
      vertex -2.379645e+01 -1.299376e+01 7.821658e+00
      vertex -2.698750e+01 -1.299376e+01 7.821658e+00
    endloop
  endfacet
  facet normal 1.306669e-08 -5.378966e-01 8.430109e-01
    outer loop
      vertex -2.379645e+01 -1.362289e+01 7.293002e+00
      vertex -2.698750e+01 -1.327352e+01 7.515917e+00
      vertex -2.698750e+01 -1.362289e+01 7.293002e+00
    endloop
  endfacet
  facet normal 1.306669e-08 -5.378966e-01 8.430109e-01
    outer loop
      vertex -2.698750e+01 -1.327352e+01 7.515917e+00
      vertex -2.379645e+01 -1.362289e+01 7.293002e+00
      vertex -2.379645e+01 -1.327352e+01 7.515917e+00
    endloop
  endfacet
  facet normal 1.096819e-08 -3.013810e-01 9.535038e-01
    outer loop
      vertex -2.379645e+01 -1.401804e+01 7.168103e+00
      vertex -2.698750e+01 -1.362289e+01 7.293002e+00
      vertex -2.698750e+01 -1.401804e+01 7.168103e+00
    endloop
  endfacet
  facet normal 1.096819e-08 -3.013810e-01 9.535038e-01
    outer loop
      vertex -2.698750e+01 -1.362289e+01 7.293002e+00
      vertex -2.379645e+01 -1.401804e+01 7.168103e+00
      vertex -2.379645e+01 -1.362289e+01 7.293002e+00
    endloop
  endfacet
  facet normal 8.122228e-09 -4.432671e-02 9.990171e-01
    outer loop
      vertex -2.379645e+01 -1.443205e+01 7.149734e+00
      vertex -2.698750e+01 -1.401804e+01 7.168103e+00
      vertex -2.698750e+01 -1.443205e+01 7.149734e+00
    endloop
  endfacet
  facet normal 8.122228e-09 -4.432671e-02 9.990171e-01
    outer loop
      vertex -2.698750e+01 -1.401804e+01 7.168103e+00
      vertex -2.379645e+01 -1.443205e+01 7.149734e+00
      vertex -2.379645e+01 -1.401804e+01 7.168103e+00
    endloop
  endfacet
  facet normal 0.000000e+00 -1.305262e-01 9.914448e-01
    outer loop
      vertex 2.698750e+01 -1.429481e+01 1.827372e+01
      vertex 2.381250e+01 -1.388393e+01 1.832781e+01
      vertex 2.381250e+01 -1.429481e+01 1.827372e+01
    endloop
  endfacet
  facet normal 0.000000e+00 -1.305262e-01 9.914448e-01
    outer loop
      vertex 2.381250e+01 -1.388393e+01 1.832781e+01
      vertex 2.698750e+01 -1.429481e+01 1.827372e+01
      vertex 2.698750e+01 -1.388393e+01 1.832781e+01
    endloop
  endfacet
  facet normal 0.000000e+00 -3.826834e-01 9.238795e-01
    outer loop
      vertex 2.698750e+01 -1.388393e+01 1.832781e+01
      vertex 2.381250e+01 -1.350106e+01 1.848640e+01
      vertex 2.381250e+01 -1.388393e+01 1.832781e+01
    endloop
  endfacet
  facet normal 0.000000e+00 -3.826834e-01 9.238795e-01
    outer loop
      vertex 2.381250e+01 -1.350106e+01 1.848640e+01
      vertex 2.698750e+01 -1.388393e+01 1.832781e+01
      vertex 2.698750e+01 -1.350106e+01 1.848640e+01
    endloop
  endfacet
  facet normal 0.000000e+00 -6.087614e-01 7.933533e-01
    outer loop
      vertex 2.698750e+01 -1.350106e+01 1.848640e+01
      vertex 2.381250e+01 -1.317228e+01 1.873869e+01
      vertex 2.381250e+01 -1.350106e+01 1.848640e+01
    endloop
  endfacet
  facet normal 0.000000e+00 -6.087614e-01 7.933533e-01
    outer loop
      vertex 2.381250e+01 -1.317228e+01 1.873869e+01
      vertex 2.698750e+01 -1.350106e+01 1.848640e+01
      vertex 2.698750e+01 -1.317228e+01 1.873869e+01
    endloop
  endfacet
  facet normal 0.000000e+00 -7.933533e-01 6.087614e-01
    outer loop
      vertex 2.698750e+01 -1.291999e+01 1.906747e+01
      vertex 2.381250e+01 -1.317228e+01 1.873869e+01
      vertex 2.698750e+01 -1.317228e+01 1.873869e+01
    endloop
  endfacet
  facet normal 0.000000e+00 -7.933533e-01 6.087614e-01
    outer loop
      vertex 2.381250e+01 -1.317228e+01 1.873869e+01
      vertex 2.698750e+01 -1.291999e+01 1.906747e+01
      vertex 2.381250e+01 -1.291999e+01 1.906747e+01
    endloop
  endfacet
  facet normal 0.000000e+00 -9.238795e-01 3.826834e-01
    outer loop
      vertex 2.698750e+01 -1.276140e+01 1.945034e+01
      vertex 2.381250e+01 -1.291999e+01 1.906747e+01
      vertex 2.698750e+01 -1.291999e+01 1.906747e+01
    endloop
  endfacet
  facet normal 0.000000e+00 -9.238795e-01 3.826834e-01
    outer loop
      vertex 2.381250e+01 -1.291999e+01 1.906747e+01
      vertex 2.698750e+01 -1.276140e+01 1.945034e+01
      vertex 2.381250e+01 -1.276140e+01 1.945034e+01
    endloop
  endfacet
  facet normal 0.000000e+00 -9.914448e-01 1.305262e-01
    outer loop
      vertex 2.698750e+01 -1.270731e+01 1.986122e+01
      vertex 2.381250e+01 -1.276140e+01 1.945034e+01
      vertex 2.698750e+01 -1.276140e+01 1.945034e+01
    endloop
  endfacet
  facet normal 0.000000e+00 -9.914448e-01 1.305262e-01
    outer loop
      vertex 2.381250e+01 -1.276140e+01 1.945034e+01
      vertex 2.698750e+01 -1.270731e+01 1.986122e+01
      vertex 2.381250e+01 -1.270731e+01 1.986122e+01
    endloop
  endfacet
  facet normal 0.000000e+00 -9.914448e-01 -1.305262e-01
    outer loop
      vertex 2.698750e+01 -1.276140e+01 2.027209e+01
      vertex 2.381250e+01 -1.270731e+01 1.986122e+01
      vertex 2.698750e+01 -1.270731e+01 1.986122e+01
    endloop
  endfacet
  facet normal 0.000000e+00 -9.914448e-01 -1.305262e-01
    outer loop
      vertex 2.381250e+01 -1.270731e+01 1.986122e+01
      vertex 2.698750e+01 -1.276140e+01 2.027209e+01
      vertex 2.381250e+01 -1.276140e+01 2.027209e+01
    endloop
  endfacet
  facet normal 0.000000e+00 -9.238795e-01 -3.826834e-01
    outer loop
      vertex 2.698750e+01 -1.291999e+01 2.065497e+01
      vertex 2.381250e+01 -1.276140e+01 2.027209e+01
      vertex 2.698750e+01 -1.276140e+01 2.027209e+01
    endloop
  endfacet
  facet normal 0.000000e+00 -9.238795e-01 -3.826834e-01
    outer loop
      vertex 2.381250e+01 -1.276140e+01 2.027209e+01
      vertex 2.698750e+01 -1.291999e+01 2.065497e+01
      vertex 2.381250e+01 -1.291999e+01 2.065497e+01
    endloop
  endfacet
  facet normal 0.000000e+00 -7.933533e-01 -6.087614e-01
    outer loop
      vertex 2.698750e+01 -1.317228e+01 2.098375e+01
      vertex 2.381250e+01 -1.291999e+01 2.065497e+01
      vertex 2.698750e+01 -1.291999e+01 2.065497e+01
    endloop
  endfacet
  facet normal 0.000000e+00 -7.933533e-01 -6.087614e-01
    outer loop
      vertex 2.381250e+01 -1.291999e+01 2.065497e+01
      vertex 2.698750e+01 -1.317228e+01 2.098375e+01
      vertex 2.381250e+01 -1.317228e+01 2.098375e+01
    endloop
  endfacet
  facet normal 0.000000e+00 -6.087614e-01 -7.933533e-01
    outer loop
      vertex 2.698750e+01 -1.317228e+01 2.098375e+01
      vertex 2.381250e+01 -1.350106e+01 2.123603e+01
      vertex 2.381250e+01 -1.317228e+01 2.098375e+01
    endloop
  endfacet
  facet normal 0.000000e+00 -6.087614e-01 -7.933533e-01
    outer loop
      vertex 2.381250e+01 -1.350106e+01 2.123603e+01
      vertex 2.698750e+01 -1.317228e+01 2.098375e+01
      vertex 2.698750e+01 -1.350106e+01 2.123603e+01
    endloop
  endfacet
  facet normal 0.000000e+00 -3.826834e-01 -9.238795e-01
    outer loop
      vertex 2.698750e+01 -1.350106e+01 2.123603e+01
      vertex 2.381250e+01 -1.388393e+01 2.139463e+01
      vertex 2.381250e+01 -1.350106e+01 2.123603e+01
    endloop
  endfacet
  facet normal 0.000000e+00 -3.826834e-01 -9.238795e-01
    outer loop
      vertex 2.381250e+01 -1.388393e+01 2.139463e+01
      vertex 2.698750e+01 -1.350106e+01 2.123603e+01
      vertex 2.698750e+01 -1.388393e+01 2.139463e+01
    endloop
  endfacet
  facet normal 0.000000e+00 -1.305262e-01 -9.914448e-01
    outer loop
      vertex 2.698750e+01 -1.388393e+01 2.139463e+01
      vertex 2.381250e+01 -1.429481e+01 2.144872e+01
      vertex 2.381250e+01 -1.388393e+01 2.139463e+01
    endloop
  endfacet
  facet normal 0.000000e+00 -1.305262e-01 -9.914448e-01
    outer loop
      vertex 2.381250e+01 -1.429481e+01 2.144872e+01
      vertex 2.698750e+01 -1.388393e+01 2.139463e+01
      vertex 2.698750e+01 -1.429481e+01 2.144872e+01
    endloop
  endfacet
  facet normal 0.000000e+00 1.305262e-01 -9.914448e-01
    outer loop
      vertex 2.698750e+01 -1.429481e+01 2.144872e+01
      vertex 2.381250e+01 -1.470568e+01 2.139463e+01
      vertex 2.381250e+01 -1.429481e+01 2.144872e+01
    endloop
  endfacet
  facet normal 0.000000e+00 1.305262e-01 -9.914448e-01
    outer loop
      vertex 2.381250e+01 -1.470568e+01 2.139463e+01
      vertex 2.698750e+01 -1.429481e+01 2.144872e+01
      vertex 2.698750e+01 -1.470568e+01 2.139463e+01
    endloop
  endfacet
  facet normal 0.000000e+00 3.826834e-01 -9.238795e-01
    outer loop
      vertex 2.698750e+01 -1.470568e+01 2.139463e+01
      vertex 2.381250e+01 -1.508856e+01 2.123603e+01
      vertex 2.381250e+01 -1.470568e+01 2.139463e+01
    endloop
  endfacet
  facet normal 0.000000e+00 3.826834e-01 -9.238795e-01
    outer loop
      vertex 2.381250e+01 -1.508856e+01 2.123603e+01
      vertex 2.698750e+01 -1.470568e+01 2.139463e+01
      vertex 2.698750e+01 -1.508856e+01 2.123603e+01
    endloop
  endfacet
  facet normal 0.000000e+00 6.087614e-01 -7.933533e-01
    outer loop
      vertex 2.698750e+01 -1.508856e+01 2.123603e+01
      vertex 2.381250e+01 -1.541734e+01 2.098375e+01
      vertex 2.381250e+01 -1.508856e+01 2.123603e+01
    endloop
  endfacet
  facet normal 0.000000e+00 6.087614e-01 -7.933533e-01
    outer loop
      vertex 2.381250e+01 -1.541734e+01 2.098375e+01
      vertex 2.698750e+01 -1.508856e+01 2.123603e+01
      vertex 2.698750e+01 -1.541734e+01 2.098375e+01
    endloop
  endfacet
  facet normal 0.000000e+00 7.933533e-01 -6.087614e-01
    outer loop
      vertex 2.381250e+01 -1.541734e+01 2.098375e+01
      vertex 2.698750e+01 -1.566962e+01 2.065497e+01
      vertex 2.381250e+01 -1.566962e+01 2.065497e+01
    endloop
  endfacet
  facet normal 0.000000e+00 7.933533e-01 -6.087614e-01
    outer loop
      vertex 2.698750e+01 -1.566962e+01 2.065497e+01
      vertex 2.381250e+01 -1.541734e+01 2.098375e+01
      vertex 2.698750e+01 -1.541734e+01 2.098375e+01
    endloop
  endfacet
  facet normal 0.000000e+00 9.238795e-01 -3.826834e-01
    outer loop
      vertex 2.381250e+01 -1.566962e+01 2.065497e+01
      vertex 2.698750e+01 -1.582821e+01 2.027209e+01
      vertex 2.381250e+01 -1.582821e+01 2.027209e+01
    endloop
  endfacet
  facet normal 0.000000e+00 9.238795e-01 -3.826834e-01
    outer loop
      vertex 2.698750e+01 -1.582821e+01 2.027209e+01
      vertex 2.381250e+01 -1.566962e+01 2.065497e+01
      vertex 2.698750e+01 -1.566962e+01 2.065497e+01
    endloop
  endfacet
  facet normal 0.000000e+00 9.914448e-01 -1.305262e-01
    outer loop
      vertex 2.381250e+01 -1.582821e+01 2.027209e+01
      vertex 2.698750e+01 -1.588231e+01 1.986122e+01
      vertex 2.381250e+01 -1.588231e+01 1.986122e+01
    endloop
  endfacet
  facet normal 0.000000e+00 9.914448e-01 -1.305262e-01
    outer loop
      vertex 2.698750e+01 -1.588231e+01 1.986122e+01
      vertex 2.381250e+01 -1.582821e+01 2.027209e+01
      vertex 2.698750e+01 -1.582821e+01 2.027209e+01
    endloop
  endfacet
  facet normal 0.000000e+00 9.914448e-01 1.305262e-01
    outer loop
      vertex 2.381250e+01 -1.588231e+01 1.986122e+01
      vertex 2.698750e+01 -1.582821e+01 1.945034e+01
      vertex 2.381250e+01 -1.582821e+01 1.945034e+01
    endloop
  endfacet
  facet normal 0.000000e+00 9.914448e-01 1.305262e-01
    outer loop
      vertex 2.698750e+01 -1.582821e+01 1.945034e+01
      vertex 2.381250e+01 -1.588231e+01 1.986122e+01
      vertex 2.698750e+01 -1.588231e+01 1.986122e+01
    endloop
  endfacet
  facet normal 0.000000e+00 9.238795e-01 3.826834e-01
    outer loop
      vertex 2.381250e+01 -1.582821e+01 1.945034e+01
      vertex 2.698750e+01 -1.566962e+01 1.906747e+01
      vertex 2.381250e+01 -1.566962e+01 1.906747e+01
    endloop
  endfacet
  facet normal 0.000000e+00 9.238795e-01 3.826834e-01
    outer loop
      vertex 2.698750e+01 -1.566962e+01 1.906747e+01
      vertex 2.381250e+01 -1.582821e+01 1.945034e+01
      vertex 2.698750e+01 -1.582821e+01 1.945034e+01
    endloop
  endfacet
  facet normal 0.000000e+00 7.933533e-01 6.087614e-01
    outer loop
      vertex 2.381250e+01 -1.566962e+01 1.906747e+01
      vertex 2.698750e+01 -1.541734e+01 1.873869e+01
      vertex 2.381250e+01 -1.541734e+01 1.873869e+01
    endloop
  endfacet
  facet normal 0.000000e+00 7.933533e-01 6.087614e-01
    outer loop
      vertex 2.698750e+01 -1.541734e+01 1.873869e+01
      vertex 2.381250e+01 -1.566962e+01 1.906747e+01
      vertex 2.698750e+01 -1.566962e+01 1.906747e+01
    endloop
  endfacet
  facet normal 0.000000e+00 6.087614e-01 7.933533e-01
    outer loop
      vertex 2.698750e+01 -1.541734e+01 1.873869e+01
      vertex 2.381250e+01 -1.508856e+01 1.848640e+01
      vertex 2.381250e+01 -1.541734e+01 1.873869e+01
    endloop
  endfacet
  facet normal 0.000000e+00 6.087614e-01 7.933533e-01
    outer loop
      vertex 2.381250e+01 -1.508856e+01 1.848640e+01
      vertex 2.698750e+01 -1.541734e+01 1.873869e+01
      vertex 2.698750e+01 -1.508856e+01 1.848640e+01
    endloop
  endfacet
  facet normal 0.000000e+00 3.826834e-01 9.238795e-01
    outer loop
      vertex 2.698750e+01 -1.508856e+01 1.848640e+01
      vertex 2.381250e+01 -1.470568e+01 1.832781e+01
      vertex 2.381250e+01 -1.508856e+01 1.848640e+01
    endloop
  endfacet
  facet normal 0.000000e+00 3.826834e-01 9.238795e-01
    outer loop
      vertex 2.381250e+01 -1.470568e+01 1.832781e+01
      vertex 2.698750e+01 -1.508856e+01 1.848640e+01
      vertex 2.698750e+01 -1.470568e+01 1.832781e+01
    endloop
  endfacet
  facet normal 0.000000e+00 1.305262e-01 9.914448e-01
    outer loop
      vertex 2.698750e+01 -1.470568e+01 1.832781e+01
      vertex 2.381250e+01 -1.429481e+01 1.827372e+01
      vertex 2.381250e+01 -1.470568e+01 1.832781e+01
    endloop
  endfacet
  facet normal 0.000000e+00 1.305262e-01 9.914448e-01
    outer loop
      vertex 2.381250e+01 -1.429481e+01 1.827372e+01
      vertex 2.698750e+01 -1.470568e+01 1.832781e+01
      vertex 2.698750e+01 -1.429481e+01 1.827372e+01
    endloop
  endfacet
  facet normal 1.489086e-15 -9.105565e-01 4.133848e-01
    outer loop
      vertex 2.698750e+01 -1.281351e+01 8.177819e+00
      vertex 2.381250e+01 -1.293000e+01 7.921238e+00
      vertex 2.698750e+01 -1.293000e+01 7.921238e+00
    endloop
  endfacet
  facet normal 1.489086e-15 -9.105565e-01 4.133848e-01
    outer loop
      vertex 2.381250e+01 -1.293000e+01 7.921238e+00
      vertex 2.698750e+01 -1.281351e+01 8.177819e+00
      vertex 2.381250e+01 -1.281351e+01 8.177819e+00
    endloop
  endfacet
  facet normal 1.399289e-15 -9.720555e-01 2.347513e-01
    outer loop
      vertex 2.698750e+01 -1.271623e+01 8.580659e+00
      vertex 2.381250e+01 -1.281351e+01 8.177819e+00
      vertex 2.698750e+01 -1.281351e+01 8.177819e+00
    endloop
  endfacet
  facet normal 1.399289e-15 -9.720555e-01 2.347513e-01
    outer loop
      vertex 2.381250e+01 -1.281351e+01 8.177819e+00
      vertex 2.698750e+01 -1.271623e+01 8.580659e+00
      vertex 2.381250e+01 -1.271623e+01 8.580659e+00
    endloop
  endfacet
  facet normal 1.320828e-15 -9.996915e-01 -2.483411e-02
    outer loop
      vertex 2.698750e+01 -1.272652e+01 8.994952e+00
      vertex 2.381250e+01 -1.271623e+01 8.580659e+00
      vertex 2.698750e+01 -1.271623e+01 8.580659e+00
    endloop
  endfacet
  facet normal 1.320828e-15 -9.996915e-01 -2.483411e-02
    outer loop
      vertex 2.381250e+01 -1.271623e+01 8.580659e+00
      vertex 2.698750e+01 -1.272652e+01 8.994952e+00
      vertex 2.381250e+01 -1.272652e+01 8.994952e+00
    endloop
  endfacet
  facet normal 1.152356e-15 -9.592004e-01 -2.827271e-01
    outer loop
      vertex 2.698750e+01 -1.284369e+01 9.392464e+00
      vertex 2.381250e+01 -1.272652e+01 8.994952e+00
      vertex 2.698750e+01 -1.272652e+01 8.994952e+00
    endloop
  endfacet
  facet normal 1.152356e-15 -9.592004e-01 -2.827271e-01
    outer loop
      vertex 2.381250e+01 -1.272652e+01 8.994952e+00
      vertex 2.698750e+01 -1.284369e+01 9.392464e+00
      vertex 2.381250e+01 -1.284369e+01 9.392464e+00
    endloop
  endfacet
  facet normal 9.053518e-16 -8.533412e-01 -5.213528e-01
    outer loop
      vertex 2.698750e+01 -1.305975e+01 9.746107e+00
      vertex 2.381250e+01 -1.284369e+01 9.392464e+00
      vertex 2.698750e+01 -1.284369e+01 9.392464e+00
    endloop
  endfacet
  facet normal 9.053518e-16 -8.533412e-01 -5.213528e-01
    outer loop
      vertex 2.381250e+01 -1.284369e+01 9.392464e+00
      vertex 2.698750e+01 -1.305975e+01 9.746107e+00
      vertex 2.381250e+01 -1.305975e+01 9.746107e+00
    endloop
  endfacet
  facet normal 5.966498e-16 -6.893283e-01 -7.244491e-01
    outer loop
      vertex 2.698750e+01 -1.305975e+01 9.746107e+00
      vertex 2.381250e+01 -1.335997e+01 1.003178e+01
      vertex 2.381250e+01 -1.305975e+01 9.746107e+00
    endloop
  endfacet
  facet normal 5.966498e-16 -6.893283e-01 -7.244491e-01
    outer loop
      vertex 2.381250e+01 -1.335997e+01 1.003178e+01
      vertex 2.698750e+01 -1.305975e+01 9.746107e+00
      vertex 2.698750e+01 -1.335997e+01 1.003178e+01
    endloop
  endfacet
  facet normal 2.472871e-16 -4.783388e-01 -8.781754e-01
    outer loop
      vertex 2.698750e+01 -1.335997e+01 1.003178e+01
      vertex 2.381250e+01 -1.372391e+01 1.023001e+01
      vertex 2.381250e+01 -1.335997e+01 1.003178e+01
    endloop
  endfacet
  facet normal 2.472871e-16 -4.783388e-01 -8.781754e-01
    outer loop
      vertex 2.381250e+01 -1.372391e+01 1.023001e+01
      vertex 2.698750e+01 -1.335997e+01 1.003178e+01
      vertex 2.698750e+01 -1.372391e+01 1.023001e+01
    endloop
  endfacet
  facet normal -1.189278e-16 -2.347513e-01 -9.720555e-01
    outer loop
      vertex 2.698750e+01 -1.372391e+01 1.023001e+01
      vertex 2.381250e+01 -1.412675e+01 1.032730e+01
      vertex 2.381250e+01 -1.372391e+01 1.023001e+01
    endloop
  endfacet
  facet normal -1.189278e-16 -2.347513e-01 -9.720555e-01
    outer loop
      vertex 2.381250e+01 -1.412675e+01 1.032730e+01
      vertex 2.698750e+01 -1.372391e+01 1.023001e+01
      vertex 2.698750e+01 -1.412675e+01 1.032730e+01
    endloop
  endfacet
  facet normal -4.770378e-16 2.483411e-02 -9.996915e-01
    outer loop
      vertex 2.698750e+01 -1.412675e+01 1.032730e+01
      vertex 2.381250e+01 -1.454104e+01 1.031701e+01
      vertex 2.381250e+01 -1.412675e+01 1.032730e+01
    endloop
  endfacet
  facet normal -4.770378e-16 2.483411e-02 -9.996915e-01
    outer loop
      vertex 2.381250e+01 -1.454104e+01 1.031701e+01
      vertex 2.698750e+01 -1.412675e+01 1.032730e+01
      vertex 2.698750e+01 -1.454104e+01 1.031701e+01
    endloop
  endfacet
  facet normal -8.026387e-16 2.827271e-01 -9.592004e-01
    outer loop
      vertex 2.698750e+01 -1.454104e+01 1.031701e+01
      vertex 2.381250e+01 -1.493855e+01 1.019984e+01
      vertex 2.381250e+01 -1.454104e+01 1.031701e+01
    endloop
  endfacet
  facet normal -8.026387e-16 2.827271e-01 -9.592004e-01
    outer loop
      vertex 2.381250e+01 -1.493855e+01 1.019984e+01
      vertex 2.698750e+01 -1.454104e+01 1.031701e+01
      vertex 2.698750e+01 -1.493855e+01 1.019984e+01
    endloop
  endfacet
  facet normal -9.867184e-16 5.213528e-01 -8.533412e-01
    outer loop
      vertex 2.698750e+01 -1.493855e+01 1.019984e+01
      vertex 2.381250e+01 -1.529220e+01 9.983779e+00
      vertex 2.381250e+01 -1.493855e+01 1.019984e+01
    endloop
  endfacet
  facet normal -9.867184e-16 5.213528e-01 -8.533412e-01
    outer loop
      vertex 2.381250e+01 -1.529220e+01 9.983779e+00
      vertex 2.698750e+01 -1.493855e+01 1.019984e+01
      vertex 2.698750e+01 -1.529220e+01 9.983779e+00
    endloop
  endfacet
  facet normal -1.029993e-15 7.244491e-01 -6.893283e-01
    outer loop
      vertex 2.381250e+01 -1.557787e+01 9.683552e+00
      vertex 2.698750e+01 -1.529220e+01 9.983779e+00
      vertex 2.698750e+01 -1.557787e+01 9.683552e+00
    endloop
  endfacet
  facet normal -1.029993e-15 7.244491e-01 -6.893283e-01
    outer loop
      vertex 2.698750e+01 -1.529220e+01 9.983779e+00
      vertex 2.381250e+01 -1.557787e+01 9.683552e+00
      vertex 2.381250e+01 -1.529220e+01 9.983779e+00
    endloop
  endfacet
  facet normal -1.089899e-15 8.781754e-01 -4.783388e-01
    outer loop
      vertex 2.381250e+01 -1.577610e+01 9.319618e+00
      vertex 2.698750e+01 -1.557787e+01 9.683552e+00
      vertex 2.698750e+01 -1.577610e+01 9.319618e+00
    endloop
  endfacet
  facet normal -1.089899e-15 8.781754e-01 -4.783388e-01
    outer loop
      vertex 2.698750e+01 -1.557787e+01 9.683552e+00
      vertex 2.381250e+01 -1.577610e+01 9.319618e+00
      vertex 2.381250e+01 -1.557787e+01 9.683552e+00
    endloop
  endfacet
  facet normal -1.075529e-15 9.720555e-01 -2.347513e-01
    outer loop
      vertex 2.381250e+01 -1.587339e+01 8.916778e+00
      vertex 2.698750e+01 -1.577610e+01 9.319618e+00
      vertex 2.698750e+01 -1.587339e+01 8.916778e+00
    endloop
  endfacet
  facet normal -1.075529e-15 9.720555e-01 -2.347513e-01
    outer loop
      vertex 2.698750e+01 -1.577610e+01 9.319618e+00
      vertex 2.381250e+01 -1.587339e+01 8.916778e+00
      vertex 2.381250e+01 -1.577610e+01 9.319618e+00
    endloop
  endfacet
  facet normal -9.878639e-16 9.996915e-01 2.483411e-02
    outer loop
      vertex 2.381250e+01 -1.586309e+01 8.502485e+00
      vertex 2.698750e+01 -1.587339e+01 8.916778e+00
      vertex 2.698750e+01 -1.586309e+01 8.502485e+00
    endloop
  endfacet
  facet normal -9.878639e-16 9.996915e-01 2.483411e-02
    outer loop
      vertex 2.698750e+01 -1.587339e+01 8.916778e+00
      vertex 2.381250e+01 -1.586309e+01 8.502485e+00
      vertex 2.381250e+01 -1.587339e+01 8.916778e+00
    endloop
  endfacet
  facet normal -8.328776e-16 9.592004e-01 2.827271e-01
    outer loop
      vertex 2.381250e+01 -1.574593e+01 8.104973e+00
      vertex 2.698750e+01 -1.586309e+01 8.502485e+00
      vertex 2.698750e+01 -1.574593e+01 8.104973e+00
    endloop
  endfacet
  facet normal -8.328776e-16 9.592004e-01 2.827271e-01
    outer loop
      vertex 2.698750e+01 -1.586309e+01 8.502485e+00
      vertex 2.381250e+01 -1.574593e+01 8.104973e+00
      vertex 2.381250e+01 -1.586309e+01 8.502485e+00
    endloop
  endfacet
  facet normal -5.053685e-16 8.533412e-01 5.213528e-01
    outer loop
      vertex 2.381250e+01 -1.552987e+01 7.751331e+00
      vertex 2.698750e+01 -1.574593e+01 8.104973e+00
      vertex 2.698750e+01 -1.552987e+01 7.751331e+00
    endloop
  endfacet
  facet normal -5.053685e-16 8.533412e-01 5.213528e-01
    outer loop
      vertex 2.698750e+01 -1.574593e+01 8.104973e+00
      vertex 2.381250e+01 -1.552987e+01 7.751331e+00
      vertex 2.381250e+01 -1.574593e+01 8.104973e+00
    endloop
  endfacet
  facet normal -4.533733e-17 6.893283e-01 7.244491e-01
    outer loop
      vertex 2.698750e+01 -1.552987e+01 7.751331e+00
      vertex 2.381250e+01 -1.522964e+01 7.465659e+00
      vertex 2.381250e+01 -1.552987e+01 7.751331e+00
    endloop
  endfacet
  facet normal -4.533733e-17 6.893283e-01 7.244491e-01
    outer loop
      vertex 2.381250e+01 -1.522964e+01 7.465659e+00
      vertex 2.698750e+01 -1.552987e+01 7.751331e+00
      vertex 2.698750e+01 -1.522964e+01 7.465659e+00
    endloop
  endfacet
  facet normal 2.223605e-16 4.783388e-01 8.781754e-01
    outer loop
      vertex 2.698750e+01 -1.522964e+01 7.465659e+00
      vertex 2.381250e+01 -1.486571e+01 7.267425e+00
      vertex 2.381250e+01 -1.522964e+01 7.465659e+00
    endloop
  endfacet
  facet normal 2.223605e-16 4.783388e-01 8.781754e-01
    outer loop
      vertex 2.381250e+01 -1.486571e+01 7.267425e+00
      vertex 2.698750e+01 -1.522964e+01 7.465659e+00
      vertex 2.698750e+01 -1.486571e+01 7.267425e+00
    endloop
  endfacet
  facet normal 5.506071e-16 2.347513e-01 9.720555e-01
    outer loop
      vertex 2.698750e+01 -1.486571e+01 7.267425e+00
      vertex 2.381250e+01 -1.446287e+01 7.170140e+00
      vertex 2.381250e+01 -1.486571e+01 7.267425e+00
    endloop
  endfacet
  facet normal 5.506071e-16 2.347513e-01 9.720555e-01
    outer loop
      vertex 2.381250e+01 -1.446287e+01 7.170140e+00
      vertex 2.698750e+01 -1.486571e+01 7.267425e+00
      vertex 2.698750e+01 -1.446287e+01 7.170140e+00
    endloop
  endfacet
  facet normal 9.209900e-16 -2.483411e-02 9.996915e-01
    outer loop
      vertex 2.698750e+01 -1.446287e+01 7.170140e+00
      vertex 2.381250e+01 -1.404857e+01 7.180431e+00
      vertex 2.381250e+01 -1.446287e+01 7.170140e+00
    endloop
  endfacet
  facet normal 9.209900e-16 -2.483411e-02 9.996915e-01
    outer loop
      vertex 2.381250e+01 -1.404857e+01 7.180431e+00
      vertex 2.698750e+01 -1.446287e+01 7.170140e+00
      vertex 2.698750e+01 -1.404857e+01 7.180431e+00
    endloop
  endfacet
  facet normal 1.228609e-15 -2.827271e-01 9.592004e-01
    outer loop
      vertex 2.698750e+01 -1.404857e+01 7.180431e+00
      vertex 2.381250e+01 -1.365106e+01 7.297599e+00
      vertex 2.381250e+01 -1.404857e+01 7.180431e+00
    endloop
  endfacet
  facet normal 1.228609e-15 -2.827271e-01 9.592004e-01
    outer loop
      vertex 2.381250e+01 -1.365106e+01 7.297599e+00
      vertex 2.698750e+01 -1.404857e+01 7.180431e+00
      vertex 2.698750e+01 -1.365106e+01 7.297599e+00
    endloop
  endfacet
  facet normal 1.452501e-15 -5.213528e-01 8.533412e-01
    outer loop
      vertex 2.698750e+01 -1.365106e+01 7.297599e+00
      vertex 2.381250e+01 -1.329742e+01 7.513659e+00
      vertex 2.381250e+01 -1.365106e+01 7.297599e+00
    endloop
  endfacet
  facet normal 1.452501e-15 -5.213528e-01 8.533412e-01
    outer loop
      vertex 2.381250e+01 -1.329742e+01 7.513659e+00
      vertex 2.698750e+01 -1.365106e+01 7.297599e+00
      vertex 2.698750e+01 -1.329742e+01 7.513659e+00
    endloop
  endfacet
  facet normal 1.577407e-15 -7.244491e-01 6.893283e-01
    outer loop
      vertex 2.698750e+01 -1.301175e+01 7.813885e+00
      vertex 2.381250e+01 -1.329742e+01 7.513659e+00
      vertex 2.698750e+01 -1.329742e+01 7.513659e+00
    endloop
  endfacet
  facet normal 1.577407e-15 -7.244491e-01 6.893283e-01
    outer loop
      vertex 2.381250e+01 -1.329742e+01 7.513659e+00
      vertex 2.698750e+01 -1.301175e+01 7.813885e+00
      vertex 2.381250e+01 -1.301175e+01 7.813885e+00
    endloop
  endfacet
  facet normal 1.598255e-15 -7.955915e-01 6.058335e-01
    outer loop
      vertex 2.698750e+01 -1.293000e+01 7.921238e+00
      vertex 2.381250e+01 -1.301175e+01 7.813885e+00
      vertex 2.698750e+01 -1.301175e+01 7.813885e+00
    endloop
  endfacet
  facet normal 1.598255e-15 -7.955915e-01 6.058335e-01
    outer loop
      vertex 2.381250e+01 -1.301175e+01 7.813885e+00
      vertex 2.698750e+01 -1.293000e+01 7.921238e+00
      vertex 2.381250e+01 -1.293000e+01 7.921238e+00
    endloop
  endfacet
  facet normal 9.525316e-06 1.000000e+00 9.506105e-23
    outer loop
      vertex -2.698751e+01 2.301145e+01 4.773323e+00
      vertex -2.379720e+01 2.301142e+01 2.064828e+01
      vertex -2.379720e+01 2.301142e+01 4.773283e+00
    endloop
  endfacet
  facet normal 9.525316e-06 1.000000e+00 9.506105e-23
    outer loop
      vertex -2.379720e+01 2.301142e+01 2.064828e+01
      vertex -2.698751e+01 2.301145e+01 4.773323e+00
      vertex -2.698751e+01 2.301145e+01 2.064832e+01
    endloop
  endfacet
  facet normal 1.000000e+00 1.762792e-05 2.350791e-05
    outer loop
      vertex -2.379719e+01 -1.826356e+01 0.000000e+00
      vertex -2.379645e+01 -1.585800e+01 8.454516e+00
      vertex -2.379719e+01 -1.826356e+01 2.540000e+01
    endloop
  endfacet
  facet normal 1.000000e+00 1.762792e-05 2.350791e-05
    outer loop
      vertex -2.379645e+01 -1.585800e+01 8.454516e+00
      vertex -2.379719e+01 -1.826356e+01 0.000000e+00
      vertex -2.379645e+01 -1.573310e+01 8.059365e+00
    endloop
  endfacet
  facet normal 1.000000e+00 1.762792e-05 2.350791e-05
    outer loop
      vertex -2.379645e+01 -1.573310e+01 8.059365e+00
      vertex -2.379719e+01 -1.826356e+01 0.000000e+00
      vertex -2.379645e+01 -1.551018e+01 7.710004e+00
    endloop
  endfacet
  facet normal 1.000000e+00 1.762792e-05 2.350791e-05
    outer loop
      vertex -2.379645e+01 -1.551018e+01 7.710004e+00
      vertex -2.379719e+01 -1.826356e+01 0.000000e+00
      vertex -2.379645e+01 -1.520444e+01 7.430242e+00
    endloop
  endfacet
  facet normal 1.000000e+00 1.762792e-05 2.350791e-05
    outer loop
      vertex -2.379645e+01 -1.520444e+01 7.430242e+00
      vertex -2.379719e+01 -1.826356e+01 0.000000e+00
      vertex -2.379645e+01 -1.483671e+01 7.239144e+00
    endloop
  endfacet
  facet normal 1.000000e+00 1.762792e-05 2.350791e-05
    outer loop
      vertex -2.379645e+01 -1.483671e+01 7.239144e+00
      vertex -2.379719e+01 -1.826356e+01 0.000000e+00
      vertex -2.379645e+01 -1.443205e+01 7.149734e+00
    endloop
  endfacet
  facet normal 1.000000e+00 1.762792e-05 2.350791e-05
    outer loop
      vertex -2.379645e+01 -1.443205e+01 7.149734e+00
      vertex -2.379719e+01 -1.826356e+01 0.000000e+00
      vertex -2.379719e+01 1.824894e+01 0.000000e+00
    endloop
  endfacet
  facet normal 1.000000e+00 1.762792e-05 2.350791e-05
    outer loop
      vertex -2.379719e+01 -1.826356e+01 2.540000e+01
      vertex -2.379645e+01 -1.585800e+01 8.454516e+00
      vertex -2.379645e+01 -1.587637e+01 8.868530e+00
    endloop
  endfacet
  facet normal 1.000000e+00 1.762792e-05 2.350791e-05
    outer loop
      vertex -2.379719e+01 -1.826356e+01 2.540000e+01
      vertex -2.379645e+01 -1.587637e+01 8.868530e+00
      vertex -2.379667e+01 -1.588231e+01 1.984379e+01
    endloop
  endfacet
  facet normal 1.000000e+00 1.762792e-05 2.350791e-05
    outer loop
      vertex -2.379645e+01 -1.443205e+01 7.149734e+00
      vertex -2.379719e+01 1.824894e+01 0.000000e+00
      vertex -2.379645e+01 -1.401804e+01 7.168103e+00
    endloop
  endfacet
  facet normal 1.000000e+00 1.762792e-05 2.350791e-05
    outer loop
      vertex -2.379645e+01 -1.401804e+01 7.168103e+00
      vertex -2.379719e+01 1.824894e+01 0.000000e+00
      vertex -2.379645e+01 -1.362289e+01 7.293002e+00
    endloop
  endfacet
  facet normal 1.000000e+00 1.762792e-05 2.350791e-05
    outer loop
      vertex -2.379645e+01 -1.362289e+01 7.293002e+00
      vertex -2.379719e+01 1.824894e+01 0.000000e+00
      vertex -2.379645e+01 -1.327352e+01 7.515917e+00
    endloop
  endfacet
  facet normal 1.000000e+00 1.762792e-05 2.350791e-05
    outer loop
      vertex -2.379645e+01 -1.327352e+01 7.515917e+00
      vertex -2.379719e+01 1.824894e+01 0.000000e+00
      vertex -2.379645e+01 -1.299376e+01 7.821658e+00
    endloop
  endfacet
  facet normal 1.000000e+00 1.762792e-05 2.350791e-05
    outer loop
      vertex -2.379645e+01 -1.299376e+01 7.821658e+00
      vertex -2.379719e+01 1.824894e+01 0.000000e+00
      vertex -2.379675e+01 -1.292880e+01 7.898011e+00
    endloop
  endfacet
  facet normal 1.000000e+00 1.762792e-05 2.350791e-05
    outer loop
      vertex -2.379675e+01 -1.292880e+01 7.898011e+00
      vertex -2.379719e+01 1.824894e+01 0.000000e+00
      vertex -2.379645e+01 -1.280266e+01 8.189389e+00
    endloop
  endfacet
  facet normal 1.000000e+00 1.762792e-05 2.350791e-05
    outer loop
      vertex -2.379645e+01 -1.280266e+01 8.189389e+00
      vertex -2.379719e+01 1.824894e+01 0.000000e+00
      vertex -2.379645e+01 -1.271325e+01 8.594050e+00
    endloop
  endfacet
  facet normal 1.000000e+00 1.762792e-05 2.350791e-05
    outer loop
      vertex -2.379645e+01 -1.271325e+01 8.594050e+00
      vertex -2.379719e+01 1.824894e+01 0.000000e+00
      vertex -2.379717e+01 4.764662e+00 8.561370e+00
    endloop
  endfacet
  facet normal 1.000000e+00 1.762792e-05 2.350791e-05
    outer loop
      vertex -2.379645e+01 -1.271325e+01 8.594050e+00
      vertex -2.379717e+01 4.764662e+00 8.561370e+00
      vertex -2.379667e+01 -1.270731e+01 1.984379e+01
    endloop
  endfacet
  facet normal 1.000000e+00 1.762792e-05 2.350791e-05
    outer loop
      vertex -2.379667e+01 -1.270731e+01 1.984379e+01
      vertex -2.379717e+01 4.764662e+00 8.561370e+00
      vertex -2.379717e+01 3.778316e+00 9.318220e+00
    endloop
  endfacet
  facet normal 1.000000e+00 1.762792e-05 2.350791e-05
    outer loop
      vertex -2.379667e+01 -1.270731e+01 1.984379e+01
      vertex -2.379717e+01 3.778316e+00 9.318220e+00
      vertex -2.379717e+01 3.021466e+00 1.030457e+01
    endloop
  endfacet
  facet normal 1.000000e+00 1.762792e-05 2.350791e-05
    outer loop
      vertex -2.379667e+01 -1.270731e+01 1.984379e+01
      vertex -2.379717e+01 3.021466e+00 1.030457e+01
      vertex -2.379717e+01 2.545690e+00 1.145319e+01
    endloop
  endfacet
  facet normal 1.000000e+00 1.762792e-05 2.350791e-05
    outer loop
      vertex -2.379667e+01 -1.270731e+01 1.984379e+01
      vertex -2.379717e+01 2.545690e+00 1.145319e+01
      vertex -2.379717e+01 2.383412e+00 1.268582e+01
    endloop
  endfacet
  facet normal 1.000000e+00 1.762792e-05 2.350791e-05
    outer loop
      vertex -2.379717e+01 4.764662e+00 8.561370e+00
      vertex -2.379719e+01 1.824894e+01 0.000000e+00
      vertex -2.379717e+01 5.913286e+00 8.085594e+00
    endloop
  endfacet
  facet normal 1.000000e+00 1.762792e-05 2.350791e-05
    outer loop
      vertex -2.379717e+01 5.913286e+00 8.085594e+00
      vertex -2.379719e+01 1.824894e+01 0.000000e+00
      vertex -2.379717e+01 7.145913e+00 7.923316e+00
    endloop
  endfacet
  facet normal 1.000000e+00 1.762792e-05 2.350791e-05
    outer loop
      vertex -2.379717e+01 7.145913e+00 7.923316e+00
      vertex -2.379719e+01 1.824894e+01 0.000000e+00
      vertex -2.379717e+01 8.378538e+00 8.085594e+00
    endloop
  endfacet
  facet normal 1.000000e+00 1.762792e-05 2.350791e-05
    outer loop
      vertex -2.379717e+01 8.378538e+00 8.085594e+00
      vertex -2.379719e+01 1.824894e+01 0.000000e+00
      vertex -2.379717e+01 9.527163e+00 8.561370e+00
    endloop
  endfacet
  facet normal 1.000000e+00 1.762792e-05 2.350791e-05
    outer loop
      vertex -2.379717e+01 9.527163e+00 8.561370e+00
      vertex -2.379719e+01 1.824894e+01 0.000000e+00
      vertex -2.379717e+01 1.051351e+01 9.318220e+00
    endloop
  endfacet
  facet normal 1.000000e+00 1.762792e-05 2.350791e-05
    outer loop
      vertex -2.379717e+01 1.051351e+01 9.318220e+00
      vertex -2.379719e+01 1.824894e+01 0.000000e+00
      vertex -2.379717e+01 1.127036e+01 1.030457e+01
    endloop
  endfacet
  facet normal 1.000000e+00 1.762792e-05 2.350791e-05
    outer loop
      vertex -2.379717e+01 1.127036e+01 1.030457e+01
      vertex -2.379719e+01 1.824894e+01 0.000000e+00
      vertex -2.379717e+01 1.174613e+01 1.145319e+01
    endloop
  endfacet
  facet normal 1.000000e+00 1.762792e-05 2.350791e-05
    outer loop
      vertex -2.379717e+01 1.174613e+01 1.145319e+01
      vertex -2.379719e+01 1.824894e+01 0.000000e+00
      vertex -2.379717e+01 1.190841e+01 1.268582e+01
    endloop
  endfacet
  facet normal 1.000000e+00 1.762792e-05 2.350791e-05
    outer loop
      vertex -2.379719e+01 -1.826356e+01 2.540000e+01
      vertex -2.379667e+01 -1.429481e+01 2.143129e+01
      vertex -2.379719e+01 1.824894e+01 2.540000e+01
    endloop
  endfacet
  facet normal 1.000000e+00 1.762792e-05 2.350791e-05
    outer loop
      vertex -2.379667e+01 -1.429481e+01 2.143129e+01
      vertex -2.379719e+01 -1.826356e+01 2.540000e+01
      vertex -2.379667e+01 -1.470569e+01 2.137720e+01
    endloop
  endfacet
  facet normal 1.000000e+00 1.762792e-05 2.350791e-05
    outer loop
      vertex -2.379667e+01 -1.470569e+01 2.137720e+01
      vertex -2.379719e+01 -1.826356e+01 2.540000e+01
      vertex -2.379667e+01 -1.508856e+01 2.121861e+01
    endloop
  endfacet
  facet normal 1.000000e+00 1.762792e-05 2.350791e-05
    outer loop
      vertex -2.379667e+01 -1.508856e+01 2.121861e+01
      vertex -2.379719e+01 -1.826356e+01 2.540000e+01
      vertex -2.379667e+01 -1.541734e+01 2.096632e+01
    endloop
  endfacet
  facet normal 1.000000e+00 1.762792e-05 2.350791e-05
    outer loop
      vertex -2.379667e+01 -1.541734e+01 2.096632e+01
      vertex -2.379719e+01 -1.826356e+01 2.540000e+01
      vertex -2.379667e+01 -1.566963e+01 2.063754e+01
    endloop
  endfacet
  facet normal 1.000000e+00 1.762792e-05 2.350791e-05
    outer loop
      vertex -2.379667e+01 -1.566963e+01 2.063754e+01
      vertex -2.379719e+01 -1.826356e+01 2.540000e+01
      vertex -2.379667e+01 -1.582822e+01 2.025467e+01
    endloop
  endfacet
  facet normal 1.000000e+00 1.762792e-05 2.350791e-05
    outer loop
      vertex -2.379667e+01 -1.582822e+01 2.025467e+01
      vertex -2.379719e+01 -1.826356e+01 2.540000e+01
      vertex -2.379667e+01 -1.588231e+01 1.984379e+01
    endloop
  endfacet
  facet normal 1.000000e+00 1.762792e-05 2.350791e-05
    outer loop
      vertex -2.379719e+01 1.824894e+01 2.540000e+01
      vertex -2.379667e+01 -1.429481e+01 2.143129e+01
      vertex -2.379667e+01 -1.388394e+01 2.137720e+01
    endloop
  endfacet
  facet normal 1.000000e+00 1.762792e-05 2.350791e-05
    outer loop
      vertex -2.379719e+01 1.824894e+01 2.540000e+01
      vertex -2.379667e+01 -1.388394e+01 2.137720e+01
      vertex -2.379667e+01 -1.350106e+01 2.121861e+01
    endloop
  endfacet
  facet normal 1.000000e+00 1.762792e-05 2.350791e-05
    outer loop
      vertex -2.379719e+01 1.824894e+01 2.540000e+01
      vertex -2.379667e+01 -1.350106e+01 2.121861e+01
      vertex -2.379667e+01 -1.317228e+01 2.096632e+01
    endloop
  endfacet
  facet normal 1.000000e+00 1.762792e-05 2.350791e-05
    outer loop
      vertex -2.379719e+01 1.824894e+01 2.540000e+01
      vertex -2.379667e+01 -1.317228e+01 2.096632e+01
      vertex -2.379667e+01 -1.292000e+01 2.063754e+01
    endloop
  endfacet
  facet normal 1.000000e+00 1.762792e-05 2.350791e-05
    outer loop
      vertex -2.379719e+01 1.824894e+01 2.540000e+01
      vertex -2.379667e+01 -1.292000e+01 2.063754e+01
      vertex -2.379667e+01 -1.276140e+01 2.025467e+01
    endloop
  endfacet
  facet normal 1.000000e+00 1.762792e-05 2.350791e-05
    outer loop
      vertex -2.379719e+01 1.824894e+01 2.540000e+01
      vertex -2.379667e+01 -1.276140e+01 2.025467e+01
      vertex -2.379667e+01 -1.270731e+01 1.984379e+01
    endloop
  endfacet
  facet normal 1.000000e+00 1.762792e-05 2.350791e-05
    outer loop
      vertex -2.379719e+01 1.824894e+01 2.540000e+01
      vertex -2.379667e+01 -1.270731e+01 1.984379e+01
      vertex -2.379717e+01 4.764662e+00 1.681026e+01
    endloop
  endfacet
  facet normal 1.000000e+00 1.762792e-05 2.350791e-05
    outer loop
      vertex -2.379717e+01 4.764662e+00 1.681026e+01
      vertex -2.379667e+01 -1.270731e+01 1.984379e+01
      vertex -2.379717e+01 3.778316e+00 1.605341e+01
    endloop
  endfacet
  facet normal 1.000000e+00 1.762792e-05 2.350791e-05
    outer loop
      vertex -2.379717e+01 3.778316e+00 1.605341e+01
      vertex -2.379667e+01 -1.270731e+01 1.984379e+01
      vertex -2.379717e+01 3.021466e+00 1.506707e+01
    endloop
  endfacet
  facet normal 1.000000e+00 1.762792e-05 2.350791e-05
    outer loop
      vertex -2.379717e+01 3.021466e+00 1.506707e+01
      vertex -2.379667e+01 -1.270731e+01 1.984379e+01
      vertex -2.379717e+01 2.545690e+00 1.391844e+01
    endloop
  endfacet
  facet normal 1.000000e+00 1.762792e-05 2.350791e-05
    outer loop
      vertex -2.379717e+01 2.545690e+00 1.391844e+01
      vertex -2.379667e+01 -1.270731e+01 1.984379e+01
      vertex -2.379717e+01 2.383412e+00 1.268582e+01
    endloop
  endfacet
  facet normal 1.000000e+00 1.762792e-05 2.350791e-05
    outer loop
      vertex -2.379719e+01 1.824894e+01 2.540000e+01
      vertex -2.379717e+01 4.764662e+00 1.681026e+01
      vertex -2.379717e+01 5.913286e+00 1.728604e+01
    endloop
  endfacet
  facet normal 1.000000e+00 1.762792e-05 2.350791e-05
    outer loop
      vertex -2.379719e+01 1.824894e+01 2.540000e+01
      vertex -2.379717e+01 5.913286e+00 1.728604e+01
      vertex -2.379717e+01 7.145913e+00 1.744832e+01
    endloop
  endfacet
  facet normal 1.000000e+00 1.762792e-05 2.350791e-05
    outer loop
      vertex -2.379719e+01 1.824894e+01 2.540000e+01
      vertex -2.379717e+01 7.145913e+00 1.744832e+01
      vertex -2.379717e+01 8.378538e+00 1.728604e+01
    endloop
  endfacet
  facet normal 1.000000e+00 1.762792e-05 2.350791e-05
    outer loop
      vertex -2.379719e+01 1.824894e+01 2.540000e+01
      vertex -2.379717e+01 8.378538e+00 1.728604e+01
      vertex -2.379717e+01 9.527163e+00 1.681026e+01
    endloop
  endfacet
  facet normal 1.000000e+00 1.762792e-05 2.350791e-05
    outer loop
      vertex -2.379719e+01 1.824894e+01 2.540000e+01
      vertex -2.379717e+01 9.527163e+00 1.681026e+01
      vertex -2.379717e+01 1.051351e+01 1.605341e+01
    endloop
  endfacet
  facet normal 1.000000e+00 1.762792e-05 2.350791e-05
    outer loop
      vertex -2.379719e+01 1.824894e+01 2.540000e+01
      vertex -2.379717e+01 1.051351e+01 1.605341e+01
      vertex -2.379717e+01 1.127036e+01 1.506707e+01
    endloop
  endfacet
  facet normal 1.000000e+00 1.762792e-05 2.350791e-05
    outer loop
      vertex -2.379719e+01 1.824894e+01 2.540000e+01
      vertex -2.379717e+01 1.127036e+01 1.506707e+01
      vertex -2.379717e+01 1.174613e+01 1.391844e+01
    endloop
  endfacet
  facet normal 1.000000e+00 1.762792e-05 2.350791e-05
    outer loop
      vertex -2.379719e+01 1.824894e+01 2.540000e+01
      vertex -2.379717e+01 1.174613e+01 1.391844e+01
      vertex -2.379717e+01 1.190841e+01 1.268582e+01
    endloop
  endfacet
  facet normal 1.000000e+00 1.762792e-05 2.350791e-05
    outer loop
      vertex -2.379719e+01 1.824894e+01 2.540000e+01
      vertex -2.379717e+01 1.190841e+01 1.268582e+01
      vertex -2.379719e+01 1.824894e+01 0.000000e+00
    endloop
  endfacet
  facet normal 1.000000e+00 1.762792e-05 2.350791e-05
    outer loop
      vertex -2.379719e+01 1.824894e+01 2.540000e+01
      vertex -2.379719e+01 1.824894e+01 0.000000e+00
      vertex -2.379720e+01 2.301142e+01 4.773283e+00
    endloop
  endfacet
  facet normal 1.000000e+00 1.762792e-05 2.350791e-05
    outer loop
      vertex -2.379719e+01 1.824894e+01 2.540000e+01
      vertex -2.379720e+01 2.301142e+01 4.773283e+00
      vertex -2.379720e+01 2.301142e+01 2.064828e+01
    endloop
  endfacet
  facet normal 1.000000e+00 1.762792e-05 2.350791e-05
    outer loop
      vertex -2.379645e+01 -1.587637e+01 8.868530e+00
      vertex -2.379667e+01 -1.582822e+01 1.943292e+01
      vertex -2.379667e+01 -1.588231e+01 1.984379e+01
    endloop
  endfacet
  facet normal 1.000000e+00 1.762792e-05 2.350791e-05
    outer loop
      vertex -2.379667e+01 -1.582822e+01 1.943292e+01
      vertex -2.379645e+01 -1.587637e+01 8.868530e+00
      vertex -2.379645e+01 -1.578696e+01 9.273191e+00
    endloop
  endfacet
  facet normal 1.000000e+00 1.762792e-05 2.350791e-05
    outer loop
      vertex -2.379667e+01 -1.582822e+01 1.943292e+01
      vertex -2.379645e+01 -1.578696e+01 9.273191e+00
      vertex -2.379667e+01 -1.566963e+01 1.905004e+01
    endloop
  endfacet
  facet normal 1.000000e+00 1.762792e-05 2.350791e-05
    outer loop
      vertex -2.379667e+01 -1.566963e+01 1.905004e+01
      vertex -2.379645e+01 -1.578696e+01 9.273191e+00
      vertex -2.379645e+01 -1.559586e+01 9.640922e+00
    endloop
  endfacet
  facet normal 1.000000e+00 1.762792e-05 2.350791e-05
    outer loop
      vertex -2.379667e+01 -1.566963e+01 1.905004e+01
      vertex -2.379645e+01 -1.559586e+01 9.640922e+00
      vertex -2.379667e+01 -1.541734e+01 1.872126e+01
    endloop
  endfacet
  facet normal 1.000000e+00 1.762792e-05 2.350791e-05
    outer loop
      vertex -2.379667e+01 -1.541734e+01 1.872126e+01
      vertex -2.379645e+01 -1.559586e+01 9.640922e+00
      vertex -2.379645e+01 -1.531610e+01 9.946663e+00
    endloop
  endfacet
  facet normal 1.000000e+00 1.762792e-05 2.350791e-05
    outer loop
      vertex -2.379667e+01 -1.541734e+01 1.872126e+01
      vertex -2.379645e+01 -1.531610e+01 9.946663e+00
      vertex -2.379667e+01 -1.508856e+01 1.846898e+01
    endloop
  endfacet
  facet normal 1.000000e+00 1.762792e-05 2.350791e-05
    outer loop
      vertex -2.379667e+01 -1.508856e+01 1.846898e+01
      vertex -2.379645e+01 -1.531610e+01 9.946663e+00
      vertex -2.379645e+01 -1.496674e+01 1.016958e+01
    endloop
  endfacet
  facet normal 1.000000e+00 1.762792e-05 2.350791e-05
    outer loop
      vertex -2.379667e+01 -1.508856e+01 1.846898e+01
      vertex -2.379645e+01 -1.496674e+01 1.016958e+01
      vertex -2.379667e+01 -1.470569e+01 1.831038e+01
    endloop
  endfacet
  facet normal 1.000000e+00 1.762792e-05 2.350791e-05
    outer loop
      vertex -2.379667e+01 -1.470569e+01 1.831038e+01
      vertex -2.379645e+01 -1.496674e+01 1.016958e+01
      vertex -2.379645e+01 -1.457158e+01 1.029448e+01
    endloop
  endfacet
  facet normal 1.000000e+00 1.762792e-05 2.350791e-05
    outer loop
      vertex -2.379667e+01 -1.470569e+01 1.831038e+01
      vertex -2.379645e+01 -1.457158e+01 1.029448e+01
      vertex -2.379667e+01 -1.429481e+01 1.825629e+01
    endloop
  endfacet
  facet normal 1.000000e+00 1.762792e-05 2.350791e-05
    outer loop
      vertex -2.379667e+01 -1.429481e+01 1.825629e+01
      vertex -2.379645e+01 -1.457158e+01 1.029448e+01
      vertex -2.379645e+01 -1.415757e+01 1.031285e+01
    endloop
  endfacet
  facet normal 1.000000e+00 1.762792e-05 2.350791e-05
    outer loop
      vertex -2.379667e+01 -1.429481e+01 1.825629e+01
      vertex -2.379645e+01 -1.415757e+01 1.031285e+01
      vertex -2.379667e+01 -1.388394e+01 1.831038e+01
    endloop
  endfacet
  facet normal 1.000000e+00 1.762792e-05 2.350791e-05
    outer loop
      vertex -2.379667e+01 -1.388394e+01 1.831038e+01
      vertex -2.379645e+01 -1.415757e+01 1.031285e+01
      vertex -2.379645e+01 -1.375291e+01 1.022344e+01
    endloop
  endfacet
  facet normal 1.000000e+00 1.762792e-05 2.350791e-05
    outer loop
      vertex -2.379667e+01 -1.388394e+01 1.831038e+01
      vertex -2.379645e+01 -1.375291e+01 1.022344e+01
      vertex -2.379667e+01 -1.350106e+01 1.846898e+01
    endloop
  endfacet
  facet normal 1.000000e+00 1.762792e-05 2.350791e-05
    outer loop
      vertex -2.379667e+01 -1.350106e+01 1.846898e+01
      vertex -2.379645e+01 -1.375291e+01 1.022344e+01
      vertex -2.379645e+01 -1.338518e+01 1.003234e+01
    endloop
  endfacet
  facet normal 1.000000e+00 1.762792e-05 2.350791e-05
    outer loop
      vertex -2.379667e+01 -1.350106e+01 1.846898e+01
      vertex -2.379645e+01 -1.338518e+01 1.003234e+01
      vertex -2.379667e+01 -1.317228e+01 1.872126e+01
    endloop
  endfacet
  facet normal 1.000000e+00 1.762792e-05 2.350791e-05
    outer loop
      vertex -2.379667e+01 -1.317228e+01 1.872126e+01
      vertex -2.379645e+01 -1.338518e+01 1.003234e+01
      vertex -2.379645e+01 -1.307944e+01 9.752576e+00
    endloop
  endfacet
  facet normal 1.000000e+00 1.762792e-05 2.350791e-05
    outer loop
      vertex -2.379667e+01 -1.317228e+01 1.872126e+01
      vertex -2.379645e+01 -1.307944e+01 9.752576e+00
      vertex -2.379667e+01 -1.292000e+01 1.905004e+01
    endloop
  endfacet
  facet normal 1.000000e+00 1.762792e-05 2.350791e-05
    outer loop
      vertex -2.379667e+01 -1.292000e+01 1.905004e+01
      vertex -2.379645e+01 -1.307944e+01 9.752576e+00
      vertex -2.379645e+01 -1.285652e+01 9.403215e+00
    endloop
  endfacet
  facet normal 1.000000e+00 1.762792e-05 2.350791e-05
    outer loop
      vertex -2.379667e+01 -1.292000e+01 1.905004e+01
      vertex -2.379645e+01 -1.285652e+01 9.403215e+00
      vertex -2.379667e+01 -1.276140e+01 1.943292e+01
    endloop
  endfacet
  facet normal 1.000000e+00 1.762792e-05 2.350791e-05
    outer loop
      vertex -2.379667e+01 -1.276140e+01 1.943292e+01
      vertex -2.379645e+01 -1.285652e+01 9.403215e+00
      vertex -2.379645e+01 -1.273162e+01 9.008063e+00
    endloop
  endfacet
  facet normal 1.000000e+00 1.762792e-05 2.350791e-05
    outer loop
      vertex -2.379667e+01 -1.276140e+01 1.943292e+01
      vertex -2.379645e+01 -1.273162e+01 9.008063e+00
      vertex -2.379667e+01 -1.270731e+01 1.984379e+01
    endloop
  endfacet
  facet normal 1.000000e+00 1.762792e-05 2.350791e-05
    outer loop
      vertex -2.379667e+01 -1.270731e+01 1.984379e+01
      vertex -2.379645e+01 -1.273162e+01 9.008063e+00
      vertex -2.379645e+01 -1.271325e+01 8.594050e+00
    endloop
  endfacet
  facet normal 8.309143e-01 5.994290e-07 -5.564004e-01
    outer loop
      vertex 4.133166e+00 -1.826354e+01 9.434831e+00
      vertex 4.363754e+00 -2.302604e+01 9.779179e+00
      vertex 4.133170e+00 -2.302604e+01 9.434831e+00
    endloop
  endfacet
  facet normal 8.309143e-01 5.994290e-07 -5.564004e-01
    outer loop
      vertex 4.363754e+00 -2.302604e+01 9.779179e+00
      vertex 4.133166e+00 -1.826354e+01 9.434831e+00
      vertex 4.363750e+00 -1.826354e+01 9.779179e+00
    endloop
  endfacet
  facet normal 9.466086e-01 6.682811e-07 -3.223851e-01
    outer loop
      vertex 3.999563e+00 -1.826354e+01 9.042537e+00
      vertex 4.133170e+00 -2.302604e+01 9.434831e+00
      vertex 3.999567e+00 -2.302604e+01 9.042537e+00
    endloop
  endfacet
  facet normal 9.466086e-01 6.682811e-07 -3.223851e-01
    outer loop
      vertex 4.133170e+00 -2.302604e+01 9.434831e+00
      vertex 3.999563e+00 -1.826354e+01 9.042537e+00
      vertex 4.133166e+00 -1.826354e+01 9.434831e+00
    endloop
  endfacet
  facet normal 9.977931e-01 6.915906e-07 -6.639978e-02
    outer loop
      vertex 3.972049e+00 -2.302604e+01 8.629030e+00
      vertex 3.999563e+00 -1.826354e+01 9.042537e+00
      vertex 3.999567e+00 -2.302604e+01 9.042537e+00
    endloop
  endfacet
  facet normal 9.977931e-01 6.915906e-07 -6.639978e-02
    outer loop
      vertex 3.999563e+00 -1.826354e+01 9.042537e+00
      vertex 3.972049e+00 -2.302604e+01 8.629030e+00
      vertex 3.972046e+00 -1.826354e+01 8.629030e+00
    endloop
  endfacet
  facet normal 9.809796e-01 6.677697e-07 1.941106e-01
    outer loop
      vertex 4.052493e+00 -2.302604e+01 8.222492e+00
      vertex 3.972046e+00 -1.826354e+01 8.629030e+00
      vertex 3.972049e+00 -2.302604e+01 8.629030e+00
    endloop
  endfacet
  facet normal 9.809796e-01 6.677697e-07 1.941106e-01
    outer loop
      vertex 3.972046e+00 -1.826354e+01 8.629030e+00
      vertex 4.052493e+00 -2.302604e+01 8.222492e+00
      vertex 4.052489e+00 -1.826354e+01 8.222492e+00
    endloop
  endfacet
  facet normal 8.973140e-01 5.984413e-07 4.413927e-01
    outer loop
      vertex 4.235415e+00 -2.302604e+01 7.850627e+00
      vertex 4.052489e+00 -1.826354e+01 8.222492e+00
      vertex 4.052493e+00 -2.302604e+01 8.222492e+00
    endloop
  endfacet
  facet normal 8.973140e-01 5.984413e-07 4.413927e-01
    outer loop
      vertex 4.052489e+00 -1.826354e+01 8.222492e+00
      vertex 4.235415e+00 -2.302604e+01 7.850627e+00
      vertex 4.235412e+00 -1.826354e+01 7.850627e+00
    endloop
  endfacet
  facet normal 7.524981e-01 4.883302e-07 6.585945e-01
    outer loop
      vertex 4.508350e+00 -2.302604e+01 7.538776e+00
      vertex 4.235412e+00 -1.826354e+01 7.850627e+00
      vertex 4.235415e+00 -2.302604e+01 7.850627e+00
    endloop
  endfacet
  facet normal 7.524981e-01 4.883302e-07 6.585945e-01
    outer loop
      vertex 4.235412e+00 -1.826354e+01 7.850627e+00
      vertex 4.508350e+00 -2.302604e+01 7.538776e+00
      vertex 4.508347e+00 -1.826354e+01 7.538776e+00
    endloop
  endfacet
  facet normal 5.564004e-01 3.449400e-07 8.309143e-01
    outer loop
      vertex 4.508350e+00 -2.302604e+01 7.538776e+00
      vertex 4.852695e+00 -1.826354e+01 7.308192e+00
      vertex 4.508347e+00 -1.826354e+01 7.538776e+00
    endloop
  endfacet
  facet normal 5.564004e-01 3.449400e-07 8.309143e-01
    outer loop
      vertex 4.852695e+00 -1.826354e+01 7.308192e+00
      vertex 4.508350e+00 -2.302604e+01 7.538776e+00
      vertex 4.852698e+00 -2.302604e+01 7.308192e+00
    endloop
  endfacet
  facet normal 3.223851e-01 1.780428e-07 9.466086e-01
    outer loop
      vertex 4.852698e+00 -2.302604e+01 7.308192e+00
      vertex 5.244989e+00 -1.826354e+01 7.174589e+00
      vertex 4.852695e+00 -1.826354e+01 7.308192e+00
    endloop
  endfacet
  facet normal 3.223851e-01 1.780428e-07 9.466086e-01
    outer loop
      vertex 5.244989e+00 -1.826354e+01 7.174589e+00
      vertex 4.852698e+00 -2.302604e+01 7.308192e+00
      vertex 5.244992e+00 -2.302604e+01 7.174589e+00
    endloop
  endfacet
  facet normal 6.639978e-02 -9.876632e-10 9.977931e-01
    outer loop
      vertex 5.244992e+00 -2.302604e+01 7.174589e+00
      vertex 5.658495e+00 -1.826354e+01 7.147072e+00
      vertex 5.244989e+00 -1.826354e+01 7.174589e+00
    endloop
  endfacet
  facet normal 6.639978e-02 -9.876632e-10 9.977931e-01
    outer loop
      vertex 5.658495e+00 -1.826354e+01 7.147072e+00
      vertex 5.244992e+00 -2.302604e+01 7.174589e+00
      vertex 5.658498e+00 -2.302604e+01 7.147071e+00
    endloop
  endfacet
  facet normal -1.941106e-01 -1.799509e-07 9.809796e-01
    outer loop
      vertex 5.658498e+00 -2.302604e+01 7.147071e+00
      vertex 6.065033e+00 -1.826354e+01 7.227516e+00
      vertex 5.658495e+00 -1.826354e+01 7.147072e+00
    endloop
  endfacet
  facet normal -1.941106e-01 -1.799509e-07 9.809796e-01
    outer loop
      vertex 6.065033e+00 -1.826354e+01 7.227516e+00
      vertex 5.658498e+00 -2.302604e+01 7.147071e+00
      vertex 6.065036e+00 -2.302604e+01 7.227515e+00
    endloop
  endfacet
  facet normal -4.413927e-01 -3.466507e-07 8.973140e-01
    outer loop
      vertex 6.065036e+00 -2.302604e+01 7.227515e+00
      vertex 6.436899e+00 -1.826354e+01 7.410437e+00
      vertex 6.065033e+00 -1.826354e+01 7.227516e+00
    endloop
  endfacet
  facet normal -4.413927e-01 -3.466507e-07 8.973140e-01
    outer loop
      vertex 6.436899e+00 -1.826354e+01 7.410437e+00
      vertex 6.065036e+00 -2.302604e+01 7.227515e+00
      vertex 6.436902e+00 -2.302604e+01 7.410437e+00
    endloop
  endfacet
  facet normal -6.585945e-01 -4.897270e-07 7.524981e-01
    outer loop
      vertex 6.436902e+00 -2.302604e+01 7.410437e+00
      vertex 6.748749e+00 -1.826354e+01 7.683373e+00
      vertex 6.436899e+00 -1.826354e+01 7.410437e+00
    endloop
  endfacet
  facet normal -6.585945e-01 -4.897270e-07 7.524981e-01
    outer loop
      vertex 6.748749e+00 -1.826354e+01 7.683373e+00
      vertex 6.436902e+00 -2.302604e+01 7.410437e+00
      vertex 6.748753e+00 -2.302604e+01 7.683373e+00
    endloop
  endfacet
  facet normal -8.309143e-01 -5.994290e-07 5.564004e-01
    outer loop
      vertex 6.979336e+00 -2.302604e+01 8.027720e+00
      vertex 6.748749e+00 -1.826354e+01 7.683373e+00
      vertex 6.748753e+00 -2.302604e+01 7.683373e+00
    endloop
  endfacet
  facet normal -8.309143e-01 -5.994290e-07 5.564004e-01
    outer loop
      vertex 6.748749e+00 -1.826354e+01 7.683373e+00
      vertex 6.979336e+00 -2.302604e+01 8.027720e+00
      vertex 6.979333e+00 -1.826354e+01 8.027721e+00
    endloop
  endfacet
  facet normal -9.466086e-01 -6.682811e-07 3.223851e-01
    outer loop
      vertex 7.112940e+00 -2.302604e+01 8.420015e+00
      vertex 6.979333e+00 -1.826354e+01 8.027721e+00
      vertex 6.979336e+00 -2.302604e+01 8.027720e+00
    endloop
  endfacet
  facet normal -9.466086e-01 -6.682811e-07 3.223851e-01
    outer loop
      vertex 6.979333e+00 -1.826354e+01 8.027721e+00
      vertex 7.112940e+00 -2.302604e+01 8.420015e+00
      vertex 7.112936e+00 -1.826354e+01 8.420015e+00
    endloop
  endfacet
  facet normal -9.977931e-01 -6.915906e-07 6.639978e-02
    outer loop
      vertex 7.140454e+00 -1.826354e+01 8.833521e+00
      vertex 7.112940e+00 -2.302604e+01 8.420015e+00
      vertex 7.140457e+00 -2.302604e+01 8.833521e+00
    endloop
  endfacet
  facet normal -9.977931e-01 -6.915906e-07 6.639978e-02
    outer loop
      vertex 7.112940e+00 -2.302604e+01 8.420015e+00
      vertex 7.140454e+00 -1.826354e+01 8.833521e+00
      vertex 7.112936e+00 -1.826354e+01 8.420015e+00
    endloop
  endfacet
  facet normal -9.809796e-01 -6.677697e-07 -1.941106e-01
    outer loop
      vertex 7.060010e+00 -1.826354e+01 9.240059e+00
      vertex 7.140457e+00 -2.302604e+01 8.833521e+00
      vertex 7.060014e+00 -2.302604e+01 9.240059e+00
    endloop
  endfacet
  facet normal -9.809796e-01 -6.677697e-07 -1.941106e-01
    outer loop
      vertex 7.140457e+00 -2.302604e+01 8.833521e+00
      vertex 7.060010e+00 -1.826354e+01 9.240059e+00
      vertex 7.140454e+00 -1.826354e+01 8.833521e+00
    endloop
  endfacet
  facet normal -8.973140e-01 -5.984413e-07 -4.413927e-01
    outer loop
      vertex 6.877088e+00 -1.826354e+01 9.611925e+00
      vertex 7.060014e+00 -2.302604e+01 9.240059e+00
      vertex 6.877091e+00 -2.302604e+01 9.611924e+00
    endloop
  endfacet
  facet normal -8.973140e-01 -5.984413e-07 -4.413927e-01
    outer loop
      vertex 7.060014e+00 -2.302604e+01 9.240059e+00
      vertex 6.877088e+00 -1.826354e+01 9.611925e+00
      vertex 7.060010e+00 -1.826354e+01 9.240059e+00
    endloop
  endfacet
  facet normal -7.524981e-01 -4.883302e-07 -6.585945e-01
    outer loop
      vertex 6.604153e+00 -1.826354e+01 9.923776e+00
      vertex 6.877091e+00 -2.302604e+01 9.611924e+00
      vertex 6.604156e+00 -2.302604e+01 9.923776e+00
    endloop
  endfacet
  facet normal -7.524981e-01 -4.883302e-07 -6.585945e-01
    outer loop
      vertex 6.877091e+00 -2.302604e+01 9.611924e+00
      vertex 6.604153e+00 -1.826354e+01 9.923776e+00
      vertex 6.877088e+00 -1.826354e+01 9.611925e+00
    endloop
  endfacet
  facet normal -5.564004e-01 -3.449400e-07 -8.309143e-01
    outer loop
      vertex 6.604153e+00 -1.826354e+01 9.923776e+00
      vertex 6.259808e+00 -2.302604e+01 1.015436e+01
      vertex 6.259805e+00 -1.826354e+01 1.015436e+01
    endloop
  endfacet
  facet normal -5.564004e-01 -3.449400e-07 -8.309143e-01
    outer loop
      vertex 6.259808e+00 -2.302604e+01 1.015436e+01
      vertex 6.604153e+00 -1.826354e+01 9.923776e+00
      vertex 6.604156e+00 -2.302604e+01 9.923776e+00
    endloop
  endfacet
  facet normal -3.223851e-01 -1.780428e-07 -9.466086e-01
    outer loop
      vertex 6.259805e+00 -1.826354e+01 1.015436e+01
      vertex 5.867514e+00 -2.302604e+01 1.028796e+01
      vertex 5.867511e+00 -1.826354e+01 1.028796e+01
    endloop
  endfacet
  facet normal -3.223851e-01 -1.780428e-07 -9.466086e-01
    outer loop
      vertex 5.867514e+00 -2.302604e+01 1.028796e+01
      vertex 6.259805e+00 -1.826354e+01 1.015436e+01
      vertex 6.259808e+00 -2.302604e+01 1.015436e+01
    endloop
  endfacet
  facet normal -6.639978e-02 9.876627e-10 -9.977931e-01
    outer loop
      vertex 5.867511e+00 -1.826354e+01 1.028796e+01
      vertex 5.454008e+00 -2.302604e+01 1.031548e+01
      vertex 5.454005e+00 -1.826354e+01 1.031548e+01
    endloop
  endfacet
  facet normal -6.639978e-02 9.876627e-10 -9.977931e-01
    outer loop
      vertex 5.454008e+00 -2.302604e+01 1.031548e+01
      vertex 5.867511e+00 -1.826354e+01 1.028796e+01
      vertex 5.867514e+00 -2.302604e+01 1.028796e+01
    endloop
  endfacet
  facet normal 1.941106e-01 1.799509e-07 -9.809796e-01
    outer loop
      vertex 5.454005e+00 -1.826354e+01 1.031548e+01
      vertex 5.047470e+00 -2.302604e+01 1.023504e+01
      vertex 5.047466e+00 -1.826354e+01 1.023504e+01
    endloop
  endfacet
  facet normal 1.941106e-01 1.799509e-07 -9.809796e-01
    outer loop
      vertex 5.047470e+00 -2.302604e+01 1.023504e+01
      vertex 5.454005e+00 -1.826354e+01 1.031548e+01
      vertex 5.454008e+00 -2.302604e+01 1.031548e+01
    endloop
  endfacet
  facet normal 4.413927e-01 3.466507e-07 -8.973140e-01
    outer loop
      vertex 5.047466e+00 -1.826354e+01 1.023504e+01
      vertex 4.675604e+00 -2.302604e+01 1.005211e+01
      vertex 4.675601e+00 -1.826354e+01 1.005211e+01
    endloop
  endfacet
  facet normal 4.413927e-01 3.466507e-07 -8.973140e-01
    outer loop
      vertex 4.675604e+00 -2.302604e+01 1.005211e+01
      vertex 5.047466e+00 -1.826354e+01 1.023504e+01
      vertex 5.047470e+00 -2.302604e+01 1.023504e+01
    endloop
  endfacet
  facet normal 6.585945e-01 4.897270e-07 -7.524981e-01
    outer loop
      vertex 4.675601e+00 -1.826354e+01 1.005211e+01
      vertex 4.363754e+00 -2.302604e+01 9.779179e+00
      vertex 4.363750e+00 -1.826354e+01 9.779179e+00
    endloop
  endfacet
  facet normal 6.585945e-01 4.897270e-07 -7.524981e-01
    outer loop
      vertex 4.363754e+00 -2.302604e+01 9.779179e+00
      vertex 4.675601e+00 -1.826354e+01 1.005211e+01
      vertex 4.675604e+00 -2.302604e+01 1.005211e+01
    endloop
  endfacet
  facet normal -6.837985e-07 1.000000e+00 -1.084223e-13
    outer loop
      vertex -5.564064e+00 -1.826355e+01 1.825629e+01
      vertex 5.653563e+00 -1.826354e+01 1.825926e+01
      vertex 1.663570e+01 -1.826353e+01 1.825663e+01
    endloop
  endfacet
  facet normal -6.837985e-07 1.000000e+00 -1.084223e-13
    outer loop
      vertex 5.653563e+00 -1.826354e+01 1.825926e+01
      vertex -5.564064e+00 -1.826355e+01 1.825629e+01
      vertex -5.152927e+00 -1.826355e+01 1.830835e+01
    endloop
  endfacet
  facet normal -6.837985e-07 1.000000e+00 -1.084223e-13
    outer loop
      vertex 5.653563e+00 -1.826354e+01 1.825926e+01
      vertex -5.152927e+00 -1.826355e+01 1.830835e+01
      vertex 5.240145e+00 -1.826354e+01 1.828807e+01
    endloop
  endfacet
  facet normal -6.837985e-07 1.000000e+00 -1.084223e-13
    outer loop
      vertex 5.240145e+00 -1.826354e+01 1.828807e+01
      vertex -5.152927e+00 -1.826355e+01 1.830835e+01
      vertex 4.848268e+00 -1.826354e+01 1.842289e+01
    endloop
  endfacet
  facet normal -6.837985e-07 1.000000e+00 -1.084223e-13
    outer loop
      vertex 4.848268e+00 -1.826354e+01 1.842289e+01
      vertex -5.152927e+00 -1.826355e+01 1.830835e+01
      vertex -4.769276e+00 -1.826355e+01 1.846506e+01
    endloop
  endfacet
  facet normal -6.837985e-07 1.000000e+00 -1.084223e-13
    outer loop
      vertex 4.848268e+00 -1.826354e+01 1.842289e+01
      vertex -4.769276e+00 -1.826355e+01 1.846506e+01
      vertex 4.504640e+00 -1.826354e+01 1.865454e+01
    endloop
  endfacet
  facet normal -6.837985e-07 1.000000e+00 -1.084223e-13
    outer loop
      vertex 4.504640e+00 -1.826354e+01 1.865454e+01
      vertex -4.769276e+00 -1.826355e+01 1.846506e+01
      vertex -4.439257e+00 -1.826355e+01 1.871572e+01
    endloop
  endfacet
  facet normal -6.837985e-07 1.000000e+00 -1.084223e-13
    outer loop
      vertex 4.504640e+00 -1.826354e+01 1.865454e+01
      vertex -4.439257e+00 -1.826355e+01 1.871572e+01
      vertex 4.232677e+00 -1.826354e+01 1.896724e+01
    endloop
  endfacet
  facet normal -6.837985e-07 1.000000e+00 -1.084223e-13
    outer loop
      vertex 4.232677e+00 -1.826354e+01 1.896724e+01
      vertex -4.439257e+00 -1.826355e+01 1.871572e+01
      vertex -4.185358e+00 -1.826355e+01 1.904326e+01
    endloop
  endfacet
  facet normal -6.837985e-07 1.000000e+00 -1.084223e-13
    outer loop
      vertex 4.232677e+00 -1.826354e+01 1.896724e+01
      vertex -4.185358e+00 -1.826355e+01 1.904326e+01
      vertex 4.050913e+00 -1.826354e+01 1.933968e+01
    endloop
  endfacet
  facet normal -6.837985e-07 1.000000e+00 -1.084223e-13
    outer loop
      vertex 4.050913e+00 -1.826354e+01 1.933968e+01
      vertex -4.185358e+00 -1.826355e+01 1.904326e+01
      vertex -4.024884e+00 -1.826355e+01 1.942535e+01
    endloop
  endfacet
  facet normal -6.837985e-07 1.000000e+00 -1.084223e-13
    outer loop
      vertex 4.050913e+00 -1.826354e+01 1.933968e+01
      vertex -4.024884e+00 -1.826355e+01 1.942535e+01
      vertex 3.971735e+00 -1.826354e+01 1.974646e+01
    endloop
  endfacet
  facet normal -6.837985e-07 1.000000e+00 -1.084223e-13
    outer loop
      vertex 3.971735e+00 -1.826354e+01 1.974646e+01
      vertex -4.024884e+00 -1.826355e+01 1.942535e+01
      vertex -3.968769e+00 -1.826355e+01 1.983595e+01
    endloop
  endfacet
  facet normal -6.837985e-07 1.000000e+00 -1.084223e-13
    outer loop
      vertex 3.971735e+00 -1.826354e+01 1.974646e+01
      vertex -3.968769e+00 -1.826355e+01 1.983595e+01
      vertex 4.000540e+00 -1.826354e+01 2.015988e+01
    endloop
  endfacet
  facet normal -6.837985e-07 1.000000e+00 -1.084223e-13
    outer loop
      vertex 4.000540e+00 -1.826354e+01 2.015988e+01
      vertex -3.968769e+00 -1.826355e+01 1.983595e+01
      vertex -4.020839e+00 -1.826355e+01 2.024709e+01
    endloop
  endfacet
  facet normal -6.837985e-07 1.000000e+00 -1.084223e-13
    outer loop
      vertex 4.000540e+00 -1.826354e+01 2.015988e+01
      vertex -4.020839e+00 -1.826355e+01 2.024709e+01
      vertex 4.135363e+00 -1.826354e+01 2.055176e+01
    endloop
  endfacet
  facet normal -6.837985e-07 1.000000e+00 -1.084223e-13
    outer loop
      vertex 4.135363e+00 -1.826354e+01 2.055176e+01
      vertex -4.020839e+00 -1.826355e+01 2.024709e+01
      vertex -4.177545e+00 -1.826355e+01 2.063074e+01
    endloop
  endfacet
  facet normal -6.837985e-07 1.000000e+00 -1.084223e-13
    outer loop
      vertex 4.135363e+00 -1.826354e+01 2.055176e+01
      vertex -4.177545e+00 -1.826355e+01 2.063074e+01
      vertex 4.367018e+00 -1.826354e+01 2.089539e+01
    endloop
  endfacet
  facet normal -6.837985e-07 1.000000e+00 -1.084223e-13
    outer loop
      vertex 4.367018e+00 -1.826354e+01 2.089539e+01
      vertex -4.177545e+00 -1.826355e+01 2.063074e+01
      vertex -4.428207e+00 -1.826355e+01 2.096076e+01
    endloop
  endfacet
  facet normal -6.837985e-07 1.000000e+00 -1.084223e-13
    outer loop
      vertex 4.367018e+00 -1.826354e+01 2.089539e+01
      vertex -4.428207e+00 -1.826355e+01 2.096076e+01
      vertex 4.679717e+00 -1.826354e+01 2.116735e+01
    endloop
  endfacet
  facet normal -6.837985e-07 1.000000e+00 -1.084223e-13
    outer loop
      vertex 4.679717e+00 -1.826354e+01 2.116735e+01
      vertex -4.428207e+00 -1.826355e+01 2.096076e+01
      vertex -4.755743e+00 -1.826355e+01 2.121466e+01
    endloop
  endfacet
  facet normal -6.837985e-07 1.000000e+00 -1.084223e-13
    outer loop
      vertex 4.679717e+00 -1.826354e+01 2.116735e+01
      vertex -4.755743e+00 -1.826355e+01 2.121466e+01
      vertex 5.052150e+00 -1.826354e+01 2.134911e+01
    endloop
  endfacet
  facet normal -6.837985e-07 1.000000e+00 -1.084223e-13
    outer loop
      vertex 5.052150e+00 -1.826354e+01 2.134911e+01
      vertex -4.755743e+00 -1.826355e+01 2.121466e+01
      vertex -5.137833e+00 -1.826355e+01 2.137513e+01
    endloop
  endfacet
  facet normal -6.837985e-07 1.000000e+00 -1.084223e-13
    outer loop
      vertex 5.052150e+00 -1.826354e+01 2.134911e+01
      vertex -5.137833e+00 -1.826355e+01 2.137513e+01
      vertex 5.458937e+00 -1.826354e+01 2.142829e+01
    endloop
  endfacet
  facet normal -6.837985e-07 1.000000e+00 -1.084223e-13
    outer loop
      vertex 5.458937e+00 -1.826354e+01 2.142829e+01
      vertex -5.137833e+00 -1.826355e+01 2.137513e+01
      vertex -5.548436e+00 -1.826355e+01 2.143125e+01
    endloop
  endfacet
  facet normal -6.837985e-07 1.000000e+00 -1.084223e-13
    outer loop
      vertex 5.458937e+00 -1.826354e+01 2.142829e+01
      vertex -5.548436e+00 -1.826355e+01 2.143125e+01
      vertex 1.670180e+01 -1.826353e+01 2.143094e+01
    endloop
  endfacet
  facet normal -6.837985e-07 1.000000e+00 -1.084223e-13
    outer loop
      vertex -1.625788e+01 -1.826355e+01 1.831035e+01
      vertex -5.564064e+00 -1.826355e+01 1.825629e+01
      vertex -1.666875e+01 -1.826355e+01 1.825626e+01
    endloop
  endfacet
  facet normal -6.837985e-07 1.000000e+00 -1.084223e-13
    outer loop
      vertex -5.564064e+00 -1.826355e+01 1.825629e+01
      vertex -1.625788e+01 -1.826355e+01 1.831035e+01
      vertex -5.974668e+00 -1.826355e+01 1.831240e+01
    endloop
  endfacet
  facet normal -6.837985e-07 1.000000e+00 -1.084223e-13
    outer loop
      vertex -5.974668e+00 -1.826355e+01 1.831240e+01
      vertex -1.625788e+01 -1.826355e+01 1.831035e+01
      vertex -1.587500e+01 -1.826355e+01 1.846894e+01
    endloop
  endfacet
  facet normal -6.837985e-07 1.000000e+00 -1.084223e-13
    outer loop
      vertex -5.974668e+00 -1.826355e+01 1.831240e+01
      vertex -1.587500e+01 -1.826355e+01 1.846894e+01
      vertex -6.356757e+00 -1.826355e+01 1.847287e+01
    endloop
  endfacet
  facet normal -6.837985e-07 1.000000e+00 -1.084223e-13
    outer loop
      vertex -6.356757e+00 -1.826355e+01 1.847287e+01
      vertex -1.587500e+01 -1.826355e+01 1.846894e+01
      vertex -1.554622e+01 -1.826355e+01 1.872122e+01
    endloop
  endfacet
  facet normal -6.837985e-07 1.000000e+00 -1.084223e-13
    outer loop
      vertex -6.356757e+00 -1.826355e+01 1.847287e+01
      vertex -1.554622e+01 -1.826355e+01 1.872122e+01
      vertex -6.684293e+00 -1.826355e+01 1.872677e+01
    endloop
  endfacet
  facet normal -6.837985e-07 1.000000e+00 -1.084223e-13
    outer loop
      vertex -6.684293e+00 -1.826355e+01 1.872677e+01
      vertex -1.554622e+01 -1.826355e+01 1.872122e+01
      vertex -1.529394e+01 -1.826355e+01 1.905001e+01
    endloop
  endfacet
  facet normal -6.837985e-07 1.000000e+00 -1.084223e-13
    outer loop
      vertex -6.684293e+00 -1.826355e+01 1.872677e+01
      vertex -1.529394e+01 -1.826355e+01 1.905001e+01
      vertex -6.934956e+00 -1.826355e+01 1.905679e+01
    endloop
  endfacet
  facet normal -6.837985e-07 1.000000e+00 -1.084223e-13
    outer loop
      vertex -6.934956e+00 -1.826355e+01 1.905679e+01
      vertex -1.529394e+01 -1.826355e+01 1.905001e+01
      vertex -1.513534e+01 -1.826355e+01 1.943288e+01
    endloop
  endfacet
  facet normal -6.837985e-07 1.000000e+00 -1.084223e-13
    outer loop
      vertex -6.934956e+00 -1.826355e+01 1.905679e+01
      vertex -1.513534e+01 -1.826355e+01 1.943288e+01
      vertex -7.091661e+00 -1.826355e+01 1.944044e+01
    endloop
  endfacet
  facet normal -6.837985e-07 1.000000e+00 -1.084223e-13
    outer loop
      vertex -7.091661e+00 -1.826355e+01 1.944044e+01
      vertex -1.513534e+01 -1.826355e+01 1.943288e+01
      vertex -1.508125e+01 -1.826355e+01 1.984376e+01
    endloop
  endfacet
  facet normal -6.837985e-07 1.000000e+00 -1.084223e-13
    outer loop
      vertex -7.091661e+00 -1.826355e+01 1.944044e+01
      vertex -1.508125e+01 -1.826355e+01 1.984376e+01
      vertex -7.143731e+00 -1.826355e+01 1.985158e+01
    endloop
  endfacet
  facet normal -6.837985e-07 1.000000e+00 -1.084223e-13
    outer loop
      vertex -7.143731e+00 -1.826355e+01 1.985158e+01
      vertex -1.508125e+01 -1.826355e+01 1.984376e+01
      vertex -1.513534e+01 -1.826355e+01 2.025463e+01
    endloop
  endfacet
  facet normal -6.837985e-07 1.000000e+00 -1.084223e-13
    outer loop
      vertex -7.143731e+00 -1.826355e+01 1.985158e+01
      vertex -1.513534e+01 -1.826355e+01 2.025463e+01
      vertex -7.087616e+00 -1.826355e+01 2.026218e+01
    endloop
  endfacet
  facet normal -6.837985e-07 1.000000e+00 -1.084223e-13
    outer loop
      vertex -7.087616e+00 -1.826355e+01 2.026218e+01
      vertex -1.513534e+01 -1.826355e+01 2.025463e+01
      vertex -1.529394e+01 -1.826355e+01 2.063751e+01
    endloop
  endfacet
  facet normal -6.837985e-07 1.000000e+00 -1.084223e-13
    outer loop
      vertex -7.087616e+00 -1.826355e+01 2.026218e+01
      vertex -1.529394e+01 -1.826355e+01 2.063751e+01
      vertex -6.927142e+00 -1.826355e+01 2.064427e+01
    endloop
  endfacet
  facet normal -6.837985e-07 1.000000e+00 -1.084223e-13
    outer loop
      vertex -6.927142e+00 -1.826355e+01 2.064427e+01
      vertex -1.529394e+01 -1.826355e+01 2.063751e+01
      vertex -1.554622e+01 -1.826355e+01 2.096629e+01
    endloop
  endfacet
  facet normal -6.837985e-07 1.000000e+00 -1.084223e-13
    outer loop
      vertex -6.927142e+00 -1.826355e+01 2.064427e+01
      vertex -1.554622e+01 -1.826355e+01 2.096629e+01
      vertex -6.673244e+00 -1.826355e+01 2.097181e+01
    endloop
  endfacet
  facet normal -6.837985e-07 1.000000e+00 -1.084223e-13
    outer loop
      vertex -6.673244e+00 -1.826355e+01 2.097181e+01
      vertex -1.554622e+01 -1.826355e+01 2.096629e+01
      vertex -1.587500e+01 -1.826355e+01 2.121857e+01
    endloop
  endfacet
  facet normal -6.837985e-07 1.000000e+00 -1.084223e-13
    outer loop
      vertex -6.673244e+00 -1.826355e+01 2.097181e+01
      vertex -1.587500e+01 -1.826355e+01 2.121857e+01
      vertex -6.343224e+00 -1.826355e+01 2.122247e+01
    endloop
  endfacet
  facet normal -6.837985e-07 1.000000e+00 -1.084223e-13
    outer loop
      vertex -6.343224e+00 -1.826355e+01 2.122247e+01
      vertex -1.587500e+01 -1.826355e+01 2.121857e+01
      vertex -1.625788e+01 -1.826355e+01 2.137716e+01
    endloop
  endfacet
  facet normal -6.837985e-07 1.000000e+00 -1.084223e-13
    outer loop
      vertex -6.343224e+00 -1.826355e+01 2.122247e+01
      vertex -1.625788e+01 -1.826355e+01 2.137716e+01
      vertex -5.959573e+00 -1.826355e+01 2.137918e+01
    endloop
  endfacet
  facet normal -6.837985e-07 1.000000e+00 -1.084223e-13
    outer loop
      vertex -5.959573e+00 -1.826355e+01 2.137918e+01
      vertex -1.625788e+01 -1.826355e+01 2.137716e+01
      vertex -1.666875e+01 -1.826355e+01 2.143126e+01
    endloop
  endfacet
  facet normal -6.837985e-07 1.000000e+00 -1.084223e-13
    outer loop
      vertex -5.959573e+00 -1.826355e+01 2.137918e+01
      vertex -1.666875e+01 -1.826355e+01 2.143126e+01
      vertex -5.548436e+00 -1.826355e+01 2.143125e+01
    endloop
  endfacet
  facet normal -6.837985e-07 1.000000e+00 -1.084223e-13
    outer loop
      vertex -2.698750e+01 -1.826356e+01 4.002198e-05
      vertex 2.381250e+01 -1.826353e+01 4.428440e-05
      vertex -2.379719e+01 -1.826356e+01 0.000000e+00
    endloop
  endfacet
  facet normal -6.837985e-07 1.000000e+00 -1.084223e-13
    outer loop
      vertex 2.381250e+01 -1.826353e+01 4.428440e-05
      vertex -2.698750e+01 -1.826356e+01 4.002198e-05
      vertex -1.686639e+01 -1.826355e+01 7.156107e+00
    endloop
  endfacet
  facet normal -6.837985e-07 1.000000e+00 -1.084223e-13
    outer loop
      vertex -1.686639e+01 -1.826355e+01 7.156107e+00
      vertex -2.698750e+01 -1.826356e+01 4.002198e-05
      vertex -1.726733e+01 -1.826356e+01 7.260930e+00
    endloop
  endfacet
  facet normal -6.837985e-07 1.000000e+00 -1.084223e-13
    outer loop
      vertex -1.726733e+01 -1.826356e+01 7.260930e+00
      vertex -2.698750e+01 -1.826356e+01 4.002198e-05
      vertex -1.762748e+01 -1.826356e+01 7.465954e+00
    endloop
  endfacet
  facet normal -6.837985e-07 1.000000e+00 -1.084223e-13
    outer loop
      vertex -1.762748e+01 -1.826356e+01 7.465954e+00
      vertex -2.698750e+01 -1.826356e+01 4.002198e-05
      vertex -1.792230e+01 -1.826356e+01 7.757206e+00
    endloop
  endfacet
  facet normal -6.837985e-07 1.000000e+00 -1.084223e-13
    outer loop
      vertex -1.792230e+01 -1.826356e+01 7.757206e+00
      vertex -2.698750e+01 -1.826356e+01 4.002198e-05
      vertex -1.813169e+01 -1.826356e+01 8.114839e+00
    endloop
  endfacet
  facet normal -6.837985e-07 1.000000e+00 -1.084223e-13
    outer loop
      vertex -1.813169e+01 -1.826356e+01 8.114839e+00
      vertex -2.698750e+01 -1.826356e+01 4.002198e-05
      vertex -2.698750e+01 -1.826356e+01 2.540004e+01
    endloop
  endfacet
  facet normal -6.837985e-07 1.000000e+00 -1.084223e-13
    outer loop
      vertex 2.381250e+01 -1.826353e+01 4.428440e-05
      vertex -1.686639e+01 -1.826355e+01 7.156107e+00
      vertex -5.482208e+00 -1.826355e+01 7.145494e+00
    endloop
  endfacet
  facet normal -6.837985e-07 1.000000e+00 -1.084223e-13
    outer loop
      vertex 2.381250e+01 -1.826353e+01 4.428440e-05
      vertex -5.482208e+00 -1.826355e+01 7.145494e+00
      vertex 1.666024e+01 -1.826353e+01 7.143799e+00
    endloop
  endfacet
  facet normal -6.837985e-07 1.000000e+00 -1.084223e-13
    outer loop
      vertex -1.813169e+01 -1.826356e+01 8.114839e+00
      vertex -2.698750e+01 -1.826356e+01 2.540004e+01
      vertex -1.824138e+01 -1.826356e+01 8.514478e+00
    endloop
  endfacet
  facet normal -6.837985e-07 1.000000e+00 -1.084223e-13
    outer loop
      vertex -1.824138e+01 -1.826356e+01 8.514478e+00
      vertex -2.698750e+01 -1.826356e+01 2.540004e+01
      vertex -1.824390e+01 -1.826356e+01 8.928892e+00
    endloop
  endfacet
  facet normal -6.837985e-07 1.000000e+00 -1.084223e-13
    outer loop
      vertex -1.824390e+01 -1.826356e+01 8.928892e+00
      vertex -2.698750e+01 -1.826356e+01 2.540004e+01
      vertex -1.813908e+01 -1.826356e+01 9.329836e+00
    endloop
  endfacet
  facet normal -6.837985e-07 1.000000e+00 -1.084223e-13
    outer loop
      vertex -1.813908e+01 -1.826356e+01 9.329836e+00
      vertex -2.698750e+01 -1.826356e+01 2.540004e+01
      vertex -1.793405e+01 -1.826356e+01 9.689989e+00
    endloop
  endfacet
  facet normal -6.837985e-07 1.000000e+00 -1.084223e-13
    outer loop
      vertex -1.793405e+01 -1.826356e+01 9.689989e+00
      vertex -2.698750e+01 -1.826356e+01 2.540004e+01
      vertex -1.764280e+01 -1.826356e+01 9.984805e+00
    endloop
  endfacet
  facet normal -6.837985e-07 1.000000e+00 -1.084223e-13
    outer loop
      vertex -1.764280e+01 -1.826356e+01 9.984805e+00
      vertex -2.698750e+01 -1.826356e+01 2.540004e+01
      vertex -1.728517e+01 -1.826356e+01 1.019419e+01
    endloop
  endfacet
  facet normal -6.837985e-07 1.000000e+00 -1.084223e-13
    outer loop
      vertex -1.728517e+01 -1.826356e+01 1.019419e+01
      vertex -2.698750e+01 -1.826356e+01 2.540004e+01
      vertex -1.688553e+01 -1.826355e+01 1.030389e+01
    endloop
  endfacet
  facet normal -6.837985e-07 1.000000e+00 -1.084223e-13
    outer loop
      vertex -1.688553e+01 -1.826355e+01 1.030389e+01
      vertex -2.698750e+01 -1.826356e+01 2.540004e+01
      vertex -1.647111e+01 -1.826355e+01 1.030641e+01
    endloop
  endfacet
  facet normal -6.837985e-07 1.000000e+00 -1.084223e-13
    outer loop
      vertex -1.647111e+01 -1.826355e+01 1.030641e+01
      vertex -2.698750e+01 -1.826356e+01 2.540004e+01
      vertex -1.746250e+01 -1.826356e+01 1.846894e+01
    endloop
  endfacet
  facet normal -6.837985e-07 1.000000e+00 -1.084223e-13
    outer loop
      vertex -1.647111e+01 -1.826355e+01 1.030641e+01
      vertex -1.746250e+01 -1.826356e+01 1.846894e+01
      vertex -5.630292e+00 -1.826355e+01 1.031704e+01
    endloop
  endfacet
  facet normal -6.837985e-07 1.000000e+00 -1.084223e-13
    outer loop
      vertex -5.630292e+00 -1.826355e+01 1.031704e+01
      vertex -1.746250e+01 -1.826356e+01 1.846894e+01
      vertex -1.707963e+01 -1.826355e+01 1.831035e+01
    endloop
  endfacet
  facet normal -6.837985e-07 1.000000e+00 -1.084223e-13
    outer loop
      vertex -5.630292e+00 -1.826355e+01 1.031704e+01
      vertex -1.707963e+01 -1.826355e+01 1.831035e+01
      vertex 1.667726e+01 -1.826353e+01 1.031875e+01
    endloop
  endfacet
  facet normal -6.837985e-07 1.000000e+00 -1.084223e-13
    outer loop
      vertex 1.667726e+01 -1.826353e+01 1.031875e+01
      vertex -1.707963e+01 -1.826355e+01 1.831035e+01
      vertex -1.666875e+01 -1.826355e+01 1.825626e+01
    endloop
  endfacet
  facet normal -6.837985e-07 1.000000e+00 -1.084223e-13
    outer loop
      vertex -1.746250e+01 -1.826356e+01 1.846894e+01
      vertex -2.698750e+01 -1.826356e+01 2.540004e+01
      vertex -1.779128e+01 -1.826356e+01 1.872122e+01
    endloop
  endfacet
  facet normal -6.837985e-07 1.000000e+00 -1.084223e-13
    outer loop
      vertex -1.779128e+01 -1.826356e+01 1.872122e+01
      vertex -2.698750e+01 -1.826356e+01 2.540004e+01
      vertex -1.804357e+01 -1.826356e+01 1.905001e+01
    endloop
  endfacet
  facet normal -6.837985e-07 1.000000e+00 -1.084223e-13
    outer loop
      vertex -1.804357e+01 -1.826356e+01 1.905001e+01
      vertex -2.698750e+01 -1.826356e+01 2.540004e+01
      vertex -1.820216e+01 -1.826356e+01 1.943288e+01
    endloop
  endfacet
  facet normal -6.837985e-07 1.000000e+00 -1.084223e-13
    outer loop
      vertex -1.820216e+01 -1.826356e+01 1.943288e+01
      vertex -2.698750e+01 -1.826356e+01 2.540004e+01
      vertex -1.825625e+01 -1.826356e+01 1.984376e+01
    endloop
  endfacet
  facet normal -6.837985e-07 1.000000e+00 -1.084223e-13
    outer loop
      vertex -1.825625e+01 -1.826356e+01 1.984376e+01
      vertex -2.698750e+01 -1.826356e+01 2.540004e+01
      vertex -1.820216e+01 -1.826356e+01 2.025463e+01
    endloop
  endfacet
  facet normal -6.837985e-07 1.000000e+00 -1.084223e-13
    outer loop
      vertex -1.820216e+01 -1.826356e+01 2.025463e+01
      vertex -2.698750e+01 -1.826356e+01 2.540004e+01
      vertex -1.804357e+01 -1.826356e+01 2.063751e+01
    endloop
  endfacet
  facet normal -6.837985e-07 1.000000e+00 -1.084223e-13
    outer loop
      vertex -1.804357e+01 -1.826356e+01 2.063751e+01
      vertex -2.698750e+01 -1.826356e+01 2.540004e+01
      vertex -1.779128e+01 -1.826356e+01 2.096629e+01
    endloop
  endfacet
  facet normal -6.837985e-07 1.000000e+00 -1.084223e-13
    outer loop
      vertex -1.779128e+01 -1.826356e+01 2.096629e+01
      vertex -2.698750e+01 -1.826356e+01 2.540004e+01
      vertex -1.746250e+01 -1.826356e+01 2.121857e+01
    endloop
  endfacet
  facet normal -6.837985e-07 1.000000e+00 -1.084223e-13
    outer loop
      vertex -1.746250e+01 -1.826356e+01 2.121857e+01
      vertex -2.698750e+01 -1.826356e+01 2.540004e+01
      vertex -1.707963e+01 -1.826356e+01 2.137716e+01
    endloop
  endfacet
  facet normal -6.837985e-07 1.000000e+00 -1.084223e-13
    outer loop
      vertex -1.707963e+01 -1.826356e+01 2.137716e+01
      vertex -2.698750e+01 -1.826356e+01 2.540004e+01
      vertex -1.666875e+01 -1.826355e+01 2.143126e+01
    endloop
  endfacet
  facet normal -6.837985e-07 1.000000e+00 -1.084223e-13
    outer loop
      vertex -1.666875e+01 -1.826355e+01 2.143126e+01
      vertex -2.698750e+01 -1.826356e+01 2.540004e+01
      vertex -2.379719e+01 -1.826356e+01 2.540000e+01
    endloop
  endfacet
  facet normal -6.837985e-07 1.000000e+00 -1.084223e-13
    outer loop
      vertex 2.381250e+01 -1.826353e+01 4.428440e-05
      vertex 1.819993e+01 -1.826353e+01 8.312191e+00
      vertex 2.381250e+01 -1.826353e+01 2.540004e+01
    endloop
  endfacet
  facet normal -6.837985e-07 1.000000e+00 -1.084223e-13
    outer loop
      vertex 1.819993e+01 -1.826353e+01 8.312191e+00
      vertex 2.381250e+01 -1.826353e+01 4.428440e-05
      vertex 1.803929e+01 -1.826353e+01 7.930171e+00
    endloop
  endfacet
  facet normal -6.837985e-07 1.000000e+00 -1.084223e-13
    outer loop
      vertex 1.803929e+01 -1.826353e+01 7.930171e+00
      vertex 2.381250e+01 -1.826353e+01 4.428440e-05
      vertex 1.778525e+01 -1.826353e+01 7.602745e+00
    endloop
  endfacet
  facet normal -6.837985e-07 1.000000e+00 -1.084223e-13
    outer loop
      vertex 1.778525e+01 -1.826353e+01 7.602745e+00
      vertex 2.381250e+01 -1.826353e+01 4.428440e-05
      vertex 1.745512e+01 -1.826353e+01 7.352228e+00
    endloop
  endfacet
  facet normal -6.837985e-07 1.000000e+00 -1.084223e-13
    outer loop
      vertex 1.745512e+01 -1.826353e+01 7.352228e+00
      vertex 2.381250e+01 -1.826353e+01 4.428440e-05
      vertex 1.707140e+01 -1.826353e+01 7.195689e+00
    endloop
  endfacet
  facet normal -6.837985e-07 1.000000e+00 -1.084223e-13
    outer loop
      vertex 1.707140e+01 -1.826353e+01 7.195689e+00
      vertex 2.381250e+01 -1.826353e+01 4.428440e-05
      vertex 1.666024e+01 -1.826353e+01 7.143799e+00
    endloop
  endfacet
  facet normal -6.837985e-07 1.000000e+00 -1.084223e-13
    outer loop
      vertex 2.381250e+01 -1.826353e+01 2.540004e+01
      vertex 1.819993e+01 -1.826353e+01 8.312191e+00
      vertex 1.825623e+01 -1.826353e+01 8.722771e+00
    endloop
  endfacet
  facet normal -6.837985e-07 1.000000e+00 -1.084223e-13
    outer loop
      vertex 2.381250e+01 -1.826353e+01 2.540004e+01
      vertex 1.825623e+01 -1.826353e+01 8.722771e+00
      vertex 1.820434e+01 -1.826353e+01 9.133929e+00
    endloop
  endfacet
  facet normal -6.837985e-07 1.000000e+00 -1.084223e-13
    outer loop
      vertex 2.381250e+01 -1.826353e+01 2.540004e+01
      vertex 1.820434e+01 -1.826353e+01 9.133929e+00
      vertex 1.804780e+01 -1.826353e+01 9.517649e+00
    endloop
  endfacet
  facet normal -6.837985e-07 1.000000e+00 -1.084223e-13
    outer loop
      vertex 2.381250e+01 -1.826353e+01 2.540004e+01
      vertex 1.804780e+01 -1.826353e+01 9.517649e+00
      vertex 1.779728e+01 -1.826353e+01 9.847778e+00
    endloop
  endfacet
  facet normal -6.837985e-07 1.000000e+00 -1.084223e-13
    outer loop
      vertex 2.381250e+01 -1.826353e+01 2.540004e+01
      vertex 1.779728e+01 -1.826353e+01 9.847778e+00
      vertex 1.746985e+01 -1.826353e+01 1.010182e+01
    endloop
  endfacet
  facet normal -6.837985e-07 1.000000e+00 -1.084223e-13
    outer loop
      vertex 2.381250e+01 -1.826353e+01 2.540004e+01
      vertex 1.746985e+01 -1.826353e+01 1.010182e+01
      vertex 1.708783e+01 -1.826353e+01 1.026246e+01
    endloop
  endfacet
  facet normal -6.837985e-07 1.000000e+00 -1.084223e-13
    outer loop
      vertex 2.381250e+01 -1.826353e+01 2.540004e+01
      vertex 1.708783e+01 -1.826353e+01 1.026246e+01
      vertex 1.667726e+01 -1.826353e+01 1.031875e+01
    endloop
  endfacet
  facet normal -6.837985e-07 1.000000e+00 -1.084223e-13
    outer loop
      vertex 2.381250e+01 -1.826353e+01 2.540004e+01
      vertex 1.667726e+01 -1.826353e+01 1.031875e+01
      vertex 1.776767e+01 -1.826353e+01 1.869813e+01
    endloop
  endfacet
  facet normal -6.837985e-07 1.000000e+00 -1.084223e-13
    outer loop
      vertex 1.776767e+01 -1.826353e+01 1.869813e+01
      vertex 1.667726e+01 -1.826353e+01 1.031875e+01
      vertex 1.743370e+01 -1.826353e+01 1.845274e+01
    endloop
  endfacet
  facet normal -6.837985e-07 1.000000e+00 -1.084223e-13
    outer loop
      vertex 1.743370e+01 -1.826353e+01 1.845274e+01
      vertex 1.667726e+01 -1.826353e+01 1.031875e+01
      vertex 1.704761e+01 -1.826353e+01 1.830216e+01
    endloop
  endfacet
  facet normal -6.837985e-07 1.000000e+00 -1.084223e-13
    outer loop
      vertex 1.704761e+01 -1.826353e+01 1.830216e+01
      vertex 1.667726e+01 -1.826353e+01 1.031875e+01
      vertex 1.663570e+01 -1.826353e+01 1.825663e+01
    endloop
  endfacet
  facet normal -6.837985e-07 1.000000e+00 -1.084223e-13
    outer loop
      vertex 1.663570e+01 -1.826353e+01 1.825663e+01
      vertex 1.667726e+01 -1.826353e+01 1.031875e+01
      vertex -5.564064e+00 -1.826355e+01 1.825629e+01
    endloop
  endfacet
  facet normal -6.837985e-07 1.000000e+00 -1.084223e-13
    outer loop
      vertex -5.564064e+00 -1.826355e+01 1.825629e+01
      vertex 1.667726e+01 -1.826353e+01 1.031875e+01
      vertex -1.666875e+01 -1.826355e+01 1.825626e+01
    endloop
  endfacet
  facet normal -6.837985e-07 1.000000e+00 -1.084223e-13
    outer loop
      vertex 2.381250e+01 -1.826353e+01 2.540004e+01
      vertex 1.776767e+01 -1.826353e+01 1.869813e+01
      vertex 1.802674e+01 -1.826353e+01 1.902159e+01
    endloop
  endfacet
  facet normal -6.837985e-07 1.000000e+00 -1.084223e-13
    outer loop
      vertex 2.381250e+01 -1.826353e+01 2.540004e+01
      vertex 1.802674e+01 -1.826353e+01 1.902159e+01
      vertex 1.819327e+01 -1.826353e+01 1.940108e+01
    endloop
  endfacet
  facet normal -6.837985e-07 1.000000e+00 -1.084223e-13
    outer loop
      vertex 2.381250e+01 -1.826353e+01 2.540004e+01
      vertex 1.819327e+01 -1.826353e+01 1.940108e+01
      vertex 1.825591e+01 -1.826353e+01 1.981073e+01
    endloop
  endfacet
  facet normal -6.837985e-07 1.000000e+00 -1.084223e-13
    outer loop
      vertex 2.381250e+01 -1.826353e+01 2.540004e+01
      vertex 1.825591e+01 -1.826353e+01 1.981073e+01
      vertex 1.821038e+01 -1.826353e+01 2.022265e+01
    endloop
  endfacet
  facet normal -6.837985e-07 1.000000e+00 -1.084223e-13
    outer loop
      vertex 2.381250e+01 -1.826353e+01 2.540004e+01
      vertex 1.821038e+01 -1.826353e+01 2.022265e+01
      vertex 1.805979e+01 -1.826353e+01 2.060874e+01
    endloop
  endfacet
  facet normal -6.837985e-07 1.000000e+00 -1.084223e-13
    outer loop
      vertex 2.381250e+01 -1.826353e+01 2.540004e+01
      vertex 1.805979e+01 -1.826353e+01 2.060874e+01
      vertex 1.781441e+01 -1.826353e+01 2.094270e+01
    endloop
  endfacet
  facet normal -6.837985e-07 1.000000e+00 -1.084223e-13
    outer loop
      vertex 2.381250e+01 -1.826353e+01 2.540004e+01
      vertex 1.781441e+01 -1.826353e+01 2.094270e+01
      vertex 1.749095e+01 -1.826353e+01 2.120178e+01
    endloop
  endfacet
  facet normal -6.837985e-07 1.000000e+00 -1.084223e-13
    outer loop
      vertex 2.381250e+01 -1.826353e+01 2.540004e+01
      vertex 1.749095e+01 -1.826353e+01 2.120178e+01
      vertex 1.711146e+01 -1.826353e+01 2.136831e+01
    endloop
  endfacet
  facet normal -6.837985e-07 1.000000e+00 -1.084223e-13
    outer loop
      vertex 2.381250e+01 -1.826353e+01 2.540004e+01
      vertex 1.711146e+01 -1.826353e+01 2.136831e+01
      vertex 1.670180e+01 -1.826353e+01 2.143094e+01
    endloop
  endfacet
  facet normal -6.837985e-07 1.000000e+00 -1.084223e-13
    outer loop
      vertex 2.381250e+01 -1.826353e+01 2.540004e+01
      vertex 1.670180e+01 -1.826353e+01 2.143094e+01
      vertex -5.548436e+00 -1.826355e+01 2.143125e+01
    endloop
  endfacet
  facet normal -6.837985e-07 1.000000e+00 -1.084223e-13
    outer loop
      vertex 2.381250e+01 -1.826353e+01 2.540004e+01
      vertex -5.548436e+00 -1.826355e+01 2.143125e+01
      vertex -1.666875e+01 -1.826355e+01 2.143126e+01
    endloop
  endfacet
  facet normal -6.837985e-07 1.000000e+00 -1.084223e-13
    outer loop
      vertex 2.381250e+01 -1.826353e+01 2.540004e+01
      vertex -1.666875e+01 -1.826355e+01 2.143126e+01
      vertex -2.379719e+01 -1.826356e+01 2.540000e+01
    endloop
  endfacet
  facet normal -6.837985e-07 1.000000e+00 -1.084223e-13
    outer loop
      vertex 5.653563e+00 -1.826354e+01 1.825926e+01
      vertex 1.622604e+01 -1.826353e+01 1.831926e+01
      vertex 1.663570e+01 -1.826353e+01 1.825663e+01
    endloop
  endfacet
  facet normal -6.837985e-07 1.000000e+00 -1.084223e-13
    outer loop
      vertex 1.622604e+01 -1.826353e+01 1.831926e+01
      vertex 5.653563e+00 -1.826354e+01 1.825926e+01
      vertex 6.060350e+00 -1.826354e+01 1.833844e+01
    endloop
  endfacet
  facet normal -6.837985e-07 1.000000e+00 -1.084223e-13
    outer loop
      vertex 1.622604e+01 -1.826353e+01 1.831926e+01
      vertex 6.060350e+00 -1.826354e+01 1.833844e+01
      vertex 1.584655e+01 -1.826353e+01 1.848579e+01
    endloop
  endfacet
  facet normal -6.837985e-07 1.000000e+00 -1.084223e-13
    outer loop
      vertex 1.584655e+01 -1.826353e+01 1.848579e+01
      vertex 6.060350e+00 -1.826354e+01 1.833844e+01
      vertex 6.432783e+00 -1.826354e+01 1.852020e+01
    endloop
  endfacet
  facet normal -6.837985e-07 1.000000e+00 -1.084223e-13
    outer loop
      vertex 1.584655e+01 -1.826353e+01 1.848579e+01
      vertex 6.432783e+00 -1.826354e+01 1.852020e+01
      vertex 1.552309e+01 -1.826353e+01 1.874487e+01
    endloop
  endfacet
  facet normal -6.837985e-07 1.000000e+00 -1.084223e-13
    outer loop
      vertex 1.552309e+01 -1.826353e+01 1.874487e+01
      vertex 6.432783e+00 -1.826354e+01 1.852020e+01
      vertex 6.745482e+00 -1.826354e+01 1.879217e+01
    endloop
  endfacet
  facet normal -6.837985e-07 1.000000e+00 -1.084223e-13
    outer loop
      vertex 1.552309e+01 -1.826353e+01 1.874487e+01
      vertex 6.745482e+00 -1.826354e+01 1.879217e+01
      vertex 1.527771e+01 -1.826353e+01 1.907883e+01
    endloop
  endfacet
  facet normal -6.837985e-07 1.000000e+00 -1.084223e-13
    outer loop
      vertex 1.527771e+01 -1.826353e+01 1.907883e+01
      vertex 6.745482e+00 -1.826354e+01 1.879217e+01
      vertex 6.977136e+00 -1.826354e+01 1.913579e+01
    endloop
  endfacet
  facet normal -6.837985e-07 1.000000e+00 -1.084223e-13
    outer loop
      vertex 1.527771e+01 -1.826353e+01 1.907883e+01
      vertex 6.977136e+00 -1.826354e+01 1.913579e+01
      vertex 1.512712e+01 -1.826353e+01 1.946492e+01
    endloop
  endfacet
  facet normal -6.837985e-07 1.000000e+00 -1.084223e-13
    outer loop
      vertex 1.512712e+01 -1.826353e+01 1.946492e+01
      vertex 6.977136e+00 -1.826354e+01 1.913579e+01
      vertex 7.111960e+00 -1.826354e+01 1.952767e+01
    endloop
  endfacet
  facet normal -6.837985e-07 1.000000e+00 -1.084223e-13
    outer loop
      vertex 1.512712e+01 -1.826353e+01 1.946492e+01
      vertex 7.111960e+00 -1.826354e+01 1.952767e+01
      vertex 1.508159e+01 -1.826353e+01 1.987684e+01
    endloop
  endfacet
  facet normal -6.837985e-07 1.000000e+00 -1.084223e-13
    outer loop
      vertex 1.508159e+01 -1.826353e+01 1.987684e+01
      vertex 7.111960e+00 -1.826354e+01 1.952767e+01
      vertex 7.140764e+00 -1.826354e+01 1.994109e+01
    endloop
  endfacet
  facet normal -6.837985e-07 1.000000e+00 -1.084223e-13
    outer loop
      vertex 1.508159e+01 -1.826353e+01 1.987684e+01
      vertex 7.140764e+00 -1.826354e+01 1.994109e+01
      vertex 1.514423e+01 -1.826353e+01 2.028650e+01
    endloop
  endfacet
  facet normal -6.837985e-07 1.000000e+00 -1.084223e-13
    outer loop
      vertex 1.514423e+01 -1.826353e+01 2.028650e+01
      vertex 7.140764e+00 -1.826354e+01 1.994109e+01
      vertex 7.061587e+00 -1.826354e+01 2.034788e+01
    endloop
  endfacet
  facet normal -6.837985e-07 1.000000e+00 -1.084223e-13
    outer loop
      vertex 1.514423e+01 -1.826353e+01 2.028650e+01
      vertex 7.061587e+00 -1.826354e+01 2.034788e+01
      vertex 1.531076e+01 -1.826353e+01 2.066599e+01
    endloop
  endfacet
  facet normal -6.837985e-07 1.000000e+00 -1.084223e-13
    outer loop
      vertex 1.531076e+01 -1.826353e+01 2.066599e+01
      vertex 7.061587e+00 -1.826354e+01 2.034788e+01
      vertex 6.879823e+00 -1.826354e+01 2.072031e+01
    endloop
  endfacet
  facet normal -6.837985e-07 1.000000e+00 -1.084223e-13
    outer loop
      vertex 1.531076e+01 -1.826353e+01 2.066599e+01
      vertex 6.879823e+00 -1.826354e+01 2.072031e+01
      vertex 1.556983e+01 -1.826353e+01 2.098944e+01
    endloop
  endfacet
  facet normal -6.837985e-07 1.000000e+00 -1.084223e-13
    outer loop
      vertex 1.556983e+01 -1.826353e+01 2.098944e+01
      vertex 6.879823e+00 -1.826354e+01 2.072031e+01
      vertex 6.607860e+00 -1.826354e+01 2.103301e+01
    endloop
  endfacet
  facet normal -6.837985e-07 1.000000e+00 -1.084223e-13
    outer loop
      vertex 1.556983e+01 -1.826353e+01 2.098944e+01
      vertex 6.607860e+00 -1.826354e+01 2.103301e+01
      vertex 1.590380e+01 -1.826353e+01 2.123483e+01
    endloop
  endfacet
  facet normal -6.837985e-07 1.000000e+00 -1.084223e-13
    outer loop
      vertex 1.590380e+01 -1.826353e+01 2.123483e+01
      vertex 6.607860e+00 -1.826354e+01 2.103301e+01
      vertex 6.264231e+00 -1.826354e+01 2.126466e+01
    endloop
  endfacet
  facet normal -6.837985e-07 1.000000e+00 -1.084223e-13
    outer loop
      vertex 1.590380e+01 -1.826353e+01 2.123483e+01
      vertex 6.264231e+00 -1.826354e+01 2.126466e+01
      vertex 1.628989e+01 -1.826353e+01 2.138542e+01
    endloop
  endfacet
  facet normal -6.837985e-07 1.000000e+00 -1.084223e-13
    outer loop
      vertex 1.628989e+01 -1.826353e+01 2.138542e+01
      vertex 6.264231e+00 -1.826354e+01 2.126466e+01
      vertex 5.872355e+00 -1.826354e+01 2.139949e+01
    endloop
  endfacet
  facet normal -6.837985e-07 1.000000e+00 -1.084223e-13
    outer loop
      vertex 1.628989e+01 -1.826353e+01 2.138542e+01
      vertex 5.872355e+00 -1.826354e+01 2.139949e+01
      vertex 1.670180e+01 -1.826353e+01 2.143094e+01
    endloop
  endfacet
  facet normal -6.837985e-07 1.000000e+00 -1.084223e-13
    outer loop
      vertex 1.670180e+01 -1.826353e+01 2.143094e+01
      vertex 5.872355e+00 -1.826354e+01 2.139949e+01
      vertex 5.458937e+00 -1.826354e+01 2.142829e+01
    endloop
  endfacet
  facet normal -6.837985e-07 1.000000e+00 -1.084223e-13
    outer loop
      vertex -5.074303e+00 -1.826355e+01 7.218691e+00
      vertex 5.658495e+00 -1.826354e+01 7.147072e+00
      vertex -5.482208e+00 -1.826355e+01 7.145494e+00
    endloop
  endfacet
  facet normal -6.837985e-07 1.000000e+00 -1.084223e-13
    outer loop
      vertex 5.658495e+00 -1.826354e+01 7.147072e+00
      vertex -5.074303e+00 -1.826355e+01 7.218691e+00
      vertex 5.244989e+00 -1.826354e+01 7.174589e+00
    endloop
  endfacet
  facet normal -6.837985e-07 1.000000e+00 -1.084223e-13
    outer loop
      vertex 5.244989e+00 -1.826354e+01 7.174589e+00
      vertex -5.074303e+00 -1.826355e+01 7.218691e+00
      vertex 4.852695e+00 -1.826354e+01 7.308192e+00
    endloop
  endfacet
  facet normal -6.837985e-07 1.000000e+00 -1.084223e-13
    outer loop
      vertex 4.852695e+00 -1.826354e+01 7.308192e+00
      vertex -5.074303e+00 -1.826355e+01 7.218691e+00
      vertex -4.699242e+00 -1.826355e+01 7.394968e+00
    endloop
  endfacet
  facet normal -6.837985e-07 1.000000e+00 -1.084223e-13
    outer loop
      vertex 4.852695e+00 -1.826354e+01 7.308192e+00
      vertex -4.699242e+00 -1.826355e+01 7.394968e+00
      vertex 4.508347e+00 -1.826354e+01 7.538776e+00
    endloop
  endfacet
  facet normal -6.837985e-07 1.000000e+00 -1.084223e-13
    outer loop
      vertex 4.508347e+00 -1.826354e+01 7.538776e+00
      vertex -4.699242e+00 -1.826355e+01 7.394968e+00
      vertex -4.382584e+00 -1.826355e+01 7.662311e+00
    endloop
  endfacet
  facet normal -6.837985e-07 1.000000e+00 -1.084223e-13
    outer loop
      vertex 4.508347e+00 -1.826354e+01 7.538776e+00
      vertex -4.382584e+00 -1.826355e+01 7.662311e+00
      vertex 4.235412e+00 -1.826354e+01 7.850627e+00
    endloop
  endfacet
  facet normal -6.837985e-07 1.000000e+00 -1.084223e-13
    outer loop
      vertex 4.235412e+00 -1.826354e+01 7.850627e+00
      vertex -4.382584e+00 -1.826355e+01 7.662311e+00
      vertex -4.145910e+00 -1.826355e+01 8.002502e+00
    endloop
  endfacet
  facet normal -6.837985e-07 1.000000e+00 -1.084223e-13
    outer loop
      vertex 4.235412e+00 -1.826354e+01 7.850627e+00
      vertex -4.145910e+00 -1.826355e+01 8.002502e+00
      vertex 4.052489e+00 -1.826354e+01 8.222492e+00
    endloop
  endfacet
  facet normal -6.837985e-07 1.000000e+00 -1.084223e-13
    outer loop
      vertex 4.052489e+00 -1.826354e+01 8.222492e+00
      vertex -4.145910e+00 -1.826355e+01 8.002502e+00
      vertex -4.005348e+00 -1.826355e+01 8.392358e+00
    endloop
  endfacet
  facet normal -6.837985e-07 1.000000e+00 -1.084223e-13
    outer loop
      vertex 4.052489e+00 -1.826354e+01 8.222492e+00
      vertex -4.005348e+00 -1.826355e+01 8.392358e+00
      vertex 3.972046e+00 -1.826354e+01 8.629030e+00
    endloop
  endfacet
  facet normal -6.837985e-07 1.000000e+00 -1.084223e-13
    outer loop
      vertex 3.972046e+00 -1.826354e+01 8.629030e+00
      vertex -4.005348e+00 -1.826355e+01 8.392358e+00
      vertex -3.970478e+00 -1.826355e+01 8.805309e+00
    endloop
  endfacet
  facet normal -6.837985e-07 1.000000e+00 -1.084223e-13
    outer loop
      vertex 3.972046e+00 -1.826354e+01 8.629030e+00
      vertex -3.970478e+00 -1.826355e+01 8.805309e+00
      vertex 3.999563e+00 -1.826354e+01 9.042537e+00
    endloop
  endfacet
  facet normal -6.837985e-07 1.000000e+00 -1.084223e-13
    outer loop
      vertex 3.999563e+00 -1.826354e+01 9.042537e+00
      vertex -3.970478e+00 -1.826355e+01 8.805309e+00
      vertex -4.043675e+00 -1.826355e+01 9.213214e+00
    endloop
  endfacet
  facet normal -6.837985e-07 1.000000e+00 -1.084223e-13
    outer loop
      vertex 3.999563e+00 -1.826354e+01 9.042537e+00
      vertex -4.043675e+00 -1.826355e+01 9.213214e+00
      vertex 4.133166e+00 -1.826354e+01 9.434831e+00
    endloop
  endfacet
  facet normal -6.837985e-07 1.000000e+00 -1.084223e-13
    outer loop
      vertex 4.133166e+00 -1.826354e+01 9.434831e+00
      vertex -4.043675e+00 -1.826355e+01 9.213214e+00
      vertex -4.219952e+00 -1.826355e+01 9.588275e+00
    endloop
  endfacet
  facet normal -6.837985e-07 1.000000e+00 -1.084223e-13
    outer loop
      vertex 4.133166e+00 -1.826354e+01 9.434831e+00
      vertex -4.219952e+00 -1.826355e+01 9.588275e+00
      vertex 4.363750e+00 -1.826354e+01 9.779179e+00
    endloop
  endfacet
  facet normal -6.837985e-07 1.000000e+00 -1.084223e-13
    outer loop
      vertex 4.363750e+00 -1.826354e+01 9.779179e+00
      vertex -4.219952e+00 -1.826355e+01 9.588275e+00
      vertex -4.487296e+00 -1.826355e+01 9.904933e+00
    endloop
  endfacet
  facet normal -6.837985e-07 1.000000e+00 -1.084223e-13
    outer loop
      vertex 4.363750e+00 -1.826354e+01 9.779179e+00
      vertex -4.487296e+00 -1.826355e+01 9.904933e+00
      vertex 4.675601e+00 -1.826354e+01 1.005211e+01
    endloop
  endfacet
  facet normal -6.837985e-07 1.000000e+00 -1.084223e-13
    outer loop
      vertex 4.675601e+00 -1.826354e+01 1.005211e+01
      vertex -4.487296e+00 -1.826355e+01 9.904933e+00
      vertex -4.827487e+00 -1.826355e+01 1.014161e+01
    endloop
  endfacet
  facet normal -6.837985e-07 1.000000e+00 -1.084223e-13
    outer loop
      vertex 4.675601e+00 -1.826354e+01 1.005211e+01
      vertex -4.827487e+00 -1.826355e+01 1.014161e+01
      vertex 5.047466e+00 -1.826354e+01 1.023504e+01
    endloop
  endfacet
  facet normal -6.837985e-07 1.000000e+00 -1.084223e-13
    outer loop
      vertex 5.047466e+00 -1.826354e+01 1.023504e+01
      vertex -4.827487e+00 -1.826355e+01 1.014161e+01
      vertex -5.217341e+00 -1.826355e+01 1.028217e+01
    endloop
  endfacet
  facet normal -6.837985e-07 1.000000e+00 -1.084223e-13
    outer loop
      vertex 5.047466e+00 -1.826354e+01 1.023504e+01
      vertex -5.217341e+00 -1.826355e+01 1.028217e+01
      vertex 5.454005e+00 -1.826354e+01 1.031548e+01
    endloop
  endfacet
  facet normal -6.837985e-07 1.000000e+00 -1.084223e-13
    outer loop
      vertex 5.454005e+00 -1.826354e+01 1.031548e+01
      vertex -5.217341e+00 -1.826355e+01 1.028217e+01
      vertex -5.630292e+00 -1.826355e+01 1.031704e+01
    endloop
  endfacet
  facet normal -6.837985e-07 1.000000e+00 -1.084223e-13
    outer loop
      vertex 1.666024e+01 -1.826353e+01 7.143799e+00
      vertex 5.658495e+00 -1.826354e+01 7.147072e+00
      vertex 1.624967e+01 -1.826353e+01 7.200092e+00
    endloop
  endfacet
  facet normal -6.837985e-07 1.000000e+00 -1.084223e-13
    outer loop
      vertex 5.658495e+00 -1.826354e+01 7.147072e+00
      vertex 1.666024e+01 -1.826353e+01 7.143799e+00
      vertex -5.482208e+00 -1.826355e+01 7.145494e+00
    endloop
  endfacet
  facet normal -6.837985e-07 1.000000e+00 -1.084223e-13
    outer loop
      vertex 1.624967e+01 -1.826353e+01 7.200092e+00
      vertex 5.658495e+00 -1.826354e+01 7.147072e+00
      vertex 6.065033e+00 -1.826354e+01 7.227516e+00
    endloop
  endfacet
  facet normal -6.837985e-07 1.000000e+00 -1.084223e-13
    outer loop
      vertex 1.624967e+01 -1.826353e+01 7.200092e+00
      vertex 6.065033e+00 -1.826354e+01 7.227516e+00
      vertex 1.586765e+01 -1.826353e+01 7.360733e+00
    endloop
  endfacet
  facet normal -6.837985e-07 1.000000e+00 -1.084223e-13
    outer loop
      vertex 1.586765e+01 -1.826353e+01 7.360733e+00
      vertex 6.065033e+00 -1.826354e+01 7.227516e+00
      vertex 6.436899e+00 -1.826354e+01 7.410437e+00
    endloop
  endfacet
  facet normal -6.837985e-07 1.000000e+00 -1.084223e-13
    outer loop
      vertex 1.586765e+01 -1.826353e+01 7.360733e+00
      vertex 6.436899e+00 -1.826354e+01 7.410437e+00
      vertex 1.554022e+01 -1.826353e+01 7.614774e+00
    endloop
  endfacet
  facet normal -6.837985e-07 1.000000e+00 -1.084223e-13
    outer loop
      vertex 1.554022e+01 -1.826353e+01 7.614774e+00
      vertex 6.436899e+00 -1.826354e+01 7.410437e+00
      vertex 6.748749e+00 -1.826354e+01 7.683373e+00
    endloop
  endfacet
  facet normal -6.837985e-07 1.000000e+00 -1.084223e-13
    outer loop
      vertex 1.554022e+01 -1.826353e+01 7.614774e+00
      vertex 6.748749e+00 -1.826354e+01 7.683373e+00
      vertex 1.528970e+01 -1.826353e+01 7.944903e+00
    endloop
  endfacet
  facet normal -6.837985e-07 1.000000e+00 -1.084223e-13
    outer loop
      vertex 1.528970e+01 -1.826353e+01 7.944903e+00
      vertex 6.748749e+00 -1.826354e+01 7.683373e+00
      vertex 6.979333e+00 -1.826354e+01 8.027721e+00
    endloop
  endfacet
  facet normal -6.837985e-07 1.000000e+00 -1.084223e-13
    outer loop
      vertex 1.528970e+01 -1.826353e+01 7.944903e+00
      vertex 6.979333e+00 -1.826354e+01 8.027721e+00
      vertex 1.513316e+01 -1.826353e+01 8.328622e+00
    endloop
  endfacet
  facet normal -6.837985e-07 1.000000e+00 -1.084223e-13
    outer loop
      vertex 1.513316e+01 -1.826353e+01 8.328622e+00
      vertex 6.979333e+00 -1.826354e+01 8.027721e+00
      vertex 7.112936e+00 -1.826354e+01 8.420015e+00
    endloop
  endfacet
  facet normal -6.837985e-07 1.000000e+00 -1.084223e-13
    outer loop
      vertex 1.513316e+01 -1.826353e+01 8.328622e+00
      vertex 7.112936e+00 -1.826354e+01 8.420015e+00
      vertex 1.508127e+01 -1.826353e+01 8.739782e+00
    endloop
  endfacet
  facet normal -6.837985e-07 1.000000e+00 -1.084223e-13
    outer loop
      vertex 1.508127e+01 -1.826353e+01 8.739782e+00
      vertex 7.112936e+00 -1.826354e+01 8.420015e+00
      vertex 7.140454e+00 -1.826354e+01 8.833521e+00
    endloop
  endfacet
  facet normal -6.837985e-07 1.000000e+00 -1.084223e-13
    outer loop
      vertex 1.508127e+01 -1.826353e+01 8.739782e+00
      vertex 7.140454e+00 -1.826354e+01 8.833521e+00
      vertex 1.513757e+01 -1.826353e+01 9.150361e+00
    endloop
  endfacet
  facet normal -6.837985e-07 1.000000e+00 -1.084223e-13
    outer loop
      vertex 1.513757e+01 -1.826353e+01 9.150361e+00
      vertex 7.140454e+00 -1.826354e+01 8.833521e+00
      vertex 7.060010e+00 -1.826354e+01 9.240059e+00
    endloop
  endfacet
  facet normal -6.837985e-07 1.000000e+00 -1.084223e-13
    outer loop
      vertex 1.513757e+01 -1.826353e+01 9.150361e+00
      vertex 7.060010e+00 -1.826354e+01 9.240059e+00
      vertex 1.529821e+01 -1.826353e+01 9.532380e+00
    endloop
  endfacet
  facet normal -6.837985e-07 1.000000e+00 -1.084223e-13
    outer loop
      vertex 1.529821e+01 -1.826353e+01 9.532380e+00
      vertex 7.060010e+00 -1.826354e+01 9.240059e+00
      vertex 6.877088e+00 -1.826354e+01 9.611925e+00
    endloop
  endfacet
  facet normal -6.837985e-07 1.000000e+00 -1.084223e-13
    outer loop
      vertex 1.529821e+01 -1.826353e+01 9.532380e+00
      vertex 6.877088e+00 -1.826354e+01 9.611925e+00
      vertex 1.555225e+01 -1.826353e+01 9.859806e+00
    endloop
  endfacet
  facet normal -6.837985e-07 1.000000e+00 -1.084223e-13
    outer loop
      vertex 1.555225e+01 -1.826353e+01 9.859806e+00
      vertex 6.877088e+00 -1.826354e+01 9.611925e+00
      vertex 6.604153e+00 -1.826354e+01 9.923776e+00
    endloop
  endfacet
  facet normal -6.837985e-07 1.000000e+00 -1.084223e-13
    outer loop
      vertex 1.555225e+01 -1.826353e+01 9.859806e+00
      vertex 6.604153e+00 -1.826354e+01 9.923776e+00
      vertex 1.588238e+01 -1.826353e+01 1.011032e+01
    endloop
  endfacet
  facet normal -6.837985e-07 1.000000e+00 -1.084223e-13
    outer loop
      vertex 1.588238e+01 -1.826353e+01 1.011032e+01
      vertex 6.604153e+00 -1.826354e+01 9.923776e+00
      vertex 6.259805e+00 -1.826354e+01 1.015436e+01
    endloop
  endfacet
  facet normal -6.837985e-07 1.000000e+00 -1.084223e-13
    outer loop
      vertex 1.588238e+01 -1.826353e+01 1.011032e+01
      vertex 6.259805e+00 -1.826354e+01 1.015436e+01
      vertex 1.626610e+01 -1.826353e+01 1.026686e+01
    endloop
  endfacet
  facet normal -6.837985e-07 1.000000e+00 -1.084223e-13
    outer loop
      vertex 1.626610e+01 -1.826353e+01 1.026686e+01
      vertex 6.259805e+00 -1.826354e+01 1.015436e+01
      vertex 5.867511e+00 -1.826354e+01 1.028796e+01
    endloop
  endfacet
  facet normal -6.837985e-07 1.000000e+00 -1.084223e-13
    outer loop
      vertex 1.626610e+01 -1.826353e+01 1.026686e+01
      vertex 5.867511e+00 -1.826354e+01 1.028796e+01
      vertex 1.667726e+01 -1.826353e+01 1.031875e+01
    endloop
  endfacet
  facet normal -6.837985e-07 1.000000e+00 -1.084223e-13
    outer loop
      vertex 1.667726e+01 -1.826353e+01 1.031875e+01
      vertex 5.867511e+00 -1.826354e+01 1.028796e+01
      vertex 5.454005e+00 -1.826354e+01 1.031548e+01
    endloop
  endfacet
  facet normal -6.837985e-07 1.000000e+00 -1.084223e-13
    outer loop
      vertex 1.667726e+01 -1.826353e+01 1.031875e+01
      vertex 5.454005e+00 -1.826354e+01 1.031548e+01
      vertex -5.630292e+00 -1.826355e+01 1.031704e+01
    endloop
  endfacet
  facet normal -6.837985e-07 1.000000e+00 -1.084223e-13
    outer loop
      vertex -1.686639e+01 -1.826355e+01 7.156107e+00
      vertex -5.895159e+00 -1.826355e+01 7.180364e+00
      vertex -5.482208e+00 -1.826355e+01 7.145494e+00
    endloop
  endfacet
  facet normal -6.837985e-07 1.000000e+00 -1.084223e-13
    outer loop
      vertex -5.895159e+00 -1.826355e+01 7.180364e+00
      vertex -1.686639e+01 -1.826355e+01 7.156107e+00
      vertex -1.645197e+01 -1.826355e+01 7.158627e+00
    endloop
  endfacet
  facet normal -6.837985e-07 1.000000e+00 -1.084223e-13
    outer loop
      vertex -5.895159e+00 -1.826355e+01 7.180364e+00
      vertex -1.645197e+01 -1.826355e+01 7.158627e+00
      vertex -1.605233e+01 -1.826355e+01 7.268320e+00
    endloop
  endfacet
  facet normal -6.837985e-07 1.000000e+00 -1.084223e-13
    outer loop
      vertex -5.895159e+00 -1.826355e+01 7.180364e+00
      vertex -1.605233e+01 -1.826355e+01 7.268320e+00
      vertex -6.285014e+00 -1.826355e+01 7.320926e+00
    endloop
  endfacet
  facet normal -6.837985e-07 1.000000e+00 -1.084223e-13
    outer loop
      vertex -6.285014e+00 -1.826355e+01 7.320926e+00
      vertex -1.605233e+01 -1.826355e+01 7.268320e+00
      vertex -1.569470e+01 -1.826355e+01 7.477708e+00
    endloop
  endfacet
  facet normal -6.837985e-07 1.000000e+00 -1.084223e-13
    outer loop
      vertex -6.285014e+00 -1.826355e+01 7.320926e+00
      vertex -1.569470e+01 -1.826355e+01 7.477708e+00
      vertex -6.625205e+00 -1.826355e+01 7.557600e+00
    endloop
  endfacet
  facet normal -6.837985e-07 1.000000e+00 -1.084223e-13
    outer loop
      vertex -6.625205e+00 -1.826355e+01 7.557600e+00
      vertex -1.569470e+01 -1.826355e+01 7.477708e+00
      vertex -1.540345e+01 -1.826355e+01 7.772525e+00
    endloop
  endfacet
  facet normal -6.837985e-07 1.000000e+00 -1.084223e-13
    outer loop
      vertex -6.625205e+00 -1.826355e+01 7.557600e+00
      vertex -1.540345e+01 -1.826355e+01 7.772525e+00
      vertex -6.892548e+00 -1.826355e+01 7.874257e+00
    endloop
  endfacet
  facet normal -6.837985e-07 1.000000e+00 -1.084223e-13
    outer loop
      vertex -6.892548e+00 -1.826355e+01 7.874257e+00
      vertex -1.540345e+01 -1.826355e+01 7.772525e+00
      vertex -1.519842e+01 -1.826355e+01 8.132677e+00
    endloop
  endfacet
  facet normal -6.837985e-07 1.000000e+00 -1.084223e-13
    outer loop
      vertex -6.892548e+00 -1.826355e+01 7.874257e+00
      vertex -1.519842e+01 -1.826355e+01 8.132677e+00
      vertex -7.068825e+00 -1.826355e+01 8.249318e+00
    endloop
  endfacet
  facet normal -6.837985e-07 1.000000e+00 -1.084223e-13
    outer loop
      vertex -7.068825e+00 -1.826355e+01 8.249318e+00
      vertex -1.519842e+01 -1.826355e+01 8.132677e+00
      vertex -1.509360e+01 -1.826355e+01 8.533621e+00
    endloop
  endfacet
  facet normal -6.837985e-07 1.000000e+00 -1.084223e-13
    outer loop
      vertex -7.068825e+00 -1.826355e+01 8.249318e+00
      vertex -1.509360e+01 -1.826355e+01 8.533621e+00
      vertex -7.142023e+00 -1.826355e+01 8.657224e+00
    endloop
  endfacet
  facet normal -6.837985e-07 1.000000e+00 -1.084223e-13
    outer loop
      vertex -7.142023e+00 -1.826355e+01 8.657224e+00
      vertex -1.509360e+01 -1.826355e+01 8.533621e+00
      vertex -1.509612e+01 -1.826355e+01 8.948035e+00
    endloop
  endfacet
  facet normal -6.837985e-07 1.000000e+00 -1.084223e-13
    outer loop
      vertex -7.142023e+00 -1.826355e+01 8.657224e+00
      vertex -1.509612e+01 -1.826355e+01 8.948035e+00
      vertex -7.107152e+00 -1.826355e+01 9.070175e+00
    endloop
  endfacet
  facet normal -6.837985e-07 1.000000e+00 -1.084223e-13
    outer loop
      vertex -7.107152e+00 -1.826355e+01 9.070175e+00
      vertex -1.509612e+01 -1.826355e+01 8.948035e+00
      vertex -1.520581e+01 -1.826355e+01 9.347674e+00
    endloop
  endfacet
  facet normal -6.837985e-07 1.000000e+00 -1.084223e-13
    outer loop
      vertex -7.107152e+00 -1.826355e+01 9.070175e+00
      vertex -1.520581e+01 -1.826355e+01 9.347674e+00
      vertex -6.966590e+00 -1.826355e+01 9.460030e+00
    endloop
  endfacet
  facet normal -6.837985e-07 1.000000e+00 -1.084223e-13
    outer loop
      vertex -6.966590e+00 -1.826355e+01 9.460030e+00
      vertex -1.520581e+01 -1.826355e+01 9.347674e+00
      vertex -1.541520e+01 -1.826355e+01 9.705307e+00
    endloop
  endfacet
  facet normal -6.837985e-07 1.000000e+00 -1.084223e-13
    outer loop
      vertex -6.966590e+00 -1.826355e+01 9.460030e+00
      vertex -1.541520e+01 -1.826355e+01 9.705307e+00
      vertex -6.729916e+00 -1.826355e+01 9.800221e+00
    endloop
  endfacet
  facet normal -6.837985e-07 1.000000e+00 -1.084223e-13
    outer loop
      vertex -6.729916e+00 -1.826355e+01 9.800221e+00
      vertex -1.541520e+01 -1.826355e+01 9.705307e+00
      vertex -1.571002e+01 -1.826355e+01 9.996559e+00
    endloop
  endfacet
  facet normal -6.837985e-07 1.000000e+00 -1.084223e-13
    outer loop
      vertex -6.729916e+00 -1.826355e+01 9.800221e+00
      vertex -1.571002e+01 -1.826355e+01 9.996559e+00
      vertex -6.413259e+00 -1.826355e+01 1.006756e+01
    endloop
  endfacet
  facet normal -6.837985e-07 1.000000e+00 -1.084223e-13
    outer loop
      vertex -6.413259e+00 -1.826355e+01 1.006756e+01
      vertex -1.571002e+01 -1.826355e+01 9.996559e+00
      vertex -1.607017e+01 -1.826355e+01 1.020158e+01
    endloop
  endfacet
  facet normal -6.837985e-07 1.000000e+00 -1.084223e-13
    outer loop
      vertex -6.413259e+00 -1.826355e+01 1.006756e+01
      vertex -1.607017e+01 -1.826355e+01 1.020158e+01
      vertex -6.038197e+00 -1.826355e+01 1.024384e+01
    endloop
  endfacet
  facet normal -6.837985e-07 1.000000e+00 -1.084223e-13
    outer loop
      vertex -6.038197e+00 -1.826355e+01 1.024384e+01
      vertex -1.607017e+01 -1.826355e+01 1.020158e+01
      vertex -1.647111e+01 -1.826355e+01 1.030641e+01
    endloop
  endfacet
  facet normal -6.837985e-07 1.000000e+00 -1.084223e-13
    outer loop
      vertex -6.038197e+00 -1.826355e+01 1.024384e+01
      vertex -1.647111e+01 -1.826355e+01 1.030641e+01
      vertex -5.630292e+00 -1.826355e+01 1.031704e+01
    endloop
  endfacet
  facet normal 0.000000e+00 6.858765e-01 7.277179e-01
    outer loop
      vertex 2.698750e+01 1.824897e+01 2.540004e+01
      vertex 2.381250e+01 2.302606e+01 2.089762e+01
      vertex 2.381250e+01 1.824897e+01 2.540004e+01
    endloop
  endfacet
  facet normal 0.000000e+00 6.858765e-01 7.277179e-01
    outer loop
      vertex 2.381250e+01 2.302606e+01 2.089762e+01
      vertex 2.698750e+01 1.824897e+01 2.540004e+01
      vertex 2.698750e+01 2.302606e+01 2.089762e+01
    endloop
  endfacet
  facet normal 0.000000e+00 7.245933e-01 -6.891767e-01
    outer loop
      vertex 2.381250e+01 2.302606e+01 5.022624e+00
      vertex 2.698750e+01 1.824897e+01 4.428440e-05
      vertex 2.381250e+01 1.824897e+01 4.428440e-05
    endloop
  endfacet
  facet normal 0.000000e+00 7.245933e-01 -6.891767e-01
    outer loop
      vertex 2.698750e+01 1.824897e+01 4.428440e-05
      vertex 2.381250e+01 2.302606e+01 5.022624e+00
      vertex 2.698750e+01 2.302606e+01 5.022624e+00
    endloop
  endfacet
  facet normal -1.000000e+00 -7.954557e-08 -5.928024e-11
    outer loop
      vertex -2.698750e+01 -1.582822e+01 1.943292e+01
      vertex -2.698750e+01 -1.587637e+01 8.868530e+00
      vertex -2.698750e+01 -1.588231e+01 1.984379e+01
    endloop
  endfacet
  facet normal -1.000000e+00 -7.954557e-08 -5.928024e-11
    outer loop
      vertex -2.698750e+01 -1.587637e+01 8.868530e+00
      vertex -2.698750e+01 -1.582822e+01 1.943292e+01
      vertex -2.698750e+01 -1.578696e+01 9.273191e+00
    endloop
  endfacet
  facet normal -1.000000e+00 -7.954557e-08 -5.928024e-11
    outer loop
      vertex -2.698750e+01 -1.578696e+01 9.273191e+00
      vertex -2.698750e+01 -1.582822e+01 1.943292e+01
      vertex -2.698750e+01 -1.566963e+01 1.905004e+01
    endloop
  endfacet
  facet normal -1.000000e+00 -7.954557e-08 -5.928024e-11
    outer loop
      vertex -2.698750e+01 -1.578696e+01 9.273191e+00
      vertex -2.698750e+01 -1.566963e+01 1.905004e+01
      vertex -2.698750e+01 -1.559586e+01 9.640922e+00
    endloop
  endfacet
  facet normal -1.000000e+00 -7.954557e-08 -5.928024e-11
    outer loop
      vertex -2.698750e+01 -1.559586e+01 9.640922e+00
      vertex -2.698750e+01 -1.566963e+01 1.905004e+01
      vertex -2.698750e+01 -1.541734e+01 1.872126e+01
    endloop
  endfacet
  facet normal -1.000000e+00 -7.954557e-08 -5.928024e-11
    outer loop
      vertex -2.698750e+01 -1.559586e+01 9.640922e+00
      vertex -2.698750e+01 -1.541734e+01 1.872126e+01
      vertex -2.698750e+01 -1.531610e+01 9.946663e+00
    endloop
  endfacet
  facet normal -1.000000e+00 -7.954557e-08 -5.928024e-11
    outer loop
      vertex -2.698750e+01 -1.531610e+01 9.946663e+00
      vertex -2.698750e+01 -1.541734e+01 1.872126e+01
      vertex -2.698750e+01 -1.508856e+01 1.846898e+01
    endloop
  endfacet
  facet normal -1.000000e+00 -7.954557e-08 -5.928024e-11
    outer loop
      vertex -2.698750e+01 -1.531610e+01 9.946663e+00
      vertex -2.698750e+01 -1.508856e+01 1.846898e+01
      vertex -2.698750e+01 -1.496674e+01 1.016958e+01
    endloop
  endfacet
  facet normal -1.000000e+00 -7.954557e-08 -5.928024e-11
    outer loop
      vertex -2.698750e+01 -1.496674e+01 1.016958e+01
      vertex -2.698750e+01 -1.508856e+01 1.846898e+01
      vertex -2.698750e+01 -1.470569e+01 1.831038e+01
    endloop
  endfacet
  facet normal -1.000000e+00 -7.954557e-08 -5.928024e-11
    outer loop
      vertex -2.698750e+01 -1.496674e+01 1.016958e+01
      vertex -2.698750e+01 -1.470569e+01 1.831038e+01
      vertex -2.698750e+01 -1.457158e+01 1.029448e+01
    endloop
  endfacet
  facet normal -1.000000e+00 -7.954557e-08 -5.928024e-11
    outer loop
      vertex -2.698750e+01 -1.457158e+01 1.029448e+01
      vertex -2.698750e+01 -1.470569e+01 1.831038e+01
      vertex -2.698750e+01 -1.429481e+01 1.825629e+01
    endloop
  endfacet
  facet normal -1.000000e+00 -7.954557e-08 -5.928024e-11
    outer loop
      vertex -2.698750e+01 -1.457158e+01 1.029448e+01
      vertex -2.698750e+01 -1.429481e+01 1.825629e+01
      vertex -2.698750e+01 -1.415757e+01 1.031285e+01
    endloop
  endfacet
  facet normal -1.000000e+00 -7.954557e-08 -5.928024e-11
    outer loop
      vertex -2.698750e+01 -1.415757e+01 1.031285e+01
      vertex -2.698750e+01 -1.429481e+01 1.825629e+01
      vertex -2.698750e+01 -1.388394e+01 1.831038e+01
    endloop
  endfacet
  facet normal -1.000000e+00 -7.954557e-08 -5.928024e-11
    outer loop
      vertex -2.698750e+01 -1.415757e+01 1.031285e+01
      vertex -2.698750e+01 -1.388394e+01 1.831038e+01
      vertex -2.698750e+01 -1.375291e+01 1.022344e+01
    endloop
  endfacet
  facet normal -1.000000e+00 -7.954557e-08 -5.928024e-11
    outer loop
      vertex -2.698750e+01 -1.375291e+01 1.022344e+01
      vertex -2.698750e+01 -1.388394e+01 1.831038e+01
      vertex -2.698750e+01 -1.350106e+01 1.846898e+01
    endloop
  endfacet
  facet normal -1.000000e+00 -7.954557e-08 -5.928024e-11
    outer loop
      vertex -2.698750e+01 -1.375291e+01 1.022344e+01
      vertex -2.698750e+01 -1.350106e+01 1.846898e+01
      vertex -2.698750e+01 -1.338518e+01 1.003234e+01
    endloop
  endfacet
  facet normal -1.000000e+00 -7.954557e-08 -5.928024e-11
    outer loop
      vertex -2.698750e+01 -1.338518e+01 1.003234e+01
      vertex -2.698750e+01 -1.350106e+01 1.846898e+01
      vertex -2.698750e+01 -1.317228e+01 1.872126e+01
    endloop
  endfacet
  facet normal -1.000000e+00 -7.954557e-08 -5.928024e-11
    outer loop
      vertex -2.698750e+01 -1.338518e+01 1.003234e+01
      vertex -2.698750e+01 -1.317228e+01 1.872126e+01
      vertex -2.698750e+01 -1.307944e+01 9.752576e+00
    endloop
  endfacet
  facet normal -1.000000e+00 -7.954557e-08 -5.928024e-11
    outer loop
      vertex -2.698750e+01 -1.307944e+01 9.752576e+00
      vertex -2.698750e+01 -1.317228e+01 1.872126e+01
      vertex -2.698750e+01 -1.292000e+01 1.905004e+01
    endloop
  endfacet
  facet normal -1.000000e+00 -7.954557e-08 -5.928024e-11
    outer loop
      vertex -2.698750e+01 -1.307944e+01 9.752576e+00
      vertex -2.698750e+01 -1.292000e+01 1.905004e+01
      vertex -2.698750e+01 -1.285652e+01 9.403215e+00
    endloop
  endfacet
  facet normal -1.000000e+00 -7.954557e-08 -5.928024e-11
    outer loop
      vertex -2.698750e+01 -1.285652e+01 9.403215e+00
      vertex -2.698750e+01 -1.292000e+01 1.905004e+01
      vertex -2.698750e+01 -1.276140e+01 1.943292e+01
    endloop
  endfacet
  facet normal -1.000000e+00 -7.954557e-08 -5.928024e-11
    outer loop
      vertex -2.698750e+01 -1.285652e+01 9.403215e+00
      vertex -2.698750e+01 -1.276140e+01 1.943292e+01
      vertex -2.698750e+01 -1.273162e+01 9.008063e+00
    endloop
  endfacet
  facet normal -1.000000e+00 -7.954557e-08 -5.928024e-11
    outer loop
      vertex -2.698750e+01 -1.273162e+01 9.008063e+00
      vertex -2.698750e+01 -1.276140e+01 1.943292e+01
      vertex -2.698750e+01 -1.270731e+01 1.984379e+01
    endloop
  endfacet
  facet normal -1.000000e+00 -7.954557e-08 -5.928024e-11
    outer loop
      vertex -2.698750e+01 -1.273162e+01 9.008063e+00
      vertex -2.698750e+01 -1.270731e+01 1.984379e+01
      vertex -2.698750e+01 -1.271325e+01 8.594050e+00
    endloop
  endfacet
  facet normal -1.000000e+00 -7.954557e-08 -5.928024e-11
    outer loop
      vertex -2.698750e+01 -1.826356e+01 2.540004e+01
      vertex -2.698750e+01 -1.582822e+01 2.025467e+01
      vertex -2.698750e+01 -1.588231e+01 1.984379e+01
    endloop
  endfacet
  facet normal -1.000000e+00 -7.954557e-08 -5.928024e-11
    outer loop
      vertex -2.698750e+01 -1.582822e+01 2.025467e+01
      vertex -2.698750e+01 -1.826356e+01 2.540004e+01
      vertex -2.698750e+01 -1.566963e+01 2.063754e+01
    endloop
  endfacet
  facet normal -1.000000e+00 -7.954557e-08 -5.928024e-11
    outer loop
      vertex -2.698750e+01 -1.566963e+01 2.063754e+01
      vertex -2.698750e+01 -1.826356e+01 2.540004e+01
      vertex -2.698750e+01 -1.541734e+01 2.096632e+01
    endloop
  endfacet
  facet normal -1.000000e+00 -7.954557e-08 -5.928024e-11
    outer loop
      vertex -2.698750e+01 -1.541734e+01 2.096632e+01
      vertex -2.698750e+01 -1.826356e+01 2.540004e+01
      vertex -2.698750e+01 -1.508856e+01 2.121861e+01
    endloop
  endfacet
  facet normal -1.000000e+00 -7.954557e-08 -5.928024e-11
    outer loop
      vertex -2.698750e+01 -1.508856e+01 2.121861e+01
      vertex -2.698750e+01 -1.826356e+01 2.540004e+01
      vertex -2.698750e+01 -1.470569e+01 2.137720e+01
    endloop
  endfacet
  facet normal -1.000000e+00 -7.954557e-08 -5.928024e-11
    outer loop
      vertex -2.698750e+01 -1.470569e+01 2.137720e+01
      vertex -2.698750e+01 -1.826356e+01 2.540004e+01
      vertex -2.698750e+01 -1.429481e+01 2.143129e+01
    endloop
  endfacet
  facet normal -1.000000e+00 -7.954557e-08 -5.928024e-11
    outer loop
      vertex -2.698750e+01 -1.429481e+01 2.143129e+01
      vertex -2.698750e+01 -1.826356e+01 2.540004e+01
      vertex -2.698750e+01 1.824897e+01 2.540004e+01
    endloop
  endfacet
  facet normal -1.000000e+00 -7.954557e-08 -5.928024e-11
    outer loop
      vertex -2.698750e+01 -1.429481e+01 2.143129e+01
      vertex -2.698750e+01 1.824897e+01 2.540004e+01
      vertex -2.698750e+01 -1.388394e+01 2.137720e+01
    endloop
  endfacet
  facet normal -1.000000e+00 -7.954557e-08 -5.928024e-11
    outer loop
      vertex -2.698750e+01 -1.388394e+01 2.137720e+01
      vertex -2.698750e+01 1.824897e+01 2.540004e+01
      vertex -2.698750e+01 -1.350106e+01 2.121861e+01
    endloop
  endfacet
  facet normal -1.000000e+00 -7.954557e-08 -5.928024e-11
    outer loop
      vertex -2.698750e+01 -1.350106e+01 2.121861e+01
      vertex -2.698750e+01 1.824897e+01 2.540004e+01
      vertex -2.698750e+01 -1.317228e+01 2.096632e+01
    endloop
  endfacet
  facet normal -1.000000e+00 -7.954557e-08 -5.928024e-11
    outer loop
      vertex -2.698750e+01 -1.317228e+01 2.096632e+01
      vertex -2.698750e+01 1.824897e+01 2.540004e+01
      vertex -2.698750e+01 -1.292000e+01 2.063754e+01
    endloop
  endfacet
  facet normal -1.000000e+00 -7.954557e-08 -5.928024e-11
    outer loop
      vertex -2.698750e+01 -1.292000e+01 2.063754e+01
      vertex -2.698750e+01 1.824897e+01 2.540004e+01
      vertex -2.698750e+01 -1.276140e+01 2.025467e+01
    endloop
  endfacet
  facet normal -1.000000e+00 -7.954557e-08 -5.928024e-11
    outer loop
      vertex -2.698750e+01 -1.276140e+01 2.025467e+01
      vertex -2.698750e+01 1.824897e+01 2.540004e+01
      vertex -2.698750e+01 -1.270731e+01 1.984379e+01
    endloop
  endfacet
  facet normal -1.000000e+00 -7.954557e-08 -5.928024e-11
    outer loop
      vertex -2.698750e+01 -1.270731e+01 1.984379e+01
      vertex -2.698750e+01 1.824897e+01 2.540004e+01
      vertex -2.698750e+01 4.764669e+00 1.681026e+01
    endloop
  endfacet
  facet normal -1.000000e+00 -7.954557e-08 -5.928024e-11
    outer loop
      vertex -2.698750e+01 -1.270731e+01 1.984379e+01
      vertex -2.698750e+01 4.764669e+00 1.681026e+01
      vertex -2.698750e+01 3.778322e+00 1.605341e+01
    endloop
  endfacet
  facet normal -1.000000e+00 -7.954557e-08 -5.928024e-11
    outer loop
      vertex -2.698750e+01 -1.270731e+01 1.984379e+01
      vertex -2.698750e+01 3.778322e+00 1.605341e+01
      vertex -2.698750e+01 3.021472e+00 1.506707e+01
    endloop
  endfacet
  facet normal -1.000000e+00 -7.954557e-08 -5.928024e-11
    outer loop
      vertex -2.698750e+01 -1.270731e+01 1.984379e+01
      vertex -2.698750e+01 3.021472e+00 1.506707e+01
      vertex -2.698750e+01 2.545697e+00 1.391844e+01
    endloop
  endfacet
  facet normal -1.000000e+00 -7.954557e-08 -5.928024e-11
    outer loop
      vertex -2.698750e+01 -1.270731e+01 1.984379e+01
      vertex -2.698750e+01 2.545697e+00 1.391844e+01
      vertex -2.698750e+01 2.383419e+00 1.268582e+01
    endloop
  endfacet
  facet normal -1.000000e+00 -7.954557e-08 -5.928024e-11
    outer loop
      vertex -2.698750e+01 4.764669e+00 1.681026e+01
      vertex -2.698750e+01 1.824897e+01 2.540004e+01
      vertex -2.698750e+01 5.913292e+00 1.728604e+01
    endloop
  endfacet
  facet normal -1.000000e+00 -7.954557e-08 -5.928024e-11
    outer loop
      vertex -2.698750e+01 5.913292e+00 1.728604e+01
      vertex -2.698750e+01 1.824897e+01 2.540004e+01
      vertex -2.698750e+01 7.145919e+00 1.744832e+01
    endloop
  endfacet
  facet normal -1.000000e+00 -7.954557e-08 -5.928024e-11
    outer loop
      vertex -2.698750e+01 7.145919e+00 1.744832e+01
      vertex -2.698750e+01 1.824897e+01 2.540004e+01
      vertex -2.698750e+01 8.378544e+00 1.728604e+01
    endloop
  endfacet
  facet normal -1.000000e+00 -7.954557e-08 -5.928024e-11
    outer loop
      vertex -2.698750e+01 8.378544e+00 1.728604e+01
      vertex -2.698750e+01 1.824897e+01 2.540004e+01
      vertex -2.698750e+01 9.527169e+00 1.681026e+01
    endloop
  endfacet
  facet normal -1.000000e+00 -7.954557e-08 -5.928024e-11
    outer loop
      vertex -2.698750e+01 9.527169e+00 1.681026e+01
      vertex -2.698750e+01 1.824897e+01 2.540004e+01
      vertex -2.698750e+01 1.051352e+01 1.605341e+01
    endloop
  endfacet
  facet normal -1.000000e+00 -7.954557e-08 -5.928024e-11
    outer loop
      vertex -2.698750e+01 1.051352e+01 1.605341e+01
      vertex -2.698750e+01 1.824897e+01 2.540004e+01
      vertex -2.698750e+01 1.127036e+01 1.506707e+01
    endloop
  endfacet
  facet normal -1.000000e+00 -7.954557e-08 -5.928024e-11
    outer loop
      vertex -2.698750e+01 1.127036e+01 1.506707e+01
      vertex -2.698750e+01 1.824897e+01 2.540004e+01
      vertex -2.698750e+01 1.174614e+01 1.391844e+01
    endloop
  endfacet
  facet normal -1.000000e+00 -7.954557e-08 -5.928024e-11
    outer loop
      vertex -2.698750e+01 1.174614e+01 1.391844e+01
      vertex -2.698750e+01 1.824897e+01 2.540004e+01
      vertex -2.698750e+01 1.190842e+01 1.268582e+01
    endloop
  endfacet
  facet normal -1.000000e+00 -7.954557e-08 -5.928024e-11
    outer loop
      vertex -2.698750e+01 1.190842e+01 1.268582e+01
      vertex -2.698750e+01 1.824897e+01 2.540004e+01
      vertex -2.698750e+01 1.824897e+01 4.002198e-05
    endloop
  endfacet
  facet normal -1.000000e+00 -7.954557e-08 -5.928024e-11
    outer loop
      vertex -2.698750e+01 1.824897e+01 4.002198e-05
      vertex -2.698750e+01 1.824897e+01 2.540004e+01
      vertex -2.698751e+01 2.301145e+01 4.773323e+00
    endloop
  endfacet
  facet normal -1.000000e+00 -7.954557e-08 -5.928024e-11
    outer loop
      vertex -2.698751e+01 2.301145e+01 4.773323e+00
      vertex -2.698750e+01 1.824897e+01 2.540004e+01
      vertex -2.698751e+01 2.301145e+01 2.064832e+01
    endloop
  endfacet
  facet normal -1.000000e+00 -7.954557e-08 -5.928024e-11
    outer loop
      vertex -2.698750e+01 -2.302606e+01 2.540004e+01
      vertex -2.698750e+01 -1.826356e+01 4.002198e-05
      vertex -2.698750e+01 -2.302606e+01 4.002198e-05
    endloop
  endfacet
  facet normal -1.000000e+00 -7.954557e-08 -5.928024e-11
    outer loop
      vertex -2.698750e+01 -1.826356e+01 4.002198e-05
      vertex -2.698750e+01 -2.302606e+01 2.540004e+01
      vertex -2.698750e+01 -1.826356e+01 2.540004e+01
    endloop
  endfacet
  facet normal -1.000000e+00 -7.954557e-08 -5.928024e-11
    outer loop
      vertex -2.698750e+01 -1.826356e+01 4.002198e-05
      vertex -2.698750e+01 -1.826356e+01 2.540004e+01
      vertex -2.698750e+01 -1.585800e+01 8.454516e+00
    endloop
  endfacet
  facet normal -1.000000e+00 -7.954557e-08 -5.928024e-11
    outer loop
      vertex -2.698750e+01 -1.826356e+01 4.002198e-05
      vertex -2.698750e+01 -1.585800e+01 8.454516e+00
      vertex -2.698750e+01 -1.573310e+01 8.059365e+00
    endloop
  endfacet
  facet normal -1.000000e+00 -7.954557e-08 -5.928024e-11
    outer loop
      vertex -2.698750e+01 -1.826356e+01 4.002198e-05
      vertex -2.698750e+01 -1.573310e+01 8.059365e+00
      vertex -2.698750e+01 -1.551018e+01 7.710004e+00
    endloop
  endfacet
  facet normal -1.000000e+00 -7.954557e-08 -5.928024e-11
    outer loop
      vertex -2.698750e+01 -1.826356e+01 4.002198e-05
      vertex -2.698750e+01 -1.551018e+01 7.710004e+00
      vertex -2.698750e+01 -1.520444e+01 7.430242e+00
    endloop
  endfacet
  facet normal -1.000000e+00 -7.954557e-08 -5.928024e-11
    outer loop
      vertex -2.698750e+01 -1.826356e+01 4.002198e-05
      vertex -2.698750e+01 -1.520444e+01 7.430242e+00
      vertex -2.698750e+01 -1.483671e+01 7.239144e+00
    endloop
  endfacet
  facet normal -1.000000e+00 -7.954557e-08 -5.928024e-11
    outer loop
      vertex -2.698750e+01 -1.826356e+01 4.002198e-05
      vertex -2.698750e+01 -1.483671e+01 7.239144e+00
      vertex -2.698750e+01 -1.443205e+01 7.149734e+00
    endloop
  endfacet
  facet normal -1.000000e+00 -7.954557e-08 -5.928024e-11
    outer loop
      vertex -2.698750e+01 -1.826356e+01 4.002198e-05
      vertex -2.698750e+01 -1.443205e+01 7.149734e+00
      vertex -2.698750e+01 1.824897e+01 4.002198e-05
    endloop
  endfacet
  facet normal -1.000000e+00 -7.954557e-08 -5.928024e-11
    outer loop
      vertex -2.698750e+01 -1.585800e+01 8.454516e+00
      vertex -2.698750e+01 -1.826356e+01 2.540004e+01
      vertex -2.698750e+01 -1.587637e+01 8.868530e+00
    endloop
  endfacet
  facet normal -1.000000e+00 -7.954557e-08 -5.928024e-11
    outer loop
      vertex -2.698750e+01 -1.587637e+01 8.868530e+00
      vertex -2.698750e+01 -1.826356e+01 2.540004e+01
      vertex -2.698750e+01 -1.588231e+01 1.984379e+01
    endloop
  endfacet
  facet normal -1.000000e+00 -7.954557e-08 -5.928024e-11
    outer loop
      vertex -2.698750e+01 1.824897e+01 4.002198e-05
      vertex -2.698750e+01 -1.443205e+01 7.149734e+00
      vertex -2.698750e+01 -1.401804e+01 7.168103e+00
    endloop
  endfacet
  facet normal -1.000000e+00 -7.954557e-08 -5.928024e-11
    outer loop
      vertex -2.698750e+01 1.824897e+01 4.002198e-05
      vertex -2.698750e+01 -1.401804e+01 7.168103e+00
      vertex -2.698750e+01 -1.362289e+01 7.293002e+00
    endloop
  endfacet
  facet normal -1.000000e+00 -7.954557e-08 -5.928024e-11
    outer loop
      vertex -2.698750e+01 1.824897e+01 4.002198e-05
      vertex -2.698750e+01 -1.362289e+01 7.293002e+00
      vertex -2.698750e+01 -1.327352e+01 7.515917e+00
    endloop
  endfacet
  facet normal -1.000000e+00 -7.954557e-08 -5.928024e-11
    outer loop
      vertex -2.698750e+01 1.824897e+01 4.002198e-05
      vertex -2.698750e+01 -1.327352e+01 7.515917e+00
      vertex -2.698750e+01 -1.299376e+01 7.821658e+00
    endloop
  endfacet
  facet normal -1.000000e+00 -7.954557e-08 -5.928024e-11
    outer loop
      vertex -2.698750e+01 1.824897e+01 4.002198e-05
      vertex -2.698750e+01 -1.299376e+01 7.821658e+00
      vertex -2.698750e+01 -1.280266e+01 8.189389e+00
    endloop
  endfacet
  facet normal -1.000000e+00 -7.954557e-08 -5.928024e-11
    outer loop
      vertex -2.698750e+01 1.824897e+01 4.002198e-05
      vertex -2.698750e+01 -1.280266e+01 8.189389e+00
      vertex -2.698750e+01 -1.271325e+01 8.594050e+00
    endloop
  endfacet
  facet normal -1.000000e+00 -7.954557e-08 -5.928024e-11
    outer loop
      vertex -2.698750e+01 1.824897e+01 4.002198e-05
      vertex -2.698750e+01 -1.271325e+01 8.594050e+00
      vertex -2.698750e+01 4.764669e+00 8.561370e+00
    endloop
  endfacet
  facet normal -1.000000e+00 -7.954557e-08 -5.928024e-11
    outer loop
      vertex -2.698750e+01 4.764669e+00 8.561370e+00
      vertex -2.698750e+01 -1.271325e+01 8.594050e+00
      vertex -2.698750e+01 -1.270731e+01 1.984379e+01
    endloop
  endfacet
  facet normal -1.000000e+00 -7.954557e-08 -5.928024e-11
    outer loop
      vertex -2.698750e+01 4.764669e+00 8.561370e+00
      vertex -2.698750e+01 -1.270731e+01 1.984379e+01
      vertex -2.698750e+01 3.778322e+00 9.318220e+00
    endloop
  endfacet
  facet normal -1.000000e+00 -7.954557e-08 -5.928024e-11
    outer loop
      vertex -2.698750e+01 3.778322e+00 9.318220e+00
      vertex -2.698750e+01 -1.270731e+01 1.984379e+01
      vertex -2.698750e+01 3.021472e+00 1.030457e+01
    endloop
  endfacet
  facet normal -1.000000e+00 -7.954557e-08 -5.928024e-11
    outer loop
      vertex -2.698750e+01 3.021472e+00 1.030457e+01
      vertex -2.698750e+01 -1.270731e+01 1.984379e+01
      vertex -2.698750e+01 2.545697e+00 1.145319e+01
    endloop
  endfacet
  facet normal -1.000000e+00 -7.954557e-08 -5.928024e-11
    outer loop
      vertex -2.698750e+01 2.545697e+00 1.145319e+01
      vertex -2.698750e+01 -1.270731e+01 1.984379e+01
      vertex -2.698750e+01 2.383419e+00 1.268582e+01
    endloop
  endfacet
  facet normal -1.000000e+00 -7.954557e-08 -5.928024e-11
    outer loop
      vertex -2.698750e+01 1.824897e+01 4.002198e-05
      vertex -2.698750e+01 4.764669e+00 8.561370e+00
      vertex -2.698750e+01 5.913292e+00 8.085594e+00
    endloop
  endfacet
  facet normal -1.000000e+00 -7.954557e-08 -5.928024e-11
    outer loop
      vertex -2.698750e+01 1.824897e+01 4.002198e-05
      vertex -2.698750e+01 5.913292e+00 8.085594e+00
      vertex -2.698750e+01 7.145919e+00 7.923316e+00
    endloop
  endfacet
  facet normal -1.000000e+00 -7.954557e-08 -5.928024e-11
    outer loop
      vertex -2.698750e+01 1.824897e+01 4.002198e-05
      vertex -2.698750e+01 7.145919e+00 7.923316e+00
      vertex -2.698750e+01 8.378544e+00 8.085594e+00
    endloop
  endfacet
  facet normal -1.000000e+00 -7.954557e-08 -5.928024e-11
    outer loop
      vertex -2.698750e+01 1.824897e+01 4.002198e-05
      vertex -2.698750e+01 8.378544e+00 8.085594e+00
      vertex -2.698750e+01 9.527169e+00 8.561370e+00
    endloop
  endfacet
  facet normal -1.000000e+00 -7.954557e-08 -5.928024e-11
    outer loop
      vertex -2.698750e+01 1.824897e+01 4.002198e-05
      vertex -2.698750e+01 9.527169e+00 8.561370e+00
      vertex -2.698750e+01 1.051352e+01 9.318220e+00
    endloop
  endfacet
  facet normal -1.000000e+00 -7.954557e-08 -5.928024e-11
    outer loop
      vertex -2.698750e+01 1.824897e+01 4.002198e-05
      vertex -2.698750e+01 1.051352e+01 9.318220e+00
      vertex -2.698750e+01 1.127036e+01 1.030457e+01
    endloop
  endfacet
  facet normal -1.000000e+00 -7.954557e-08 -5.928024e-11
    outer loop
      vertex -2.698750e+01 1.824897e+01 4.002198e-05
      vertex -2.698750e+01 1.127036e+01 1.030457e+01
      vertex -2.698750e+01 1.174614e+01 1.145319e+01
    endloop
  endfacet
  facet normal -1.000000e+00 -7.954557e-08 -5.928024e-11
    outer loop
      vertex -2.698750e+01 1.824897e+01 4.002198e-05
      vertex -2.698750e+01 1.174614e+01 1.145319e+01
      vertex -2.698750e+01 1.190842e+01 1.268582e+01
    endloop
  endfacet
  facet normal 1.000000e+00 0.000000e+00 0.000000e+00
    outer loop
      vertex 2.698750e+01 -1.826356e+01 4.428440e-05
      vertex 2.698750e+01 -1.586309e+01 8.502485e+00
      vertex 2.698750e+01 -1.826356e+01 2.540004e+01
    endloop
  endfacet
  facet normal 1.000000e+00 0.000000e+00 0.000000e+00
    outer loop
      vertex 2.698750e+01 -1.586309e+01 8.502485e+00
      vertex 2.698750e+01 -1.826356e+01 4.428440e-05
      vertex 2.698750e+01 -1.574593e+01 8.104973e+00
    endloop
  endfacet
  facet normal 1.000000e+00 0.000000e+00 0.000000e+00
    outer loop
      vertex 2.698750e+01 -1.574593e+01 8.104973e+00
      vertex 2.698750e+01 -1.826356e+01 4.428440e-05
      vertex 2.698750e+01 -1.552987e+01 7.751331e+00
    endloop
  endfacet
  facet normal 1.000000e+00 0.000000e+00 0.000000e+00
    outer loop
      vertex 2.698750e+01 -1.552987e+01 7.751331e+00
      vertex 2.698750e+01 -1.826356e+01 4.428440e-05
      vertex 2.698750e+01 -1.522964e+01 7.465659e+00
    endloop
  endfacet
  facet normal 1.000000e+00 0.000000e+00 0.000000e+00
    outer loop
      vertex 2.698750e+01 -1.522964e+01 7.465659e+00
      vertex 2.698750e+01 -1.826356e+01 4.428440e-05
      vertex 2.698750e+01 -1.486571e+01 7.267425e+00
    endloop
  endfacet
  facet normal 1.000000e+00 0.000000e+00 0.000000e+00
    outer loop
      vertex 2.698750e+01 -1.486571e+01 7.267425e+00
      vertex 2.698750e+01 -1.826356e+01 4.428440e-05
      vertex 2.698750e+01 -1.446287e+01 7.170140e+00
    endloop
  endfacet
  facet normal 1.000000e+00 0.000000e+00 0.000000e+00
    outer loop
      vertex 2.698750e+01 -1.446287e+01 7.170140e+00
      vertex 2.698750e+01 -1.826356e+01 4.428440e-05
      vertex 2.698750e+01 1.824897e+01 4.428440e-05
    endloop
  endfacet
  facet normal 1.000000e+00 0.000000e+00 0.000000e+00
    outer loop
      vertex 2.698750e+01 -1.826356e+01 2.540004e+01
      vertex 2.698750e+01 -1.586309e+01 8.502485e+00
      vertex 2.698750e+01 -1.587339e+01 8.916778e+00
    endloop
  endfacet
  facet normal 1.000000e+00 0.000000e+00 0.000000e+00
    outer loop
      vertex 2.698750e+01 -1.826356e+01 2.540004e+01
      vertex 2.698750e+01 -1.587339e+01 8.916778e+00
      vertex 2.698750e+01 -1.588231e+01 1.986122e+01
    endloop
  endfacet
  facet normal 1.000000e+00 0.000000e+00 0.000000e+00
    outer loop
      vertex 2.698750e+01 -1.446287e+01 7.170140e+00
      vertex 2.698750e+01 1.824897e+01 4.428440e-05
      vertex 2.698750e+01 -1.404857e+01 7.180431e+00
    endloop
  endfacet
  facet normal 1.000000e+00 0.000000e+00 0.000000e+00
    outer loop
      vertex 2.698750e+01 -1.404857e+01 7.180431e+00
      vertex 2.698750e+01 1.824897e+01 4.428440e-05
      vertex 2.698750e+01 -1.365106e+01 7.297599e+00
    endloop
  endfacet
  facet normal 1.000000e+00 0.000000e+00 0.000000e+00
    outer loop
      vertex 2.698750e+01 -1.365106e+01 7.297599e+00
      vertex 2.698750e+01 1.824897e+01 4.428440e-05
      vertex 2.698750e+01 -1.329742e+01 7.513659e+00
    endloop
  endfacet
  facet normal 1.000000e+00 0.000000e+00 0.000000e+00
    outer loop
      vertex 2.698750e+01 -1.329742e+01 7.513659e+00
      vertex 2.698750e+01 1.824897e+01 4.428440e-05
      vertex 2.698750e+01 -1.301175e+01 7.813885e+00
    endloop
  endfacet
  facet normal 1.000000e+00 0.000000e+00 0.000000e+00
    outer loop
      vertex 2.698750e+01 -1.301175e+01 7.813885e+00
      vertex 2.698750e+01 1.824897e+01 4.428440e-05
      vertex 2.698750e+01 -1.293000e+01 7.921238e+00
    endloop
  endfacet
  facet normal 1.000000e+00 0.000000e+00 0.000000e+00
    outer loop
      vertex 2.698750e+01 -1.293000e+01 7.921238e+00
      vertex 2.698750e+01 1.824897e+01 4.428440e-05
      vertex 2.698750e+01 -1.281351e+01 8.177819e+00
    endloop
  endfacet
  facet normal 1.000000e+00 0.000000e+00 0.000000e+00
    outer loop
      vertex 2.698750e+01 -1.281351e+01 8.177819e+00
      vertex 2.698750e+01 1.824897e+01 4.428440e-05
      vertex 2.698750e+01 -1.271623e+01 8.580659e+00
    endloop
  endfacet
  facet normal 1.000000e+00 0.000000e+00 0.000000e+00
    outer loop
      vertex 2.698750e+01 -1.271623e+01 8.580659e+00
      vertex 2.698750e+01 1.824897e+01 4.428440e-05
      vertex 2.698750e+01 4.767720e+00 8.575598e+00
    endloop
  endfacet
  facet normal 1.000000e+00 0.000000e+00 0.000000e+00
    outer loop
      vertex 2.698750e+01 -1.271623e+01 8.580659e+00
      vertex 2.698750e+01 4.767720e+00 8.575598e+00
      vertex 2.698750e+01 -1.270731e+01 1.986122e+01
    endloop
  endfacet
  facet normal 1.000000e+00 0.000000e+00 0.000000e+00
    outer loop
      vertex 2.698750e+01 -1.270731e+01 1.986122e+01
      vertex 2.698750e+01 4.767720e+00 8.575598e+00
      vertex 2.698750e+01 3.781375e+00 9.332449e+00
    endloop
  endfacet
  facet normal 1.000000e+00 0.000000e+00 0.000000e+00
    outer loop
      vertex 2.698750e+01 -1.270731e+01 1.986122e+01
      vertex 2.698750e+01 3.781375e+00 9.332449e+00
      vertex 2.698750e+01 3.024524e+00 1.031879e+01
    endloop
  endfacet
  facet normal 1.000000e+00 0.000000e+00 0.000000e+00
    outer loop
      vertex 2.698750e+01 -1.270731e+01 1.986122e+01
      vertex 2.698750e+01 3.024524e+00 1.031879e+01
      vertex 2.698750e+01 2.548748e+00 1.146742e+01
    endloop
  endfacet
  facet normal 1.000000e+00 0.000000e+00 0.000000e+00
    outer loop
      vertex 2.698750e+01 -1.270731e+01 1.986122e+01
      vertex 2.698750e+01 2.548748e+00 1.146742e+01
      vertex 2.698750e+01 2.386470e+00 1.270004e+01
    endloop
  endfacet
  facet normal 1.000000e+00 0.000000e+00 0.000000e+00
    outer loop
      vertex 2.698750e+01 4.767720e+00 8.575598e+00
      vertex 2.698750e+01 1.824897e+01 4.428440e-05
      vertex 2.698750e+01 5.916345e+00 8.099823e+00
    endloop
  endfacet
  facet normal 1.000000e+00 0.000000e+00 0.000000e+00
    outer loop
      vertex 2.698750e+01 5.916345e+00 8.099823e+00
      vertex 2.698750e+01 1.824897e+01 4.428440e-05
      vertex 2.698750e+01 7.148971e+00 7.937544e+00
    endloop
  endfacet
  facet normal 1.000000e+00 0.000000e+00 0.000000e+00
    outer loop
      vertex 2.698750e+01 7.148971e+00 7.937544e+00
      vertex 2.698750e+01 1.824897e+01 4.428440e-05
      vertex 2.698750e+01 8.381596e+00 8.099823e+00
    endloop
  endfacet
  facet normal 1.000000e+00 0.000000e+00 0.000000e+00
    outer loop
      vertex 2.698750e+01 8.381596e+00 8.099823e+00
      vertex 2.698750e+01 1.824897e+01 4.428440e-05
      vertex 2.698750e+01 9.530221e+00 8.575598e+00
    endloop
  endfacet
  facet normal 1.000000e+00 0.000000e+00 0.000000e+00
    outer loop
      vertex 2.698750e+01 9.530221e+00 8.575598e+00
      vertex 2.698750e+01 1.824897e+01 4.428440e-05
      vertex 2.698750e+01 1.051656e+01 9.332449e+00
    endloop
  endfacet
  facet normal 1.000000e+00 0.000000e+00 0.000000e+00
    outer loop
      vertex 2.698750e+01 1.051656e+01 9.332449e+00
      vertex 2.698750e+01 1.824897e+01 4.428440e-05
      vertex 2.698750e+01 1.127342e+01 1.031879e+01
    endloop
  endfacet
  facet normal 1.000000e+00 0.000000e+00 0.000000e+00
    outer loop
      vertex 2.698750e+01 1.127342e+01 1.031879e+01
      vertex 2.698750e+01 1.824897e+01 4.428440e-05
      vertex 2.698750e+01 1.174919e+01 1.146742e+01
    endloop
  endfacet
  facet normal 1.000000e+00 0.000000e+00 0.000000e+00
    outer loop
      vertex 2.698750e+01 1.174919e+01 1.146742e+01
      vertex 2.698750e+01 1.824897e+01 4.428440e-05
      vertex 2.698750e+01 1.191147e+01 1.270004e+01
    endloop
  endfacet
  facet normal 1.000000e+00 0.000000e+00 0.000000e+00
    outer loop
      vertex 2.698750e+01 -1.826356e+01 2.540004e+01
      vertex 2.698750e+01 -1.429481e+01 2.144872e+01
      vertex 2.698750e+01 1.824897e+01 2.540004e+01
    endloop
  endfacet
  facet normal 1.000000e+00 0.000000e+00 0.000000e+00
    outer loop
      vertex 2.698750e+01 -1.429481e+01 2.144872e+01
      vertex 2.698750e+01 -1.826356e+01 2.540004e+01
      vertex 2.698750e+01 -1.470568e+01 2.139463e+01
    endloop
  endfacet
  facet normal 1.000000e+00 0.000000e+00 0.000000e+00
    outer loop
      vertex 2.698750e+01 -1.470568e+01 2.139463e+01
      vertex 2.698750e+01 -1.826356e+01 2.540004e+01
      vertex 2.698750e+01 -1.508856e+01 2.123603e+01
    endloop
  endfacet
  facet normal 1.000000e+00 0.000000e+00 0.000000e+00
    outer loop
      vertex 2.698750e+01 -1.508856e+01 2.123603e+01
      vertex 2.698750e+01 -1.826356e+01 2.540004e+01
      vertex 2.698750e+01 -1.541734e+01 2.098375e+01
    endloop
  endfacet
  facet normal 1.000000e+00 0.000000e+00 0.000000e+00
    outer loop
      vertex 2.698750e+01 -1.541734e+01 2.098375e+01
      vertex 2.698750e+01 -1.826356e+01 2.540004e+01
      vertex 2.698750e+01 -1.566962e+01 2.065497e+01
    endloop
  endfacet
  facet normal 1.000000e+00 0.000000e+00 0.000000e+00
    outer loop
      vertex 2.698750e+01 -1.566962e+01 2.065497e+01
      vertex 2.698750e+01 -1.826356e+01 2.540004e+01
      vertex 2.698750e+01 -1.582821e+01 2.027209e+01
    endloop
  endfacet
  facet normal 1.000000e+00 0.000000e+00 0.000000e+00
    outer loop
      vertex 2.698750e+01 -1.582821e+01 2.027209e+01
      vertex 2.698750e+01 -1.826356e+01 2.540004e+01
      vertex 2.698750e+01 -1.588231e+01 1.986122e+01
    endloop
  endfacet
  facet normal 1.000000e+00 0.000000e+00 0.000000e+00
    outer loop
      vertex 2.698750e+01 1.824897e+01 2.540004e+01
      vertex 2.698750e+01 -1.429481e+01 2.144872e+01
      vertex 2.698750e+01 -1.388393e+01 2.139463e+01
    endloop
  endfacet
  facet normal 1.000000e+00 0.000000e+00 0.000000e+00
    outer loop
      vertex 2.698750e+01 1.824897e+01 2.540004e+01
      vertex 2.698750e+01 -1.388393e+01 2.139463e+01
      vertex 2.698750e+01 -1.350106e+01 2.123603e+01
    endloop
  endfacet
  facet normal 1.000000e+00 0.000000e+00 0.000000e+00
    outer loop
      vertex 2.698750e+01 1.824897e+01 2.540004e+01
      vertex 2.698750e+01 -1.350106e+01 2.123603e+01
      vertex 2.698750e+01 -1.317228e+01 2.098375e+01
    endloop
  endfacet
  facet normal 1.000000e+00 0.000000e+00 0.000000e+00
    outer loop
      vertex 2.698750e+01 1.824897e+01 2.540004e+01
      vertex 2.698750e+01 -1.317228e+01 2.098375e+01
      vertex 2.698750e+01 -1.291999e+01 2.065497e+01
    endloop
  endfacet
  facet normal 1.000000e+00 0.000000e+00 0.000000e+00
    outer loop
      vertex 2.698750e+01 1.824897e+01 2.540004e+01
      vertex 2.698750e+01 -1.291999e+01 2.065497e+01
      vertex 2.698750e+01 -1.276140e+01 2.027209e+01
    endloop
  endfacet
  facet normal 1.000000e+00 0.000000e+00 0.000000e+00
    outer loop
      vertex 2.698750e+01 1.824897e+01 2.540004e+01
      vertex 2.698750e+01 -1.276140e+01 2.027209e+01
      vertex 2.698750e+01 -1.270731e+01 1.986122e+01
    endloop
  endfacet
  facet normal 1.000000e+00 0.000000e+00 0.000000e+00
    outer loop
      vertex 2.698750e+01 1.824897e+01 2.540004e+01
      vertex 2.698750e+01 -1.270731e+01 1.986122e+01
      vertex 2.698750e+01 4.767720e+00 1.682449e+01
    endloop
  endfacet
  facet normal 1.000000e+00 0.000000e+00 0.000000e+00
    outer loop
      vertex 2.698750e+01 4.767720e+00 1.682449e+01
      vertex 2.698750e+01 -1.270731e+01 1.986122e+01
      vertex 2.698750e+01 3.781375e+00 1.606764e+01
    endloop
  endfacet
  facet normal 1.000000e+00 0.000000e+00 0.000000e+00
    outer loop
      vertex 2.698750e+01 3.781375e+00 1.606764e+01
      vertex 2.698750e+01 -1.270731e+01 1.986122e+01
      vertex 2.698750e+01 3.024524e+00 1.508129e+01
    endloop
  endfacet
  facet normal 1.000000e+00 0.000000e+00 0.000000e+00
    outer loop
      vertex 2.698750e+01 3.024524e+00 1.508129e+01
      vertex 2.698750e+01 -1.270731e+01 1.986122e+01
      vertex 2.698750e+01 2.548748e+00 1.393267e+01
    endloop
  endfacet
  facet normal 1.000000e+00 0.000000e+00 0.000000e+00
    outer loop
      vertex 2.698750e+01 2.548748e+00 1.393267e+01
      vertex 2.698750e+01 -1.270731e+01 1.986122e+01
      vertex 2.698750e+01 2.386470e+00 1.270004e+01
    endloop
  endfacet
  facet normal 1.000000e+00 0.000000e+00 0.000000e+00
    outer loop
      vertex 2.698750e+01 1.824897e+01 2.540004e+01
      vertex 2.698750e+01 4.767720e+00 1.682449e+01
      vertex 2.698750e+01 5.916345e+00 1.730027e+01
    endloop
  endfacet
  facet normal 1.000000e+00 0.000000e+00 0.000000e+00
    outer loop
      vertex 2.698750e+01 1.824897e+01 2.540004e+01
      vertex 2.698750e+01 5.916345e+00 1.730027e+01
      vertex 2.698750e+01 7.148971e+00 1.746254e+01
    endloop
  endfacet
  facet normal 1.000000e+00 0.000000e+00 0.000000e+00
    outer loop
      vertex 2.698750e+01 1.824897e+01 2.540004e+01
      vertex 2.698750e+01 7.148971e+00 1.746254e+01
      vertex 2.698750e+01 8.381596e+00 1.730027e+01
    endloop
  endfacet
  facet normal 1.000000e+00 0.000000e+00 0.000000e+00
    outer loop
      vertex 2.698750e+01 1.824897e+01 2.540004e+01
      vertex 2.698750e+01 8.381596e+00 1.730027e+01
      vertex 2.698750e+01 9.530221e+00 1.682449e+01
    endloop
  endfacet
  facet normal 1.000000e+00 0.000000e+00 0.000000e+00
    outer loop
      vertex 2.698750e+01 1.824897e+01 2.540004e+01
      vertex 2.698750e+01 9.530221e+00 1.682449e+01
      vertex 2.698750e+01 1.051656e+01 1.606764e+01
    endloop
  endfacet
  facet normal 1.000000e+00 0.000000e+00 0.000000e+00
    outer loop
      vertex 2.698750e+01 1.824897e+01 2.540004e+01
      vertex 2.698750e+01 1.051656e+01 1.606764e+01
      vertex 2.698750e+01 1.127342e+01 1.508129e+01
    endloop
  endfacet
  facet normal 1.000000e+00 0.000000e+00 0.000000e+00
    outer loop
      vertex 2.698750e+01 1.824897e+01 2.540004e+01
      vertex 2.698750e+01 1.127342e+01 1.508129e+01
      vertex 2.698750e+01 1.174919e+01 1.393267e+01
    endloop
  endfacet
  facet normal 1.000000e+00 0.000000e+00 0.000000e+00
    outer loop
      vertex 2.698750e+01 1.824897e+01 2.540004e+01
      vertex 2.698750e+01 1.174919e+01 1.393267e+01
      vertex 2.698750e+01 1.191147e+01 1.270004e+01
    endloop
  endfacet
  facet normal 1.000000e+00 0.000000e+00 0.000000e+00
    outer loop
      vertex 2.698750e+01 1.824897e+01 2.540004e+01
      vertex 2.698750e+01 1.191147e+01 1.270004e+01
      vertex 2.698750e+01 1.824897e+01 4.428440e-05
    endloop
  endfacet
  facet normal 1.000000e+00 0.000000e+00 0.000000e+00
    outer loop
      vertex 2.698750e+01 1.824897e+01 2.540004e+01
      vertex 2.698750e+01 1.824897e+01 4.428440e-05
      vertex 2.698750e+01 2.302606e+01 5.022624e+00
    endloop
  endfacet
  facet normal 1.000000e+00 0.000000e+00 0.000000e+00
    outer loop
      vertex 2.698750e+01 1.824897e+01 2.540004e+01
      vertex 2.698750e+01 2.302606e+01 5.022624e+00
      vertex 2.698750e+01 2.302606e+01 2.089762e+01
    endloop
  endfacet
  facet normal 1.000000e+00 0.000000e+00 0.000000e+00
    outer loop
      vertex 2.698750e+01 -1.587339e+01 8.916778e+00
      vertex 2.698750e+01 -1.582821e+01 1.945034e+01
      vertex 2.698750e+01 -1.588231e+01 1.986122e+01
    endloop
  endfacet
  facet normal 1.000000e+00 0.000000e+00 0.000000e+00
    outer loop
      vertex 2.698750e+01 -1.582821e+01 1.945034e+01
      vertex 2.698750e+01 -1.587339e+01 8.916778e+00
      vertex 2.698750e+01 -1.577610e+01 9.319618e+00
    endloop
  endfacet
  facet normal 1.000000e+00 0.000000e+00 0.000000e+00
    outer loop
      vertex 2.698750e+01 -1.582821e+01 1.945034e+01
      vertex 2.698750e+01 -1.577610e+01 9.319618e+00
      vertex 2.698750e+01 -1.566962e+01 1.906747e+01
    endloop
  endfacet
  facet normal 1.000000e+00 0.000000e+00 0.000000e+00
    outer loop
      vertex 2.698750e+01 -1.566962e+01 1.906747e+01
      vertex 2.698750e+01 -1.577610e+01 9.319618e+00
      vertex 2.698750e+01 -1.557787e+01 9.683552e+00
    endloop
  endfacet
  facet normal 1.000000e+00 0.000000e+00 0.000000e+00
    outer loop
      vertex 2.698750e+01 -1.566962e+01 1.906747e+01
      vertex 2.698750e+01 -1.557787e+01 9.683552e+00
      vertex 2.698750e+01 -1.541734e+01 1.873869e+01
    endloop
  endfacet
  facet normal 1.000000e+00 0.000000e+00 0.000000e+00
    outer loop
      vertex 2.698750e+01 -1.541734e+01 1.873869e+01
      vertex 2.698750e+01 -1.557787e+01 9.683552e+00
      vertex 2.698750e+01 -1.529220e+01 9.983779e+00
    endloop
  endfacet
  facet normal 1.000000e+00 0.000000e+00 0.000000e+00
    outer loop
      vertex 2.698750e+01 -1.541734e+01 1.873869e+01
      vertex 2.698750e+01 -1.529220e+01 9.983779e+00
      vertex 2.698750e+01 -1.508856e+01 1.848640e+01
    endloop
  endfacet
  facet normal 1.000000e+00 0.000000e+00 0.000000e+00
    outer loop
      vertex 2.698750e+01 -1.508856e+01 1.848640e+01
      vertex 2.698750e+01 -1.529220e+01 9.983779e+00
      vertex 2.698750e+01 -1.493855e+01 1.019984e+01
    endloop
  endfacet
  facet normal 1.000000e+00 0.000000e+00 0.000000e+00
    outer loop
      vertex 2.698750e+01 -1.508856e+01 1.848640e+01
      vertex 2.698750e+01 -1.493855e+01 1.019984e+01
      vertex 2.698750e+01 -1.470568e+01 1.832781e+01
    endloop
  endfacet
  facet normal 1.000000e+00 0.000000e+00 0.000000e+00
    outer loop
      vertex 2.698750e+01 -1.470568e+01 1.832781e+01
      vertex 2.698750e+01 -1.493855e+01 1.019984e+01
      vertex 2.698750e+01 -1.454104e+01 1.031701e+01
    endloop
  endfacet
  facet normal 1.000000e+00 0.000000e+00 0.000000e+00
    outer loop
      vertex 2.698750e+01 -1.470568e+01 1.832781e+01
      vertex 2.698750e+01 -1.454104e+01 1.031701e+01
      vertex 2.698750e+01 -1.429481e+01 1.827372e+01
    endloop
  endfacet
  facet normal 1.000000e+00 0.000000e+00 0.000000e+00
    outer loop
      vertex 2.698750e+01 -1.429481e+01 1.827372e+01
      vertex 2.698750e+01 -1.454104e+01 1.031701e+01
      vertex 2.698750e+01 -1.412675e+01 1.032730e+01
    endloop
  endfacet
  facet normal 1.000000e+00 0.000000e+00 0.000000e+00
    outer loop
      vertex 2.698750e+01 -1.429481e+01 1.827372e+01
      vertex 2.698750e+01 -1.412675e+01 1.032730e+01
      vertex 2.698750e+01 -1.388393e+01 1.832781e+01
    endloop
  endfacet
  facet normal 1.000000e+00 0.000000e+00 0.000000e+00
    outer loop
      vertex 2.698750e+01 -1.388393e+01 1.832781e+01
      vertex 2.698750e+01 -1.412675e+01 1.032730e+01
      vertex 2.698750e+01 -1.372391e+01 1.023001e+01
    endloop
  endfacet
  facet normal 1.000000e+00 0.000000e+00 0.000000e+00
    outer loop
      vertex 2.698750e+01 -1.388393e+01 1.832781e+01
      vertex 2.698750e+01 -1.372391e+01 1.023001e+01
      vertex 2.698750e+01 -1.350106e+01 1.848640e+01
    endloop
  endfacet
  facet normal 1.000000e+00 0.000000e+00 0.000000e+00
    outer loop
      vertex 2.698750e+01 -1.350106e+01 1.848640e+01
      vertex 2.698750e+01 -1.372391e+01 1.023001e+01
      vertex 2.698750e+01 -1.335997e+01 1.003178e+01
    endloop
  endfacet
  facet normal 1.000000e+00 0.000000e+00 0.000000e+00
    outer loop
      vertex 2.698750e+01 -1.350106e+01 1.848640e+01
      vertex 2.698750e+01 -1.335997e+01 1.003178e+01
      vertex 2.698750e+01 -1.317228e+01 1.873869e+01
    endloop
  endfacet
  facet normal 1.000000e+00 0.000000e+00 0.000000e+00
    outer loop
      vertex 2.698750e+01 -1.317228e+01 1.873869e+01
      vertex 2.698750e+01 -1.335997e+01 1.003178e+01
      vertex 2.698750e+01 -1.305975e+01 9.746107e+00
    endloop
  endfacet
  facet normal 1.000000e+00 0.000000e+00 0.000000e+00
    outer loop
      vertex 2.698750e+01 -1.317228e+01 1.873869e+01
      vertex 2.698750e+01 -1.305975e+01 9.746107e+00
      vertex 2.698750e+01 -1.291999e+01 1.906747e+01
    endloop
  endfacet
  facet normal 1.000000e+00 0.000000e+00 0.000000e+00
    outer loop
      vertex 2.698750e+01 -1.291999e+01 1.906747e+01
      vertex 2.698750e+01 -1.305975e+01 9.746107e+00
      vertex 2.698750e+01 -1.284369e+01 9.392464e+00
    endloop
  endfacet
  facet normal 1.000000e+00 0.000000e+00 0.000000e+00
    outer loop
      vertex 2.698750e+01 -1.291999e+01 1.906747e+01
      vertex 2.698750e+01 -1.284369e+01 9.392464e+00
      vertex 2.698750e+01 -1.276140e+01 1.945034e+01
    endloop
  endfacet
  facet normal 1.000000e+00 0.000000e+00 0.000000e+00
    outer loop
      vertex 2.698750e+01 -1.276140e+01 1.945034e+01
      vertex 2.698750e+01 -1.284369e+01 9.392464e+00
      vertex 2.698750e+01 -1.272652e+01 8.994952e+00
    endloop
  endfacet
  facet normal 1.000000e+00 0.000000e+00 0.000000e+00
    outer loop
      vertex 2.698750e+01 -1.276140e+01 1.945034e+01
      vertex 2.698750e+01 -1.272652e+01 8.994952e+00
      vertex 2.698750e+01 -1.270731e+01 1.986122e+01
    endloop
  endfacet
  facet normal 1.000000e+00 0.000000e+00 0.000000e+00
    outer loop
      vertex 2.698750e+01 -1.270731e+01 1.986122e+01
      vertex 2.698750e+01 -1.272652e+01 8.994952e+00
      vertex 2.698750e+01 -1.271623e+01 8.580659e+00
    endloop
  endfacet
  facet normal -1.000000e+00 0.000000e+00 0.000000e+00
    outer loop
      vertex 2.381250e+01 -1.582821e+01 1.945034e+01
      vertex 2.381250e+01 -1.587339e+01 8.916778e+00
      vertex 2.381250e+01 -1.588231e+01 1.986122e+01
    endloop
  endfacet
  facet normal -1.000000e+00 0.000000e+00 0.000000e+00
    outer loop
      vertex 2.381250e+01 -1.587339e+01 8.916778e+00
      vertex 2.381250e+01 -1.582821e+01 1.945034e+01
      vertex 2.381250e+01 -1.577610e+01 9.319618e+00
    endloop
  endfacet
  facet normal -1.000000e+00 0.000000e+00 0.000000e+00
    outer loop
      vertex 2.381250e+01 -1.577610e+01 9.319618e+00
      vertex 2.381250e+01 -1.582821e+01 1.945034e+01
      vertex 2.381250e+01 -1.566962e+01 1.906747e+01
    endloop
  endfacet
  facet normal -1.000000e+00 0.000000e+00 0.000000e+00
    outer loop
      vertex 2.381250e+01 -1.577610e+01 9.319618e+00
      vertex 2.381250e+01 -1.566962e+01 1.906747e+01
      vertex 2.381250e+01 -1.557787e+01 9.683552e+00
    endloop
  endfacet
  facet normal -1.000000e+00 0.000000e+00 0.000000e+00
    outer loop
      vertex 2.381250e+01 -1.557787e+01 9.683552e+00
      vertex 2.381250e+01 -1.566962e+01 1.906747e+01
      vertex 2.381250e+01 -1.541734e+01 1.873869e+01
    endloop
  endfacet
  facet normal -1.000000e+00 0.000000e+00 0.000000e+00
    outer loop
      vertex 2.381250e+01 -1.557787e+01 9.683552e+00
      vertex 2.381250e+01 -1.541734e+01 1.873869e+01
      vertex 2.381250e+01 -1.529220e+01 9.983779e+00
    endloop
  endfacet
  facet normal -1.000000e+00 0.000000e+00 0.000000e+00
    outer loop
      vertex 2.381250e+01 -1.529220e+01 9.983779e+00
      vertex 2.381250e+01 -1.541734e+01 1.873869e+01
      vertex 2.381250e+01 -1.508856e+01 1.848640e+01
    endloop
  endfacet
  facet normal -1.000000e+00 0.000000e+00 0.000000e+00
    outer loop
      vertex 2.381250e+01 -1.529220e+01 9.983779e+00
      vertex 2.381250e+01 -1.508856e+01 1.848640e+01
      vertex 2.381250e+01 -1.493855e+01 1.019984e+01
    endloop
  endfacet
  facet normal -1.000000e+00 0.000000e+00 0.000000e+00
    outer loop
      vertex 2.381250e+01 -1.493855e+01 1.019984e+01
      vertex 2.381250e+01 -1.508856e+01 1.848640e+01
      vertex 2.381250e+01 -1.470568e+01 1.832781e+01
    endloop
  endfacet
  facet normal -1.000000e+00 0.000000e+00 0.000000e+00
    outer loop
      vertex 2.381250e+01 -1.493855e+01 1.019984e+01
      vertex 2.381250e+01 -1.470568e+01 1.832781e+01
      vertex 2.381250e+01 -1.454104e+01 1.031701e+01
    endloop
  endfacet
  facet normal -1.000000e+00 0.000000e+00 0.000000e+00
    outer loop
      vertex 2.381250e+01 -1.454104e+01 1.031701e+01
      vertex 2.381250e+01 -1.470568e+01 1.832781e+01
      vertex 2.381250e+01 -1.429481e+01 1.827372e+01
    endloop
  endfacet
  facet normal -1.000000e+00 0.000000e+00 0.000000e+00
    outer loop
      vertex 2.381250e+01 -1.454104e+01 1.031701e+01
      vertex 2.381250e+01 -1.429481e+01 1.827372e+01
      vertex 2.381250e+01 -1.412675e+01 1.032730e+01
    endloop
  endfacet
  facet normal -1.000000e+00 0.000000e+00 0.000000e+00
    outer loop
      vertex 2.381250e+01 -1.412675e+01 1.032730e+01
      vertex 2.381250e+01 -1.429481e+01 1.827372e+01
      vertex 2.381250e+01 -1.388393e+01 1.832781e+01
    endloop
  endfacet
  facet normal -1.000000e+00 0.000000e+00 0.000000e+00
    outer loop
      vertex 2.381250e+01 -1.412675e+01 1.032730e+01
      vertex 2.381250e+01 -1.388393e+01 1.832781e+01
      vertex 2.381250e+01 -1.372391e+01 1.023001e+01
    endloop
  endfacet
  facet normal -1.000000e+00 0.000000e+00 0.000000e+00
    outer loop
      vertex 2.381250e+01 -1.372391e+01 1.023001e+01
      vertex 2.381250e+01 -1.388393e+01 1.832781e+01
      vertex 2.381250e+01 -1.350106e+01 1.848640e+01
    endloop
  endfacet
  facet normal -1.000000e+00 0.000000e+00 0.000000e+00
    outer loop
      vertex 2.381250e+01 -1.372391e+01 1.023001e+01
      vertex 2.381250e+01 -1.350106e+01 1.848640e+01
      vertex 2.381250e+01 -1.335997e+01 1.003178e+01
    endloop
  endfacet
  facet normal -1.000000e+00 0.000000e+00 0.000000e+00
    outer loop
      vertex 2.381250e+01 -1.335997e+01 1.003178e+01
      vertex 2.381250e+01 -1.350106e+01 1.848640e+01
      vertex 2.381250e+01 -1.317228e+01 1.873869e+01
    endloop
  endfacet
  facet normal -1.000000e+00 0.000000e+00 0.000000e+00
    outer loop
      vertex 2.381250e+01 -1.335997e+01 1.003178e+01
      vertex 2.381250e+01 -1.317228e+01 1.873869e+01
      vertex 2.381250e+01 -1.305975e+01 9.746107e+00
    endloop
  endfacet
  facet normal -1.000000e+00 0.000000e+00 0.000000e+00
    outer loop
      vertex 2.381250e+01 -1.305975e+01 9.746107e+00
      vertex 2.381250e+01 -1.317228e+01 1.873869e+01
      vertex 2.381250e+01 -1.291999e+01 1.906747e+01
    endloop
  endfacet
  facet normal -1.000000e+00 0.000000e+00 0.000000e+00
    outer loop
      vertex 2.381250e+01 -1.305975e+01 9.746107e+00
      vertex 2.381250e+01 -1.291999e+01 1.906747e+01
      vertex 2.381250e+01 -1.284369e+01 9.392464e+00
    endloop
  endfacet
  facet normal -1.000000e+00 0.000000e+00 0.000000e+00
    outer loop
      vertex 2.381250e+01 -1.284369e+01 9.392464e+00
      vertex 2.381250e+01 -1.291999e+01 1.906747e+01
      vertex 2.381250e+01 -1.276140e+01 1.945034e+01
    endloop
  endfacet
  facet normal -1.000000e+00 0.000000e+00 0.000000e+00
    outer loop
      vertex 2.381250e+01 -1.284369e+01 9.392464e+00
      vertex 2.381250e+01 -1.276140e+01 1.945034e+01
      vertex 2.381250e+01 -1.272652e+01 8.994952e+00
    endloop
  endfacet
  facet normal -1.000000e+00 0.000000e+00 0.000000e+00
    outer loop
      vertex 2.381250e+01 -1.272652e+01 8.994952e+00
      vertex 2.381250e+01 -1.276140e+01 1.945034e+01
      vertex 2.381250e+01 -1.270731e+01 1.986122e+01
    endloop
  endfacet
  facet normal -1.000000e+00 0.000000e+00 0.000000e+00
    outer loop
      vertex 2.381250e+01 -1.272652e+01 8.994952e+00
      vertex 2.381250e+01 -1.270731e+01 1.986122e+01
      vertex 2.381250e+01 -1.271623e+01 8.580659e+00
    endloop
  endfacet
  facet normal -1.000000e+00 0.000000e+00 0.000000e+00
    outer loop
      vertex 2.381250e+01 -1.826353e+01 2.540004e+01
      vertex 2.381250e+01 -1.582821e+01 2.027209e+01
      vertex 2.381250e+01 -1.588231e+01 1.986122e+01
    endloop
  endfacet
  facet normal -1.000000e+00 0.000000e+00 0.000000e+00
    outer loop
      vertex 2.381250e+01 -1.582821e+01 2.027209e+01
      vertex 2.381250e+01 -1.826353e+01 2.540004e+01
      vertex 2.381250e+01 -1.566962e+01 2.065497e+01
    endloop
  endfacet
  facet normal -1.000000e+00 0.000000e+00 0.000000e+00
    outer loop
      vertex 2.381250e+01 -1.566962e+01 2.065497e+01
      vertex 2.381250e+01 -1.826353e+01 2.540004e+01
      vertex 2.381250e+01 -1.541734e+01 2.098375e+01
    endloop
  endfacet
  facet normal -1.000000e+00 0.000000e+00 0.000000e+00
    outer loop
      vertex 2.381250e+01 -1.541734e+01 2.098375e+01
      vertex 2.381250e+01 -1.826353e+01 2.540004e+01
      vertex 2.381250e+01 -1.508856e+01 2.123603e+01
    endloop
  endfacet
  facet normal -1.000000e+00 0.000000e+00 0.000000e+00
    outer loop
      vertex 2.381250e+01 -1.508856e+01 2.123603e+01
      vertex 2.381250e+01 -1.826353e+01 2.540004e+01
      vertex 2.381250e+01 -1.470568e+01 2.139463e+01
    endloop
  endfacet
  facet normal -1.000000e+00 0.000000e+00 0.000000e+00
    outer loop
      vertex 2.381250e+01 -1.470568e+01 2.139463e+01
      vertex 2.381250e+01 -1.826353e+01 2.540004e+01
      vertex 2.381250e+01 -1.429481e+01 2.144872e+01
    endloop
  endfacet
  facet normal -1.000000e+00 0.000000e+00 0.000000e+00
    outer loop
      vertex 2.381250e+01 -1.429481e+01 2.144872e+01
      vertex 2.381250e+01 -1.826353e+01 2.540004e+01
      vertex 2.381250e+01 1.824897e+01 2.540004e+01
    endloop
  endfacet
  facet normal -1.000000e+00 0.000000e+00 0.000000e+00
    outer loop
      vertex 2.381250e+01 -1.429481e+01 2.144872e+01
      vertex 2.381250e+01 1.824897e+01 2.540004e+01
      vertex 2.381250e+01 -1.388393e+01 2.139463e+01
    endloop
  endfacet
  facet normal -1.000000e+00 0.000000e+00 0.000000e+00
    outer loop
      vertex 2.381250e+01 -1.388393e+01 2.139463e+01
      vertex 2.381250e+01 1.824897e+01 2.540004e+01
      vertex 2.381250e+01 -1.350106e+01 2.123603e+01
    endloop
  endfacet
  facet normal -1.000000e+00 0.000000e+00 0.000000e+00
    outer loop
      vertex 2.381250e+01 -1.350106e+01 2.123603e+01
      vertex 2.381250e+01 1.824897e+01 2.540004e+01
      vertex 2.381250e+01 -1.317228e+01 2.098375e+01
    endloop
  endfacet
  facet normal -1.000000e+00 0.000000e+00 0.000000e+00
    outer loop
      vertex 2.381250e+01 -1.317228e+01 2.098375e+01
      vertex 2.381250e+01 1.824897e+01 2.540004e+01
      vertex 2.381250e+01 -1.291999e+01 2.065497e+01
    endloop
  endfacet
  facet normal -1.000000e+00 0.000000e+00 0.000000e+00
    outer loop
      vertex 2.381250e+01 -1.291999e+01 2.065497e+01
      vertex 2.381250e+01 1.824897e+01 2.540004e+01
      vertex 2.381250e+01 -1.276140e+01 2.027209e+01
    endloop
  endfacet
  facet normal -1.000000e+00 0.000000e+00 0.000000e+00
    outer loop
      vertex 2.381250e+01 -1.276140e+01 2.027209e+01
      vertex 2.381250e+01 1.824897e+01 2.540004e+01
      vertex 2.381250e+01 -1.270731e+01 1.986122e+01
    endloop
  endfacet
  facet normal -1.000000e+00 0.000000e+00 0.000000e+00
    outer loop
      vertex 2.381250e+01 -1.270731e+01 1.986122e+01
      vertex 2.381250e+01 1.824897e+01 2.540004e+01
      vertex 2.381250e+01 4.767720e+00 1.682449e+01
    endloop
  endfacet
  facet normal -1.000000e+00 0.000000e+00 0.000000e+00
    outer loop
      vertex 2.381250e+01 -1.270731e+01 1.986122e+01
      vertex 2.381250e+01 4.767720e+00 1.682449e+01
      vertex 2.381250e+01 3.781375e+00 1.606764e+01
    endloop
  endfacet
  facet normal -1.000000e+00 0.000000e+00 0.000000e+00
    outer loop
      vertex 2.381250e+01 -1.270731e+01 1.986122e+01
      vertex 2.381250e+01 3.781375e+00 1.606764e+01
      vertex 2.381250e+01 3.024524e+00 1.508129e+01
    endloop
  endfacet
  facet normal -1.000000e+00 0.000000e+00 0.000000e+00
    outer loop
      vertex 2.381250e+01 -1.270731e+01 1.986122e+01
      vertex 2.381250e+01 3.024524e+00 1.508129e+01
      vertex 2.381250e+01 2.548748e+00 1.393267e+01
    endloop
  endfacet
  facet normal -1.000000e+00 0.000000e+00 0.000000e+00
    outer loop
      vertex 2.381250e+01 -1.270731e+01 1.986122e+01
      vertex 2.381250e+01 2.548748e+00 1.393267e+01
      vertex 2.381250e+01 2.386470e+00 1.270004e+01
    endloop
  endfacet
  facet normal -1.000000e+00 0.000000e+00 0.000000e+00
    outer loop
      vertex 2.381250e+01 4.767720e+00 1.682449e+01
      vertex 2.381250e+01 1.824897e+01 2.540004e+01
      vertex 2.381250e+01 5.916345e+00 1.730027e+01
    endloop
  endfacet
  facet normal -1.000000e+00 0.000000e+00 0.000000e+00
    outer loop
      vertex 2.381250e+01 5.916345e+00 1.730027e+01
      vertex 2.381250e+01 1.824897e+01 2.540004e+01
      vertex 2.381250e+01 7.148971e+00 1.746254e+01
    endloop
  endfacet
  facet normal -1.000000e+00 0.000000e+00 0.000000e+00
    outer loop
      vertex 2.381250e+01 7.148971e+00 1.746254e+01
      vertex 2.381250e+01 1.824897e+01 2.540004e+01
      vertex 2.381250e+01 8.381596e+00 1.730027e+01
    endloop
  endfacet
  facet normal -1.000000e+00 0.000000e+00 0.000000e+00
    outer loop
      vertex 2.381250e+01 8.381596e+00 1.730027e+01
      vertex 2.381250e+01 1.824897e+01 2.540004e+01
      vertex 2.381250e+01 9.530221e+00 1.682449e+01
    endloop
  endfacet
  facet normal -1.000000e+00 0.000000e+00 0.000000e+00
    outer loop
      vertex 2.381250e+01 9.530221e+00 1.682449e+01
      vertex 2.381250e+01 1.824897e+01 2.540004e+01
      vertex 2.381250e+01 1.051656e+01 1.606764e+01
    endloop
  endfacet
  facet normal -1.000000e+00 0.000000e+00 0.000000e+00
    outer loop
      vertex 2.381250e+01 1.051656e+01 1.606764e+01
      vertex 2.381250e+01 1.824897e+01 2.540004e+01
      vertex 2.381250e+01 1.127342e+01 1.508129e+01
    endloop
  endfacet
  facet normal -1.000000e+00 0.000000e+00 0.000000e+00
    outer loop
      vertex 2.381250e+01 1.127342e+01 1.508129e+01
      vertex 2.381250e+01 1.824897e+01 2.540004e+01
      vertex 2.381250e+01 1.174919e+01 1.393267e+01
    endloop
  endfacet
  facet normal -1.000000e+00 0.000000e+00 0.000000e+00
    outer loop
      vertex 2.381250e+01 1.174919e+01 1.393267e+01
      vertex 2.381250e+01 1.824897e+01 2.540004e+01
      vertex 2.381250e+01 1.191147e+01 1.270004e+01
    endloop
  endfacet
  facet normal -1.000000e+00 0.000000e+00 0.000000e+00
    outer loop
      vertex 2.381250e+01 1.191147e+01 1.270004e+01
      vertex 2.381250e+01 1.824897e+01 2.540004e+01
      vertex 2.381250e+01 1.824897e+01 4.428440e-05
    endloop
  endfacet
  facet normal -1.000000e+00 0.000000e+00 0.000000e+00
    outer loop
      vertex 2.381250e+01 1.824897e+01 4.428440e-05
      vertex 2.381250e+01 1.824897e+01 2.540004e+01
      vertex 2.381250e+01 2.302606e+01 5.022624e+00
    endloop
  endfacet
  facet normal -1.000000e+00 0.000000e+00 0.000000e+00
    outer loop
      vertex 2.381250e+01 2.302606e+01 5.022624e+00
      vertex 2.381250e+01 1.824897e+01 2.540004e+01
      vertex 2.381250e+01 2.302606e+01 2.089762e+01
    endloop
  endfacet
  facet normal -1.000000e+00 0.000000e+00 0.000000e+00
    outer loop
      vertex 2.381250e+01 -1.826353e+01 2.540004e+01
      vertex 2.381250e+01 -1.508853e+01 4.428440e-05
      vertex 2.381250e+01 -1.826353e+01 4.428440e-05
    endloop
  endfacet
  facet normal -1.000000e+00 0.000000e+00 0.000000e+00
    outer loop
      vertex 2.381250e+01 -1.508853e+01 4.428440e-05
      vertex 2.381250e+01 -1.826353e+01 2.540004e+01
      vertex 2.381250e+01 -1.586309e+01 8.502485e+00
    endloop
  endfacet
  facet normal -1.000000e+00 0.000000e+00 0.000000e+00
    outer loop
      vertex 2.381250e+01 -1.586309e+01 8.502485e+00
      vertex 2.381250e+01 -1.826353e+01 2.540004e+01
      vertex 2.381250e+01 -1.587339e+01 8.916778e+00
    endloop
  endfacet
  facet normal -1.000000e+00 0.000000e+00 0.000000e+00
    outer loop
      vertex 2.381250e+01 -1.587339e+01 8.916778e+00
      vertex 2.381250e+01 -1.826353e+01 2.540004e+01
      vertex 2.381250e+01 -1.588231e+01 1.986122e+01
    endloop
  endfacet
  facet normal -1.000000e+00 0.000000e+00 0.000000e+00
    outer loop
      vertex 2.381250e+01 -1.508853e+01 4.428440e-05
      vertex 2.381250e+01 -1.586309e+01 8.502485e+00
      vertex 2.381250e+01 -1.574593e+01 8.104973e+00
    endloop
  endfacet
  facet normal -1.000000e+00 0.000000e+00 0.000000e+00
    outer loop
      vertex 2.381250e+01 -1.508853e+01 4.428440e-05
      vertex 2.381250e+01 -1.574593e+01 8.104973e+00
      vertex 2.381250e+01 -1.552987e+01 7.751331e+00
    endloop
  endfacet
  facet normal -1.000000e+00 0.000000e+00 0.000000e+00
    outer loop
      vertex 2.381250e+01 -1.508853e+01 4.428440e-05
      vertex 2.381250e+01 -1.552987e+01 7.751331e+00
      vertex 2.381250e+01 -1.522964e+01 7.465659e+00
    endloop
  endfacet
  facet normal -1.000000e+00 0.000000e+00 0.000000e+00
    outer loop
      vertex 2.381250e+01 -1.508853e+01 4.428440e-05
      vertex 2.381250e+01 -1.522964e+01 7.465659e+00
      vertex 2.381250e+01 -1.486571e+01 7.267425e+00
    endloop
  endfacet
  facet normal -1.000000e+00 0.000000e+00 0.000000e+00
    outer loop
      vertex 2.381250e+01 -1.508853e+01 4.428440e-05
      vertex 2.381250e+01 -1.486571e+01 7.267425e+00
      vertex 2.381250e+01 -1.446287e+01 7.170140e+00
    endloop
  endfacet
  facet normal -1.000000e+00 0.000000e+00 0.000000e+00
    outer loop
      vertex 2.381250e+01 -1.508853e+01 4.428440e-05
      vertex 2.381250e+01 -1.446287e+01 7.170140e+00
      vertex 2.381250e+01 1.824897e+01 4.428440e-05
    endloop
  endfacet
  facet normal -1.000000e+00 0.000000e+00 0.000000e+00
    outer loop
      vertex 2.381250e+01 1.824897e+01 4.428440e-05
      vertex 2.381250e+01 -1.446287e+01 7.170140e+00
      vertex 2.381250e+01 -1.404857e+01 7.180431e+00
    endloop
  endfacet
  facet normal -1.000000e+00 0.000000e+00 0.000000e+00
    outer loop
      vertex 2.381250e+01 1.824897e+01 4.428440e-05
      vertex 2.381250e+01 -1.404857e+01 7.180431e+00
      vertex 2.381250e+01 -1.365106e+01 7.297599e+00
    endloop
  endfacet
  facet normal -1.000000e+00 0.000000e+00 0.000000e+00
    outer loop
      vertex 2.381250e+01 1.824897e+01 4.428440e-05
      vertex 2.381250e+01 -1.365106e+01 7.297599e+00
      vertex 2.381250e+01 -1.329742e+01 7.513659e+00
    endloop
  endfacet
  facet normal -1.000000e+00 0.000000e+00 0.000000e+00
    outer loop
      vertex 2.381250e+01 1.824897e+01 4.428440e-05
      vertex 2.381250e+01 -1.329742e+01 7.513659e+00
      vertex 2.381250e+01 -1.301175e+01 7.813885e+00
    endloop
  endfacet
  facet normal -1.000000e+00 0.000000e+00 0.000000e+00
    outer loop
      vertex 2.381250e+01 1.824897e+01 4.428440e-05
      vertex 2.381250e+01 -1.301175e+01 7.813885e+00
      vertex 2.381250e+01 -1.293000e+01 7.921238e+00
    endloop
  endfacet
  facet normal -1.000000e+00 0.000000e+00 0.000000e+00
    outer loop
      vertex 2.381250e+01 1.824897e+01 4.428440e-05
      vertex 2.381250e+01 -1.293000e+01 7.921238e+00
      vertex 2.381250e+01 -1.281351e+01 8.177819e+00
    endloop
  endfacet
  facet normal -1.000000e+00 0.000000e+00 0.000000e+00
    outer loop
      vertex 2.381250e+01 1.824897e+01 4.428440e-05
      vertex 2.381250e+01 -1.281351e+01 8.177819e+00
      vertex 2.381250e+01 -1.271623e+01 8.580659e+00
    endloop
  endfacet
  facet normal -1.000000e+00 0.000000e+00 0.000000e+00
    outer loop
      vertex 2.381250e+01 1.824897e+01 4.428440e-05
      vertex 2.381250e+01 -1.271623e+01 8.580659e+00
      vertex 2.381250e+01 4.767720e+00 8.575598e+00
    endloop
  endfacet
  facet normal -1.000000e+00 0.000000e+00 0.000000e+00
    outer loop
      vertex 2.381250e+01 4.767720e+00 8.575598e+00
      vertex 2.381250e+01 -1.271623e+01 8.580659e+00
      vertex 2.381250e+01 -1.270731e+01 1.986122e+01
    endloop
  endfacet
  facet normal -1.000000e+00 0.000000e+00 0.000000e+00
    outer loop
      vertex 2.381250e+01 4.767720e+00 8.575598e+00
      vertex 2.381250e+01 -1.270731e+01 1.986122e+01
      vertex 2.381250e+01 3.781375e+00 9.332449e+00
    endloop
  endfacet
  facet normal -1.000000e+00 0.000000e+00 0.000000e+00
    outer loop
      vertex 2.381250e+01 3.781375e+00 9.332449e+00
      vertex 2.381250e+01 -1.270731e+01 1.986122e+01
      vertex 2.381250e+01 3.024524e+00 1.031879e+01
    endloop
  endfacet
  facet normal -1.000000e+00 0.000000e+00 0.000000e+00
    outer loop
      vertex 2.381250e+01 3.024524e+00 1.031879e+01
      vertex 2.381250e+01 -1.270731e+01 1.986122e+01
      vertex 2.381250e+01 2.548748e+00 1.146742e+01
    endloop
  endfacet
  facet normal -1.000000e+00 0.000000e+00 0.000000e+00
    outer loop
      vertex 2.381250e+01 2.548748e+00 1.146742e+01
      vertex 2.381250e+01 -1.270731e+01 1.986122e+01
      vertex 2.381250e+01 2.386470e+00 1.270004e+01
    endloop
  endfacet
  facet normal -1.000000e+00 0.000000e+00 0.000000e+00
    outer loop
      vertex 2.381250e+01 1.824897e+01 4.428440e-05
      vertex 2.381250e+01 4.767720e+00 8.575598e+00
      vertex 2.381250e+01 5.916345e+00 8.099823e+00
    endloop
  endfacet
  facet normal -1.000000e+00 0.000000e+00 0.000000e+00
    outer loop
      vertex 2.381250e+01 1.824897e+01 4.428440e-05
      vertex 2.381250e+01 5.916345e+00 8.099823e+00
      vertex 2.381250e+01 7.148971e+00 7.937544e+00
    endloop
  endfacet
  facet normal -1.000000e+00 0.000000e+00 0.000000e+00
    outer loop
      vertex 2.381250e+01 1.824897e+01 4.428440e-05
      vertex 2.381250e+01 7.148971e+00 7.937544e+00
      vertex 2.381250e+01 8.381596e+00 8.099823e+00
    endloop
  endfacet
  facet normal -1.000000e+00 0.000000e+00 0.000000e+00
    outer loop
      vertex 2.381250e+01 1.824897e+01 4.428440e-05
      vertex 2.381250e+01 8.381596e+00 8.099823e+00
      vertex 2.381250e+01 9.530221e+00 8.575598e+00
    endloop
  endfacet
  facet normal -1.000000e+00 0.000000e+00 0.000000e+00
    outer loop
      vertex 2.381250e+01 1.824897e+01 4.428440e-05
      vertex 2.381250e+01 9.530221e+00 8.575598e+00
      vertex 2.381250e+01 1.051656e+01 9.332449e+00
    endloop
  endfacet
  facet normal -1.000000e+00 0.000000e+00 0.000000e+00
    outer loop
      vertex 2.381250e+01 1.824897e+01 4.428440e-05
      vertex 2.381250e+01 1.051656e+01 9.332449e+00
      vertex 2.381250e+01 1.127342e+01 1.031879e+01
    endloop
  endfacet
  facet normal -1.000000e+00 0.000000e+00 0.000000e+00
    outer loop
      vertex 2.381250e+01 1.824897e+01 4.428440e-05
      vertex 2.381250e+01 1.127342e+01 1.031879e+01
      vertex 2.381250e+01 1.174919e+01 1.146742e+01
    endloop
  endfacet
  facet normal -1.000000e+00 0.000000e+00 0.000000e+00
    outer loop
      vertex 2.381250e+01 1.824897e+01 4.428440e-05
      vertex 2.381250e+01 1.174919e+01 1.146742e+01
      vertex 2.381250e+01 1.191147e+01 1.270004e+01
    endloop
  endfacet
  facet normal 0.000000e+00 6.087614e-01 -7.933533e-01
    outer loop
      vertex 2.698750e+01 4.767720e+00 1.682449e+01
      vertex 2.381250e+01 3.781375e+00 1.606764e+01
      vertex 2.381250e+01 4.767720e+00 1.682449e+01
    endloop
  endfacet
  facet normal 0.000000e+00 6.087614e-01 -7.933533e-01
    outer loop
      vertex 2.381250e+01 3.781375e+00 1.606764e+01
      vertex 2.698750e+01 4.767720e+00 1.682449e+01
      vertex 2.698750e+01 3.781375e+00 1.606764e+01
    endloop
  endfacet
  facet normal -2.503382e-30 7.933533e-01 -6.087614e-01
    outer loop
      vertex 2.381250e+01 3.781375e+00 1.606764e+01
      vertex 2.698750e+01 3.024524e+00 1.508129e+01
      vertex 2.381250e+01 3.024524e+00 1.508129e+01
    endloop
  endfacet
  facet normal -2.503382e-30 7.933533e-01 -6.087614e-01
    outer loop
      vertex 2.698750e+01 3.024524e+00 1.508129e+01
      vertex 2.381250e+01 3.781375e+00 1.606764e+01
      vertex 2.698750e+01 3.781375e+00 1.606764e+01
    endloop
  endfacet
  facet normal 1.699456e-16 9.238795e-01 -3.826834e-01
    outer loop
      vertex 2.381250e+01 3.024524e+00 1.508129e+01
      vertex 2.698750e+01 2.548748e+00 1.393267e+01
      vertex 2.381250e+01 2.548748e+00 1.393267e+01
    endloop
  endfacet
  facet normal 1.699456e-16 9.238795e-01 -3.826834e-01
    outer loop
      vertex 2.698750e+01 2.548748e+00 1.393267e+01
      vertex 2.381250e+01 3.024524e+00 1.508129e+01
      vertex 2.698750e+01 3.024524e+00 1.508129e+01
    endloop
  endfacet
  facet normal 5.796527e-17 9.914448e-01 -1.305262e-01
    outer loop
      vertex 2.381250e+01 2.548748e+00 1.393267e+01
      vertex 2.698750e+01 2.386470e+00 1.270004e+01
      vertex 2.381250e+01 2.386470e+00 1.270004e+01
    endloop
  endfacet
  facet normal 5.796527e-17 9.914448e-01 -1.305262e-01
    outer loop
      vertex 2.698750e+01 2.386470e+00 1.270004e+01
      vertex 2.381250e+01 2.548748e+00 1.393267e+01
      vertex 2.698750e+01 2.548748e+00 1.393267e+01
    endloop
  endfacet
  facet normal 1.029670e-31 9.914448e-01 1.305262e-01
    outer loop
      vertex 2.381250e+01 2.386470e+00 1.270004e+01
      vertex 2.698750e+01 2.548748e+00 1.146742e+01
      vertex 2.381250e+01 2.548748e+00 1.146742e+01
    endloop
  endfacet
  facet normal 1.029670e-31 9.914448e-01 1.305262e-01
    outer loop
      vertex 2.698750e+01 2.548748e+00 1.146742e+01
      vertex 2.381250e+01 2.386470e+00 1.270004e+01
      vertex 2.698750e+01 2.386470e+00 1.270004e+01
    endloop
  endfacet
  facet normal 0.000000e+00 9.238795e-01 3.826834e-01
    outer loop
      vertex 2.381250e+01 2.548748e+00 1.146742e+01
      vertex 2.698750e+01 3.024524e+00 1.031879e+01
      vertex 2.381250e+01 3.024524e+00 1.031879e+01
    endloop
  endfacet
  facet normal 0.000000e+00 9.238795e-01 3.826834e-01
    outer loop
      vertex 2.698750e+01 3.024524e+00 1.031879e+01
      vertex 2.381250e+01 2.548748e+00 1.146742e+01
      vertex 2.698750e+01 2.548748e+00 1.146742e+01
    endloop
  endfacet
  facet normal -4.802281e-31 7.933533e-01 6.087614e-01
    outer loop
      vertex 2.381250e+01 3.024524e+00 1.031879e+01
      vertex 2.698750e+01 3.781375e+00 9.332449e+00
      vertex 2.381250e+01 3.781375e+00 9.332449e+00
    endloop
  endfacet
  facet normal -4.802281e-31 7.933533e-01 6.087614e-01
    outer loop
      vertex 2.698750e+01 3.781375e+00 9.332449e+00
      vertex 2.381250e+01 3.024524e+00 1.031879e+01
      vertex 2.698750e+01 3.024524e+00 1.031879e+01
    endloop
  endfacet
  facet normal 0.000000e+00 6.087614e-01 7.933533e-01
    outer loop
      vertex 2.698750e+01 3.781375e+00 9.332449e+00
      vertex 2.381250e+01 4.767720e+00 8.575598e+00
      vertex 2.381250e+01 3.781375e+00 9.332449e+00
    endloop
  endfacet
  facet normal 0.000000e+00 6.087614e-01 7.933533e-01
    outer loop
      vertex 2.381250e+01 4.767720e+00 8.575598e+00
      vertex 2.698750e+01 3.781375e+00 9.332449e+00
      vertex 2.698750e+01 4.767720e+00 8.575598e+00
    endloop
  endfacet
  facet normal 0.000000e+00 3.826834e-01 9.238795e-01
    outer loop
      vertex 2.698750e+01 4.767720e+00 8.575598e+00
      vertex 2.381250e+01 5.916345e+00 8.099823e+00
      vertex 2.381250e+01 4.767720e+00 8.575598e+00
    endloop
  endfacet
  facet normal 0.000000e+00 3.826834e-01 9.238795e-01
    outer loop
      vertex 2.381250e+01 5.916345e+00 8.099823e+00
      vertex 2.698750e+01 4.767720e+00 8.575598e+00
      vertex 2.698750e+01 5.916345e+00 8.099823e+00
    endloop
  endfacet
  facet normal 0.000000e+00 1.305262e-01 9.914448e-01
    outer loop
      vertex 2.698750e+01 5.916345e+00 8.099823e+00
      vertex 2.381250e+01 7.148971e+00 7.937544e+00
      vertex 2.381250e+01 5.916345e+00 8.099823e+00
    endloop
  endfacet
  facet normal 0.000000e+00 1.305262e-01 9.914448e-01
    outer loop
      vertex 2.381250e+01 7.148971e+00 7.937544e+00
      vertex 2.698750e+01 5.916345e+00 8.099823e+00
      vertex 2.698750e+01 7.148971e+00 7.937544e+00
    endloop
  endfacet
  facet normal -1.159305e-16 -1.305262e-01 9.914448e-01
    outer loop
      vertex 2.698750e+01 7.148971e+00 7.937544e+00
      vertex 2.381250e+01 8.381596e+00 8.099823e+00
      vertex 2.381250e+01 7.148971e+00 7.937544e+00
    endloop
  endfacet
  facet normal -1.159305e-16 -1.305262e-01 9.914448e-01
    outer loop
      vertex 2.381250e+01 8.381596e+00 8.099823e+00
      vertex 2.698750e+01 7.148971e+00 7.937544e+00
      vertex 2.698750e+01 8.381596e+00 8.099823e+00
    endloop
  endfacet
  facet normal -3.398911e-16 -3.826834e-01 9.238795e-01
    outer loop
      vertex 2.698750e+01 8.381596e+00 8.099823e+00
      vertex 2.381250e+01 9.530221e+00 8.575598e+00
      vertex 2.381250e+01 8.381596e+00 8.099823e+00
    endloop
  endfacet
  facet normal -3.398911e-16 -3.826834e-01 9.238795e-01
    outer loop
      vertex 2.381250e+01 9.530221e+00 8.575598e+00
      vertex 2.698750e+01 8.381596e+00 8.099823e+00
      vertex 2.698750e+01 9.530221e+00 8.575598e+00
    endloop
  endfacet
  facet normal 0.000000e+00 -6.087614e-01 7.933533e-01
    outer loop
      vertex 2.698750e+01 9.530221e+00 8.575598e+00
      vertex 2.381250e+01 1.051656e+01 9.332449e+00
      vertex 2.381250e+01 9.530221e+00 8.575598e+00
    endloop
  endfacet
  facet normal 0.000000e+00 -6.087614e-01 7.933533e-01
    outer loop
      vertex 2.381250e+01 1.051656e+01 9.332449e+00
      vertex 2.698750e+01 9.530221e+00 8.575598e+00
      vertex 2.698750e+01 1.051656e+01 9.332449e+00
    endloop
  endfacet
  facet normal 0.000000e+00 -7.933533e-01 6.087614e-01
    outer loop
      vertex 2.698750e+01 1.127342e+01 1.031879e+01
      vertex 2.381250e+01 1.051656e+01 9.332449e+00
      vertex 2.698750e+01 1.051656e+01 9.332449e+00
    endloop
  endfacet
  facet normal 0.000000e+00 -7.933533e-01 6.087614e-01
    outer loop
      vertex 2.381250e+01 1.051656e+01 9.332449e+00
      vertex 2.698750e+01 1.127342e+01 1.031879e+01
      vertex 2.381250e+01 1.127342e+01 1.031879e+01
    endloop
  endfacet
  facet normal 0.000000e+00 -9.238795e-01 3.826834e-01
    outer loop
      vertex 2.698750e+01 1.174919e+01 1.146742e+01
      vertex 2.381250e+01 1.127342e+01 1.031879e+01
      vertex 2.698750e+01 1.127342e+01 1.031879e+01
    endloop
  endfacet
  facet normal 0.000000e+00 -9.238795e-01 3.826834e-01
    outer loop
      vertex 2.381250e+01 1.127342e+01 1.031879e+01
      vertex 2.698750e+01 1.174919e+01 1.146742e+01
      vertex 2.381250e+01 1.174919e+01 1.146742e+01
    endloop
  endfacet
  facet normal 0.000000e+00 -9.914448e-01 1.305262e-01
    outer loop
      vertex 2.698750e+01 1.191147e+01 1.270004e+01
      vertex 2.381250e+01 1.174919e+01 1.146742e+01
      vertex 2.698750e+01 1.174919e+01 1.146742e+01
    endloop
  endfacet
  facet normal 0.000000e+00 -9.914448e-01 1.305262e-01
    outer loop
      vertex 2.381250e+01 1.174919e+01 1.146742e+01
      vertex 2.698750e+01 1.191147e+01 1.270004e+01
      vertex 2.381250e+01 1.191147e+01 1.270004e+01
    endloop
  endfacet
  facet normal 0.000000e+00 -9.914448e-01 -1.305262e-01
    outer loop
      vertex 2.698750e+01 1.174919e+01 1.393267e+01
      vertex 2.381250e+01 1.191147e+01 1.270004e+01
      vertex 2.698750e+01 1.191147e+01 1.270004e+01
    endloop
  endfacet
  facet normal 0.000000e+00 -9.914448e-01 -1.305262e-01
    outer loop
      vertex 2.381250e+01 1.191147e+01 1.270004e+01
      vertex 2.698750e+01 1.174919e+01 1.393267e+01
      vertex 2.381250e+01 1.174919e+01 1.393267e+01
    endloop
  endfacet
  facet normal 0.000000e+00 -9.238795e-01 -3.826834e-01
    outer loop
      vertex 2.698750e+01 1.127342e+01 1.508129e+01
      vertex 2.381250e+01 1.174919e+01 1.393267e+01
      vertex 2.698750e+01 1.174919e+01 1.393267e+01
    endloop
  endfacet
  facet normal 0.000000e+00 -9.238795e-01 -3.826834e-01
    outer loop
      vertex 2.381250e+01 1.174919e+01 1.393267e+01
      vertex 2.698750e+01 1.127342e+01 1.508129e+01
      vertex 2.381250e+01 1.127342e+01 1.508129e+01
    endloop
  endfacet
  facet normal -7.046393e-16 -7.933533e-01 -6.087614e-01
    outer loop
      vertex 2.698750e+01 1.051656e+01 1.606764e+01
      vertex 2.381250e+01 1.127342e+01 1.508129e+01
      vertex 2.698750e+01 1.127342e+01 1.508129e+01
    endloop
  endfacet
  facet normal -7.046393e-16 -7.933533e-01 -6.087614e-01
    outer loop
      vertex 2.381250e+01 1.127342e+01 1.508129e+01
      vertex 2.698750e+01 1.051656e+01 1.606764e+01
      vertex 2.381250e+01 1.051656e+01 1.606764e+01
    endloop
  endfacet
  facet normal -5.406888e-16 -6.087614e-01 -7.933533e-01
    outer loop
      vertex 2.698750e+01 1.051656e+01 1.606764e+01
      vertex 2.381250e+01 9.530221e+00 1.682449e+01
      vertex 2.381250e+01 1.051656e+01 1.606764e+01
    endloop
  endfacet
  facet normal -5.406888e-16 -6.087614e-01 -7.933533e-01
    outer loop
      vertex 2.381250e+01 9.530221e+00 1.682449e+01
      vertex 2.698750e+01 1.051656e+01 1.606764e+01
      vertex 2.698750e+01 9.530221e+00 1.682449e+01
    endloop
  endfacet
  facet normal -3.398911e-16 -3.826834e-01 -9.238795e-01
    outer loop
      vertex 2.698750e+01 9.530221e+00 1.682449e+01
      vertex 2.381250e+01 8.381596e+00 1.730027e+01
      vertex 2.381250e+01 9.530221e+00 1.682449e+01
    endloop
  endfacet
  facet normal -3.398911e-16 -3.826834e-01 -9.238795e-01
    outer loop
      vertex 2.381250e+01 8.381596e+00 1.730027e+01
      vertex 2.698750e+01 9.530221e+00 1.682449e+01
      vertex 2.698750e+01 8.381596e+00 1.730027e+01
    endloop
  endfacet
  facet normal -1.159305e-16 -1.305262e-01 -9.914448e-01
    outer loop
      vertex 2.698750e+01 8.381596e+00 1.730027e+01
      vertex 2.381250e+01 7.148971e+00 1.746254e+01
      vertex 2.381250e+01 8.381596e+00 1.730027e+01
    endloop
  endfacet
  facet normal -1.159305e-16 -1.305262e-01 -9.914448e-01
    outer loop
      vertex 2.381250e+01 7.148971e+00 1.746254e+01
      vertex 2.698750e+01 8.381596e+00 1.730027e+01
      vertex 2.698750e+01 7.148971e+00 1.746254e+01
    endloop
  endfacet
  facet normal 0.000000e+00 1.305262e-01 -9.914448e-01
    outer loop
      vertex 2.698750e+01 7.148971e+00 1.746254e+01
      vertex 2.381250e+01 5.916345e+00 1.730027e+01
      vertex 2.381250e+01 7.148971e+00 1.746254e+01
    endloop
  endfacet
  facet normal 0.000000e+00 1.305262e-01 -9.914448e-01
    outer loop
      vertex 2.381250e+01 5.916345e+00 1.730027e+01
      vertex 2.698750e+01 7.148971e+00 1.746254e+01
      vertex 2.698750e+01 5.916345e+00 1.730027e+01
    endloop
  endfacet
  facet normal 0.000000e+00 3.826834e-01 -9.238795e-01
    outer loop
      vertex 2.698750e+01 5.916345e+00 1.730027e+01
      vertex 2.381250e+01 4.767720e+00 1.682449e+01
      vertex 2.381250e+01 5.916345e+00 1.730027e+01
    endloop
  endfacet
  facet normal 0.000000e+00 3.826834e-01 -9.238795e-01
    outer loop
      vertex 2.381250e+01 4.767720e+00 1.682449e+01
      vertex 2.698750e+01 5.916345e+00 1.730027e+01
      vertex 2.698750e+01 4.767720e+00 1.682449e+01
    endloop
  endfacet
  facet normal 0.000000e+00 1.000000e+00 0.000000e+00
    outer loop
      vertex 2.381250e+01 2.302606e+01 2.089762e+01
      vertex 2.698750e+01 2.302606e+01 5.022624e+00
      vertex 2.381250e+01 2.302606e+01 5.022624e+00
    endloop
  endfacet
  facet normal 0.000000e+00 1.000000e+00 0.000000e+00
    outer loop
      vertex 2.698750e+01 2.302606e+01 5.022624e+00
      vertex 2.381250e+01 2.302606e+01 2.089762e+01
      vertex 2.698750e+01 2.302606e+01 2.089762e+01
    endloop
  endfacet
endsolid Default
