solid Default
  facet normal 1.921878e-06 9.238795e-01 3.826834e-01
    outer loop
      vertex -2.705014e+01 1.151473e+01 1.145319e+01
      vertex -2.385982e+01 1.199050e+01 1.030456e+01
      vertex -2.705014e+01 1.199051e+01 1.030456e+01
    endloop
  endfacet
  facet normal 1.921878e-06 9.238795e-01 3.826834e-01
    outer loop
      vertex -2.385982e+01 1.199050e+01 1.030456e+01
      vertex -2.705014e+01 1.151473e+01 1.145319e+01
      vertex -2.385982e+01 1.151473e+01 1.145319e+01
    endloop
  endfacet
  facet normal 2.062429e-06 9.914448e-01 1.305262e-01
    outer loop
      vertex -2.705014e+01 1.135246e+01 1.268581e+01
      vertex -2.385982e+01 1.151473e+01 1.145319e+01
      vertex -2.705014e+01 1.151473e+01 1.145319e+01
    endloop
  endfacet
  facet normal 2.062429e-06 9.914448e-01 1.305262e-01
    outer loop
      vertex -2.385982e+01 1.151473e+01 1.145319e+01
      vertex -2.705014e+01 1.135246e+01 1.268581e+01
      vertex -2.385982e+01 1.135245e+01 1.268581e+01
    endloop
  endfacet
  facet normal 7.960678e-07 3.826834e-01 9.238795e-01
    outer loop
      vertex -2.385982e+01 1.373370e+01 8.561368e+00
      vertex -2.705014e+01 1.488233e+01 8.085593e+00
      vertex -2.705014e+01 1.373371e+01 8.561368e+00
    endloop
  endfacet
  facet normal 7.960678e-07 3.826834e-01 9.238795e-01
    outer loop
      vertex -2.705014e+01 1.488233e+01 8.085593e+00
      vertex -2.385982e+01 1.373370e+01 8.561368e+00
      vertex -2.385982e+01 1.488232e+01 8.085593e+00
    endloop
  endfacet
  facet normal -1.266361e-06 -6.087614e-01 7.933533e-01
    outer loop
      vertex -2.385982e+01 1.849620e+01 8.561368e+00
      vertex -2.705014e+01 1.948255e+01 9.318219e+00
      vertex -2.705014e+01 1.849621e+01 8.561368e+00
    endloop
  endfacet
  facet normal -1.266361e-06 -6.087614e-01 7.933533e-01
    outer loop
      vertex -2.705014e+01 1.948255e+01 9.318219e+00
      vertex -2.385982e+01 1.849620e+01 8.561368e+00
      vertex -2.385982e+01 1.948254e+01 9.318219e+00
    endloop
  endfacet
  facet normal 1.266361e-06 6.087614e-01 7.933533e-01
    outer loop
      vertex -2.385982e+01 1.274735e+01 9.318219e+00
      vertex -2.705014e+01 1.373371e+01 8.561368e+00
      vertex -2.705014e+01 1.274736e+01 9.318219e+00
    endloop
  endfacet
  facet normal 1.266361e-06 6.087614e-01 7.933533e-01
    outer loop
      vertex -2.705014e+01 1.373371e+01 8.561368e+00
      vertex -2.385982e+01 1.274735e+01 9.318219e+00
      vertex -2.385982e+01 1.373370e+01 8.561368e+00
    endloop
  endfacet
  facet normal 1.650354e-06 7.933533e-01 6.087614e-01
    outer loop
      vertex -2.705014e+01 1.199051e+01 1.030456e+01
      vertex -2.385982e+01 1.274735e+01 9.318219e+00
      vertex -2.705014e+01 1.274736e+01 9.318219e+00
    endloop
  endfacet
  facet normal 1.650354e-06 7.933533e-01 6.087614e-01
    outer loop
      vertex -2.385982e+01 1.274735e+01 9.318219e+00
      vertex -2.705014e+01 1.199051e+01 1.030456e+01
      vertex -2.385982e+01 1.199050e+01 1.030456e+01
    endloop
  endfacet
  facet normal -1.921878e-06 -9.238795e-01 -3.826834e-01
    outer loop
      vertex -2.385982e+01 2.023940e+01 1.506706e+01
      vertex -2.705014e+01 2.071518e+01 1.391844e+01
      vertex -2.385982e+01 2.071517e+01 1.391844e+01
    endloop
  endfacet
  facet normal -1.921878e-06 -9.238795e-01 -3.826834e-01
    outer loop
      vertex -2.705014e+01 2.071518e+01 1.391844e+01
      vertex -2.385982e+01 2.023940e+01 1.506706e+01
      vertex -2.705014e+01 2.023940e+01 1.506706e+01
    endloop
  endfacet
  facet normal -1.921878e-06 -9.238795e-01 3.826834e-01
    outer loop
      vertex -2.385982e+01 2.071517e+01 1.145319e+01
      vertex -2.705014e+01 2.023940e+01 1.030456e+01
      vertex -2.385982e+01 2.023940e+01 1.030456e+01
    endloop
  endfacet
  facet normal -1.921878e-06 -9.238795e-01 3.826834e-01
    outer loop
      vertex -2.705014e+01 2.023940e+01 1.030456e+01
      vertex -2.385982e+01 2.071517e+01 1.145319e+01
      vertex -2.705014e+01 2.071518e+01 1.145319e+01
    endloop
  endfacet
  facet normal 1.921878e-06 9.238795e-01 -3.826834e-01
    outer loop
      vertex -2.705014e+01 1.199051e+01 1.506706e+01
      vertex -2.385982e+01 1.151473e+01 1.391844e+01
      vertex -2.705014e+01 1.151473e+01 1.391844e+01
    endloop
  endfacet
  facet normal 1.921878e-06 9.238795e-01 -3.826834e-01
    outer loop
      vertex -2.385982e+01 1.151473e+01 1.391844e+01
      vertex -2.705014e+01 1.199051e+01 1.506706e+01
      vertex -2.385982e+01 1.199050e+01 1.506706e+01
    endloop
  endfacet
  facet normal -2.062429e-06 -9.914448e-01 -1.305262e-01
    outer loop
      vertex -2.385982e+01 2.071517e+01 1.391844e+01
      vertex -2.705014e+01 2.087746e+01 1.268581e+01
      vertex -2.385982e+01 2.087745e+01 1.268581e+01
    endloop
  endfacet
  facet normal -2.062429e-06 -9.914448e-01 -1.305262e-01
    outer loop
      vertex -2.705014e+01 2.087746e+01 1.268581e+01
      vertex -2.385982e+01 2.071517e+01 1.391844e+01
      vertex -2.705014e+01 2.071518e+01 1.391844e+01
    endloop
  endfacet
  facet normal 2.715239e-07 1.305262e-01 9.914448e-01
    outer loop
      vertex -2.385982e+01 1.488232e+01 8.085593e+00
      vertex -2.705014e+01 1.611496e+01 7.923315e+00
      vertex -2.705014e+01 1.488233e+01 8.085593e+00
    endloop
  endfacet
  facet normal 2.715239e-07 1.305262e-01 9.914448e-01
    outer loop
      vertex -2.705014e+01 1.611496e+01 7.923315e+00
      vertex -2.385982e+01 1.488232e+01 8.085593e+00
      vertex -2.385982e+01 1.611495e+01 7.923315e+00
    endloop
  endfacet
  facet normal -7.960678e-07 -3.826834e-01 9.238795e-01
    outer loop
      vertex -2.385982e+01 1.734757e+01 8.085593e+00
      vertex -2.705014e+01 1.849621e+01 8.561368e+00
      vertex -2.705014e+01 1.734758e+01 8.085593e+00
    endloop
  endfacet
  facet normal -7.960678e-07 -3.826834e-01 9.238795e-01
    outer loop
      vertex -2.705014e+01 1.849621e+01 8.561368e+00
      vertex -2.385982e+01 1.734757e+01 8.085593e+00
      vertex -2.385982e+01 1.849620e+01 8.561368e+00
    endloop
  endfacet
  facet normal -7.960678e-07 -3.826834e-01 -9.238795e-01
    outer loop
      vertex -2.385982e+01 1.849620e+01 1.681026e+01
      vertex -2.705014e+01 1.734758e+01 1.728604e+01
      vertex -2.705014e+01 1.849621e+01 1.681026e+01
    endloop
  endfacet
  facet normal -7.960678e-07 -3.826834e-01 -9.238795e-01
    outer loop
      vertex -2.705014e+01 1.734758e+01 1.728604e+01
      vertex -2.385982e+01 1.849620e+01 1.681026e+01
      vertex -2.385982e+01 1.734757e+01 1.728604e+01
    endloop
  endfacet
  facet normal -1.650354e-06 -7.933533e-01 -6.087614e-01
    outer loop
      vertex -2.385982e+01 1.948254e+01 1.605341e+01
      vertex -2.705014e+01 2.023940e+01 1.506706e+01
      vertex -2.385982e+01 2.023940e+01 1.506706e+01
    endloop
  endfacet
  facet normal -1.650354e-06 -7.933533e-01 -6.087614e-01
    outer loop
      vertex -2.705014e+01 2.023940e+01 1.506706e+01
      vertex -2.385982e+01 1.948254e+01 1.605341e+01
      vertex -2.705014e+01 1.948255e+01 1.605341e+01
    endloop
  endfacet
  facet normal -1.266361e-06 -6.087614e-01 -7.933533e-01
    outer loop
      vertex -2.385982e+01 1.948254e+01 1.605341e+01
      vertex -2.705014e+01 1.849621e+01 1.681026e+01
      vertex -2.705014e+01 1.948255e+01 1.605341e+01
    endloop
  endfacet
  facet normal -1.266361e-06 -6.087614e-01 -7.933533e-01
    outer loop
      vertex -2.705014e+01 1.849621e+01 1.681026e+01
      vertex -2.385982e+01 1.948254e+01 1.605341e+01
      vertex -2.385982e+01 1.849620e+01 1.681026e+01
    endloop
  endfacet
  facet normal -2.715239e-07 -1.305262e-01 -9.914448e-01
    outer loop
      vertex -2.385982e+01 1.734757e+01 1.728604e+01
      vertex -2.705014e+01 1.611496e+01 1.744831e+01
      vertex -2.705014e+01 1.734758e+01 1.728604e+01
    endloop
  endfacet
  facet normal -2.715239e-07 -1.305262e-01 -9.914448e-01
    outer loop
      vertex -2.705014e+01 1.611496e+01 1.744831e+01
      vertex -2.385982e+01 1.734757e+01 1.728604e+01
      vertex -2.385982e+01 1.611495e+01 1.744831e+01
    endloop
  endfacet
  facet normal 7.960678e-07 3.826834e-01 -9.238795e-01
    outer loop
      vertex -2.385982e+01 1.488232e+01 1.728604e+01
      vertex -2.705014e+01 1.373371e+01 1.681026e+01
      vertex -2.705014e+01 1.488233e+01 1.728604e+01
    endloop
  endfacet
  facet normal 7.960678e-07 3.826834e-01 -9.238795e-01
    outer loop
      vertex -2.705014e+01 1.373371e+01 1.681026e+01
      vertex -2.385982e+01 1.488232e+01 1.728604e+01
      vertex -2.385982e+01 1.373370e+01 1.681026e+01
    endloop
  endfacet
  facet normal 1.266361e-06 6.087614e-01 -7.933533e-01
    outer loop
      vertex -2.385982e+01 1.373370e+01 1.681026e+01
      vertex -2.705014e+01 1.274736e+01 1.605341e+01
      vertex -2.705014e+01 1.373371e+01 1.681026e+01
    endloop
  endfacet
  facet normal 1.266361e-06 6.087614e-01 -7.933533e-01
    outer loop
      vertex -2.705014e+01 1.274736e+01 1.605341e+01
      vertex -2.385982e+01 1.373370e+01 1.681026e+01
      vertex -2.385982e+01 1.274735e+01 1.605341e+01
    endloop
  endfacet
  facet normal 1.650354e-06 7.933533e-01 -6.087614e-01
    outer loop
      vertex -2.705014e+01 1.274736e+01 1.605341e+01
      vertex -2.385982e+01 1.199050e+01 1.506706e+01
      vertex -2.705014e+01 1.199051e+01 1.506706e+01
    endloop
  endfacet
  facet normal 1.650354e-06 7.933533e-01 -6.087614e-01
    outer loop
      vertex -2.385982e+01 1.199050e+01 1.506706e+01
      vertex -2.705014e+01 1.274736e+01 1.605341e+01
      vertex -2.385982e+01 1.274735e+01 1.605341e+01
    endloop
  endfacet
  facet normal 2.715239e-07 1.305262e-01 -9.914448e-01
    outer loop
      vertex -2.385982e+01 1.611495e+01 1.744831e+01
      vertex -2.705014e+01 1.488233e+01 1.728604e+01
      vertex -2.705014e+01 1.611496e+01 1.744831e+01
    endloop
  endfacet
  facet normal 2.715239e-07 1.305262e-01 -9.914448e-01
    outer loop
      vertex -2.705014e+01 1.488233e+01 1.728604e+01
      vertex -2.385982e+01 1.611495e+01 1.744831e+01
      vertex -2.385982e+01 1.488232e+01 1.728604e+01
    endloop
  endfacet
  facet normal -2.715239e-07 -1.305262e-01 9.914448e-01
    outer loop
      vertex -2.385982e+01 1.611495e+01 7.923315e+00
      vertex -2.705014e+01 1.734758e+01 8.085593e+00
      vertex -2.705014e+01 1.611496e+01 7.923315e+00
    endloop
  endfacet
  facet normal -2.715239e-07 -1.305262e-01 9.914448e-01
    outer loop
      vertex -2.705014e+01 1.734758e+01 8.085593e+00
      vertex -2.385982e+01 1.611495e+01 7.923315e+00
      vertex -2.385982e+01 1.734757e+01 8.085593e+00
    endloop
  endfacet
  facet normal -1.650354e-06 -7.933533e-01 6.087614e-01
    outer loop
      vertex -2.385982e+01 2.023940e+01 1.030456e+01
      vertex -2.705014e+01 1.948255e+01 9.318219e+00
      vertex -2.385982e+01 1.948254e+01 9.318219e+00
    endloop
  endfacet
  facet normal -1.650354e-06 -7.933533e-01 6.087614e-01
    outer loop
      vertex -2.705014e+01 1.948255e+01 9.318219e+00
      vertex -2.385982e+01 2.023940e+01 1.030456e+01
      vertex -2.705014e+01 2.023940e+01 1.030456e+01
    endloop
  endfacet
  facet normal 2.062429e-06 9.914448e-01 -1.305262e-01
    outer loop
      vertex -2.705014e+01 1.151473e+01 1.391844e+01
      vertex -2.385982e+01 1.135245e+01 1.268581e+01
      vertex -2.705014e+01 1.135246e+01 1.268581e+01
    endloop
  endfacet
  facet normal 2.062429e-06 9.914448e-01 -1.305262e-01
    outer loop
      vertex -2.385982e+01 1.135245e+01 1.268581e+01
      vertex -2.705014e+01 1.151473e+01 1.391844e+01
      vertex -2.385982e+01 1.151473e+01 1.391844e+01
    endloop
  endfacet
  facet normal -2.062429e-06 -9.914448e-01 1.305262e-01
    outer loop
      vertex -2.385982e+01 2.087745e+01 1.268581e+01
      vertex -2.705014e+01 2.071518e+01 1.145319e+01
      vertex -2.385982e+01 2.071517e+01 1.145319e+01
    endloop
  endfacet
  facet normal -2.062429e-06 -9.914448e-01 1.305262e-01
    outer loop
      vertex -2.705014e+01 2.071518e+01 1.145319e+01
      vertex -2.385982e+01 2.087745e+01 1.268581e+01
      vertex -2.705014e+01 2.087746e+01 1.268581e+01
    endloop
  endfacet
  facet normal 1.560838e-05 7.063062e-01 7.079064e-01
    outer loop
      vertex -2.705014e+01 2.721801e+01 2.540004e+01
      vertex -2.385984e+01 3.198046e+01 2.064828e+01
      vertex -2.705015e+01 3.198049e+01 2.064832e+01
    endloop
  endfacet
  facet normal 1.560838e-05 7.063062e-01 7.079064e-01
    outer loop
      vertex -2.385984e+01 3.198046e+01 2.064828e+01
      vertex -2.705014e+01 2.721801e+01 2.540004e+01
      vertex -2.385984e+01 2.721798e+01 2.540000e+01
    endloop
  endfacet
  facet normal -2.117469e-06 7.079073e-01 -7.063053e-01
    outer loop
      vertex -2.705014e+01 2.721801e+01 3.833658e-05
      vertex -2.385984e+01 3.198046e+01 4.773282e+00
      vertex -2.385984e+01 2.721798e+01 -1.685401e-06
    endloop
  endfacet
  facet normal -2.117469e-06 7.079073e-01 -7.063053e-01
    outer loop
      vertex -2.385984e+01 3.198046e+01 4.773282e+00
      vertex -2.705014e+01 2.721801e+01 3.833658e-05
      vertex -2.705015e+01 3.198049e+01 4.773322e+00
    endloop
  endfacet
  facet normal 8.773396e-07 2.908610e-07 -1.000000e+00
    outer loop
      vertex 2.375013e+01 -2.516949e+01 4.259549e-05
      vertex -2.385956e+01 -2.993202e+01 -1.688912e-06
      vertex -2.385956e+01 -2.516952e+01 -1.688912e-06
    endloop
  endfacet
  facet normal 8.773396e-07 2.908610e-07 -1.000000e+00
    outer loop
      vertex -2.385956e+01 -2.993202e+01 -1.688912e-06
      vertex 2.375013e+01 -2.516949e+01 4.259549e-05
      vertex 2.692514e+01 -2.993199e+01 4.159176e-05
    endloop
  endfacet
  facet normal 8.773396e-07 2.908610e-07 -1.000000e+00
    outer loop
      vertex 2.692514e+01 -2.993199e+01 4.159176e-05
      vertex 2.375013e+01 -2.516949e+01 4.259549e-05
      vertex 2.692513e+01 -2.516952e+01 4.259549e-05
    endloop
  endfacet
  facet normal 1.000000e+00 4.917691e-07 9.220612e-08
    outer loop
      vertex 2.692514e+01 -2.993199e+01 4.159176e-05
      vertex 2.692513e+01 -2.516952e+01 2.540004e+01
      vertex 2.692513e+01 -2.993199e+01 2.540004e+01
    endloop
  endfacet
  facet normal 1.000000e+00 4.917691e-07 9.220612e-08
    outer loop
      vertex 2.692513e+01 -2.516952e+01 2.540004e+01
      vertex 2.692514e+01 -2.993199e+01 4.159176e-05
      vertex 2.692513e+01 -2.516952e+01 4.259549e-05
    endloop
  endfacet
  facet normal 1.980189e-11 6.810585e-11 -1.000000e+00
    outer loop
      vertex 2.692485e+01 2.721801e+01 4.259901e-05
      vertex 2.375013e+01 -2.199449e+01 4.259549e-05
      vertex 2.374985e+01 2.721801e+01 4.259901e-05
    endloop
  endfacet
  facet normal 1.980189e-11 6.810585e-11 -1.000000e+00
    outer loop
      vertex 2.375013e+01 -2.199449e+01 4.259549e-05
      vertex 2.692485e+01 2.721801e+01 4.259901e-05
      vertex 2.375013e+01 -2.516949e+01 4.259549e-05
    endloop
  endfacet
  facet normal 1.980189e-11 6.810585e-11 -1.000000e+00
    outer loop
      vertex 2.375013e+01 -2.516949e+01 4.259549e-05
      vertex 2.692485e+01 2.721801e+01 4.259901e-05
      vertex 2.692513e+01 -2.516952e+01 4.259549e-05
    endloop
  endfacet
  facet normal -1.254487e-05 1.482759e-13 -1.000000e+00
    outer loop
      vertex -2.385984e+01 2.721798e+01 -1.685401e-06
      vertex -2.704987e+01 -2.516952e+01 3.833307e-05
      vertex -2.705014e+01 2.721801e+01 3.833658e-05
    endloop
  endfacet
  facet normal -1.254487e-05 1.482759e-13 -1.000000e+00
    outer loop
      vertex -2.704987e+01 -2.516952e+01 3.833307e-05
      vertex -2.385984e+01 2.721798e+01 -1.685401e-06
      vertex -2.704986e+01 -2.993202e+01 3.833307e-05
    endloop
  endfacet
  facet normal -1.254487e-05 1.482759e-13 -1.000000e+00
    outer loop
      vertex -2.704986e+01 -2.993202e+01 3.833307e-05
      vertex -2.385984e+01 2.721798e+01 -1.685401e-06
      vertex -2.385956e+01 -2.993202e+01 -1.688912e-06
    endloop
  endfacet
  facet normal -1.254487e-05 1.482759e-13 -1.000000e+00
    outer loop
      vertex -2.385956e+01 -2.993202e+01 -1.688912e-06
      vertex -2.385984e+01 2.721798e+01 -1.685401e-06
      vertex -2.385956e+01 -2.516952e+01 -1.688912e-06
    endloop
  endfacet
  facet normal -3.208810e-16 -6.705110e-11 1.000000e+00
    outer loop
      vertex 2.375013e+01 -2.516949e+01 2.540004e+01
      vertex 2.692485e+01 2.721801e+01 2.540004e+01
      vertex 2.374985e+01 2.721801e+01 2.540004e+01
    endloop
  endfacet
  facet normal -3.208810e-16 -6.705110e-11 1.000000e+00
    outer loop
      vertex 2.692485e+01 2.721801e+01 2.540004e+01
      vertex 2.375013e+01 -2.516949e+01 2.540004e+01
      vertex 2.692513e+01 -2.516952e+01 2.540004e+01
    endloop
  endfacet
  facet normal -9.571238e-06 -1.000000e+00 1.465494e-14
    outer loop
      vertex 2.692513e+01 -2.516952e+01 2.540004e+01
      vertex 2.375013e+01 -2.516949e+01 4.259549e-05
      vertex 2.692513e+01 -2.516952e+01 4.259549e-05
    endloop
  endfacet
  facet normal -9.571238e-06 -1.000000e+00 1.465494e-14
    outer loop
      vertex 2.375013e+01 -2.516949e+01 4.259549e-05
      vertex 2.692513e+01 -2.516952e+01 2.540004e+01
      vertex 2.375013e+01 -2.516949e+01 2.540004e+01
    endloop
  endfacet
  facet normal 1.254487e-05 -1.482784e-13 1.000000e+00
    outer loop
      vertex -2.704987e+01 -2.516952e+01 2.540004e+01
      vertex -2.385984e+01 2.721798e+01 2.540000e+01
      vertex -2.705014e+01 2.721801e+01 2.540004e+01
    endloop
  endfacet
  facet normal 1.254487e-05 -1.482784e-13 1.000000e+00
    outer loop
      vertex -2.385984e+01 2.721798e+01 2.540000e+01
      vertex -2.704987e+01 -2.516952e+01 2.540004e+01
      vertex -2.704986e+01 -2.993202e+01 2.540004e+01
    endloop
  endfacet
  facet normal 1.254487e-05 -1.482784e-13 1.000000e+00
    outer loop
      vertex -2.385984e+01 2.721798e+01 2.540000e+01
      vertex -2.704986e+01 -2.993202e+01 2.540004e+01
      vertex -2.385956e+01 -2.993202e+01 2.540000e+01
    endloop
  endfacet
  facet normal 1.254487e-05 -1.482784e-13 1.000000e+00
    outer loop
      vertex -2.385984e+01 2.721798e+01 2.540000e+01
      vertex -2.385956e+01 -2.993202e+01 2.540000e+01
      vertex -2.385956e+01 -2.516952e+01 2.540000e+01
    endloop
  endfacet
  facet normal 7.933533e-01 5.188577e-07 6.087614e-01
    outer loop
      vertex -1.785364e+01 -2.993201e+01 1.872122e+01
      vertex -1.810593e+01 -2.516952e+01 1.905000e+01
      vertex -1.810593e+01 -2.993201e+01 1.905000e+01
    endloop
  endfacet
  facet normal 7.933533e-01 5.188577e-07 6.087614e-01
    outer loop
      vertex -1.810593e+01 -2.516952e+01 1.905000e+01
      vertex -1.785364e+01 -2.993201e+01 1.872122e+01
      vertex -1.785365e+01 -2.516952e+01 1.872122e+01
    endloop
  endfacet
  facet normal 6.087614e-01 3.828309e-07 7.933533e-01
    outer loop
      vertex -1.785364e+01 -2.993201e+01 1.872122e+01
      vertex -1.752487e+01 -2.516952e+01 1.846894e+01
      vertex -1.785365e+01 -2.516952e+01 1.872122e+01
    endloop
  endfacet
  facet normal 6.087614e-01 3.828309e-07 7.933533e-01
    outer loop
      vertex -1.752487e+01 -2.516952e+01 1.846894e+01
      vertex -1.785364e+01 -2.993201e+01 1.872122e+01
      vertex -1.752486e+01 -2.993201e+01 1.846894e+01
    endloop
  endfacet
  facet normal 3.826834e-01 2.207148e-07 9.238795e-01
    outer loop
      vertex -1.752486e+01 -2.993201e+01 1.846894e+01
      vertex -1.714199e+01 -2.516952e+01 1.831035e+01
      vertex -1.752487e+01 -2.516952e+01 1.846894e+01
    endloop
  endfacet
  facet normal 3.826834e-01 2.207148e-07 9.238795e-01
    outer loop
      vertex -1.714199e+01 -2.516952e+01 1.831035e+01
      vertex -1.752486e+01 -2.993201e+01 1.846894e+01
      vertex -1.714199e+01 -2.993201e+01 1.831035e+01
    endloop
  endfacet
  facet normal 1.305262e-01 4.355726e-08 9.914448e-01
    outer loop
      vertex -1.714199e+01 -2.993201e+01 1.831035e+01
      vertex -1.673112e+01 -2.516952e+01 1.825625e+01
      vertex -1.714199e+01 -2.516952e+01 1.831035e+01
    endloop
  endfacet
  facet normal 1.305262e-01 4.355726e-08 9.914448e-01
    outer loop
      vertex -1.673112e+01 -2.516952e+01 1.825625e+01
      vertex -1.714199e+01 -2.993201e+01 1.831035e+01
      vertex -1.673111e+01 -2.993201e+01 1.825625e+01
    endloop
  endfacet
  facet normal -1.305262e-01 -1.365686e-07 9.914448e-01
    outer loop
      vertex -1.673111e+01 -2.993201e+01 1.825625e+01
      vertex -1.632024e+01 -2.516952e+01 1.831035e+01
      vertex -1.673112e+01 -2.516952e+01 1.825625e+01
    endloop
  endfacet
  facet normal -1.305262e-01 -1.365686e-07 9.914448e-01
    outer loop
      vertex -1.632024e+01 -2.516952e+01 1.831035e+01
      vertex -1.673111e+01 -2.993201e+01 1.825625e+01
      vertex -1.632024e+01 -2.993201e+01 1.831035e+01
    endloop
  endfacet
  facet normal -3.826834e-01 -3.073875e-07 9.238795e-01
    outer loop
      vertex -1.632024e+01 -2.993201e+01 1.831035e+01
      vertex -1.593737e+01 -2.516952e+01 1.846894e+01
      vertex -1.632024e+01 -2.516952e+01 1.831035e+01
    endloop
  endfacet
  facet normal -3.826834e-01 -3.073875e-07 9.238795e-01
    outer loop
      vertex -1.593737e+01 -2.516952e+01 1.846894e+01
      vertex -1.632024e+01 -2.993201e+01 1.831035e+01
      vertex -1.593736e+01 -2.993201e+01 1.846894e+01
    endloop
  endfacet
  facet normal -6.087614e-01 -4.572584e-07 7.933533e-01
    outer loop
      vertex -1.593736e+01 -2.993201e+01 1.846894e+01
      vertex -1.560858e+01 -2.516952e+01 1.872122e+01
      vertex -1.593737e+01 -2.516952e+01 1.846894e+01
    endloop
  endfacet
  facet normal -6.087614e-01 -4.572584e-07 7.933533e-01
    outer loop
      vertex -1.560858e+01 -2.516952e+01 1.872122e+01
      vertex -1.593736e+01 -2.993201e+01 1.846894e+01
      vertex -1.560858e+01 -2.993201e+01 1.872122e+01
    endloop
  endfacet
  facet normal -7.933533e-01 -5.759680e-07 6.087614e-01
    outer loop
      vertex -1.535630e+01 -2.993201e+01 1.905000e+01
      vertex -1.560858e+01 -2.516952e+01 1.872122e+01
      vertex -1.560858e+01 -2.993201e+01 1.872122e+01
    endloop
  endfacet
  facet normal -7.933533e-01 -5.759680e-07 6.087614e-01
    outer loop
      vertex -1.560858e+01 -2.516952e+01 1.872122e+01
      vertex -1.535630e+01 -2.993201e+01 1.905000e+01
      vertex -1.535630e+01 -2.516952e+01 1.905000e+01
    endloop
  endfacet
  facet normal -9.238795e-01 -6.554263e-07 3.826834e-01
    outer loop
      vertex -1.519771e+01 -2.993201e+01 1.943288e+01
      vertex -1.535630e+01 -2.516952e+01 1.905000e+01
      vertex -1.535630e+01 -2.993201e+01 1.905000e+01
    endloop
  endfacet
  facet normal -9.238795e-01 -6.554263e-07 3.826834e-01
    outer loop
      vertex -1.535630e+01 -2.516952e+01 1.905000e+01
      vertex -1.519771e+01 -2.993201e+01 1.943288e+01
      vertex -1.519771e+01 -2.516952e+01 1.943288e+01
    endloop
  endfacet
  facet normal -9.914448e-01 -6.902184e-07 1.305262e-01
    outer loop
      vertex -1.514361e+01 -2.993201e+01 1.984375e+01
      vertex -1.519771e+01 -2.516952e+01 1.943288e+01
      vertex -1.519771e+01 -2.993201e+01 1.943288e+01
    endloop
  endfacet
  facet normal -9.914448e-01 -6.902184e-07 1.305262e-01
    outer loop
      vertex -1.519771e+01 -2.516952e+01 1.943288e+01
      vertex -1.514361e+01 -2.993201e+01 1.984375e+01
      vertex -1.514362e+01 -2.516952e+01 1.984375e+01
    endloop
  endfacet
  facet normal -9.914448e-01 -6.779732e-07 -1.305262e-01
    outer loop
      vertex -1.519771e+01 -2.516952e+01 2.025463e+01
      vertex -1.514361e+01 -2.993201e+01 1.984375e+01
      vertex -1.519771e+01 -2.993201e+01 2.025463e+01
    endloop
  endfacet
  facet normal -9.914448e-01 -6.779732e-07 -1.305262e-01
    outer loop
      vertex -1.514361e+01 -2.993201e+01 1.984375e+01
      vertex -1.519771e+01 -2.516952e+01 2.025463e+01
      vertex -1.514362e+01 -2.516952e+01 1.984375e+01
    endloop
  endfacet
  facet normal -9.238795e-01 -6.195253e-07 -3.826834e-01
    outer loop
      vertex -1.535630e+01 -2.516952e+01 2.063750e+01
      vertex -1.519771e+01 -2.993201e+01 2.025463e+01
      vertex -1.535630e+01 -2.993201e+01 2.063750e+01
    endloop
  endfacet
  facet normal -9.238795e-01 -6.195253e-07 -3.826834e-01
    outer loop
      vertex -1.519771e+01 -2.993201e+01 2.025463e+01
      vertex -1.535630e+01 -2.516952e+01 2.063750e+01
      vertex -1.519771e+01 -2.516952e+01 2.025463e+01
    endloop
  endfacet
  facet normal -7.933533e-01 -5.188577e-07 -6.087614e-01
    outer loop
      vertex -1.560858e+01 -2.516952e+01 2.096629e+01
      vertex -1.535630e+01 -2.993201e+01 2.063750e+01
      vertex -1.560858e+01 -2.993201e+01 2.096629e+01
    endloop
  endfacet
  facet normal -7.933533e-01 -5.188577e-07 -6.087614e-01
    outer loop
      vertex -1.535630e+01 -2.993201e+01 2.063750e+01
      vertex -1.560858e+01 -2.516952e+01 2.096629e+01
      vertex -1.535630e+01 -2.516952e+01 2.063750e+01
    endloop
  endfacet
  facet normal -6.087614e-01 -3.828309e-07 -7.933533e-01
    outer loop
      vertex -1.560858e+01 -2.516952e+01 2.096629e+01
      vertex -1.593736e+01 -2.993201e+01 2.121857e+01
      vertex -1.593737e+01 -2.516952e+01 2.121857e+01
    endloop
  endfacet
  facet normal -6.087614e-01 -3.828309e-07 -7.933533e-01
    outer loop
      vertex -1.593736e+01 -2.993201e+01 2.121857e+01
      vertex -1.560858e+01 -2.516952e+01 2.096629e+01
      vertex -1.560858e+01 -2.993201e+01 2.096629e+01
    endloop
  endfacet
  facet normal -3.826834e-01 -2.207148e-07 -9.238795e-01
    outer loop
      vertex -1.593737e+01 -2.516952e+01 2.121857e+01
      vertex -1.632024e+01 -2.993201e+01 2.137716e+01
      vertex -1.632024e+01 -2.516952e+01 2.137716e+01
    endloop
  endfacet
  facet normal -3.826834e-01 -2.207148e-07 -9.238795e-01
    outer loop
      vertex -1.632024e+01 -2.993201e+01 2.137716e+01
      vertex -1.593737e+01 -2.516952e+01 2.121857e+01
      vertex -1.593736e+01 -2.993201e+01 2.121857e+01
    endloop
  endfacet
  facet normal -1.305262e-01 -4.355726e-08 -9.914448e-01
    outer loop
      vertex -1.632024e+01 -2.516952e+01 2.137716e+01
      vertex -1.673111e+01 -2.993201e+01 2.143125e+01
      vertex -1.673112e+01 -2.516952e+01 2.143125e+01
    endloop
  endfacet
  facet normal -1.305262e-01 -4.355726e-08 -9.914448e-01
    outer loop
      vertex -1.673111e+01 -2.993201e+01 2.143125e+01
      vertex -1.632024e+01 -2.516952e+01 2.137716e+01
      vertex -1.632024e+01 -2.993201e+01 2.137716e+01
    endloop
  endfacet
  facet normal 1.305262e-01 1.365686e-07 -9.914448e-01
    outer loop
      vertex -1.673112e+01 -2.516952e+01 2.143125e+01
      vertex -1.714199e+01 -2.993201e+01 2.137716e+01
      vertex -1.714199e+01 -2.516952e+01 2.137716e+01
    endloop
  endfacet
  facet normal 1.305262e-01 1.365686e-07 -9.914448e-01
    outer loop
      vertex -1.714199e+01 -2.993201e+01 2.137716e+01
      vertex -1.673112e+01 -2.516952e+01 2.143125e+01
      vertex -1.673111e+01 -2.993201e+01 2.143125e+01
    endloop
  endfacet
  facet normal 3.826834e-01 3.073875e-07 -9.238795e-01
    outer loop
      vertex -1.714199e+01 -2.516952e+01 2.137716e+01
      vertex -1.752486e+01 -2.993201e+01 2.121857e+01
      vertex -1.752487e+01 -2.516952e+01 2.121857e+01
    endloop
  endfacet
  facet normal 3.826834e-01 3.073875e-07 -9.238795e-01
    outer loop
      vertex -1.752486e+01 -2.993201e+01 2.121857e+01
      vertex -1.714199e+01 -2.516952e+01 2.137716e+01
      vertex -1.714199e+01 -2.993201e+01 2.137716e+01
    endloop
  endfacet
  facet normal 6.087614e-01 4.572584e-07 -7.933533e-01
    outer loop
      vertex -1.752487e+01 -2.516952e+01 2.121857e+01
      vertex -1.785364e+01 -2.993201e+01 2.096629e+01
      vertex -1.785365e+01 -2.516952e+01 2.096629e+01
    endloop
  endfacet
  facet normal 6.087614e-01 4.572584e-07 -7.933533e-01
    outer loop
      vertex -1.785364e+01 -2.993201e+01 2.096629e+01
      vertex -1.752487e+01 -2.516952e+01 2.121857e+01
      vertex -1.752486e+01 -2.993201e+01 2.121857e+01
    endloop
  endfacet
  facet normal 7.933533e-01 5.759680e-07 -6.087614e-01
    outer loop
      vertex -1.810593e+01 -2.516952e+01 2.063750e+01
      vertex -1.785364e+01 -2.993201e+01 2.096629e+01
      vertex -1.810593e+01 -2.993201e+01 2.063750e+01
    endloop
  endfacet
  facet normal 7.933533e-01 5.759680e-07 -6.087614e-01
    outer loop
      vertex -1.785364e+01 -2.993201e+01 2.096629e+01
      vertex -1.810593e+01 -2.516952e+01 2.063750e+01
      vertex -1.785365e+01 -2.516952e+01 2.096629e+01
    endloop
  endfacet
  facet normal 9.238795e-01 6.554263e-07 -3.826834e-01
    outer loop
      vertex -1.826452e+01 -2.516952e+01 2.025463e+01
      vertex -1.810593e+01 -2.993201e+01 2.063750e+01
      vertex -1.826452e+01 -2.993201e+01 2.025463e+01
    endloop
  endfacet
  facet normal 9.238795e-01 6.554263e-07 -3.826834e-01
    outer loop
      vertex -1.810593e+01 -2.993201e+01 2.063750e+01
      vertex -1.826452e+01 -2.516952e+01 2.025463e+01
      vertex -1.810593e+01 -2.516952e+01 2.063750e+01
    endloop
  endfacet
  facet normal 9.914448e-01 6.902184e-07 -1.305262e-01
    outer loop
      vertex -1.831862e+01 -2.516952e+01 1.984375e+01
      vertex -1.826452e+01 -2.993201e+01 2.025463e+01
      vertex -1.831861e+01 -2.993201e+01 1.984375e+01
    endloop
  endfacet
  facet normal 9.914448e-01 6.902184e-07 -1.305262e-01
    outer loop
      vertex -1.826452e+01 -2.993201e+01 2.025463e+01
      vertex -1.831862e+01 -2.516952e+01 1.984375e+01
      vertex -1.826452e+01 -2.516952e+01 2.025463e+01
    endloop
  endfacet
  facet normal 9.914448e-01 6.779732e-07 1.305262e-01
    outer loop
      vertex -1.826452e+01 -2.993201e+01 1.943288e+01
      vertex -1.831862e+01 -2.516952e+01 1.984375e+01
      vertex -1.831861e+01 -2.993201e+01 1.984375e+01
    endloop
  endfacet
  facet normal 9.914448e-01 6.779732e-07 1.305262e-01
    outer loop
      vertex -1.831862e+01 -2.516952e+01 1.984375e+01
      vertex -1.826452e+01 -2.993201e+01 1.943288e+01
      vertex -1.826452e+01 -2.516952e+01 1.943288e+01
    endloop
  endfacet
  facet normal 9.238795e-01 6.195253e-07 3.826834e-01
    outer loop
      vertex -1.810593e+01 -2.993201e+01 1.905000e+01
      vertex -1.826452e+01 -2.516952e+01 1.943288e+01
      vertex -1.826452e+01 -2.993201e+01 1.943288e+01
    endloop
  endfacet
  facet normal 9.238795e-01 6.195253e-07 3.826834e-01
    outer loop
      vertex -1.826452e+01 -2.516952e+01 1.943288e+01
      vertex -1.810593e+01 -2.993201e+01 1.905000e+01
      vertex -1.810593e+01 -2.516952e+01 1.905000e+01
    endloop
  endfacet
  facet normal -3.781316e-01 -3.043346e-07 9.257519e-01
    outer loop
      vertex -5.215290e+00 -2.993201e+01 1.830835e+01
      vertex -4.831643e+00 -2.516951e+01 1.846506e+01
      vertex -5.215293e+00 -2.516951e+01 1.830835e+01
    endloop
  endfacet
  facet normal -3.781316e-01 -3.043346e-07 9.257519e-01
    outer loop
      vertex -4.831643e+00 -2.516951e+01 1.846506e+01
      vertex -5.215290e+00 -2.993201e+01 1.830835e+01
      vertex -4.831640e+00 -2.993201e+01 1.846506e+01
    endloop
  endfacet
  facet normal -6.048493e-01 -4.546992e-07 7.963400e-01
    outer loop
      vertex -4.831640e+00 -2.993201e+01 1.846506e+01
      vertex -4.501623e+00 -2.516951e+01 1.871572e+01
      vertex -4.831643e+00 -2.516951e+01 1.846506e+01
    endloop
  endfacet
  facet normal -6.048493e-01 -4.546992e-07 7.963400e-01
    outer loop
      vertex -4.501623e+00 -2.516951e+01 1.871572e+01
      vertex -4.831640e+00 -2.993201e+01 1.846506e+01
      vertex -4.501620e+00 -2.993201e+01 1.871572e+01
    endloop
  endfacet
  facet normal -7.903475e-01 -5.740768e-07 6.126588e-01
    outer loop
      vertex -4.247721e+00 -2.993201e+01 1.904326e+01
      vertex -4.501623e+00 -2.516951e+01 1.871572e+01
      vertex -4.501620e+00 -2.993201e+01 1.871572e+01
    endloop
  endfacet
  facet normal -7.903475e-01 -5.740768e-07 6.126588e-01
    outer loop
      vertex -4.501623e+00 -2.516951e+01 1.871572e+01
      vertex -4.247721e+00 -2.993201e+01 1.904326e+01
      vertex -4.247724e+00 -2.516951e+01 1.904326e+01
    endloop
  endfacet
  facet normal -9.219849e-01 -6.543319e-07 3.872260e-01
    outer loop
      vertex -4.087247e+00 -2.993201e+01 1.942535e+01
      vertex -4.247724e+00 -2.516951e+01 1.904326e+01
      vertex -4.247721e+00 -2.993201e+01 1.904326e+01
    endloop
  endfacet
  facet normal -9.219849e-01 -6.543319e-07 3.872260e-01
    outer loop
      vertex -4.247724e+00 -2.516951e+01 1.904326e+01
      vertex -4.087247e+00 -2.993201e+01 1.942535e+01
      vertex -4.087250e+00 -2.516951e+01 1.942535e+01
    endloop
  endfacet
  facet normal -9.907904e-01 -6.899957e-07 1.354043e-01
    outer loop
      vertex -4.031132e+00 -2.993201e+01 1.983595e+01
      vertex -4.087250e+00 -2.516951e+01 1.942535e+01
      vertex -4.087247e+00 -2.993201e+01 1.942535e+01
    endloop
  endfacet
  facet normal -9.907904e-01 -6.899957e-07 1.354043e-01
    outer loop
      vertex -4.087250e+00 -2.516951e+01 1.942535e+01
      vertex -4.031132e+00 -2.993201e+01 1.983595e+01
      vertex -4.031136e+00 -2.516951e+01 1.983595e+01
    endloop
  endfacet
  facet normal -9.920753e-01 -6.786373e-07 -1.256449e-01
    outer loop
      vertex -4.083205e+00 -2.516951e+01 2.024709e+01
      vertex -4.031132e+00 -2.993201e+01 1.983595e+01
      vertex -4.083202e+00 -2.993201e+01 2.024709e+01
    endloop
  endfacet
  facet normal -9.920753e-01 -6.786373e-07 -1.256449e-01
    outer loop
      vertex -4.031132e+00 -2.993201e+01 1.983595e+01
      vertex -4.083205e+00 -2.516951e+01 2.024709e+01
      vertex -4.031136e+00 -2.516951e+01 1.983595e+01
    endloop
  endfacet
  facet normal -9.257519e-01 -6.210307e-07 -3.781316e-01
    outer loop
      vertex -4.239911e+00 -2.516951e+01 2.063074e+01
      vertex -4.083202e+00 -2.993201e+01 2.024709e+01
      vertex -4.239908e+00 -2.993201e+01 2.063074e+01
    endloop
  endfacet
  facet normal -9.257519e-01 -6.210307e-07 -3.781316e-01
    outer loop
      vertex -4.083202e+00 -2.993201e+01 2.024709e+01
      vertex -4.239911e+00 -2.516951e+01 2.063074e+01
      vertex -4.083205e+00 -2.516951e+01 2.024709e+01
    endloop
  endfacet
  facet normal -7.963400e-01 -5.211021e-07 -6.048493e-01
    outer loop
      vertex -4.490573e+00 -2.516951e+01 2.096076e+01
      vertex -4.239908e+00 -2.993201e+01 2.063074e+01
      vertex -4.490570e+00 -2.993201e+01 2.096076e+01
    endloop
  endfacet
  facet normal -7.963400e-01 -5.211021e-07 -6.048493e-01
    outer loop
      vertex -4.239908e+00 -2.993201e+01 2.063074e+01
      vertex -4.490573e+00 -2.516951e+01 2.096076e+01
      vertex -4.239911e+00 -2.516951e+01 2.063074e+01
    endloop
  endfacet
  facet normal -6.126588e-01 -3.856611e-07 -7.903475e-01
    outer loop
      vertex -4.490573e+00 -2.516951e+01 2.096076e+01
      vertex -4.818106e+00 -2.993201e+01 2.121466e+01
      vertex -4.818109e+00 -2.516951e+01 2.121466e+01
    endloop
  endfacet
  facet normal -6.126588e-01 -3.856611e-07 -7.903475e-01
    outer loop
      vertex -4.818106e+00 -2.993201e+01 2.121466e+01
      vertex -4.490573e+00 -2.516951e+01 2.096076e+01
      vertex -4.490570e+00 -2.993201e+01 2.096076e+01
    endloop
  endfacet
  facet normal -3.872260e-01 -2.239380e-07 -9.219849e-01
    outer loop
      vertex -4.818109e+00 -2.516951e+01 2.121466e+01
      vertex -5.200195e+00 -2.993201e+01 2.137513e+01
      vertex -5.200199e+00 -2.516951e+01 2.137513e+01
    endloop
  endfacet
  facet normal -3.872260e-01 -2.239380e-07 -9.219849e-01
    outer loop
      vertex -5.200195e+00 -2.993201e+01 2.137513e+01
      vertex -4.818109e+00 -2.516951e+01 2.121466e+01
      vertex -4.818106e+00 -2.993201e+01 2.121466e+01
    endloop
  endfacet
  facet normal -1.354043e-01 -4.695388e-08 -9.907904e-01
    outer loop
      vertex -5.200199e+00 -2.516951e+01 2.137513e+01
      vertex -5.610800e+00 -2.993201e+01 2.143125e+01
      vertex -5.610803e+00 -2.516951e+01 2.143125e+01
    endloop
  endfacet
  facet normal -1.354043e-01 -4.695388e-08 -9.907904e-01
    outer loop
      vertex -5.610800e+00 -2.993201e+01 2.143125e+01
      vertex -5.200199e+00 -2.516951e+01 2.137513e+01
      vertex -5.200195e+00 -2.993201e+01 2.137513e+01
    endloop
  endfacet
  facet normal 1.256449e-01 1.332301e-07 -9.920753e-01
    outer loop
      vertex -5.610803e+00 -2.516951e+01 2.143125e+01
      vertex -6.021936e+00 -2.993201e+01 2.137917e+01
      vertex -6.021939e+00 -2.516951e+01 2.137917e+01
    endloop
  endfacet
  facet normal 1.256449e-01 1.332301e-07 -9.920753e-01
    outer loop
      vertex -6.021936e+00 -2.993201e+01 2.137917e+01
      vertex -5.610803e+00 -2.516951e+01 2.143125e+01
      vertex -5.610800e+00 -2.993201e+01 2.143125e+01
    endloop
  endfacet
  facet normal 3.781316e-01 3.043346e-07 -9.257519e-01
    outer loop
      vertex -6.021939e+00 -2.516951e+01 2.137917e+01
      vertex -6.405587e+00 -2.993201e+01 2.122247e+01
      vertex -6.405590e+00 -2.516951e+01 2.122247e+01
    endloop
  endfacet
  facet normal 3.781316e-01 3.043346e-07 -9.257519e-01
    outer loop
      vertex -6.405587e+00 -2.993201e+01 2.122247e+01
      vertex -6.021939e+00 -2.516951e+01 2.137917e+01
      vertex -6.021936e+00 -2.993201e+01 2.137917e+01
    endloop
  endfacet
  facet normal 6.048493e-01 4.546992e-07 -7.963400e-01
    outer loop
      vertex -6.405590e+00 -2.516951e+01 2.122247e+01
      vertex -6.735607e+00 -2.993201e+01 2.097181e+01
      vertex -6.735610e+00 -2.516951e+01 2.097181e+01
    endloop
  endfacet
  facet normal 6.048493e-01 4.546992e-07 -7.963400e-01
    outer loop
      vertex -6.735607e+00 -2.993201e+01 2.097181e+01
      vertex -6.405590e+00 -2.516951e+01 2.122247e+01
      vertex -6.405587e+00 -2.993201e+01 2.122247e+01
    endloop
  endfacet
  facet normal 7.903475e-01 5.740768e-07 -6.126588e-01
    outer loop
      vertex -6.989508e+00 -2.516951e+01 2.064427e+01
      vertex -6.735607e+00 -2.993201e+01 2.097181e+01
      vertex -6.989505e+00 -2.993201e+01 2.064427e+01
    endloop
  endfacet
  facet normal 7.903475e-01 5.740768e-07 -6.126588e-01
    outer loop
      vertex -6.735607e+00 -2.993201e+01 2.097181e+01
      vertex -6.989508e+00 -2.516951e+01 2.064427e+01
      vertex -6.735610e+00 -2.516951e+01 2.097181e+01
    endloop
  endfacet
  facet normal 9.219849e-01 6.543319e-07 -3.872260e-01
    outer loop
      vertex -7.149982e+00 -2.516951e+01 2.026218e+01
      vertex -6.989505e+00 -2.993201e+01 2.064427e+01
      vertex -7.149979e+00 -2.993201e+01 2.026218e+01
    endloop
  endfacet
  facet normal 9.219849e-01 6.543319e-07 -3.872260e-01
    outer loop
      vertex -6.989505e+00 -2.993201e+01 2.064427e+01
      vertex -7.149982e+00 -2.516951e+01 2.026218e+01
      vertex -6.989508e+00 -2.516951e+01 2.064427e+01
    endloop
  endfacet
  facet normal 9.907904e-01 6.899957e-07 -1.354043e-01
    outer loop
      vertex -7.206097e+00 -2.516951e+01 1.985158e+01
      vertex -7.149979e+00 -2.993201e+01 2.026218e+01
      vertex -7.206093e+00 -2.993201e+01 1.985158e+01
    endloop
  endfacet
  facet normal 9.907904e-01 6.899957e-07 -1.354043e-01
    outer loop
      vertex -7.149979e+00 -2.993201e+01 2.026218e+01
      vertex -7.206097e+00 -2.516951e+01 1.985158e+01
      vertex -7.149982e+00 -2.516951e+01 2.026218e+01
    endloop
  endfacet
  facet normal 9.920753e-01 6.786373e-07 1.256449e-01
    outer loop
      vertex -7.154024e+00 -2.993201e+01 1.944044e+01
      vertex -7.206097e+00 -2.516951e+01 1.985158e+01
      vertex -7.206093e+00 -2.993201e+01 1.985158e+01
    endloop
  endfacet
  facet normal 9.920753e-01 6.786373e-07 1.256449e-01
    outer loop
      vertex -7.206097e+00 -2.516951e+01 1.985158e+01
      vertex -7.154024e+00 -2.993201e+01 1.944044e+01
      vertex -7.154027e+00 -2.516951e+01 1.944044e+01
    endloop
  endfacet
  facet normal 9.257519e-01 6.210307e-07 3.781316e-01
    outer loop
      vertex -6.997319e+00 -2.993201e+01 1.905679e+01
      vertex -7.154027e+00 -2.516951e+01 1.944044e+01
      vertex -7.154024e+00 -2.993201e+01 1.944044e+01
    endloop
  endfacet
  facet normal 9.257519e-01 6.210307e-07 3.781316e-01
    outer loop
      vertex -7.154027e+00 -2.516951e+01 1.944044e+01
      vertex -6.997319e+00 -2.993201e+01 1.905679e+01
      vertex -6.997322e+00 -2.516951e+01 1.905679e+01
    endloop
  endfacet
  facet normal 7.963400e-01 5.211021e-07 6.048493e-01
    outer loop
      vertex -6.746656e+00 -2.993201e+01 1.872677e+01
      vertex -6.997322e+00 -2.516951e+01 1.905679e+01
      vertex -6.997319e+00 -2.993201e+01 1.905679e+01
    endloop
  endfacet
  facet normal 7.963400e-01 5.211021e-07 6.048493e-01
    outer loop
      vertex -6.997322e+00 -2.516951e+01 1.905679e+01
      vertex -6.746656e+00 -2.993201e+01 1.872677e+01
      vertex -6.746659e+00 -2.516951e+01 1.872677e+01
    endloop
  endfacet
  facet normal 6.126588e-01 3.856611e-07 7.903475e-01
    outer loop
      vertex -6.746656e+00 -2.993201e+01 1.872677e+01
      vertex -6.419123e+00 -2.516951e+01 1.847287e+01
      vertex -6.746659e+00 -2.516951e+01 1.872677e+01
    endloop
  endfacet
  facet normal 6.126588e-01 3.856611e-07 7.903475e-01
    outer loop
      vertex -6.419123e+00 -2.516951e+01 1.847287e+01
      vertex -6.746656e+00 -2.993201e+01 1.872677e+01
      vertex -6.419120e+00 -2.993201e+01 1.847287e+01
    endloop
  endfacet
  facet normal 3.872260e-01 2.239380e-07 9.219849e-01
    outer loop
      vertex -6.419120e+00 -2.993201e+01 1.847287e+01
      vertex -6.037034e+00 -2.516951e+01 1.831240e+01
      vertex -6.419123e+00 -2.516951e+01 1.847287e+01
    endloop
  endfacet
  facet normal 3.872260e-01 2.239380e-07 9.219849e-01
    outer loop
      vertex -6.037034e+00 -2.516951e+01 1.831240e+01
      vertex -6.419120e+00 -2.993201e+01 1.847287e+01
      vertex -6.037030e+00 -2.993201e+01 1.831240e+01
    endloop
  endfacet
  facet normal 1.354043e-01 4.695388e-08 9.907904e-01
    outer loop
      vertex -6.037030e+00 -2.993201e+01 1.831240e+01
      vertex -5.626430e+00 -2.516951e+01 1.825628e+01
      vertex -6.037034e+00 -2.516951e+01 1.831240e+01
    endloop
  endfacet
  facet normal 1.354043e-01 4.695388e-08 9.907904e-01
    outer loop
      vertex -5.626430e+00 -2.516951e+01 1.825628e+01
      vertex -6.037030e+00 -2.993201e+01 1.831240e+01
      vertex -5.626427e+00 -2.993201e+01 1.825628e+01
    endloop
  endfacet
  facet normal -1.256449e-01 -1.332301e-07 9.920753e-01
    outer loop
      vertex -5.626427e+00 -2.993201e+01 1.825628e+01
      vertex -5.215293e+00 -2.516951e+01 1.830835e+01
      vertex -5.626430e+00 -2.516951e+01 1.825628e+01
    endloop
  endfacet
  facet normal -1.256449e-01 -1.332301e-07 9.920753e-01
    outer loop
      vertex -5.215293e+00 -2.516951e+01 1.830835e+01
      vertex -5.626427e+00 -2.993201e+01 1.825628e+01
      vertex -5.215290e+00 -2.993201e+01 1.830835e+01
    endloop
  endfacet
  facet normal 9.815791e-01 6.683267e-07 1.910560e-01
    outer loop
      vertex 3.988550e+00 -2.993201e+01 1.933967e+01
      vertex 3.909369e+00 -2.516950e+01 1.974646e+01
      vertex 3.909372e+00 -2.993201e+01 1.974646e+01
    endloop
  endfacet
  facet normal 9.815791e-01 6.683267e-07 1.910560e-01
    outer loop
      vertex 3.909369e+00 -2.516950e+01 1.974646e+01
      vertex 3.988550e+00 -2.993201e+01 1.933967e+01
      vertex 3.988547e+00 -2.516950e+01 1.933967e+01
    endloop
  endfacet
  facet normal 8.986837e-01 5.995174e-07 4.385973e-01
    outer loop
      vertex 4.170314e+00 -2.993201e+01 1.896724e+01
      vertex 3.988547e+00 -2.516950e+01 1.933967e+01
      vertex 3.988550e+00 -2.993201e+01 1.933967e+01
    endloop
  endfacet
  facet normal 8.986837e-01 5.995174e-07 4.385973e-01
    outer loop
      vertex 3.988547e+00 -2.516950e+01 1.933967e+01
      vertex 4.170314e+00 -2.993201e+01 1.896724e+01
      vertex 4.170310e+00 -2.516950e+01 1.896724e+01
    endloop
  endfacet
  facet normal 7.545444e-01 4.898521e-07 6.562489e-01
    outer loop
      vertex 4.442277e+00 -2.993201e+01 1.865454e+01
      vertex 4.170310e+00 -2.516950e+01 1.896724e+01
      vertex 4.170314e+00 -2.993201e+01 1.896724e+01
    endloop
  endfacet
  facet normal 7.545444e-01 4.898521e-07 6.562489e-01
    outer loop
      vertex 4.170310e+00 -2.516950e+01 1.896724e+01
      vertex 4.442277e+00 -2.993201e+01 1.865454e+01
      vertex 4.442274e+00 -2.516950e+01 1.865454e+01
    endloop
  endfacet
  facet normal 5.589842e-01 3.468043e-07 8.291783e-01
    outer loop
      vertex 4.442277e+00 -2.993201e+01 1.865454e+01
      vertex 4.785902e+00 -2.516950e+01 1.842289e+01
      vertex 4.442274e+00 -2.516950e+01 1.865454e+01
    endloop
  endfacet
  facet normal 5.589842e-01 3.468043e-07 8.291783e-01
    outer loop
      vertex 4.785902e+00 -2.516950e+01 1.842289e+01
      vertex 4.442277e+00 -2.993201e+01 1.865454e+01
      vertex 4.785906e+00 -2.993201e+01 1.842289e+01
    endloop
  endfacet
  facet normal 3.253302e-01 1.801222e-07 9.456005e-01
    outer loop
      vertex 4.785906e+00 -2.993201e+01 1.842289e+01
      vertex 5.177778e+00 -2.516950e+01 1.828806e+01
      vertex 4.785902e+00 -2.516950e+01 1.842289e+01
    endloop
  endfacet
  facet normal 3.253302e-01 1.801222e-07 9.456005e-01
    outer loop
      vertex 5.177778e+00 -2.516950e+01 1.828806e+01
      vertex 4.785906e+00 -2.993201e+01 1.842289e+01
      vertex 5.177782e+00 -2.993201e+01 1.828806e+01
    endloop
  endfacet
  facet normal 6.950540e-02 1.165136e-09 9.975816e-01
    outer loop
      vertex 5.177782e+00 -2.993201e+01 1.828806e+01
      vertex 5.591197e+00 -2.516950e+01 1.825926e+01
      vertex 5.177778e+00 -2.516950e+01 1.828806e+01
    endloop
  endfacet
  facet normal 6.950540e-02 1.165136e-09 9.975816e-01
    outer loop
      vertex 5.591197e+00 -2.516950e+01 1.825926e+01
      vertex 5.177782e+00 -2.993201e+01 1.828806e+01
      vertex 5.591200e+00 -2.993201e+01 1.825926e+01
    endloop
  endfacet
  facet normal -1.910560e-01 -1.778713e-07 9.815791e-01
    outer loop
      vertex 5.591200e+00 -2.993201e+01 1.825926e+01
      vertex 5.997984e+00 -2.516950e+01 1.833844e+01
      vertex 5.591197e+00 -2.516950e+01 1.825926e+01
    endloop
  endfacet
  facet normal -1.910560e-01 -1.778713e-07 9.815791e-01
    outer loop
      vertex 5.997984e+00 -2.516950e+01 1.833844e+01
      vertex 5.591200e+00 -2.993201e+01 1.825926e+01
      vertex 5.997987e+00 -2.993200e+01 1.833844e+01
    endloop
  endfacet
  facet normal -4.385973e-01 -3.447862e-07 8.986837e-01
    outer loop
      vertex 5.997987e+00 -2.993200e+01 1.833844e+01
      vertex 6.370417e+00 -2.516950e+01 1.852020e+01
      vertex 5.997984e+00 -2.516950e+01 1.833844e+01
    endloop
  endfacet
  facet normal -4.385973e-01 -3.447862e-07 8.986837e-01
    outer loop
      vertex 6.370417e+00 -2.516950e+01 1.852020e+01
      vertex 5.997987e+00 -2.993200e+01 1.833844e+01
      vertex 6.370420e+00 -2.993200e+01 1.852020e+01
    endloop
  endfacet
  facet normal -6.562489e-01 -4.882044e-07 7.545444e-01
    outer loop
      vertex 6.370420e+00 -2.993200e+01 1.852020e+01
      vertex 6.683116e+00 -2.516950e+01 1.879216e+01
      vertex 6.370417e+00 -2.516950e+01 1.852020e+01
    endloop
  endfacet
  facet normal -6.562489e-01 -4.882044e-07 7.545444e-01
    outer loop
      vertex 6.683116e+00 -2.516950e+01 1.879216e+01
      vertex 6.370420e+00 -2.993200e+01 1.852020e+01
      vertex 6.683119e+00 -2.993200e+01 1.879216e+01
    endloop
  endfacet
  facet normal -8.291783e-01 -5.983523e-07 5.589842e-01
    outer loop
      vertex 6.914773e+00 -2.993200e+01 1.913579e+01
      vertex 6.683116e+00 -2.516950e+01 1.879216e+01
      vertex 6.683119e+00 -2.993200e+01 1.879216e+01
    endloop
  endfacet
  facet normal -8.291783e-01 -5.983523e-07 5.589842e-01
    outer loop
      vertex 6.683116e+00 -2.516950e+01 1.879216e+01
      vertex 6.914773e+00 -2.993200e+01 1.913579e+01
      vertex 6.914770e+00 -2.516950e+01 1.913579e+01
    endloop
  endfacet
  facet normal -9.456005e-01 -6.677234e-07 3.253302e-01
    outer loop
      vertex 7.049597e+00 -2.993200e+01 1.952767e+01
      vertex 6.914770e+00 -2.516950e+01 1.913579e+01
      vertex 6.914773e+00 -2.993200e+01 1.913579e+01
    endloop
  endfacet
  facet normal -9.456005e-01 -6.677234e-07 3.253302e-01
    outer loop
      vertex 6.914770e+00 -2.516950e+01 1.913579e+01
      vertex 7.049597e+00 -2.993200e+01 1.952767e+01
      vertex 7.049594e+00 -2.516950e+01 1.952767e+01
    endloop
  endfacet
  facet normal -9.975816e-01 -6.915903e-07 6.950540e-02
    outer loop
      vertex 7.078401e+00 -2.993200e+01 1.994109e+01
      vertex 7.049594e+00 -2.516950e+01 1.952767e+01
      vertex 7.049597e+00 -2.993200e+01 1.952767e+01
    endloop
  endfacet
  facet normal -9.975816e-01 -6.915903e-07 6.950540e-02
    outer loop
      vertex 7.049594e+00 -2.516950e+01 1.952767e+01
      vertex 7.078401e+00 -2.993200e+01 1.994109e+01
      vertex 7.078398e+00 -2.516950e+01 1.994109e+01
    endloop
  endfacet
  facet normal -9.815791e-01 -6.683267e-07 -1.910560e-01
    outer loop
      vertex 6.999221e+00 -2.516950e+01 2.034787e+01
      vertex 7.078401e+00 -2.993200e+01 1.994109e+01
      vertex 6.999224e+00 -2.993200e+01 2.034787e+01
    endloop
  endfacet
  facet normal -9.815791e-01 -6.683267e-07 -1.910560e-01
    outer loop
      vertex 7.078401e+00 -2.993200e+01 1.994109e+01
      vertex 6.999221e+00 -2.516950e+01 2.034787e+01
      vertex 7.078398e+00 -2.516950e+01 1.994109e+01
    endloop
  endfacet
  facet normal -8.986837e-01 -5.995174e-07 -4.385973e-01
    outer loop
      vertex 6.817457e+00 -2.516950e+01 2.072031e+01
      vertex 6.999224e+00 -2.993200e+01 2.034787e+01
      vertex 6.817460e+00 -2.993200e+01 2.072031e+01
    endloop
  endfacet
  facet normal -8.986837e-01 -5.995174e-07 -4.385973e-01
    outer loop
      vertex 6.999224e+00 -2.993200e+01 2.034787e+01
      vertex 6.817457e+00 -2.516950e+01 2.072031e+01
      vertex 6.999221e+00 -2.516950e+01 2.034787e+01
    endloop
  endfacet
  facet normal -7.545444e-01 -4.898521e-07 -6.562489e-01
    outer loop
      vertex 6.545494e+00 -2.516950e+01 2.103301e+01
      vertex 6.817460e+00 -2.993200e+01 2.072031e+01
      vertex 6.545497e+00 -2.993200e+01 2.103301e+01
    endloop
  endfacet
  facet normal -7.545444e-01 -4.898521e-07 -6.562489e-01
    outer loop
      vertex 6.817460e+00 -2.993200e+01 2.072031e+01
      vertex 6.545494e+00 -2.516950e+01 2.103301e+01
      vertex 6.817457e+00 -2.516950e+01 2.072031e+01
    endloop
  endfacet
  facet normal -5.589842e-01 -3.468043e-07 -8.291783e-01
    outer loop
      vertex 6.545494e+00 -2.516950e+01 2.103301e+01
      vertex 6.201868e+00 -2.993200e+01 2.126466e+01
      vertex 6.201865e+00 -2.516950e+01 2.126466e+01
    endloop
  endfacet
  facet normal -5.589842e-01 -3.468043e-07 -8.291783e-01
    outer loop
      vertex 6.201868e+00 -2.993200e+01 2.126466e+01
      vertex 6.545494e+00 -2.516950e+01 2.103301e+01
      vertex 6.545497e+00 -2.993200e+01 2.103301e+01
    endloop
  endfacet
  facet normal -3.253302e-01 -1.801222e-07 -9.456005e-01
    outer loop
      vertex 6.201865e+00 -2.516950e+01 2.126466e+01
      vertex 5.809992e+00 -2.993201e+01 2.139948e+01
      vertex 5.809989e+00 -2.516950e+01 2.139948e+01
    endloop
  endfacet
  facet normal -3.253302e-01 -1.801222e-07 -9.456005e-01
    outer loop
      vertex 5.809992e+00 -2.993201e+01 2.139948e+01
      vertex 6.201865e+00 -2.516950e+01 2.126466e+01
      vertex 6.201868e+00 -2.993200e+01 2.126466e+01
    endloop
  endfacet
  facet normal -6.950540e-02 -1.165136e-09 -9.975816e-01
    outer loop
      vertex 5.809989e+00 -2.516950e+01 2.139948e+01
      vertex 5.396573e+00 -2.993201e+01 2.142829e+01
      vertex 5.396570e+00 -2.516950e+01 2.142829e+01
    endloop
  endfacet
  facet normal -6.950540e-02 -1.165136e-09 -9.975816e-01
    outer loop
      vertex 5.396573e+00 -2.993201e+01 2.142829e+01
      vertex 5.809989e+00 -2.516950e+01 2.139948e+01
      vertex 5.809992e+00 -2.993201e+01 2.139948e+01
    endloop
  endfacet
  facet normal 1.910560e-01 1.778713e-07 -9.815791e-01
    outer loop
      vertex 5.396570e+00 -2.516950e+01 2.142829e+01
      vertex 4.989787e+00 -2.993201e+01 2.134911e+01
      vertex 4.989783e+00 -2.516950e+01 2.134911e+01
    endloop
  endfacet
  facet normal 1.910560e-01 1.778713e-07 -9.815791e-01
    outer loop
      vertex 4.989787e+00 -2.993201e+01 2.134911e+01
      vertex 5.396570e+00 -2.516950e+01 2.142829e+01
      vertex 5.396573e+00 -2.993201e+01 2.142829e+01
    endloop
  endfacet
  facet normal 4.385973e-01 3.447862e-07 -8.986837e-01
    outer loop
      vertex 4.989783e+00 -2.516950e+01 2.134911e+01
      vertex 4.617354e+00 -2.993201e+01 2.116735e+01
      vertex 4.617351e+00 -2.516950e+01 2.116735e+01
    endloop
  endfacet
  facet normal 4.385973e-01 3.447862e-07 -8.986837e-01
    outer loop
      vertex 4.617354e+00 -2.993201e+01 2.116735e+01
      vertex 4.989783e+00 -2.516950e+01 2.134911e+01
      vertex 4.989787e+00 -2.993201e+01 2.134911e+01
    endloop
  endfacet
  facet normal 6.562489e-01 4.882044e-07 -7.545444e-01
    outer loop
      vertex 4.617351e+00 -2.516950e+01 2.116735e+01
      vertex 4.304655e+00 -2.993201e+01 2.089538e+01
      vertex 4.304652e+00 -2.516950e+01 2.089538e+01
    endloop
  endfacet
  facet normal 6.562489e-01 4.882044e-07 -7.545444e-01
    outer loop
      vertex 4.304655e+00 -2.993201e+01 2.089538e+01
      vertex 4.617351e+00 -2.516950e+01 2.116735e+01
      vertex 4.617354e+00 -2.993201e+01 2.116735e+01
    endloop
  endfacet
  facet normal 8.291783e-01 5.983523e-07 -5.589842e-01
    outer loop
      vertex 4.072997e+00 -2.516950e+01 2.055176e+01
      vertex 4.304655e+00 -2.993201e+01 2.089538e+01
      vertex 4.073000e+00 -2.993201e+01 2.055176e+01
    endloop
  endfacet
  facet normal 8.291783e-01 5.983523e-07 -5.589842e-01
    outer loop
      vertex 4.304655e+00 -2.993201e+01 2.089538e+01
      vertex 4.072997e+00 -2.516950e+01 2.055176e+01
      vertex 4.304652e+00 -2.516950e+01 2.089538e+01
    endloop
  endfacet
  facet normal 9.456005e-01 6.677234e-07 -3.253302e-01
    outer loop
      vertex 3.938174e+00 -2.516950e+01 2.015988e+01
      vertex 4.073000e+00 -2.993201e+01 2.055176e+01
      vertex 3.938177e+00 -2.993201e+01 2.015988e+01
    endloop
  endfacet
  facet normal 9.456005e-01 6.677234e-07 -3.253302e-01
    outer loop
      vertex 4.073000e+00 -2.993201e+01 2.055176e+01
      vertex 3.938174e+00 -2.516950e+01 2.015988e+01
      vertex 4.072997e+00 -2.516950e+01 2.055176e+01
    endloop
  endfacet
  facet normal 9.975816e-01 6.915903e-07 -6.950540e-02
    outer loop
      vertex 3.909369e+00 -2.516950e+01 1.974646e+01
      vertex 3.938177e+00 -2.993201e+01 2.015988e+01
      vertex 3.909372e+00 -2.993201e+01 1.974646e+01
    endloop
  endfacet
  facet normal 9.975816e-01 6.915903e-07 -6.950540e-02
    outer loop
      vertex 3.938177e+00 -2.993201e+01 2.015988e+01
      vertex 3.909369e+00 -2.516950e+01 1.974646e+01
      vertex 3.938174e+00 -2.516950e+01 2.015988e+01
    endloop
  endfacet
  facet normal -9.316466e-01 -6.257906e-07 -3.633657e-01
    outer loop
      vertex 1.799743e+01 -2.516950e+01 2.060874e+01
      vertex 1.814802e+01 -2.993199e+01 2.022265e+01
      vertex 1.799743e+01 -2.993199e+01 2.060874e+01
    endloop
  endfacet
  facet normal -9.316466e-01 -6.257906e-07 -3.633657e-01
    outer loop
      vertex 1.814802e+01 -2.993199e+01 2.022265e+01
      vertex 1.799743e+01 -2.516950e+01 2.060874e+01
      vertex 1.814801e+01 -2.516950e+01 2.022265e+01
    endloop
  endfacet
  facet normal -8.058556e-01 -5.282652e-07 -5.921122e-01
    outer loop
      vertex 1.775204e+01 -2.516950e+01 2.094270e+01
      vertex 1.799743e+01 -2.993199e+01 2.060874e+01
      vertex 1.775205e+01 -2.993199e+01 2.094270e+01
    endloop
  endfacet
  facet normal -8.058556e-01 -5.282652e-07 -5.921122e-01
    outer loop
      vertex 1.799743e+01 -2.993199e+01 2.060874e+01
      vertex 1.775204e+01 -2.516950e+01 2.094270e+01
      vertex 1.799743e+01 -2.516950e+01 2.060874e+01
    endloop
  endfacet
  facet normal -6.251467e-01 -3.947393e-07 -7.805072e-01
    outer loop
      vertex 1.775204e+01 -2.516950e+01 2.094270e+01
      vertex 1.742859e+01 -2.993199e+01 2.120178e+01
      vertex 1.742858e+01 -2.516950e+01 2.120178e+01
    endloop
  endfacet
  facet normal -6.251467e-01 -3.947393e-07 -7.805072e-01
    outer loop
      vertex 1.742859e+01 -2.993199e+01 2.120178e+01
      vertex 1.775204e+01 -2.516950e+01 2.094270e+01
      vertex 1.775205e+01 -2.993199e+01 2.094270e+01
    endloop
  endfacet
  facet normal -4.018353e-01 -2.343126e-07 -9.157120e-01
    outer loop
      vertex 1.742858e+01 -2.516950e+01 2.120178e+01
      vertex 1.704910e+01 -2.993199e+01 2.136830e+01
      vertex 1.704910e+01 -2.516950e+01 2.136830e+01
    endloop
  endfacet
  facet normal -4.018353e-01 -2.343126e-07 -9.157120e-01
    outer loop
      vertex 1.704910e+01 -2.993199e+01 2.136830e+01
      vertex 1.742858e+01 -2.516950e+01 2.120178e+01
      vertex 1.742859e+01 -2.993199e+01 2.120178e+01
    endloop
  endfacet
  facet normal -1.511394e-01 -5.791788e-08 -9.885125e-01
    outer loop
      vertex 1.704910e+01 -2.516950e+01 2.136830e+01
      vertex 1.663944e+01 -2.993199e+01 2.143094e+01
      vertex 1.663944e+01 -2.516950e+01 2.143094e+01
    endloop
  endfacet
  facet normal -1.511394e-01 -5.791788e-08 -9.885125e-01
    outer loop
      vertex 1.663944e+01 -2.993199e+01 2.143094e+01
      vertex 1.704910e+01 -2.516950e+01 2.136830e+01
      vertex 1.704910e+01 -2.993199e+01 2.136830e+01
    endloop
  endfacet
  facet normal 1.098564e-01 1.224239e-07 -9.939475e-01
    outer loop
      vertex 1.663944e+01 -2.516950e+01 2.143094e+01
      vertex 1.622752e+01 -2.993199e+01 2.138541e+01
      vertex 1.622752e+01 -2.516950e+01 2.138541e+01
    endloop
  endfacet
  facet normal 1.098564e-01 1.224239e-07 -9.939475e-01
    outer loop
      vertex 1.622752e+01 -2.993199e+01 2.138541e+01
      vertex 1.663944e+01 -2.516950e+01 2.143094e+01
      vertex 1.663944e+01 -2.993199e+01 2.143094e+01
    endloop
  endfacet
  facet normal 3.633657e-01 2.944226e-07 -9.316466e-01
    outer loop
      vertex 1.622752e+01 -2.516950e+01 2.138541e+01
      vertex 1.584143e+01 -2.993200e+01 2.123483e+01
      vertex 1.584143e+01 -2.516950e+01 2.123483e+01
    endloop
  endfacet
  facet normal 3.633657e-01 2.944226e-07 -9.316466e-01
    outer loop
      vertex 1.584143e+01 -2.993200e+01 2.123483e+01
      vertex 1.622752e+01 -2.516950e+01 2.138541e+01
      vertex 1.622752e+01 -2.993199e+01 2.138541e+01
    endloop
  endfacet
  facet normal 5.921122e-01 4.463569e-07 -8.058556e-01
    outer loop
      vertex 1.584143e+01 -2.516950e+01 2.123483e+01
      vertex 1.550747e+01 -2.993200e+01 2.098944e+01
      vertex 1.550747e+01 -2.516950e+01 2.098944e+01
    endloop
  endfacet
  facet normal 5.921122e-01 4.463569e-07 -8.058556e-01
    outer loop
      vertex 1.550747e+01 -2.993200e+01 2.098944e+01
      vertex 1.584143e+01 -2.516950e+01 2.123483e+01
      vertex 1.584143e+01 -2.993200e+01 2.123483e+01
    endloop
  endfacet
  facet normal 7.805072e-01 5.678729e-07 -6.251467e-01
    outer loop
      vertex 1.524839e+01 -2.516950e+01 2.066599e+01
      vertex 1.550747e+01 -2.993200e+01 2.098944e+01
      vertex 1.524840e+01 -2.993200e+01 2.066598e+01
    endloop
  endfacet
  facet normal 7.805072e-01 5.678729e-07 -6.251467e-01
    outer loop
      vertex 1.550747e+01 -2.993200e+01 2.098944e+01
      vertex 1.524839e+01 -2.516950e+01 2.066599e+01
      vertex 1.550747e+01 -2.516950e+01 2.098944e+01
    endloop
  endfacet
  facet normal 9.157120e-01 6.506890e-07 -4.018353e-01
    outer loop
      vertex 1.508186e+01 -2.516950e+01 2.028650e+01
      vertex 1.524840e+01 -2.993200e+01 2.066598e+01
      vertex 1.508187e+01 -2.993200e+01 2.028650e+01
    endloop
  endfacet
  facet normal 9.157120e-01 6.506890e-07 -4.018353e-01
    outer loop
      vertex 1.524840e+01 -2.993200e+01 2.066598e+01
      vertex 1.508186e+01 -2.516950e+01 2.028650e+01
      vertex 1.524839e+01 -2.516950e+01 2.066599e+01
    endloop
  endfacet
  facet normal 9.885125e-01 6.891618e-07 -1.511394e-01
    outer loop
      vertex 1.501923e+01 -2.516950e+01 1.987683e+01
      vertex 1.508187e+01 -2.993200e+01 2.028650e+01
      vertex 1.501923e+01 -2.993200e+01 1.987683e+01
    endloop
  endfacet
  facet normal 9.885125e-01 6.891618e-07 -1.511394e-01
    outer loop
      vertex 1.508187e+01 -2.993200e+01 2.028650e+01
      vertex 1.501923e+01 -2.516950e+01 1.987683e+01
      vertex 1.508186e+01 -2.516950e+01 2.028650e+01
    endloop
  endfacet
  facet normal 9.939475e-01 6.806695e-07 1.098564e-01
    outer loop
      vertex 1.506476e+01 -2.993200e+01 1.946492e+01
      vertex 1.501923e+01 -2.516950e+01 1.987683e+01
      vertex 1.501923e+01 -2.993200e+01 1.987683e+01
    endloop
  endfacet
  facet normal 9.939475e-01 6.806695e-07 1.098564e-01
    outer loop
      vertex 1.501923e+01 -2.516950e+01 1.987683e+01
      vertex 1.506476e+01 -2.993200e+01 1.946492e+01
      vertex 1.506476e+01 -2.516950e+01 1.946492e+01
    endloop
  endfacet
  facet normal 9.316466e-01 6.257906e-07 3.633657e-01
    outer loop
      vertex 1.521534e+01 -2.993200e+01 1.907883e+01
      vertex 1.506476e+01 -2.516950e+01 1.946492e+01
      vertex 1.506476e+01 -2.993200e+01 1.946492e+01
    endloop
  endfacet
  facet normal 9.316466e-01 6.257906e-07 3.633657e-01
    outer loop
      vertex 1.506476e+01 -2.516950e+01 1.946492e+01
      vertex 1.521534e+01 -2.993200e+01 1.907883e+01
      vertex 1.521534e+01 -2.516950e+01 1.907883e+01
    endloop
  endfacet
  facet normal 8.058556e-01 5.282652e-07 5.921122e-01
    outer loop
      vertex 1.546073e+01 -2.993200e+01 1.874487e+01
      vertex 1.521534e+01 -2.516950e+01 1.907883e+01
      vertex 1.521534e+01 -2.993200e+01 1.907883e+01
    endloop
  endfacet
  facet normal 8.058556e-01 5.282652e-07 5.921122e-01
    outer loop
      vertex 1.521534e+01 -2.516950e+01 1.907883e+01
      vertex 1.546073e+01 -2.993200e+01 1.874487e+01
      vertex 1.546072e+01 -2.516950e+01 1.874487e+01
    endloop
  endfacet
  facet normal 6.251467e-01 3.947393e-07 7.805072e-01
    outer loop
      vertex 1.546073e+01 -2.993200e+01 1.874487e+01
      vertex 1.578418e+01 -2.516950e+01 1.848579e+01
      vertex 1.546072e+01 -2.516950e+01 1.874487e+01
    endloop
  endfacet
  facet normal 6.251467e-01 3.947393e-07 7.805072e-01
    outer loop
      vertex 1.578418e+01 -2.516950e+01 1.848579e+01
      vertex 1.546073e+01 -2.993200e+01 1.874487e+01
      vertex 1.578419e+01 -2.993199e+01 1.848579e+01
    endloop
  endfacet
  facet normal 4.018353e-01 2.343126e-07 9.157120e-01
    outer loop
      vertex 1.578419e+01 -2.993199e+01 1.848579e+01
      vertex 1.616367e+01 -2.516950e+01 1.831926e+01
      vertex 1.578418e+01 -2.516950e+01 1.848579e+01
    endloop
  endfacet
  facet normal 4.018353e-01 2.343126e-07 9.157120e-01
    outer loop
      vertex 1.616367e+01 -2.516950e+01 1.831926e+01
      vertex 1.578419e+01 -2.993199e+01 1.848579e+01
      vertex 1.616368e+01 -2.993199e+01 1.831926e+01
    endloop
  endfacet
  facet normal 1.511394e-01 5.791788e-08 9.885125e-01
    outer loop
      vertex 1.616368e+01 -2.993199e+01 1.831926e+01
      vertex 1.657333e+01 -2.516950e+01 1.825663e+01
      vertex 1.616367e+01 -2.516950e+01 1.831926e+01
    endloop
  endfacet
  facet normal 1.511394e-01 5.791788e-08 9.885125e-01
    outer loop
      vertex 1.657333e+01 -2.516950e+01 1.825663e+01
      vertex 1.616368e+01 -2.993199e+01 1.831926e+01
      vertex 1.657334e+01 -2.993199e+01 1.825663e+01
    endloop
  endfacet
  facet normal -1.098564e-01 -1.224239e-07 9.939475e-01
    outer loop
      vertex 1.657334e+01 -2.993199e+01 1.825663e+01
      vertex 1.698524e+01 -2.516950e+01 1.830216e+01
      vertex 1.657333e+01 -2.516950e+01 1.825663e+01
    endloop
  endfacet
  facet normal -1.098564e-01 -1.224239e-07 9.939475e-01
    outer loop
      vertex 1.698524e+01 -2.516950e+01 1.830216e+01
      vertex 1.657334e+01 -2.993199e+01 1.825663e+01
      vertex 1.698525e+01 -2.993199e+01 1.830216e+01
    endloop
  endfacet
  facet normal -3.633657e-01 -2.944226e-07 9.316466e-01
    outer loop
      vertex 1.698525e+01 -2.993199e+01 1.830216e+01
      vertex 1.737134e+01 -2.516950e+01 1.845274e+01
      vertex 1.698524e+01 -2.516950e+01 1.830216e+01
    endloop
  endfacet
  facet normal -3.633657e-01 -2.944226e-07 9.316466e-01
    outer loop
      vertex 1.737134e+01 -2.516950e+01 1.845274e+01
      vertex 1.698525e+01 -2.993199e+01 1.830216e+01
      vertex 1.737134e+01 -2.993199e+01 1.845274e+01
    endloop
  endfacet
  facet normal -5.921122e-01 -4.463569e-07 8.058556e-01
    outer loop
      vertex 1.737134e+01 -2.993199e+01 1.845274e+01
      vertex 1.770530e+01 -2.516950e+01 1.869812e+01
      vertex 1.737134e+01 -2.516950e+01 1.845274e+01
    endloop
  endfacet
  facet normal -5.921122e-01 -4.463569e-07 8.058556e-01
    outer loop
      vertex 1.770530e+01 -2.516950e+01 1.869812e+01
      vertex 1.737134e+01 -2.993199e+01 1.845274e+01
      vertex 1.770531e+01 -2.993199e+01 1.869812e+01
    endloop
  endfacet
  facet normal -7.805072e-01 -5.678729e-07 6.251467e-01
    outer loop
      vertex 1.796438e+01 -2.993199e+01 1.902158e+01
      vertex 1.770530e+01 -2.516950e+01 1.869812e+01
      vertex 1.770531e+01 -2.993199e+01 1.869812e+01
    endloop
  endfacet
  facet normal -7.805072e-01 -5.678729e-07 6.251467e-01
    outer loop
      vertex 1.770530e+01 -2.516950e+01 1.869812e+01
      vertex 1.796438e+01 -2.993199e+01 1.902158e+01
      vertex 1.796438e+01 -2.516950e+01 1.902158e+01
    endloop
  endfacet
  facet normal -9.157120e-01 -6.506890e-07 4.018353e-01
    outer loop
      vertex 1.813091e+01 -2.993199e+01 1.940107e+01
      vertex 1.796438e+01 -2.516950e+01 1.902158e+01
      vertex 1.796438e+01 -2.993199e+01 1.902158e+01
    endloop
  endfacet
  facet normal -9.157120e-01 -6.506890e-07 4.018353e-01
    outer loop
      vertex 1.796438e+01 -2.516950e+01 1.902158e+01
      vertex 1.813091e+01 -2.993199e+01 1.940107e+01
      vertex 1.813090e+01 -2.516950e+01 1.940107e+01
    endloop
  endfacet
  facet normal -9.885125e-01 -6.891618e-07 1.511394e-01
    outer loop
      vertex 1.819354e+01 -2.993199e+01 1.981073e+01
      vertex 1.813090e+01 -2.516950e+01 1.940107e+01
      vertex 1.813091e+01 -2.993199e+01 1.940107e+01
    endloop
  endfacet
  facet normal -9.885125e-01 -6.891618e-07 1.511394e-01
    outer loop
      vertex 1.813090e+01 -2.516950e+01 1.940107e+01
      vertex 1.819354e+01 -2.993199e+01 1.981073e+01
      vertex 1.819354e+01 -2.516950e+01 1.981073e+01
    endloop
  endfacet
  facet normal -9.939475e-01 -6.806695e-07 -1.098564e-01
    outer loop
      vertex 1.814801e+01 -2.516950e+01 2.022265e+01
      vertex 1.819354e+01 -2.993199e+01 1.981073e+01
      vertex 1.814802e+01 -2.993199e+01 2.022265e+01
    endloop
  endfacet
  facet normal -9.939475e-01 -6.806695e-07 -1.098564e-01
    outer loop
      vertex 1.819354e+01 -2.993199e+01 1.981073e+01
      vertex 1.814801e+01 -2.516950e+01 2.022265e+01
      vertex 1.819354e+01 -2.516950e+01 1.981073e+01
    endloop
  endfacet
  facet normal 7.900803e-01 5.739087e-07 -6.130033e-01
    outer loop
      vertex 1.523584e+01 -2.516950e+01 9.532379e+00
      vertex 1.548989e+01 -2.993201e+01 9.859804e+00
      vertex 1.523584e+01 -2.993201e+01 9.532379e+00
    endloop
  endfacet
  facet normal 7.900803e-01 5.739087e-07 -6.130033e-01
    outer loop
      vertex 1.548989e+01 -2.993201e+01 9.859804e+00
      vertex 1.523584e+01 -2.516950e+01 9.532379e+00
      vertex 1.548988e+01 -2.516950e+01 9.859805e+00
    endloop
  endfacet
  facet normal 9.218160e-01 6.542344e-07 -3.876279e-01
    outer loop
      vertex 1.507520e+01 -2.516950e+01 9.150359e+00
      vertex 1.523584e+01 -2.993201e+01 9.532379e+00
      vertex 1.507520e+01 -2.993201e+01 9.150359e+00
    endloop
  endfacet
  facet normal 9.218160e-01 6.542344e-07 -3.876279e-01
    outer loop
      vertex 1.523584e+01 -2.993201e+01 9.532379e+00
      vertex 1.507520e+01 -2.516950e+01 9.150359e+00
      vertex 1.523584e+01 -2.516950e+01 9.532379e+00
    endloop
  endfacet
  facet normal 9.907313e-01 6.899751e-07 -1.358362e-01
    outer loop
      vertex 1.501891e+01 -2.516950e+01 8.739780e+00
      vertex 1.507520e+01 -2.993201e+01 9.150359e+00
      vertex 1.501891e+01 -2.993201e+01 8.739779e+00
    endloop
  endfacet
  facet normal 9.907313e-01 6.899751e-07 -1.358362e-01
    outer loop
      vertex 1.507520e+01 -2.993201e+01 9.150359e+00
      vertex 1.501891e+01 -2.516950e+01 8.739780e+00
      vertex 1.507520e+01 -2.516950e+01 9.150359e+00
    endloop
  endfacet
  facet normal 9.921300e-01 6.786952e-07 1.252124e-01
    outer loop
      vertex 1.507080e+01 -2.993201e+01 8.328620e+00
      vertex 1.501891e+01 -2.516950e+01 8.739780e+00
      vertex 1.501891e+01 -2.993201e+01 8.739779e+00
    endloop
  endfacet
  facet normal 9.921300e-01 6.786952e-07 1.252124e-01
    outer loop
      vertex 1.501891e+01 -2.516950e+01 8.739780e+00
      vertex 1.507080e+01 -2.993201e+01 8.328620e+00
      vertex 1.507080e+01 -2.516950e+01 8.328621e+00
    endloop
  endfacet
  facet normal 9.259166e-01 6.211633e-07 3.777280e-01
    outer loop
      vertex 1.522734e+01 -2.993201e+01 7.944901e+00
      vertex 1.507080e+01 -2.516950e+01 8.328621e+00
      vertex 1.507080e+01 -2.993201e+01 8.328620e+00
    endloop
  endfacet
  facet normal 9.259166e-01 6.211633e-07 3.777280e-01
    outer loop
      vertex 1.507080e+01 -2.516950e+01 8.328621e+00
      vertex 1.522734e+01 -2.993201e+01 7.944901e+00
      vertex 1.522733e+01 -2.516950e+01 7.944901e+00
    endloop
  endfacet
  facet normal 7.966036e-01 5.213001e-07 6.045020e-01
    outer loop
      vertex 1.547786e+01 -2.993201e+01 7.614772e+00
      vertex 1.522733e+01 -2.516950e+01 7.944901e+00
      vertex 1.522734e+01 -2.993201e+01 7.944901e+00
    endloop
  endfacet
  facet normal 7.966036e-01 5.213001e-07 6.045020e-01
    outer loop
      vertex 1.522733e+01 -2.516950e+01 7.944901e+00
      vertex 1.547786e+01 -2.993201e+01 7.614772e+00
      vertex 1.547785e+01 -2.516950e+01 7.614772e+00
    endloop
  endfacet
  facet normal 6.130033e-01 3.859112e-07 7.900803e-01
    outer loop
      vertex 1.547786e+01 -2.993201e+01 7.614772e+00
      vertex 1.580528e+01 -2.516950e+01 7.360732e+00
      vertex 1.547785e+01 -2.516950e+01 7.614772e+00
    endloop
  endfacet
  facet normal 6.130033e-01 3.859112e-07 7.900803e-01
    outer loop
      vertex 1.580528e+01 -2.516950e+01 7.360732e+00
      vertex 1.547786e+01 -2.993201e+01 7.614772e+00
      vertex 1.580528e+01 -2.993201e+01 7.360731e+00
    endloop
  endfacet
  facet normal 3.876279e-01 2.242232e-07 9.218160e-01
    outer loop
      vertex 1.580528e+01 -2.993201e+01 7.360731e+00
      vertex 1.618730e+01 -2.516950e+01 7.200090e+00
      vertex 1.580528e+01 -2.516950e+01 7.360732e+00
    endloop
  endfacet
  facet normal 3.876279e-01 2.242232e-07 9.218160e-01
    outer loop
      vertex 1.618730e+01 -2.516950e+01 7.200090e+00
      vertex 1.580528e+01 -2.993201e+01 7.360731e+00
      vertex 1.618730e+01 -2.993201e+01 7.200090e+00
    endloop
  endfacet
  facet normal 1.358362e-01 4.725465e-08 9.907313e-01
    outer loop
      vertex 1.618730e+01 -2.993201e+01 7.200090e+00
      vertex 1.659788e+01 -2.516950e+01 7.143797e+00
      vertex 1.618730e+01 -2.516950e+01 7.200090e+00
    endloop
  endfacet
  facet normal 1.358362e-01 4.725465e-08 9.907313e-01
    outer loop
      vertex 1.659788e+01 -2.516950e+01 7.143797e+00
      vertex 1.618730e+01 -2.993201e+01 7.200090e+00
      vertex 1.659788e+01 -2.993201e+01 7.143797e+00
    endloop
  endfacet
  facet normal -1.252124e-01 -1.329342e-07 9.921300e-01
    outer loop
      vertex 1.659788e+01 -2.993201e+01 7.143797e+00
      vertex 1.700904e+01 -2.516950e+01 7.195687e+00
      vertex 1.659788e+01 -2.516950e+01 7.143797e+00
    endloop
  endfacet
  facet normal -1.252124e-01 -1.329342e-07 9.921300e-01
    outer loop
      vertex 1.700904e+01 -2.516950e+01 7.195687e+00
      vertex 1.659788e+01 -2.993201e+01 7.143797e+00
      vertex 1.700904e+01 -2.993200e+01 7.195687e+00
    endloop
  endfacet
  facet normal -3.777280e-01 -3.040638e-07 9.259166e-01
    outer loop
      vertex 1.700904e+01 -2.993200e+01 7.195687e+00
      vertex 1.739276e+01 -2.516950e+01 7.352226e+00
      vertex 1.700904e+01 -2.516950e+01 7.195687e+00
    endloop
  endfacet
  facet normal -3.777280e-01 -3.040638e-07 9.259166e-01
    outer loop
      vertex 1.739276e+01 -2.516950e+01 7.352226e+00
      vertex 1.700904e+01 -2.993200e+01 7.195687e+00
      vertex 1.739276e+01 -2.993200e+01 7.352225e+00
    endloop
  endfacet
  facet normal -6.045020e-01 -4.544720e-07 7.966036e-01
    outer loop
      vertex 1.739276e+01 -2.993200e+01 7.352225e+00
      vertex 1.772289e+01 -2.516950e+01 7.602744e+00
      vertex 1.739276e+01 -2.516950e+01 7.352226e+00
    endloop
  endfacet
  facet normal -6.045020e-01 -4.544720e-07 7.966036e-01
    outer loop
      vertex 1.772289e+01 -2.516950e+01 7.602744e+00
      vertex 1.739276e+01 -2.993200e+01 7.352225e+00
      vertex 1.772289e+01 -2.993200e+01 7.602744e+00
    endloop
  endfacet
  facet normal -7.900803e-01 -5.739087e-07 6.130033e-01
    outer loop
      vertex 1.797693e+01 -2.993200e+01 7.930170e+00
      vertex 1.772289e+01 -2.516950e+01 7.602744e+00
      vertex 1.772289e+01 -2.993200e+01 7.602744e+00
    endloop
  endfacet
  facet normal -7.900803e-01 -5.739087e-07 6.130033e-01
    outer loop
      vertex 1.772289e+01 -2.516950e+01 7.602744e+00
      vertex 1.797693e+01 -2.993200e+01 7.930170e+00
      vertex 1.797693e+01 -2.516950e+01 7.930170e+00
    endloop
  endfacet
  facet normal -9.218160e-01 -6.542344e-07 3.876279e-01
    outer loop
      vertex 1.813757e+01 -2.993200e+01 8.312189e+00
      vertex 1.797693e+01 -2.516950e+01 7.930170e+00
      vertex 1.797693e+01 -2.993200e+01 7.930170e+00
    endloop
  endfacet
  facet normal -9.218160e-01 -6.542344e-07 3.876279e-01
    outer loop
      vertex 1.797693e+01 -2.516950e+01 7.930170e+00
      vertex 1.813757e+01 -2.993200e+01 8.312189e+00
      vertex 1.813757e+01 -2.516950e+01 8.312189e+00
    endloop
  endfacet
  facet normal -9.907313e-01 -6.899751e-07 1.358362e-01
    outer loop
      vertex 1.819386e+01 -2.993200e+01 8.722768e+00
      vertex 1.813757e+01 -2.516950e+01 8.312189e+00
      vertex 1.813757e+01 -2.993200e+01 8.312189e+00
    endloop
  endfacet
  facet normal -9.907313e-01 -6.899751e-07 1.358362e-01
    outer loop
      vertex 1.813757e+01 -2.516950e+01 8.312189e+00
      vertex 1.819386e+01 -2.993200e+01 8.722768e+00
      vertex 1.819386e+01 -2.516950e+01 8.722769e+00
    endloop
  endfacet
  facet normal -9.921300e-01 -6.786952e-07 -1.252124e-01
    outer loop
      vertex 1.814197e+01 -2.516950e+01 9.133928e+00
      vertex 1.819386e+01 -2.993200e+01 8.722768e+00
      vertex 1.814197e+01 -2.993200e+01 9.133928e+00
    endloop
  endfacet
  facet normal -9.921300e-01 -6.786952e-07 -1.252124e-01
    outer loop
      vertex 1.819386e+01 -2.993200e+01 8.722768e+00
      vertex 1.814197e+01 -2.516950e+01 9.133928e+00
      vertex 1.819386e+01 -2.516950e+01 8.722769e+00
    endloop
  endfacet
  facet normal -9.259166e-01 -6.211633e-07 -3.777280e-01
    outer loop
      vertex 1.798543e+01 -2.516950e+01 9.517647e+00
      vertex 1.814197e+01 -2.993200e+01 9.133928e+00
      vertex 1.798543e+01 -2.993200e+01 9.517647e+00
    endloop
  endfacet
  facet normal -9.259166e-01 -6.211633e-07 -3.777280e-01
    outer loop
      vertex 1.814197e+01 -2.993200e+01 9.133928e+00
      vertex 1.798543e+01 -2.516950e+01 9.517647e+00
      vertex 1.814197e+01 -2.516950e+01 9.133928e+00
    endloop
  endfacet
  facet normal -7.966036e-01 -5.213001e-07 -6.045020e-01
    outer loop
      vertex 1.773491e+01 -2.516950e+01 9.847776e+00
      vertex 1.798543e+01 -2.993200e+01 9.517647e+00
      vertex 1.773492e+01 -2.993200e+01 9.847775e+00
    endloop
  endfacet
  facet normal -7.966036e-01 -5.213001e-07 -6.045020e-01
    outer loop
      vertex 1.798543e+01 -2.993200e+01 9.517647e+00
      vertex 1.773491e+01 -2.516950e+01 9.847776e+00
      vertex 1.798543e+01 -2.516950e+01 9.517647e+00
    endloop
  endfacet
  facet normal -6.130033e-01 -3.859112e-07 -7.900803e-01
    outer loop
      vertex 1.773491e+01 -2.516950e+01 9.847776e+00
      vertex 1.740749e+01 -2.993200e+01 1.010182e+01
      vertex 1.740749e+01 -2.516950e+01 1.010182e+01
    endloop
  endfacet
  facet normal -6.130033e-01 -3.859112e-07 -7.900803e-01
    outer loop
      vertex 1.740749e+01 -2.993200e+01 1.010182e+01
      vertex 1.773491e+01 -2.516950e+01 9.847776e+00
      vertex 1.773492e+01 -2.993200e+01 9.847775e+00
    endloop
  endfacet
  facet normal -3.876279e-01 -2.242232e-07 -9.218160e-01
    outer loop
      vertex 1.740749e+01 -2.516950e+01 1.010182e+01
      vertex 1.702547e+01 -2.993201e+01 1.026246e+01
      vertex 1.702547e+01 -2.516950e+01 1.026246e+01
    endloop
  endfacet
  facet normal -3.876279e-01 -2.242232e-07 -9.218160e-01
    outer loop
      vertex 1.702547e+01 -2.993201e+01 1.026246e+01
      vertex 1.740749e+01 -2.516950e+01 1.010182e+01
      vertex 1.740749e+01 -2.993200e+01 1.010182e+01
    endloop
  endfacet
  facet normal -1.358362e-01 -4.725465e-08 -9.907313e-01
    outer loop
      vertex 1.702547e+01 -2.516950e+01 1.026246e+01
      vertex 1.661489e+01 -2.993201e+01 1.031875e+01
      vertex 1.661489e+01 -2.516950e+01 1.031875e+01
    endloop
  endfacet
  facet normal -1.358362e-01 -4.725465e-08 -9.907313e-01
    outer loop
      vertex 1.661489e+01 -2.993201e+01 1.031875e+01
      vertex 1.702547e+01 -2.516950e+01 1.026246e+01
      vertex 1.702547e+01 -2.993201e+01 1.026246e+01
    endloop
  endfacet
  facet normal 1.252124e-01 1.329342e-07 -9.921300e-01
    outer loop
      vertex 1.661489e+01 -2.516950e+01 1.031875e+01
      vertex 1.620373e+01 -2.993201e+01 1.026686e+01
      vertex 1.620373e+01 -2.516950e+01 1.026686e+01
    endloop
  endfacet
  facet normal 1.252124e-01 1.329342e-07 -9.921300e-01
    outer loop
      vertex 1.620373e+01 -2.993201e+01 1.026686e+01
      vertex 1.661489e+01 -2.516950e+01 1.031875e+01
      vertex 1.661489e+01 -2.993201e+01 1.031875e+01
    endloop
  endfacet
  facet normal 3.777280e-01 3.040638e-07 -9.259166e-01
    outer loop
      vertex 1.620373e+01 -2.516950e+01 1.026686e+01
      vertex 1.582001e+01 -2.993201e+01 1.011032e+01
      vertex 1.582001e+01 -2.516950e+01 1.011032e+01
    endloop
  endfacet
  facet normal 3.777280e-01 3.040638e-07 -9.259166e-01
    outer loop
      vertex 1.582001e+01 -2.993201e+01 1.011032e+01
      vertex 1.620373e+01 -2.516950e+01 1.026686e+01
      vertex 1.620373e+01 -2.993201e+01 1.026686e+01
    endloop
  endfacet
  facet normal 6.045020e-01 4.544720e-07 -7.966036e-01
    outer loop
      vertex 1.582001e+01 -2.516950e+01 1.011032e+01
      vertex 1.548989e+01 -2.993201e+01 9.859804e+00
      vertex 1.548988e+01 -2.516950e+01 9.859805e+00
    endloop
  endfacet
  facet normal 6.045020e-01 4.544720e-07 -7.966036e-01
    outer loop
      vertex 1.548989e+01 -2.993201e+01 9.859804e+00
      vertex 1.582001e+01 -2.516950e+01 1.011032e+01
      vertex 1.582001e+01 -2.993201e+01 1.011032e+01
    endloop
  endfacet
  facet normal 9.407228e-01 6.650073e-07 -3.391764e-01
    outer loop
      vertex -7.169519e+00 -2.516951e+01 9.070173e+00
      vertex -7.028954e+00 -2.993201e+01 9.460028e+00
      vertex -7.169515e+00 -2.993201e+01 9.070173e+00
    endloop
  endfacet
  facet normal 9.407228e-01 6.650073e-07 -3.391764e-01
    outer loop
      vertex -7.028954e+00 -2.993201e+01 9.460028e+00
      vertex -7.169519e+00 -2.516951e+01 9.070173e+00
      vertex -7.028957e+00 -2.516951e+01 9.460028e+00
    endloop
  endfacet
  facet normal 9.964538e-01 6.914988e-07 -8.414229e-02
    outer loop
      vertex -7.204389e+00 -2.516951e+01 8.657222e+00
      vertex -7.169515e+00 -2.993201e+01 9.070173e+00
      vertex -7.204386e+00 -2.993201e+01 8.657222e+00
    endloop
  endfacet
  facet normal 9.964538e-01 6.914988e-07 -8.414229e-02
    outer loop
      vertex -7.169515e+00 -2.993201e+01 9.070173e+00
      vertex -7.204389e+00 -2.516951e+01 8.657222e+00
      vertex -7.169519e+00 -2.516951e+01 9.070173e+00
    endloop
  endfacet
  facet normal 9.842780e-01 6.708658e-07 1.766260e-01
    outer loop
      vertex -7.131188e+00 -2.993201e+01 8.249317e+00
      vertex -7.204389e+00 -2.516951e+01 8.657222e+00
      vertex -7.204386e+00 -2.993201e+01 8.657222e+00
    endloop
  endfacet
  facet normal 9.842780e-01 6.708658e-07 1.766260e-01
    outer loop
      vertex -7.204389e+00 -2.516951e+01 8.657222e+00
      vertex -7.131188e+00 -2.993201e+01 8.249317e+00
      vertex -7.131191e+00 -2.516951e+01 8.249317e+00
    endloop
  endfacet
  facet normal 9.050254e-01 6.045143e-07 4.253575e-01
    outer loop
      vertex -6.954911e+00 -2.993201e+01 7.874255e+00
      vertex -7.131191e+00 -2.516951e+01 8.249317e+00
      vertex -7.131188e+00 -2.993201e+01 8.249317e+00
    endloop
  endfacet
  facet normal 9.050254e-01 6.045143e-07 4.253575e-01
    outer loop
      vertex -7.131191e+00 -2.516951e+01 8.249317e+00
      vertex -6.954911e+00 -2.993201e+01 7.874255e+00
      vertex -6.954914e+00 -2.516951e+01 7.874255e+00
    endloop
  endfacet
  facet normal 7.640969e-01 4.969663e-07 6.451015e-01
    outer loop
      vertex -6.687567e+00 -2.993201e+01 7.557598e+00
      vertex -6.954914e+00 -2.516951e+01 7.874255e+00
      vertex -6.954911e+00 -2.993201e+01 7.874255e+00
    endloop
  endfacet
  facet normal 7.640969e-01 4.969663e-07 6.451015e-01
    outer loop
      vertex -6.954914e+00 -2.516951e+01 7.874255e+00
      vertex -6.687567e+00 -2.993201e+01 7.557598e+00
      vertex -6.687571e+00 -2.516951e+01 7.557598e+00
    endloop
  endfacet
  facet normal 5.710962e-01 3.555506e-07 8.208832e-01
    outer loop
      vertex -6.687567e+00 -2.993201e+01 7.557598e+00
      vertex -6.347380e+00 -2.516951e+01 7.320924e+00
      vertex -6.687571e+00 -2.516951e+01 7.557598e+00
    endloop
  endfacet
  facet normal 5.710962e-01 3.555506e-07 8.208832e-01
    outer loop
      vertex -6.347380e+00 -2.516951e+01 7.320924e+00
      vertex -6.687567e+00 -2.993201e+01 7.557598e+00
      vertex -6.347377e+00 -2.993201e+01 7.320924e+00
    endloop
  endfacet
  facet normal 3.391764e-01 1.899049e-07 9.407228e-01
    outer loop
      vertex -6.347377e+00 -2.993201e+01 7.320924e+00
      vertex -5.957525e+00 -2.516951e+01 7.180362e+00
      vertex -6.347380e+00 -2.516951e+01 7.320924e+00
    endloop
  endfacet
  facet normal 3.391764e-01 1.899049e-07 9.407228e-01
    outer loop
      vertex -5.957525e+00 -2.516951e+01 7.180362e+00
      vertex -6.347377e+00 -2.993201e+01 7.320924e+00
      vertex -5.957522e+00 -2.993201e+01 7.180362e+00
    endloop
  endfacet
  facet normal 8.414229e-02 1.131748e-08 9.964538e-01
    outer loop
      vertex -5.957522e+00 -2.993201e+01 7.180362e+00
      vertex -5.544574e+00 -2.516951e+01 7.145492e+00
      vertex -5.957525e+00 -2.516951e+01 7.180362e+00
    endloop
  endfacet
  facet normal 8.414229e-02 1.131748e-08 9.964538e-01
    outer loop
      vertex -5.544574e+00 -2.516951e+01 7.145492e+00
      vertex -5.957522e+00 -2.993201e+01 7.180362e+00
      vertex -5.544571e+00 -2.993201e+01 7.145492e+00
    endloop
  endfacet
  facet normal -1.766260e-01 -1.680412e-07 9.842780e-01
    outer loop
      vertex -5.544571e+00 -2.993201e+01 7.145492e+00
      vertex -5.136669e+00 -2.516951e+01 7.218690e+00
      vertex -5.544574e+00 -2.516951e+01 7.145492e+00
    endloop
  endfacet
  facet normal -1.766260e-01 -1.680412e-07 9.842780e-01
    outer loop
      vertex -5.136669e+00 -2.516951e+01 7.218690e+00
      vertex -5.544571e+00 -2.993201e+01 7.145492e+00
      vertex -5.136666e+00 -2.993201e+01 7.218690e+00
    endloop
  endfacet
  facet normal -4.253575e-01 -3.359482e-07 9.050254e-01
    outer loop
      vertex -5.136666e+00 -2.993201e+01 7.218690e+00
      vertex -4.761608e+00 -2.516951e+01 7.394967e+00
      vertex -5.136669e+00 -2.516951e+01 7.218690e+00
    endloop
  endfacet
  facet normal -4.253575e-01 -3.359482e-07 9.050254e-01
    outer loop
      vertex -4.761608e+00 -2.516951e+01 7.394967e+00
      vertex -5.136666e+00 -2.993201e+01 7.218690e+00
      vertex -4.761604e+00 -2.993201e+01 7.394967e+00
    endloop
  endfacet
  facet normal -6.451015e-01 -4.809609e-07 7.640969e-01
    outer loop
      vertex -4.761604e+00 -2.993201e+01 7.394967e+00
      vertex -4.444950e+00 -2.516951e+01 7.662310e+00
      vertex -4.761608e+00 -2.516951e+01 7.394967e+00
    endloop
  endfacet
  facet normal -6.451015e-01 -4.809609e-07 7.640969e-01
    outer loop
      vertex -4.444950e+00 -2.516951e+01 7.662310e+00
      vertex -4.761604e+00 -2.993201e+01 7.394967e+00
      vertex -4.444947e+00 -2.993201e+01 7.662310e+00
    endloop
  endfacet
  facet normal -8.208832e-01 -5.931968e-07 5.710962e-01
    outer loop
      vertex -4.208273e+00 -2.993201e+01 8.002501e+00
      vertex -4.444950e+00 -2.516951e+01 7.662310e+00
      vertex -4.444947e+00 -2.993201e+01 7.662310e+00
    endloop
  endfacet
  facet normal -8.208832e-01 -5.931968e-07 5.710962e-01
    outer loop
      vertex -4.444950e+00 -2.516951e+01 7.662310e+00
      vertex -4.208273e+00 -2.993201e+01 8.002501e+00
      vertex -4.208276e+00 -2.516951e+01 8.002501e+00
    endloop
  endfacet
  facet normal -9.407228e-01 -6.650073e-07 3.391764e-01
    outer loop
      vertex -4.067711e+00 -2.993201e+01 8.392355e+00
      vertex -4.208276e+00 -2.516951e+01 8.002501e+00
      vertex -4.208273e+00 -2.993201e+01 8.002501e+00
    endloop
  endfacet
  facet normal -9.407228e-01 -6.650073e-07 3.391764e-01
    outer loop
      vertex -4.208276e+00 -2.516951e+01 8.002501e+00
      vertex -4.067711e+00 -2.993201e+01 8.392355e+00
      vertex -4.067714e+00 -2.516951e+01 8.392356e+00
    endloop
  endfacet
  facet normal -9.964538e-01 -6.914988e-07 8.414229e-02
    outer loop
      vertex -4.032841e+00 -2.993201e+01 8.805306e+00
      vertex -4.067714e+00 -2.516951e+01 8.392356e+00
      vertex -4.067711e+00 -2.993201e+01 8.392355e+00
    endloop
  endfacet
  facet normal -9.964538e-01 -6.914988e-07 8.414229e-02
    outer loop
      vertex -4.067714e+00 -2.516951e+01 8.392356e+00
      vertex -4.032841e+00 -2.993201e+01 8.805306e+00
      vertex -4.032844e+00 -2.516951e+01 8.805307e+00
    endloop
  endfacet
  facet normal -9.842780e-01 -6.708658e-07 -1.766260e-01
    outer loop
      vertex -4.106042e+00 -2.516951e+01 9.213212e+00
      vertex -4.032841e+00 -2.993201e+01 8.805306e+00
      vertex -4.106038e+00 -2.993201e+01 9.213212e+00
    endloop
  endfacet
  facet normal -9.842780e-01 -6.708658e-07 -1.766260e-01
    outer loop
      vertex -4.032841e+00 -2.993201e+01 8.805306e+00
      vertex -4.106042e+00 -2.516951e+01 9.213212e+00
      vertex -4.032844e+00 -2.516951e+01 8.805307e+00
    endloop
  endfacet
  facet normal -9.050254e-01 -6.045143e-07 -4.253575e-01
    outer loop
      vertex -4.282319e+00 -2.516951e+01 9.588273e+00
      vertex -4.106038e+00 -2.993201e+01 9.213212e+00
      vertex -4.282315e+00 -2.993201e+01 9.588273e+00
    endloop
  endfacet
  facet normal -9.050254e-01 -6.045143e-07 -4.253575e-01
    outer loop
      vertex -4.106038e+00 -2.993201e+01 9.213212e+00
      vertex -4.282319e+00 -2.516951e+01 9.588273e+00
      vertex -4.106042e+00 -2.516951e+01 9.213212e+00
    endloop
  endfacet
  facet normal -7.640969e-01 -4.969663e-07 -6.451015e-01
    outer loop
      vertex -4.549662e+00 -2.516951e+01 9.904931e+00
      vertex -4.282315e+00 -2.993201e+01 9.588273e+00
      vertex -4.549659e+00 -2.993201e+01 9.904930e+00
    endloop
  endfacet
  facet normal -7.640969e-01 -4.969663e-07 -6.451015e-01
    outer loop
      vertex -4.282315e+00 -2.993201e+01 9.588273e+00
      vertex -4.549662e+00 -2.516951e+01 9.904931e+00
      vertex -4.282319e+00 -2.516951e+01 9.588273e+00
    endloop
  endfacet
  facet normal -5.710962e-01 -3.555506e-07 -8.208832e-01
    outer loop
      vertex -4.549662e+00 -2.516951e+01 9.904931e+00
      vertex -4.889850e+00 -2.993201e+01 1.014160e+01
      vertex -4.889853e+00 -2.516951e+01 1.014161e+01
    endloop
  endfacet
  facet normal -5.710962e-01 -3.555506e-07 -8.208832e-01
    outer loop
      vertex -4.889850e+00 -2.993201e+01 1.014160e+01
      vertex -4.549662e+00 -2.516951e+01 9.904931e+00
      vertex -4.549659e+00 -2.993201e+01 9.904930e+00
    endloop
  endfacet
  facet normal -3.391764e-01 -1.899049e-07 -9.407228e-01
    outer loop
      vertex -4.889853e+00 -2.516951e+01 1.014161e+01
      vertex -5.279705e+00 -2.993201e+01 1.028217e+01
      vertex -5.279708e+00 -2.516951e+01 1.028217e+01
    endloop
  endfacet
  facet normal -3.391764e-01 -1.899049e-07 -9.407228e-01
    outer loop
      vertex -5.279705e+00 -2.993201e+01 1.028217e+01
      vertex -4.889853e+00 -2.516951e+01 1.014161e+01
      vertex -4.889850e+00 -2.993201e+01 1.014160e+01
    endloop
  endfacet
  facet normal -8.414229e-02 -1.131748e-08 -9.964538e-01
    outer loop
      vertex -5.279708e+00 -2.516951e+01 1.028217e+01
      vertex -5.692656e+00 -2.993201e+01 1.031704e+01
      vertex -5.692659e+00 -2.516951e+01 1.031704e+01
    endloop
  endfacet
  facet normal -8.414229e-02 -1.131748e-08 -9.964538e-01
    outer loop
      vertex -5.692656e+00 -2.993201e+01 1.031704e+01
      vertex -5.279708e+00 -2.516951e+01 1.028217e+01
      vertex -5.279705e+00 -2.993201e+01 1.028217e+01
    endloop
  endfacet
  facet normal 1.766260e-01 1.680412e-07 -9.842780e-01
    outer loop
      vertex -5.692659e+00 -2.516951e+01 1.031704e+01
      vertex -6.100560e+00 -2.993201e+01 1.024384e+01
      vertex -6.100564e+00 -2.516951e+01 1.024384e+01
    endloop
  endfacet
  facet normal 1.766260e-01 1.680412e-07 -9.842780e-01
    outer loop
      vertex -6.100560e+00 -2.993201e+01 1.024384e+01
      vertex -5.692659e+00 -2.516951e+01 1.031704e+01
      vertex -5.692656e+00 -2.993201e+01 1.031704e+01
    endloop
  endfacet
  facet normal 4.253575e-01 3.359482e-07 -9.050254e-01
    outer loop
      vertex -6.100564e+00 -2.516951e+01 1.024384e+01
      vertex -6.475622e+00 -2.993201e+01 1.006756e+01
      vertex -6.475625e+00 -2.516951e+01 1.006756e+01
    endloop
  endfacet
  facet normal 4.253575e-01 3.359482e-07 -9.050254e-01
    outer loop
      vertex -6.475622e+00 -2.993201e+01 1.006756e+01
      vertex -6.100564e+00 -2.516951e+01 1.024384e+01
      vertex -6.100560e+00 -2.993201e+01 1.024384e+01
    endloop
  endfacet
  facet normal 6.451015e-01 4.809609e-07 -7.640969e-01
    outer loop
      vertex -6.475625e+00 -2.516951e+01 1.006756e+01
      vertex -6.792280e+00 -2.993201e+01 9.800219e+00
      vertex -6.792283e+00 -2.516951e+01 9.800219e+00
    endloop
  endfacet
  facet normal 6.451015e-01 4.809609e-07 -7.640969e-01
    outer loop
      vertex -6.792280e+00 -2.993201e+01 9.800219e+00
      vertex -6.475625e+00 -2.516951e+01 1.006756e+01
      vertex -6.475622e+00 -2.993201e+01 1.006756e+01
    endloop
  endfacet
  facet normal 8.208832e-01 5.931968e-07 -5.710962e-01
    outer loop
      vertex -7.028957e+00 -2.516951e+01 9.460028e+00
      vertex -6.792280e+00 -2.993201e+01 9.800219e+00
      vertex -7.028954e+00 -2.993201e+01 9.460028e+00
    endloop
  endfacet
  facet normal 8.208832e-01 5.931968e-07 -5.710962e-01
    outer loop
      vertex -6.792280e+00 -2.993201e+01 9.800219e+00
      vertex -7.028957e+00 -2.516951e+01 9.460028e+00
      vertex -6.792283e+00 -2.516951e+01 9.800219e+00
    endloop
  endfacet
  facet normal 6.708841e-07 -1.000000e+00 -4.104358e-08
    outer loop
      vertex -5.957522e+00 -2.993201e+01 7.180362e+00
      vertex -1.692875e+01 -2.993201e+01 7.156105e+00
      vertex -5.544571e+00 -2.993201e+01 7.145492e+00
    endloop
  endfacet
  facet normal 6.708841e-07 -1.000000e+00 -4.104358e-08
    outer loop
      vertex -1.692875e+01 -2.993201e+01 7.156105e+00
      vertex -5.957522e+00 -2.993201e+01 7.180362e+00
      vertex -1.651434e+01 -2.993201e+01 7.158625e+00
    endloop
  endfacet
  facet normal 6.708841e-07 -1.000000e+00 -4.104358e-08
    outer loop
      vertex -1.651434e+01 -2.993201e+01 7.158625e+00
      vertex -5.957522e+00 -2.993201e+01 7.180362e+00
      vertex -1.611469e+01 -2.993201e+01 7.268317e+00
    endloop
  endfacet
  facet normal 6.708841e-07 -1.000000e+00 -4.104358e-08
    outer loop
      vertex -1.611469e+01 -2.993201e+01 7.268317e+00
      vertex -5.957522e+00 -2.993201e+01 7.180362e+00
      vertex -6.347377e+00 -2.993201e+01 7.320924e+00
    endloop
  endfacet
  facet normal 6.708841e-07 -1.000000e+00 -4.104358e-08
    outer loop
      vertex -1.611469e+01 -2.993201e+01 7.268317e+00
      vertex -6.347377e+00 -2.993201e+01 7.320924e+00
      vertex -1.575706e+01 -2.993201e+01 7.477707e+00
    endloop
  endfacet
  facet normal 6.708841e-07 -1.000000e+00 -4.104358e-08
    outer loop
      vertex -1.575706e+01 -2.993201e+01 7.477707e+00
      vertex -6.347377e+00 -2.993201e+01 7.320924e+00
      vertex -6.687567e+00 -2.993201e+01 7.557598e+00
    endloop
  endfacet
  facet normal 6.708841e-07 -1.000000e+00 -4.104358e-08
    outer loop
      vertex -1.575706e+01 -2.993201e+01 7.477707e+00
      vertex -6.687567e+00 -2.993201e+01 7.557598e+00
      vertex -1.546581e+01 -2.993201e+01 7.772523e+00
    endloop
  endfacet
  facet normal 6.708841e-07 -1.000000e+00 -4.104358e-08
    outer loop
      vertex -1.546581e+01 -2.993201e+01 7.772523e+00
      vertex -6.687567e+00 -2.993201e+01 7.557598e+00
      vertex -6.954911e+00 -2.993201e+01 7.874255e+00
    endloop
  endfacet
  facet normal 6.708841e-07 -1.000000e+00 -4.104358e-08
    outer loop
      vertex -1.546581e+01 -2.993201e+01 7.772523e+00
      vertex -6.954911e+00 -2.993201e+01 7.874255e+00
      vertex -1.526079e+01 -2.993201e+01 8.132675e+00
    endloop
  endfacet
  facet normal 6.708841e-07 -1.000000e+00 -4.104358e-08
    outer loop
      vertex -1.526079e+01 -2.993201e+01 8.132675e+00
      vertex -6.954911e+00 -2.993201e+01 7.874255e+00
      vertex -7.131188e+00 -2.993201e+01 8.249317e+00
    endloop
  endfacet
  facet normal 6.708841e-07 -1.000000e+00 -4.104358e-08
    outer loop
      vertex -1.526079e+01 -2.993201e+01 8.132675e+00
      vertex -7.131188e+00 -2.993201e+01 8.249317e+00
      vertex -1.515596e+01 -2.993201e+01 8.533620e+00
    endloop
  endfacet
  facet normal 6.708841e-07 -1.000000e+00 -4.104358e-08
    outer loop
      vertex -1.515596e+01 -2.993201e+01 8.533620e+00
      vertex -7.131188e+00 -2.993201e+01 8.249317e+00
      vertex -7.204386e+00 -2.993201e+01 8.657222e+00
    endloop
  endfacet
  facet normal 6.708841e-07 -1.000000e+00 -4.104358e-08
    outer loop
      vertex -1.515596e+01 -2.993201e+01 8.533620e+00
      vertex -7.204386e+00 -2.993201e+01 8.657222e+00
      vertex -1.515848e+01 -2.993201e+01 8.948032e+00
    endloop
  endfacet
  facet normal 6.708841e-07 -1.000000e+00 -4.104358e-08
    outer loop
      vertex -1.515848e+01 -2.993201e+01 8.948032e+00
      vertex -7.204386e+00 -2.993201e+01 8.657222e+00
      vertex -7.169515e+00 -2.993201e+01 9.070173e+00
    endloop
  endfacet
  facet normal 6.708841e-07 -1.000000e+00 -4.104358e-08
    outer loop
      vertex -1.515848e+01 -2.993201e+01 8.948032e+00
      vertex -7.169515e+00 -2.993201e+01 9.070173e+00
      vertex -1.526818e+01 -2.993201e+01 9.347673e+00
    endloop
  endfacet
  facet normal 6.708841e-07 -1.000000e+00 -4.104358e-08
    outer loop
      vertex -1.526818e+01 -2.993201e+01 9.347673e+00
      vertex -7.169515e+00 -2.993201e+01 9.070173e+00
      vertex -7.028954e+00 -2.993201e+01 9.460028e+00
    endloop
  endfacet
  facet normal 6.708841e-07 -1.000000e+00 -4.104358e-08
    outer loop
      vertex -1.526818e+01 -2.993201e+01 9.347673e+00
      vertex -7.028954e+00 -2.993201e+01 9.460028e+00
      vertex -1.547757e+01 -2.993201e+01 9.705304e+00
    endloop
  endfacet
  facet normal 6.708841e-07 -1.000000e+00 -4.104358e-08
    outer loop
      vertex -1.547757e+01 -2.993201e+01 9.705304e+00
      vertex -7.028954e+00 -2.993201e+01 9.460028e+00
      vertex -6.792280e+00 -2.993201e+01 9.800219e+00
    endloop
  endfacet
  facet normal 6.708841e-07 -1.000000e+00 -4.104358e-08
    outer loop
      vertex -1.547757e+01 -2.993201e+01 9.705304e+00
      vertex -6.792280e+00 -2.993201e+01 9.800219e+00
      vertex -1.577238e+01 -2.993201e+01 9.996557e+00
    endloop
  endfacet
  facet normal 6.708841e-07 -1.000000e+00 -4.104358e-08
    outer loop
      vertex -1.577238e+01 -2.993201e+01 9.996557e+00
      vertex -6.792280e+00 -2.993201e+01 9.800219e+00
      vertex -6.475622e+00 -2.993201e+01 1.006756e+01
    endloop
  endfacet
  facet normal 6.708841e-07 -1.000000e+00 -4.104358e-08
    outer loop
      vertex -1.577238e+01 -2.993201e+01 9.996557e+00
      vertex -6.475622e+00 -2.993201e+01 1.006756e+01
      vertex -1.613253e+01 -2.993201e+01 1.020158e+01
    endloop
  endfacet
  facet normal 6.708841e-07 -1.000000e+00 -4.104358e-08
    outer loop
      vertex -1.613253e+01 -2.993201e+01 1.020158e+01
      vertex -6.475622e+00 -2.993201e+01 1.006756e+01
      vertex -6.100560e+00 -2.993201e+01 1.024384e+01
    endloop
  endfacet
  facet normal 6.708841e-07 -1.000000e+00 -4.104358e-08
    outer loop
      vertex -1.613253e+01 -2.993201e+01 1.020158e+01
      vertex -6.100560e+00 -2.993201e+01 1.024384e+01
      vertex -1.653348e+01 -2.993201e+01 1.030640e+01
    endloop
  endfacet
  facet normal 6.708841e-07 -1.000000e+00 -4.104358e-08
    outer loop
      vertex -1.653348e+01 -2.993201e+01 1.030640e+01
      vertex -6.100560e+00 -2.993201e+01 1.024384e+01
      vertex -5.692656e+00 -2.993201e+01 1.031704e+01
    endloop
  endfacet
  facet normal 6.708841e-07 -1.000000e+00 -4.104358e-08
    outer loop
      vertex 1.659788e+01 -2.993201e+01 7.143797e+00
      vertex 5.596132e+00 -2.993201e+01 7.147070e+00
      vertex -5.544571e+00 -2.993201e+01 7.145492e+00
    endloop
  endfacet
  facet normal 6.708841e-07 -1.000000e+00 -4.104358e-08
    outer loop
      vertex 5.596132e+00 -2.993201e+01 7.147070e+00
      vertex 1.659788e+01 -2.993201e+01 7.143797e+00
      vertex 1.618730e+01 -2.993201e+01 7.200090e+00
    endloop
  endfacet
  facet normal 6.708841e-07 -1.000000e+00 -4.104358e-08
    outer loop
      vertex 5.596132e+00 -2.993201e+01 7.147070e+00
      vertex 1.618730e+01 -2.993201e+01 7.200090e+00
      vertex 6.002670e+00 -2.993200e+01 7.227513e+00
    endloop
  endfacet
  facet normal 6.708841e-07 -1.000000e+00 -4.104358e-08
    outer loop
      vertex 6.002670e+00 -2.993200e+01 7.227513e+00
      vertex 1.618730e+01 -2.993201e+01 7.200090e+00
      vertex 1.580528e+01 -2.993201e+01 7.360731e+00
    endloop
  endfacet
  facet normal 6.708841e-07 -1.000000e+00 -4.104358e-08
    outer loop
      vertex 6.002670e+00 -2.993200e+01 7.227513e+00
      vertex 1.580528e+01 -2.993201e+01 7.360731e+00
      vertex 6.374536e+00 -2.993200e+01 7.410436e+00
    endloop
  endfacet
  facet normal 6.708841e-07 -1.000000e+00 -4.104358e-08
    outer loop
      vertex 6.374536e+00 -2.993200e+01 7.410436e+00
      vertex 1.580528e+01 -2.993201e+01 7.360731e+00
      vertex 1.547786e+01 -2.993201e+01 7.614772e+00
    endloop
  endfacet
  facet normal 6.708841e-07 -1.000000e+00 -4.104358e-08
    outer loop
      vertex 6.374536e+00 -2.993200e+01 7.410436e+00
      vertex 1.547786e+01 -2.993201e+01 7.614772e+00
      vertex 6.686386e+00 -2.993200e+01 7.683371e+00
    endloop
  endfacet
  facet normal 6.708841e-07 -1.000000e+00 -4.104358e-08
    outer loop
      vertex 6.686386e+00 -2.993200e+01 7.683371e+00
      vertex 1.547786e+01 -2.993201e+01 7.614772e+00
      vertex 1.522734e+01 -2.993201e+01 7.944901e+00
    endloop
  endfacet
  facet normal 6.708841e-07 -1.000000e+00 -4.104358e-08
    outer loop
      vertex 6.686386e+00 -2.993200e+01 7.683371e+00
      vertex 1.522734e+01 -2.993201e+01 7.944901e+00
      vertex 6.916970e+00 -2.993200e+01 8.027719e+00
    endloop
  endfacet
  facet normal 6.708841e-07 -1.000000e+00 -4.104358e-08
    outer loop
      vertex 6.916970e+00 -2.993200e+01 8.027719e+00
      vertex 1.522734e+01 -2.993201e+01 7.944901e+00
      vertex 1.507080e+01 -2.993201e+01 8.328620e+00
    endloop
  endfacet
  facet normal 6.708841e-07 -1.000000e+00 -4.104358e-08
    outer loop
      vertex 6.916970e+00 -2.993200e+01 8.027719e+00
      vertex 1.507080e+01 -2.993201e+01 8.328620e+00
      vertex 7.050574e+00 -2.993200e+01 8.420013e+00
    endloop
  endfacet
  facet normal 6.708841e-07 -1.000000e+00 -4.104358e-08
    outer loop
      vertex 7.050574e+00 -2.993200e+01 8.420013e+00
      vertex 1.507080e+01 -2.993201e+01 8.328620e+00
      vertex 1.501891e+01 -2.993201e+01 8.739779e+00
    endloop
  endfacet
  facet normal 6.708841e-07 -1.000000e+00 -4.104358e-08
    outer loop
      vertex 7.050574e+00 -2.993200e+01 8.420013e+00
      vertex 1.501891e+01 -2.993201e+01 8.739779e+00
      vertex 7.078091e+00 -2.993200e+01 8.833519e+00
    endloop
  endfacet
  facet normal 6.708841e-07 -1.000000e+00 -4.104358e-08
    outer loop
      vertex 7.078091e+00 -2.993200e+01 8.833519e+00
      vertex 1.501891e+01 -2.993201e+01 8.739779e+00
      vertex 1.507520e+01 -2.993201e+01 9.150359e+00
    endloop
  endfacet
  facet normal 6.708841e-07 -1.000000e+00 -4.104358e-08
    outer loop
      vertex 7.078091e+00 -2.993200e+01 8.833519e+00
      vertex 1.507520e+01 -2.993201e+01 9.150359e+00
      vertex 6.997648e+00 -2.993200e+01 9.240058e+00
    endloop
  endfacet
  facet normal 6.708841e-07 -1.000000e+00 -4.104358e-08
    outer loop
      vertex 6.997648e+00 -2.993200e+01 9.240058e+00
      vertex 1.507520e+01 -2.993201e+01 9.150359e+00
      vertex 1.523584e+01 -2.993201e+01 9.532379e+00
    endloop
  endfacet
  facet normal 6.708841e-07 -1.000000e+00 -4.104358e-08
    outer loop
      vertex 6.997648e+00 -2.993200e+01 9.240058e+00
      vertex 1.523584e+01 -2.993201e+01 9.532379e+00
      vertex 6.814725e+00 -2.993200e+01 9.611923e+00
    endloop
  endfacet
  facet normal 6.708841e-07 -1.000000e+00 -4.104358e-08
    outer loop
      vertex 6.814725e+00 -2.993200e+01 9.611923e+00
      vertex 1.523584e+01 -2.993201e+01 9.532379e+00
      vertex 1.548989e+01 -2.993201e+01 9.859804e+00
    endloop
  endfacet
  facet normal 6.708841e-07 -1.000000e+00 -4.104358e-08
    outer loop
      vertex 6.814725e+00 -2.993200e+01 9.611923e+00
      vertex 1.548989e+01 -2.993201e+01 9.859804e+00
      vertex 6.541790e+00 -2.993200e+01 9.923774e+00
    endloop
  endfacet
  facet normal 6.708841e-07 -1.000000e+00 -4.104358e-08
    outer loop
      vertex 6.541790e+00 -2.993200e+01 9.923774e+00
      vertex 1.548989e+01 -2.993201e+01 9.859804e+00
      vertex 1.582001e+01 -2.993201e+01 1.011032e+01
    endloop
  endfacet
  facet normal 6.708841e-07 -1.000000e+00 -4.104358e-08
    outer loop
      vertex 6.541790e+00 -2.993200e+01 9.923774e+00
      vertex 1.582001e+01 -2.993201e+01 1.011032e+01
      vertex 6.197442e+00 -2.993200e+01 1.015436e+01
    endloop
  endfacet
  facet normal 6.708841e-07 -1.000000e+00 -4.104358e-08
    outer loop
      vertex 6.197442e+00 -2.993200e+01 1.015436e+01
      vertex 1.582001e+01 -2.993201e+01 1.011032e+01
      vertex 1.620373e+01 -2.993201e+01 1.026686e+01
    endloop
  endfacet
  facet normal 6.708841e-07 -1.000000e+00 -4.104358e-08
    outer loop
      vertex 6.197442e+00 -2.993200e+01 1.015436e+01
      vertex 1.620373e+01 -2.993201e+01 1.026686e+01
      vertex 5.805148e+00 -2.993201e+01 1.028796e+01
    endloop
  endfacet
  facet normal 6.708841e-07 -1.000000e+00 -4.104358e-08
    outer loop
      vertex 5.805148e+00 -2.993201e+01 1.028796e+01
      vertex 1.620373e+01 -2.993201e+01 1.026686e+01
      vertex 1.661489e+01 -2.993201e+01 1.031875e+01
    endloop
  endfacet
  facet normal 6.708841e-07 -1.000000e+00 -4.104358e-08
    outer loop
      vertex 5.805148e+00 -2.993201e+01 1.028796e+01
      vertex 1.661489e+01 -2.993201e+01 1.031875e+01
      vertex 5.391642e+00 -2.993201e+01 1.031548e+01
    endloop
  endfacet
  facet normal 6.708841e-07 -1.000000e+00 -4.104358e-08
    outer loop
      vertex 5.391642e+00 -2.993201e+01 1.031548e+01
      vertex 1.661489e+01 -2.993201e+01 1.031875e+01
      vertex -5.692656e+00 -2.993201e+01 1.031704e+01
    endloop
  endfacet
  facet normal 6.708841e-07 -1.000000e+00 -4.104358e-08
    outer loop
      vertex 5.596132e+00 -2.993201e+01 7.147070e+00
      vertex -5.136666e+00 -2.993201e+01 7.218690e+00
      vertex -5.544571e+00 -2.993201e+01 7.145492e+00
    endloop
  endfacet
  facet normal 6.708841e-07 -1.000000e+00 -4.104358e-08
    outer loop
      vertex -5.136666e+00 -2.993201e+01 7.218690e+00
      vertex 5.596132e+00 -2.993201e+01 7.147070e+00
      vertex 5.182626e+00 -2.993201e+01 7.174587e+00
    endloop
  endfacet
  facet normal 6.708841e-07 -1.000000e+00 -4.104358e-08
    outer loop
      vertex -5.136666e+00 -2.993201e+01 7.218690e+00
      vertex 5.182626e+00 -2.993201e+01 7.174587e+00
      vertex 4.790332e+00 -2.993201e+01 7.308190e+00
    endloop
  endfacet
  facet normal 6.708841e-07 -1.000000e+00 -4.104358e-08
    outer loop
      vertex -5.136666e+00 -2.993201e+01 7.218690e+00
      vertex 4.790332e+00 -2.993201e+01 7.308190e+00
      vertex -4.761604e+00 -2.993201e+01 7.394967e+00
    endloop
  endfacet
  facet normal 6.708841e-07 -1.000000e+00 -4.104358e-08
    outer loop
      vertex -4.761604e+00 -2.993201e+01 7.394967e+00
      vertex 4.790332e+00 -2.993201e+01 7.308190e+00
      vertex 4.445984e+00 -2.993201e+01 7.538775e+00
    endloop
  endfacet
  facet normal 6.708841e-07 -1.000000e+00 -4.104358e-08
    outer loop
      vertex -4.761604e+00 -2.993201e+01 7.394967e+00
      vertex 4.445984e+00 -2.993201e+01 7.538775e+00
      vertex -4.444947e+00 -2.993201e+01 7.662310e+00
    endloop
  endfacet
  facet normal 6.708841e-07 -1.000000e+00 -4.104358e-08
    outer loop
      vertex -4.444947e+00 -2.993201e+01 7.662310e+00
      vertex 4.445984e+00 -2.993201e+01 7.538775e+00
      vertex 4.173049e+00 -2.993201e+01 7.850625e+00
    endloop
  endfacet
  facet normal 6.708841e-07 -1.000000e+00 -4.104358e-08
    outer loop
      vertex -4.444947e+00 -2.993201e+01 7.662310e+00
      vertex 4.173049e+00 -2.993201e+01 7.850625e+00
      vertex -4.208273e+00 -2.993201e+01 8.002501e+00
    endloop
  endfacet
  facet normal 6.708841e-07 -1.000000e+00 -4.104358e-08
    outer loop
      vertex -4.208273e+00 -2.993201e+01 8.002501e+00
      vertex 4.173049e+00 -2.993201e+01 7.850625e+00
      vertex 3.990126e+00 -2.993201e+01 8.222491e+00
    endloop
  endfacet
  facet normal 6.708841e-07 -1.000000e+00 -4.104358e-08
    outer loop
      vertex -4.208273e+00 -2.993201e+01 8.002501e+00
      vertex 3.990126e+00 -2.993201e+01 8.222491e+00
      vertex -4.067711e+00 -2.993201e+01 8.392355e+00
    endloop
  endfacet
  facet normal 6.708841e-07 -1.000000e+00 -4.104358e-08
    outer loop
      vertex -4.067711e+00 -2.993201e+01 8.392355e+00
      vertex 3.990126e+00 -2.993201e+01 8.222491e+00
      vertex 3.909683e+00 -2.993201e+01 8.629029e+00
    endloop
  endfacet
  facet normal 6.708841e-07 -1.000000e+00 -4.104358e-08
    outer loop
      vertex -4.067711e+00 -2.993201e+01 8.392355e+00
      vertex 3.909683e+00 -2.993201e+01 8.629029e+00
      vertex -4.032841e+00 -2.993201e+01 8.805306e+00
    endloop
  endfacet
  facet normal 6.708841e-07 -1.000000e+00 -4.104358e-08
    outer loop
      vertex -4.032841e+00 -2.993201e+01 8.805306e+00
      vertex 3.909683e+00 -2.993201e+01 8.629029e+00
      vertex 3.937200e+00 -2.993201e+01 9.042535e+00
    endloop
  endfacet
  facet normal 6.708841e-07 -1.000000e+00 -4.104358e-08
    outer loop
      vertex -4.032841e+00 -2.993201e+01 8.805306e+00
      vertex 3.937200e+00 -2.993201e+01 9.042535e+00
      vertex -4.106038e+00 -2.993201e+01 9.213212e+00
    endloop
  endfacet
  facet normal 6.708841e-07 -1.000000e+00 -4.104358e-08
    outer loop
      vertex -4.106038e+00 -2.993201e+01 9.213212e+00
      vertex 3.937200e+00 -2.993201e+01 9.042535e+00
      vertex 4.070803e+00 -2.993201e+01 9.434829e+00
    endloop
  endfacet
  facet normal 6.708841e-07 -1.000000e+00 -4.104358e-08
    outer loop
      vertex -4.106038e+00 -2.993201e+01 9.213212e+00
      vertex 4.070803e+00 -2.993201e+01 9.434829e+00
      vertex -4.282315e+00 -2.993201e+01 9.588273e+00
    endloop
  endfacet
  facet normal 6.708841e-07 -1.000000e+00 -4.104358e-08
    outer loop
      vertex -4.282315e+00 -2.993201e+01 9.588273e+00
      vertex 4.070803e+00 -2.993201e+01 9.434829e+00
      vertex 4.301387e+00 -2.993201e+01 9.779177e+00
    endloop
  endfacet
  facet normal 6.708841e-07 -1.000000e+00 -4.104358e-08
    outer loop
      vertex -4.282315e+00 -2.993201e+01 9.588273e+00
      vertex 4.301387e+00 -2.993201e+01 9.779177e+00
      vertex -4.549659e+00 -2.993201e+01 9.904930e+00
    endloop
  endfacet
  facet normal 6.708841e-07 -1.000000e+00 -4.104358e-08
    outer loop
      vertex -4.549659e+00 -2.993201e+01 9.904930e+00
      vertex 4.301387e+00 -2.993201e+01 9.779177e+00
      vertex 4.613238e+00 -2.993201e+01 1.005211e+01
    endloop
  endfacet
  facet normal 6.708841e-07 -1.000000e+00 -4.104358e-08
    outer loop
      vertex -4.549659e+00 -2.993201e+01 9.904930e+00
      vertex 4.613238e+00 -2.993201e+01 1.005211e+01
      vertex -4.889850e+00 -2.993201e+01 1.014160e+01
    endloop
  endfacet
  facet normal 6.708841e-07 -1.000000e+00 -4.104358e-08
    outer loop
      vertex -4.889850e+00 -2.993201e+01 1.014160e+01
      vertex 4.613238e+00 -2.993201e+01 1.005211e+01
      vertex 4.985103e+00 -2.993201e+01 1.023503e+01
    endloop
  endfacet
  facet normal 6.708841e-07 -1.000000e+00 -4.104358e-08
    outer loop
      vertex -4.889850e+00 -2.993201e+01 1.014160e+01
      vertex 4.985103e+00 -2.993201e+01 1.023503e+01
      vertex -5.279705e+00 -2.993201e+01 1.028217e+01
    endloop
  endfacet
  facet normal 6.708841e-07 -1.000000e+00 -4.104358e-08
    outer loop
      vertex -5.279705e+00 -2.993201e+01 1.028217e+01
      vertex 4.985103e+00 -2.993201e+01 1.023503e+01
      vertex 5.391642e+00 -2.993201e+01 1.031548e+01
    endloop
  endfacet
  facet normal 6.708841e-07 -1.000000e+00 -4.104358e-08
    outer loop
      vertex -5.279705e+00 -2.993201e+01 1.028217e+01
      vertex 5.391642e+00 -2.993201e+01 1.031548e+01
      vertex -5.692656e+00 -2.993201e+01 1.031704e+01
    endloop
  endfacet
  facet normal 6.708841e-07 -1.000000e+00 -4.104358e-08
    outer loop
      vertex 1.616368e+01 -2.993199e+01 1.831926e+01
      vertex 5.591200e+00 -2.993201e+01 1.825926e+01
      vertex 1.657334e+01 -2.993199e+01 1.825663e+01
    endloop
  endfacet
  facet normal 6.708841e-07 -1.000000e+00 -4.104358e-08
    outer loop
      vertex 5.591200e+00 -2.993201e+01 1.825926e+01
      vertex 1.616368e+01 -2.993199e+01 1.831926e+01
      vertex 5.997987e+00 -2.993200e+01 1.833844e+01
    endloop
  endfacet
  facet normal 6.708841e-07 -1.000000e+00 -4.104358e-08
    outer loop
      vertex 5.997987e+00 -2.993200e+01 1.833844e+01
      vertex 1.616368e+01 -2.993199e+01 1.831926e+01
      vertex 1.578419e+01 -2.993199e+01 1.848579e+01
    endloop
  endfacet
  facet normal 6.708841e-07 -1.000000e+00 -4.104358e-08
    outer loop
      vertex 5.997987e+00 -2.993200e+01 1.833844e+01
      vertex 1.578419e+01 -2.993199e+01 1.848579e+01
      vertex 6.370420e+00 -2.993200e+01 1.852020e+01
    endloop
  endfacet
  facet normal 6.708841e-07 -1.000000e+00 -4.104358e-08
    outer loop
      vertex 6.370420e+00 -2.993200e+01 1.852020e+01
      vertex 1.578419e+01 -2.993199e+01 1.848579e+01
      vertex 1.546073e+01 -2.993200e+01 1.874487e+01
    endloop
  endfacet
  facet normal 6.708841e-07 -1.000000e+00 -4.104358e-08
    outer loop
      vertex 6.370420e+00 -2.993200e+01 1.852020e+01
      vertex 1.546073e+01 -2.993200e+01 1.874487e+01
      vertex 6.683119e+00 -2.993200e+01 1.879216e+01
    endloop
  endfacet
  facet normal 6.708841e-07 -1.000000e+00 -4.104358e-08
    outer loop
      vertex 6.683119e+00 -2.993200e+01 1.879216e+01
      vertex 1.546073e+01 -2.993200e+01 1.874487e+01
      vertex 1.521534e+01 -2.993200e+01 1.907883e+01
    endloop
  endfacet
  facet normal 6.708841e-07 -1.000000e+00 -4.104358e-08
    outer loop
      vertex 6.683119e+00 -2.993200e+01 1.879216e+01
      vertex 1.521534e+01 -2.993200e+01 1.907883e+01
      vertex 6.914773e+00 -2.993200e+01 1.913579e+01
    endloop
  endfacet
  facet normal 6.708841e-07 -1.000000e+00 -4.104358e-08
    outer loop
      vertex 6.914773e+00 -2.993200e+01 1.913579e+01
      vertex 1.521534e+01 -2.993200e+01 1.907883e+01
      vertex 1.506476e+01 -2.993200e+01 1.946492e+01
    endloop
  endfacet
  facet normal 6.708841e-07 -1.000000e+00 -4.104358e-08
    outer loop
      vertex 6.914773e+00 -2.993200e+01 1.913579e+01
      vertex 1.506476e+01 -2.993200e+01 1.946492e+01
      vertex 7.049597e+00 -2.993200e+01 1.952767e+01
    endloop
  endfacet
  facet normal 6.708841e-07 -1.000000e+00 -4.104358e-08
    outer loop
      vertex 7.049597e+00 -2.993200e+01 1.952767e+01
      vertex 1.506476e+01 -2.993200e+01 1.946492e+01
      vertex 1.501923e+01 -2.993200e+01 1.987683e+01
    endloop
  endfacet
  facet normal 6.708841e-07 -1.000000e+00 -4.104358e-08
    outer loop
      vertex 7.049597e+00 -2.993200e+01 1.952767e+01
      vertex 1.501923e+01 -2.993200e+01 1.987683e+01
      vertex 7.078401e+00 -2.993200e+01 1.994109e+01
    endloop
  endfacet
  facet normal 6.708841e-07 -1.000000e+00 -4.104358e-08
    outer loop
      vertex 7.078401e+00 -2.993200e+01 1.994109e+01
      vertex 1.501923e+01 -2.993200e+01 1.987683e+01
      vertex 1.508187e+01 -2.993200e+01 2.028650e+01
    endloop
  endfacet
  facet normal 6.708841e-07 -1.000000e+00 -4.104358e-08
    outer loop
      vertex 7.078401e+00 -2.993200e+01 1.994109e+01
      vertex 1.508187e+01 -2.993200e+01 2.028650e+01
      vertex 6.999224e+00 -2.993200e+01 2.034787e+01
    endloop
  endfacet
  facet normal 6.708841e-07 -1.000000e+00 -4.104358e-08
    outer loop
      vertex 6.999224e+00 -2.993200e+01 2.034787e+01
      vertex 1.508187e+01 -2.993200e+01 2.028650e+01
      vertex 1.524840e+01 -2.993200e+01 2.066598e+01
    endloop
  endfacet
  facet normal 6.708841e-07 -1.000000e+00 -4.104358e-08
    outer loop
      vertex 6.999224e+00 -2.993200e+01 2.034787e+01
      vertex 1.524840e+01 -2.993200e+01 2.066598e+01
      vertex 6.817460e+00 -2.993200e+01 2.072031e+01
    endloop
  endfacet
  facet normal 6.708841e-07 -1.000000e+00 -4.104358e-08
    outer loop
      vertex 6.817460e+00 -2.993200e+01 2.072031e+01
      vertex 1.524840e+01 -2.993200e+01 2.066598e+01
      vertex 1.550747e+01 -2.993200e+01 2.098944e+01
    endloop
  endfacet
  facet normal 6.708841e-07 -1.000000e+00 -4.104358e-08
    outer loop
      vertex 6.817460e+00 -2.993200e+01 2.072031e+01
      vertex 1.550747e+01 -2.993200e+01 2.098944e+01
      vertex 6.545497e+00 -2.993200e+01 2.103301e+01
    endloop
  endfacet
  facet normal 6.708841e-07 -1.000000e+00 -4.104358e-08
    outer loop
      vertex 6.545497e+00 -2.993200e+01 2.103301e+01
      vertex 1.550747e+01 -2.993200e+01 2.098944e+01
      vertex 1.584143e+01 -2.993200e+01 2.123483e+01
    endloop
  endfacet
  facet normal 6.708841e-07 -1.000000e+00 -4.104358e-08
    outer loop
      vertex 6.545497e+00 -2.993200e+01 2.103301e+01
      vertex 1.584143e+01 -2.993200e+01 2.123483e+01
      vertex 6.201868e+00 -2.993200e+01 2.126466e+01
    endloop
  endfacet
  facet normal 6.708841e-07 -1.000000e+00 -4.104358e-08
    outer loop
      vertex 6.201868e+00 -2.993200e+01 2.126466e+01
      vertex 1.584143e+01 -2.993200e+01 2.123483e+01
      vertex 1.622752e+01 -2.993199e+01 2.138541e+01
    endloop
  endfacet
  facet normal 6.708841e-07 -1.000000e+00 -4.104358e-08
    outer loop
      vertex 6.201868e+00 -2.993200e+01 2.126466e+01
      vertex 1.622752e+01 -2.993199e+01 2.138541e+01
      vertex 5.809992e+00 -2.993201e+01 2.139948e+01
    endloop
  endfacet
  facet normal 6.708841e-07 -1.000000e+00 -4.104358e-08
    outer loop
      vertex 5.809992e+00 -2.993201e+01 2.139948e+01
      vertex 1.622752e+01 -2.993199e+01 2.138541e+01
      vertex 1.663944e+01 -2.993199e+01 2.143094e+01
    endloop
  endfacet
  facet normal 6.708841e-07 -1.000000e+00 -4.104358e-08
    outer loop
      vertex 5.809992e+00 -2.993201e+01 2.139948e+01
      vertex 1.663944e+01 -2.993199e+01 2.143094e+01
      vertex 5.396573e+00 -2.993201e+01 2.142829e+01
    endloop
  endfacet
  facet normal 6.708841e-07 -1.000000e+00 -4.104358e-08
    outer loop
      vertex 2.692514e+01 -2.993199e+01 4.159176e-05
      vertex 1.700904e+01 -2.993200e+01 7.195687e+00
      vertex 1.659788e+01 -2.993201e+01 7.143797e+00
    endloop
  endfacet
  facet normal 6.708841e-07 -1.000000e+00 -4.104358e-08
    outer loop
      vertex 1.700904e+01 -2.993200e+01 7.195687e+00
      vertex 2.692514e+01 -2.993199e+01 4.159176e-05
      vertex 1.739276e+01 -2.993200e+01 7.352225e+00
    endloop
  endfacet
  facet normal 6.708841e-07 -1.000000e+00 -4.104358e-08
    outer loop
      vertex 1.739276e+01 -2.993200e+01 7.352225e+00
      vertex 2.692514e+01 -2.993199e+01 4.159176e-05
      vertex 1.772289e+01 -2.993200e+01 7.602744e+00
    endloop
  endfacet
  facet normal 6.708841e-07 -1.000000e+00 -4.104358e-08
    outer loop
      vertex 1.772289e+01 -2.993200e+01 7.602744e+00
      vertex 2.692514e+01 -2.993199e+01 4.159176e-05
      vertex 1.797693e+01 -2.993200e+01 7.930170e+00
    endloop
  endfacet
  facet normal 6.708841e-07 -1.000000e+00 -4.104358e-08
    outer loop
      vertex 1.797693e+01 -2.993200e+01 7.930170e+00
      vertex 2.692514e+01 -2.993199e+01 4.159176e-05
      vertex 2.692513e+01 -2.993199e+01 2.540004e+01
    endloop
  endfacet
  facet normal 6.708841e-07 -1.000000e+00 -4.104358e-08
    outer loop
      vertex 1.797693e+01 -2.993200e+01 7.930170e+00
      vertex 2.692513e+01 -2.993199e+01 2.540004e+01
      vertex 1.813757e+01 -2.993200e+01 8.312189e+00
    endloop
  endfacet
  facet normal 6.708841e-07 -1.000000e+00 -4.104358e-08
    outer loop
      vertex 1.813757e+01 -2.993200e+01 8.312189e+00
      vertex 2.692513e+01 -2.993199e+01 2.540004e+01
      vertex 1.819386e+01 -2.993200e+01 8.722768e+00
    endloop
  endfacet
  facet normal 6.708841e-07 -1.000000e+00 -4.104358e-08
    outer loop
      vertex 1.819386e+01 -2.993200e+01 8.722768e+00
      vertex 2.692513e+01 -2.993199e+01 2.540004e+01
      vertex 1.814197e+01 -2.993200e+01 9.133928e+00
    endloop
  endfacet
  facet normal 6.708841e-07 -1.000000e+00 -4.104358e-08
    outer loop
      vertex 1.814197e+01 -2.993200e+01 9.133928e+00
      vertex 2.692513e+01 -2.993199e+01 2.540004e+01
      vertex 1.798543e+01 -2.993200e+01 9.517647e+00
    endloop
  endfacet
  facet normal 6.708841e-07 -1.000000e+00 -4.104358e-08
    outer loop
      vertex 1.798543e+01 -2.993200e+01 9.517647e+00
      vertex 2.692513e+01 -2.993199e+01 2.540004e+01
      vertex 1.773492e+01 -2.993200e+01 9.847775e+00
    endloop
  endfacet
  facet normal 6.708841e-07 -1.000000e+00 -4.104358e-08
    outer loop
      vertex 1.773492e+01 -2.993200e+01 9.847775e+00
      vertex 2.692513e+01 -2.993199e+01 2.540004e+01
      vertex 1.740749e+01 -2.993200e+01 1.010182e+01
    endloop
  endfacet
  facet normal 6.708841e-07 -1.000000e+00 -4.104358e-08
    outer loop
      vertex 1.740749e+01 -2.993200e+01 1.010182e+01
      vertex 2.692513e+01 -2.993199e+01 2.540004e+01
      vertex 1.702547e+01 -2.993201e+01 1.026246e+01
    endloop
  endfacet
  facet normal 6.708841e-07 -1.000000e+00 -4.104358e-08
    outer loop
      vertex 1.702547e+01 -2.993201e+01 1.026246e+01
      vertex 2.692513e+01 -2.993199e+01 2.540004e+01
      vertex 1.661489e+01 -2.993201e+01 1.031875e+01
    endloop
  endfacet
  facet normal 6.708841e-07 -1.000000e+00 -4.104358e-08
    outer loop
      vertex 1.661489e+01 -2.993201e+01 1.031875e+01
      vertex 2.692513e+01 -2.993199e+01 2.540004e+01
      vertex 1.737134e+01 -2.993199e+01 1.845274e+01
    endloop
  endfacet
  facet normal 6.708841e-07 -1.000000e+00 -4.104358e-08
    outer loop
      vertex 1.661489e+01 -2.993201e+01 1.031875e+01
      vertex 1.737134e+01 -2.993199e+01 1.845274e+01
      vertex 1.698525e+01 -2.993199e+01 1.830216e+01
    endloop
  endfacet
  facet normal 6.708841e-07 -1.000000e+00 -4.104358e-08
    outer loop
      vertex 1.661489e+01 -2.993201e+01 1.031875e+01
      vertex 1.698525e+01 -2.993199e+01 1.830216e+01
      vertex 1.657334e+01 -2.993199e+01 1.825663e+01
    endloop
  endfacet
  facet normal 6.708841e-07 -1.000000e+00 -4.104358e-08
    outer loop
      vertex 1.661489e+01 -2.993201e+01 1.031875e+01
      vertex 1.657334e+01 -2.993199e+01 1.825663e+01
      vertex -5.626427e+00 -2.993201e+01 1.825628e+01
    endloop
  endfacet
  facet normal 6.708841e-07 -1.000000e+00 -4.104358e-08
    outer loop
      vertex 1.661489e+01 -2.993201e+01 1.031875e+01
      vertex -5.626427e+00 -2.993201e+01 1.825628e+01
      vertex -1.673111e+01 -2.993201e+01 1.825625e+01
    endloop
  endfacet
  facet normal 6.708841e-07 -1.000000e+00 -4.104358e-08
    outer loop
      vertex 1.737134e+01 -2.993199e+01 1.845274e+01
      vertex 2.692513e+01 -2.993199e+01 2.540004e+01
      vertex 1.770531e+01 -2.993199e+01 1.869812e+01
    endloop
  endfacet
  facet normal 6.708841e-07 -1.000000e+00 -4.104358e-08
    outer loop
      vertex 1.770531e+01 -2.993199e+01 1.869812e+01
      vertex 2.692513e+01 -2.993199e+01 2.540004e+01
      vertex 1.796438e+01 -2.993199e+01 1.902158e+01
    endloop
  endfacet
  facet normal 6.708841e-07 -1.000000e+00 -4.104358e-08
    outer loop
      vertex 1.796438e+01 -2.993199e+01 1.902158e+01
      vertex 2.692513e+01 -2.993199e+01 2.540004e+01
      vertex 1.813091e+01 -2.993199e+01 1.940107e+01
    endloop
  endfacet
  facet normal 6.708841e-07 -1.000000e+00 -4.104358e-08
    outer loop
      vertex 1.813091e+01 -2.993199e+01 1.940107e+01
      vertex 2.692513e+01 -2.993199e+01 2.540004e+01
      vertex 1.819354e+01 -2.993199e+01 1.981073e+01
    endloop
  endfacet
  facet normal 6.708841e-07 -1.000000e+00 -4.104358e-08
    outer loop
      vertex 1.819354e+01 -2.993199e+01 1.981073e+01
      vertex 2.692513e+01 -2.993199e+01 2.540004e+01
      vertex 1.814802e+01 -2.993199e+01 2.022265e+01
    endloop
  endfacet
  facet normal 6.708841e-07 -1.000000e+00 -4.104358e-08
    outer loop
      vertex 1.814802e+01 -2.993199e+01 2.022265e+01
      vertex 2.692513e+01 -2.993199e+01 2.540004e+01
      vertex 1.799743e+01 -2.993199e+01 2.060874e+01
    endloop
  endfacet
  facet normal 6.708841e-07 -1.000000e+00 -4.104358e-08
    outer loop
      vertex 1.799743e+01 -2.993199e+01 2.060874e+01
      vertex 2.692513e+01 -2.993199e+01 2.540004e+01
      vertex 1.775205e+01 -2.993199e+01 2.094270e+01
    endloop
  endfacet
  facet normal 6.708841e-07 -1.000000e+00 -4.104358e-08
    outer loop
      vertex 1.775205e+01 -2.993199e+01 2.094270e+01
      vertex 2.692513e+01 -2.993199e+01 2.540004e+01
      vertex 1.742859e+01 -2.993199e+01 2.120178e+01
    endloop
  endfacet
  facet normal 6.708841e-07 -1.000000e+00 -4.104358e-08
    outer loop
      vertex 1.742859e+01 -2.993199e+01 2.120178e+01
      vertex 2.692513e+01 -2.993199e+01 2.540004e+01
      vertex 1.704910e+01 -2.993199e+01 2.136830e+01
    endloop
  endfacet
  facet normal 6.708841e-07 -1.000000e+00 -4.104358e-08
    outer loop
      vertex 1.704910e+01 -2.993199e+01 2.136830e+01
      vertex 2.692513e+01 -2.993199e+01 2.540004e+01
      vertex 1.663944e+01 -2.993199e+01 2.143094e+01
    endloop
  endfacet
  facet normal 6.708841e-07 -1.000000e+00 -4.104358e-08
    outer loop
      vertex 1.663944e+01 -2.993199e+01 2.143094e+01
      vertex 2.692513e+01 -2.993199e+01 2.540004e+01
      vertex -5.610800e+00 -2.993201e+01 2.143125e+01
    endloop
  endfacet
  facet normal 6.708841e-07 -1.000000e+00 -4.104358e-08
    outer loop
      vertex -5.610800e+00 -2.993201e+01 2.143125e+01
      vertex 2.692513e+01 -2.993199e+01 2.540004e+01
      vertex -1.673111e+01 -2.993201e+01 2.143125e+01
    endloop
  endfacet
  facet normal 6.708841e-07 -1.000000e+00 -4.104358e-08
    outer loop
      vertex -1.673111e+01 -2.993201e+01 2.143125e+01
      vertex 2.692513e+01 -2.993199e+01 2.540004e+01
      vertex -2.385956e+01 -2.993202e+01 2.540000e+01
    endloop
  endfacet
  facet normal 6.708841e-07 -1.000000e+00 -4.104358e-08
    outer loop
      vertex 2.692514e+01 -2.993199e+01 4.159176e-05
      vertex -2.704986e+01 -2.993202e+01 3.833307e-05
      vertex -2.385956e+01 -2.993202e+01 -1.688912e-06
    endloop
  endfacet
  facet normal 6.708841e-07 -1.000000e+00 -4.104358e-08
    outer loop
      vertex -2.704986e+01 -2.993202e+01 3.833307e-05
      vertex 2.692514e+01 -2.993199e+01 4.159176e-05
      vertex -1.692875e+01 -2.993201e+01 7.156105e+00
    endloop
  endfacet
  facet normal 6.708841e-07 -1.000000e+00 -4.104358e-08
    outer loop
      vertex -2.704986e+01 -2.993202e+01 3.833307e-05
      vertex -1.692875e+01 -2.993201e+01 7.156105e+00
      vertex -1.732969e+01 -2.993201e+01 7.260928e+00
    endloop
  endfacet
  facet normal 6.708841e-07 -1.000000e+00 -4.104358e-08
    outer loop
      vertex -2.704986e+01 -2.993202e+01 3.833307e-05
      vertex -1.732969e+01 -2.993201e+01 7.260928e+00
      vertex -1.768985e+01 -2.993201e+01 7.465952e+00
    endloop
  endfacet
  facet normal 6.708841e-07 -1.000000e+00 -4.104358e-08
    outer loop
      vertex -2.704986e+01 -2.993202e+01 3.833307e-05
      vertex -1.768985e+01 -2.993201e+01 7.465952e+00
      vertex -1.798466e+01 -2.993201e+01 7.757205e+00
    endloop
  endfacet
  facet normal 6.708841e-07 -1.000000e+00 -4.104358e-08
    outer loop
      vertex -2.704986e+01 -2.993202e+01 3.833307e-05
      vertex -1.798466e+01 -2.993201e+01 7.757205e+00
      vertex -1.819405e+01 -2.993201e+01 8.114837e+00
    endloop
  endfacet
  facet normal 6.708841e-07 -1.000000e+00 -4.104358e-08
    outer loop
      vertex -2.704986e+01 -2.993202e+01 3.833307e-05
      vertex -1.819405e+01 -2.993201e+01 8.114837e+00
      vertex -2.704986e+01 -2.993202e+01 2.540004e+01
    endloop
  endfacet
  facet normal 6.708841e-07 -1.000000e+00 -4.104358e-08
    outer loop
      vertex -1.692875e+01 -2.993201e+01 7.156105e+00
      vertex 2.692514e+01 -2.993199e+01 4.159176e-05
      vertex -5.544571e+00 -2.993201e+01 7.145492e+00
    endloop
  endfacet
  facet normal 6.708841e-07 -1.000000e+00 -4.104358e-08
    outer loop
      vertex -5.544571e+00 -2.993201e+01 7.145492e+00
      vertex 2.692514e+01 -2.993199e+01 4.159176e-05
      vertex 1.659788e+01 -2.993201e+01 7.143797e+00
    endloop
  endfacet
  facet normal 6.708841e-07 -1.000000e+00 -4.104358e-08
    outer loop
      vertex -2.704986e+01 -2.993202e+01 2.540004e+01
      vertex -1.819405e+01 -2.993201e+01 8.114837e+00
      vertex -1.830374e+01 -2.993201e+01 8.514477e+00
    endloop
  endfacet
  facet normal 6.708841e-07 -1.000000e+00 -4.104358e-08
    outer loop
      vertex -2.704986e+01 -2.993202e+01 2.540004e+01
      vertex -1.830374e+01 -2.993201e+01 8.514477e+00
      vertex -1.830626e+01 -2.993201e+01 8.928890e+00
    endloop
  endfacet
  facet normal 6.708841e-07 -1.000000e+00 -4.104358e-08
    outer loop
      vertex -2.704986e+01 -2.993202e+01 2.540004e+01
      vertex -1.830626e+01 -2.993201e+01 8.928890e+00
      vertex -1.820144e+01 -2.993201e+01 9.329834e+00
    endloop
  endfacet
  facet normal 6.708841e-07 -1.000000e+00 -4.104358e-08
    outer loop
      vertex -2.704986e+01 -2.993202e+01 2.540004e+01
      vertex -1.820144e+01 -2.993201e+01 9.329834e+00
      vertex -1.799642e+01 -2.993201e+01 9.689986e+00
    endloop
  endfacet
  facet normal 6.708841e-07 -1.000000e+00 -4.104358e-08
    outer loop
      vertex -2.704986e+01 -2.993202e+01 2.540004e+01
      vertex -1.799642e+01 -2.993201e+01 9.689986e+00
      vertex -1.770516e+01 -2.993201e+01 9.984803e+00
    endloop
  endfacet
  facet normal 6.708841e-07 -1.000000e+00 -4.104358e-08
    outer loop
      vertex -2.704986e+01 -2.993202e+01 2.540004e+01
      vertex -1.770516e+01 -2.993201e+01 9.984803e+00
      vertex -1.734753e+01 -2.993201e+01 1.019419e+01
    endloop
  endfacet
  facet normal 6.708841e-07 -1.000000e+00 -4.104358e-08
    outer loop
      vertex -2.704986e+01 -2.993202e+01 2.540004e+01
      vertex -1.734753e+01 -2.993201e+01 1.019419e+01
      vertex -1.694789e+01 -2.993201e+01 1.030388e+01
    endloop
  endfacet
  facet normal 6.708841e-07 -1.000000e+00 -4.104358e-08
    outer loop
      vertex -2.704986e+01 -2.993202e+01 2.540004e+01
      vertex -1.694789e+01 -2.993201e+01 1.030388e+01
      vertex -1.653348e+01 -2.993201e+01 1.030640e+01
    endloop
  endfacet
  facet normal 6.708841e-07 -1.000000e+00 -4.104358e-08
    outer loop
      vertex -2.704986e+01 -2.993202e+01 2.540004e+01
      vertex -1.653348e+01 -2.993201e+01 1.030640e+01
      vertex -1.752486e+01 -2.993201e+01 1.846894e+01
    endloop
  endfacet
  facet normal 6.708841e-07 -1.000000e+00 -4.104358e-08
    outer loop
      vertex -1.752486e+01 -2.993201e+01 1.846894e+01
      vertex -1.653348e+01 -2.993201e+01 1.030640e+01
      vertex -5.692656e+00 -2.993201e+01 1.031704e+01
    endloop
  endfacet
  facet normal 6.708841e-07 -1.000000e+00 -4.104358e-08
    outer loop
      vertex -1.752486e+01 -2.993201e+01 1.846894e+01
      vertex -5.692656e+00 -2.993201e+01 1.031704e+01
      vertex -1.714199e+01 -2.993201e+01 1.831035e+01
    endloop
  endfacet
  facet normal 6.708841e-07 -1.000000e+00 -4.104358e-08
    outer loop
      vertex -1.714199e+01 -2.993201e+01 1.831035e+01
      vertex -5.692656e+00 -2.993201e+01 1.031704e+01
      vertex 1.661489e+01 -2.993201e+01 1.031875e+01
    endloop
  endfacet
  facet normal 6.708841e-07 -1.000000e+00 -4.104358e-08
    outer loop
      vertex -1.714199e+01 -2.993201e+01 1.831035e+01
      vertex 1.661489e+01 -2.993201e+01 1.031875e+01
      vertex -1.673111e+01 -2.993201e+01 1.825625e+01
    endloop
  endfacet
  facet normal 6.708841e-07 -1.000000e+00 -4.104358e-08
    outer loop
      vertex -2.704986e+01 -2.993202e+01 2.540004e+01
      vertex -1.752486e+01 -2.993201e+01 1.846894e+01
      vertex -1.785364e+01 -2.993201e+01 1.872122e+01
    endloop
  endfacet
  facet normal 6.708841e-07 -1.000000e+00 -4.104358e-08
    outer loop
      vertex -2.704986e+01 -2.993202e+01 2.540004e+01
      vertex -1.785364e+01 -2.993201e+01 1.872122e+01
      vertex -1.810593e+01 -2.993201e+01 1.905000e+01
    endloop
  endfacet
  facet normal 6.708841e-07 -1.000000e+00 -4.104358e-08
    outer loop
      vertex -2.704986e+01 -2.993202e+01 2.540004e+01
      vertex -1.810593e+01 -2.993201e+01 1.905000e+01
      vertex -1.826452e+01 -2.993201e+01 1.943288e+01
    endloop
  endfacet
  facet normal 6.708841e-07 -1.000000e+00 -4.104358e-08
    outer loop
      vertex -2.704986e+01 -2.993202e+01 2.540004e+01
      vertex -1.826452e+01 -2.993201e+01 1.943288e+01
      vertex -1.831861e+01 -2.993201e+01 1.984375e+01
    endloop
  endfacet
  facet normal 6.708841e-07 -1.000000e+00 -4.104358e-08
    outer loop
      vertex -2.704986e+01 -2.993202e+01 2.540004e+01
      vertex -1.831861e+01 -2.993201e+01 1.984375e+01
      vertex -1.826452e+01 -2.993201e+01 2.025463e+01
    endloop
  endfacet
  facet normal 6.708841e-07 -1.000000e+00 -4.104358e-08
    outer loop
      vertex -2.704986e+01 -2.993202e+01 2.540004e+01
      vertex -1.826452e+01 -2.993201e+01 2.025463e+01
      vertex -1.810593e+01 -2.993201e+01 2.063750e+01
    endloop
  endfacet
  facet normal 6.708841e-07 -1.000000e+00 -4.104358e-08
    outer loop
      vertex -2.704986e+01 -2.993202e+01 2.540004e+01
      vertex -1.810593e+01 -2.993201e+01 2.063750e+01
      vertex -1.785364e+01 -2.993201e+01 2.096629e+01
    endloop
  endfacet
  facet normal 6.708841e-07 -1.000000e+00 -4.104358e-08
    outer loop
      vertex -2.704986e+01 -2.993202e+01 2.540004e+01
      vertex -1.785364e+01 -2.993201e+01 2.096629e+01
      vertex -1.752486e+01 -2.993201e+01 2.121857e+01
    endloop
  endfacet
  facet normal 6.708841e-07 -1.000000e+00 -4.104358e-08
    outer loop
      vertex -2.704986e+01 -2.993202e+01 2.540004e+01
      vertex -1.752486e+01 -2.993201e+01 2.121857e+01
      vertex -1.714199e+01 -2.993201e+01 2.137716e+01
    endloop
  endfacet
  facet normal 6.708841e-07 -1.000000e+00 -4.104358e-08
    outer loop
      vertex -2.704986e+01 -2.993202e+01 2.540004e+01
      vertex -1.714199e+01 -2.993201e+01 2.137716e+01
      vertex -1.673111e+01 -2.993201e+01 2.143125e+01
    endloop
  endfacet
  facet normal 6.708841e-07 -1.000000e+00 -4.104358e-08
    outer loop
      vertex -2.704986e+01 -2.993202e+01 2.540004e+01
      vertex -1.673111e+01 -2.993201e+01 2.143125e+01
      vertex -2.385956e+01 -2.993202e+01 2.540000e+01
    endloop
  endfacet
  facet normal 6.708841e-07 -1.000000e+00 -4.104358e-08
    outer loop
      vertex -5.626427e+00 -2.993201e+01 1.825628e+01
      vertex -1.632024e+01 -2.993201e+01 1.831035e+01
      vertex -1.673111e+01 -2.993201e+01 1.825625e+01
    endloop
  endfacet
  facet normal 6.708841e-07 -1.000000e+00 -4.104358e-08
    outer loop
      vertex -1.632024e+01 -2.993201e+01 1.831035e+01
      vertex -5.626427e+00 -2.993201e+01 1.825628e+01
      vertex -6.037030e+00 -2.993201e+01 1.831240e+01
    endloop
  endfacet
  facet normal 6.708841e-07 -1.000000e+00 -4.104358e-08
    outer loop
      vertex -1.632024e+01 -2.993201e+01 1.831035e+01
      vertex -6.037030e+00 -2.993201e+01 1.831240e+01
      vertex -1.593736e+01 -2.993201e+01 1.846894e+01
    endloop
  endfacet
  facet normal 6.708841e-07 -1.000000e+00 -4.104358e-08
    outer loop
      vertex -1.593736e+01 -2.993201e+01 1.846894e+01
      vertex -6.037030e+00 -2.993201e+01 1.831240e+01
      vertex -6.419120e+00 -2.993201e+01 1.847287e+01
    endloop
  endfacet
  facet normal 6.708841e-07 -1.000000e+00 -4.104358e-08
    outer loop
      vertex -1.593736e+01 -2.993201e+01 1.846894e+01
      vertex -6.419120e+00 -2.993201e+01 1.847287e+01
      vertex -1.560858e+01 -2.993201e+01 1.872122e+01
    endloop
  endfacet
  facet normal 6.708841e-07 -1.000000e+00 -4.104358e-08
    outer loop
      vertex -1.560858e+01 -2.993201e+01 1.872122e+01
      vertex -6.419120e+00 -2.993201e+01 1.847287e+01
      vertex -6.746656e+00 -2.993201e+01 1.872677e+01
    endloop
  endfacet
  facet normal 6.708841e-07 -1.000000e+00 -4.104358e-08
    outer loop
      vertex -1.560858e+01 -2.993201e+01 1.872122e+01
      vertex -6.746656e+00 -2.993201e+01 1.872677e+01
      vertex -1.535630e+01 -2.993201e+01 1.905000e+01
    endloop
  endfacet
  facet normal 6.708841e-07 -1.000000e+00 -4.104358e-08
    outer loop
      vertex -1.535630e+01 -2.993201e+01 1.905000e+01
      vertex -6.746656e+00 -2.993201e+01 1.872677e+01
      vertex -6.997319e+00 -2.993201e+01 1.905679e+01
    endloop
  endfacet
  facet normal 6.708841e-07 -1.000000e+00 -4.104358e-08
    outer loop
      vertex -1.535630e+01 -2.993201e+01 1.905000e+01
      vertex -6.997319e+00 -2.993201e+01 1.905679e+01
      vertex -1.519771e+01 -2.993201e+01 1.943288e+01
    endloop
  endfacet
  facet normal 6.708841e-07 -1.000000e+00 -4.104358e-08
    outer loop
      vertex -1.519771e+01 -2.993201e+01 1.943288e+01
      vertex -6.997319e+00 -2.993201e+01 1.905679e+01
      vertex -7.154024e+00 -2.993201e+01 1.944044e+01
    endloop
  endfacet
  facet normal 6.708841e-07 -1.000000e+00 -4.104358e-08
    outer loop
      vertex -1.519771e+01 -2.993201e+01 1.943288e+01
      vertex -7.154024e+00 -2.993201e+01 1.944044e+01
      vertex -1.514361e+01 -2.993201e+01 1.984375e+01
    endloop
  endfacet
  facet normal 6.708841e-07 -1.000000e+00 -4.104358e-08
    outer loop
      vertex -1.514361e+01 -2.993201e+01 1.984375e+01
      vertex -7.154024e+00 -2.993201e+01 1.944044e+01
      vertex -7.206093e+00 -2.993201e+01 1.985158e+01
    endloop
  endfacet
  facet normal 6.708841e-07 -1.000000e+00 -4.104358e-08
    outer loop
      vertex -1.514361e+01 -2.993201e+01 1.984375e+01
      vertex -7.206093e+00 -2.993201e+01 1.985158e+01
      vertex -1.519771e+01 -2.993201e+01 2.025463e+01
    endloop
  endfacet
  facet normal 6.708841e-07 -1.000000e+00 -4.104358e-08
    outer loop
      vertex -1.519771e+01 -2.993201e+01 2.025463e+01
      vertex -7.206093e+00 -2.993201e+01 1.985158e+01
      vertex -7.149979e+00 -2.993201e+01 2.026218e+01
    endloop
  endfacet
  facet normal 6.708841e-07 -1.000000e+00 -4.104358e-08
    outer loop
      vertex -1.519771e+01 -2.993201e+01 2.025463e+01
      vertex -7.149979e+00 -2.993201e+01 2.026218e+01
      vertex -1.535630e+01 -2.993201e+01 2.063750e+01
    endloop
  endfacet
  facet normal 6.708841e-07 -1.000000e+00 -4.104358e-08
    outer loop
      vertex -1.535630e+01 -2.993201e+01 2.063750e+01
      vertex -7.149979e+00 -2.993201e+01 2.026218e+01
      vertex -6.989505e+00 -2.993201e+01 2.064427e+01
    endloop
  endfacet
  facet normal 6.708841e-07 -1.000000e+00 -4.104358e-08
    outer loop
      vertex -1.535630e+01 -2.993201e+01 2.063750e+01
      vertex -6.989505e+00 -2.993201e+01 2.064427e+01
      vertex -1.560858e+01 -2.993201e+01 2.096629e+01
    endloop
  endfacet
  facet normal 6.708841e-07 -1.000000e+00 -4.104358e-08
    outer loop
      vertex -1.560858e+01 -2.993201e+01 2.096629e+01
      vertex -6.989505e+00 -2.993201e+01 2.064427e+01
      vertex -6.735607e+00 -2.993201e+01 2.097181e+01
    endloop
  endfacet
  facet normal 6.708841e-07 -1.000000e+00 -4.104358e-08
    outer loop
      vertex -1.560858e+01 -2.993201e+01 2.096629e+01
      vertex -6.735607e+00 -2.993201e+01 2.097181e+01
      vertex -1.593736e+01 -2.993201e+01 2.121857e+01
    endloop
  endfacet
  facet normal 6.708841e-07 -1.000000e+00 -4.104358e-08
    outer loop
      vertex -1.593736e+01 -2.993201e+01 2.121857e+01
      vertex -6.735607e+00 -2.993201e+01 2.097181e+01
      vertex -6.405587e+00 -2.993201e+01 2.122247e+01
    endloop
  endfacet
  facet normal 6.708841e-07 -1.000000e+00 -4.104358e-08
    outer loop
      vertex -1.593736e+01 -2.993201e+01 2.121857e+01
      vertex -6.405587e+00 -2.993201e+01 2.122247e+01
      vertex -1.632024e+01 -2.993201e+01 2.137716e+01
    endloop
  endfacet
  facet normal 6.708841e-07 -1.000000e+00 -4.104358e-08
    outer loop
      vertex -1.632024e+01 -2.993201e+01 2.137716e+01
      vertex -6.405587e+00 -2.993201e+01 2.122247e+01
      vertex -6.021936e+00 -2.993201e+01 2.137917e+01
    endloop
  endfacet
  facet normal 6.708841e-07 -1.000000e+00 -4.104358e-08
    outer loop
      vertex -1.632024e+01 -2.993201e+01 2.137716e+01
      vertex -6.021936e+00 -2.993201e+01 2.137917e+01
      vertex -1.673111e+01 -2.993201e+01 2.143125e+01
    endloop
  endfacet
  facet normal 6.708841e-07 -1.000000e+00 -4.104358e-08
    outer loop
      vertex -1.673111e+01 -2.993201e+01 2.143125e+01
      vertex -6.021936e+00 -2.993201e+01 2.137917e+01
      vertex -5.610800e+00 -2.993201e+01 2.143125e+01
    endloop
  endfacet
  facet normal 6.708841e-07 -1.000000e+00 -4.104358e-08
    outer loop
      vertex -5.626427e+00 -2.993201e+01 1.825628e+01
      vertex 5.591200e+00 -2.993201e+01 1.825926e+01
      vertex -5.215290e+00 -2.993201e+01 1.830835e+01
    endloop
  endfacet
  facet normal 6.708841e-07 -1.000000e+00 -4.104358e-08
    outer loop
      vertex 5.591200e+00 -2.993201e+01 1.825926e+01
      vertex -5.626427e+00 -2.993201e+01 1.825628e+01
      vertex 1.657334e+01 -2.993199e+01 1.825663e+01
    endloop
  endfacet
  facet normal 6.708841e-07 -1.000000e+00 -4.104358e-08
    outer loop
      vertex -5.215290e+00 -2.993201e+01 1.830835e+01
      vertex 5.591200e+00 -2.993201e+01 1.825926e+01
      vertex 5.177782e+00 -2.993201e+01 1.828806e+01
    endloop
  endfacet
  facet normal 6.708841e-07 -1.000000e+00 -4.104358e-08
    outer loop
      vertex -5.215290e+00 -2.993201e+01 1.830835e+01
      vertex 5.177782e+00 -2.993201e+01 1.828806e+01
      vertex 4.785906e+00 -2.993201e+01 1.842289e+01
    endloop
  endfacet
  facet normal 6.708841e-07 -1.000000e+00 -4.104358e-08
    outer loop
      vertex -5.215290e+00 -2.993201e+01 1.830835e+01
      vertex 4.785906e+00 -2.993201e+01 1.842289e+01
      vertex -4.831640e+00 -2.993201e+01 1.846506e+01
    endloop
  endfacet
  facet normal 6.708841e-07 -1.000000e+00 -4.104358e-08
    outer loop
      vertex -4.831640e+00 -2.993201e+01 1.846506e+01
      vertex 4.785906e+00 -2.993201e+01 1.842289e+01
      vertex 4.442277e+00 -2.993201e+01 1.865454e+01
    endloop
  endfacet
  facet normal 6.708841e-07 -1.000000e+00 -4.104358e-08
    outer loop
      vertex -4.831640e+00 -2.993201e+01 1.846506e+01
      vertex 4.442277e+00 -2.993201e+01 1.865454e+01
      vertex -4.501620e+00 -2.993201e+01 1.871572e+01
    endloop
  endfacet
  facet normal 6.708841e-07 -1.000000e+00 -4.104358e-08
    outer loop
      vertex -4.501620e+00 -2.993201e+01 1.871572e+01
      vertex 4.442277e+00 -2.993201e+01 1.865454e+01
      vertex 4.170314e+00 -2.993201e+01 1.896724e+01
    endloop
  endfacet
  facet normal 6.708841e-07 -1.000000e+00 -4.104358e-08
    outer loop
      vertex -4.501620e+00 -2.993201e+01 1.871572e+01
      vertex 4.170314e+00 -2.993201e+01 1.896724e+01
      vertex -4.247721e+00 -2.993201e+01 1.904326e+01
    endloop
  endfacet
  facet normal 6.708841e-07 -1.000000e+00 -4.104358e-08
    outer loop
      vertex -4.247721e+00 -2.993201e+01 1.904326e+01
      vertex 4.170314e+00 -2.993201e+01 1.896724e+01
      vertex 3.988550e+00 -2.993201e+01 1.933967e+01
    endloop
  endfacet
  facet normal 6.708841e-07 -1.000000e+00 -4.104358e-08
    outer loop
      vertex -4.247721e+00 -2.993201e+01 1.904326e+01
      vertex 3.988550e+00 -2.993201e+01 1.933967e+01
      vertex -4.087247e+00 -2.993201e+01 1.942535e+01
    endloop
  endfacet
  facet normal 6.708841e-07 -1.000000e+00 -4.104358e-08
    outer loop
      vertex -4.087247e+00 -2.993201e+01 1.942535e+01
      vertex 3.988550e+00 -2.993201e+01 1.933967e+01
      vertex 3.909372e+00 -2.993201e+01 1.974646e+01
    endloop
  endfacet
  facet normal 6.708841e-07 -1.000000e+00 -4.104358e-08
    outer loop
      vertex -4.087247e+00 -2.993201e+01 1.942535e+01
      vertex 3.909372e+00 -2.993201e+01 1.974646e+01
      vertex -4.031132e+00 -2.993201e+01 1.983595e+01
    endloop
  endfacet
  facet normal 6.708841e-07 -1.000000e+00 -4.104358e-08
    outer loop
      vertex -4.031132e+00 -2.993201e+01 1.983595e+01
      vertex 3.909372e+00 -2.993201e+01 1.974646e+01
      vertex 3.938177e+00 -2.993201e+01 2.015988e+01
    endloop
  endfacet
  facet normal 6.708841e-07 -1.000000e+00 -4.104358e-08
    outer loop
      vertex -4.031132e+00 -2.993201e+01 1.983595e+01
      vertex 3.938177e+00 -2.993201e+01 2.015988e+01
      vertex -4.083202e+00 -2.993201e+01 2.024709e+01
    endloop
  endfacet
  facet normal 6.708841e-07 -1.000000e+00 -4.104358e-08
    outer loop
      vertex -4.083202e+00 -2.993201e+01 2.024709e+01
      vertex 3.938177e+00 -2.993201e+01 2.015988e+01
      vertex 4.073000e+00 -2.993201e+01 2.055176e+01
    endloop
  endfacet
  facet normal 6.708841e-07 -1.000000e+00 -4.104358e-08
    outer loop
      vertex -4.083202e+00 -2.993201e+01 2.024709e+01
      vertex 4.073000e+00 -2.993201e+01 2.055176e+01
      vertex -4.239908e+00 -2.993201e+01 2.063074e+01
    endloop
  endfacet
  facet normal 6.708841e-07 -1.000000e+00 -4.104358e-08
    outer loop
      vertex -4.239908e+00 -2.993201e+01 2.063074e+01
      vertex 4.073000e+00 -2.993201e+01 2.055176e+01
      vertex 4.304655e+00 -2.993201e+01 2.089538e+01
    endloop
  endfacet
  facet normal 6.708841e-07 -1.000000e+00 -4.104358e-08
    outer loop
      vertex -4.239908e+00 -2.993201e+01 2.063074e+01
      vertex 4.304655e+00 -2.993201e+01 2.089538e+01
      vertex -4.490570e+00 -2.993201e+01 2.096076e+01
    endloop
  endfacet
  facet normal 6.708841e-07 -1.000000e+00 -4.104358e-08
    outer loop
      vertex -4.490570e+00 -2.993201e+01 2.096076e+01
      vertex 4.304655e+00 -2.993201e+01 2.089538e+01
      vertex 4.617354e+00 -2.993201e+01 2.116735e+01
    endloop
  endfacet
  facet normal 6.708841e-07 -1.000000e+00 -4.104358e-08
    outer loop
      vertex -4.490570e+00 -2.993201e+01 2.096076e+01
      vertex 4.617354e+00 -2.993201e+01 2.116735e+01
      vertex -4.818106e+00 -2.993201e+01 2.121466e+01
    endloop
  endfacet
  facet normal 6.708841e-07 -1.000000e+00 -4.104358e-08
    outer loop
      vertex -4.818106e+00 -2.993201e+01 2.121466e+01
      vertex 4.617354e+00 -2.993201e+01 2.116735e+01
      vertex 4.989787e+00 -2.993201e+01 2.134911e+01
    endloop
  endfacet
  facet normal 6.708841e-07 -1.000000e+00 -4.104358e-08
    outer loop
      vertex -4.818106e+00 -2.993201e+01 2.121466e+01
      vertex 4.989787e+00 -2.993201e+01 2.134911e+01
      vertex -5.200195e+00 -2.993201e+01 2.137513e+01
    endloop
  endfacet
  facet normal 6.708841e-07 -1.000000e+00 -4.104358e-08
    outer loop
      vertex -5.200195e+00 -2.993201e+01 2.137513e+01
      vertex 4.989787e+00 -2.993201e+01 2.134911e+01
      vertex 5.396573e+00 -2.993201e+01 2.142829e+01
    endloop
  endfacet
  facet normal 6.708841e-07 -1.000000e+00 -4.104358e-08
    outer loop
      vertex -5.200195e+00 -2.993201e+01 2.137513e+01
      vertex 5.396573e+00 -2.993201e+01 2.142829e+01
      vertex -5.610800e+00 -2.993201e+01 2.143125e+01
    endloop
  endfacet
  facet normal 6.708841e-07 -1.000000e+00 -4.104358e-08
    outer loop
      vertex -5.610800e+00 -2.993201e+01 2.143125e+01
      vertex 5.396573e+00 -2.993201e+01 2.142829e+01
      vertex 1.663944e+01 -2.993199e+01 2.143094e+01
    endloop
  endfacet
  facet normal 9.999815e-01 6.897008e-07 6.081328e-03
    outer loop
      vertex -1.830374e+01 -2.993201e+01 8.514477e+00
      vertex -1.830627e+01 -2.516952e+01 8.928890e+00
      vertex -1.830626e+01 -2.993201e+01 8.928890e+00
    endloop
  endfacet
  facet normal 9.999815e-01 6.897008e-07 6.081328e-03
    outer loop
      vertex -1.830627e+01 -2.516952e+01 8.928890e+00
      vertex -1.830374e+01 -2.993201e+01 8.514477e+00
      vertex -1.830375e+01 -2.516952e+01 8.514477e+00
    endloop
  endfacet
  facet normal 9.643340e-01 6.529737e-07 2.646884e-01
    outer loop
      vertex -1.819405e+01 -2.993201e+01 8.114837e+00
      vertex -1.830375e+01 -2.516952e+01 8.514477e+00
      vertex -1.830374e+01 -2.993201e+01 8.514477e+00
    endloop
  endfacet
  facet normal 9.643340e-01 6.529737e-07 2.646884e-01
    outer loop
      vertex -1.830375e+01 -2.516952e+01 8.514477e+00
      vertex -1.819405e+01 -2.993201e+01 8.114837e+00
      vertex -1.819405e+01 -2.516952e+01 8.114837e+00
    endloop
  endfacet
  facet normal 8.629687e-01 5.717474e-07 5.052574e-01
    outer loop
      vertex -1.798466e+01 -2.993201e+01 7.757205e+00
      vertex -1.819405e+01 -2.516952e+01 8.114837e+00
      vertex -1.819405e+01 -2.993201e+01 8.114837e+00
    endloop
  endfacet
  facet normal 8.629687e-01 5.717474e-07 5.052574e-01
    outer loop
      vertex -1.819405e+01 -2.516952e+01 8.114837e+00
      vertex -1.798466e+01 -2.993201e+01 7.757205e+00
      vertex -1.798466e+01 -2.516952e+01 7.757205e+00
    endloop
  endfacet
  facet normal 7.027935e-01 4.515575e-07 7.113938e-01
    outer loop
      vertex -1.798466e+01 -2.993201e+01 7.757205e+00
      vertex -1.768985e+01 -2.516952e+01 7.465952e+00
      vertex -1.798466e+01 -2.516952e+01 7.757205e+00
    endloop
  endfacet
  facet normal 7.027935e-01 4.515575e-07 7.113938e-01
    outer loop
      vertex -1.768985e+01 -2.516952e+01 7.465952e+00
      vertex -1.798466e+01 -2.993201e+01 7.757205e+00
      vertex -1.768985e+01 -2.993201e+01 7.465952e+00
    endloop
  endfacet
  facet normal 4.947242e-01 3.005946e-07 8.690500e-01
    outer loop
      vertex -1.768985e+01 -2.993201e+01 7.465952e+00
      vertex -1.732970e+01 -2.516952e+01 7.260928e+00
      vertex -1.768985e+01 -2.516952e+01 7.465952e+00
    endloop
  endfacet
  facet normal 4.947242e-01 3.005946e-07 8.690500e-01
    outer loop
      vertex -1.732970e+01 -2.516952e+01 7.260928e+00
      vertex -1.768985e+01 -2.993201e+01 7.465952e+00
      vertex -1.732969e+01 -2.993201e+01 7.260928e+00
    endloop
  endfacet
  facet normal 2.529401e-01 1.291468e-07 9.674819e-01
    outer loop
      vertex -1.732969e+01 -2.993201e+01 7.260928e+00
      vertex -1.692875e+01 -2.516952e+01 7.156105e+00
      vertex -1.732970e+01 -2.516952e+01 7.260928e+00
    endloop
  endfacet
  facet normal 2.529401e-01 1.291468e-07 9.674819e-01
    outer loop
      vertex -1.692875e+01 -2.516952e+01 7.156105e+00
      vertex -1.732969e+01 -2.993201e+01 7.260928e+00
      vertex -1.692875e+01 -2.993201e+01 7.156105e+00
    endloop
  endfacet
  facet normal -6.081328e-03 -5.110219e-08 9.999815e-01
    outer loop
      vertex -1.692875e+01 -2.993201e+01 7.156105e+00
      vertex -1.651434e+01 -2.516952e+01 7.158626e+00
      vertex -1.692875e+01 -2.516952e+01 7.156105e+00
    endloop
  endfacet
  facet normal -6.081328e-03 -5.110219e-08 9.999815e-01
    outer loop
      vertex -1.651434e+01 -2.516952e+01 7.158626e+00
      vertex -1.692875e+01 -2.993201e+01 7.156105e+00
      vertex -1.651434e+01 -2.993201e+01 7.158625e+00
    endloop
  endfacet
  facet normal -2.646884e-01 -2.278686e-07 9.643340e-01
    outer loop
      vertex -1.651434e+01 -2.993201e+01 7.158625e+00
      vertex -1.611470e+01 -2.516952e+01 7.268318e+00
      vertex -1.651434e+01 -2.516952e+01 7.158626e+00
    endloop
  endfacet
  facet normal -2.646884e-01 -2.278686e-07 9.643340e-01
    outer loop
      vertex -1.611470e+01 -2.516952e+01 7.268318e+00
      vertex -1.651434e+01 -2.993201e+01 7.158625e+00
      vertex -1.611469e+01 -2.993201e+01 7.268317e+00
    endloop
  endfacet
  facet normal -5.052574e-01 -3.891062e-07 8.629687e-01
    outer loop
      vertex -1.611469e+01 -2.993201e+01 7.268317e+00
      vertex -1.575707e+01 -2.516952e+01 7.477707e+00
      vertex -1.611470e+01 -2.516952e+01 7.268318e+00
    endloop
  endfacet
  facet normal -5.052574e-01 -3.891062e-07 8.629687e-01
    outer loop
      vertex -1.575707e+01 -2.516952e+01 7.477707e+00
      vertex -1.611469e+01 -2.993201e+01 7.268317e+00
      vertex -1.575706e+01 -2.993201e+01 7.477707e+00
    endloop
  endfacet
  facet normal -7.113938e-01 -5.238268e-07 7.027935e-01
    outer loop
      vertex -1.546581e+01 -2.993201e+01 7.772523e+00
      vertex -1.575707e+01 -2.516952e+01 7.477707e+00
      vertex -1.575706e+01 -2.993201e+01 7.477707e+00
    endloop
  endfacet
  facet normal -7.113938e-01 -5.238268e-07 7.027935e-01
    outer loop
      vertex -1.575707e+01 -2.516952e+01 7.477707e+00
      vertex -1.546581e+01 -2.993201e+01 7.772523e+00
      vertex -1.546581e+01 -2.516952e+01 7.772523e+00
    endloop
  endfacet
  facet normal -8.690500e-01 -6.228494e-07 4.947242e-01
    outer loop
      vertex -1.526079e+01 -2.993201e+01 8.132675e+00
      vertex -1.546581e+01 -2.516952e+01 7.772523e+00
      vertex -1.546581e+01 -2.993201e+01 7.772523e+00
    endloop
  endfacet
  facet normal -8.690500e-01 -6.228494e-07 4.947242e-01
    outer loop
      vertex -1.546581e+01 -2.516952e+01 7.772523e+00
      vertex -1.526079e+01 -2.993201e+01 8.132675e+00
      vertex -1.526079e+01 -2.516952e+01 8.132675e+00
    endloop
  endfacet
  facet normal -9.674819e-01 -6.794261e-07 2.529401e-01
    outer loop
      vertex -1.515596e+01 -2.993201e+01 8.533620e+00
      vertex -1.526079e+01 -2.516952e+01 8.132675e+00
      vertex -1.526079e+01 -2.993201e+01 8.132675e+00
    endloop
  endfacet
  facet normal -9.674819e-01 -6.794261e-07 2.529401e-01
    outer loop
      vertex -1.526079e+01 -2.516952e+01 8.132675e+00
      vertex -1.515596e+01 -2.993201e+01 8.533620e+00
      vertex -1.515597e+01 -2.516952e+01 8.533620e+00
    endloop
  endfacet
  facet normal -9.999815e-01 -6.897008e-07 -6.081328e-03
    outer loop
      vertex -1.515849e+01 -2.516952e+01 8.948033e+00
      vertex -1.515596e+01 -2.993201e+01 8.533620e+00
      vertex -1.515848e+01 -2.993201e+01 8.948032e+00
    endloop
  endfacet
  facet normal -9.999815e-01 -6.897008e-07 -6.081328e-03
    outer loop
      vertex -1.515596e+01 -2.993201e+01 8.533620e+00
      vertex -1.515849e+01 -2.516952e+01 8.948033e+00
      vertex -1.515597e+01 -2.516952e+01 8.533620e+00
    endloop
  endfacet
  facet normal -9.643340e-01 -6.529737e-07 -2.646884e-01
    outer loop
      vertex -1.526818e+01 -2.516952e+01 9.347673e+00
      vertex -1.515848e+01 -2.993201e+01 8.948032e+00
      vertex -1.526818e+01 -2.993201e+01 9.347673e+00
    endloop
  endfacet
  facet normal -9.643340e-01 -6.529737e-07 -2.646884e-01
    outer loop
      vertex -1.515848e+01 -2.993201e+01 8.948032e+00
      vertex -1.526818e+01 -2.516952e+01 9.347673e+00
      vertex -1.515849e+01 -2.516952e+01 8.948033e+00
    endloop
  endfacet
  facet normal -8.629687e-01 -5.717474e-07 -5.052574e-01
    outer loop
      vertex -1.547757e+01 -2.516952e+01 9.705305e+00
      vertex -1.526818e+01 -2.993201e+01 9.347673e+00
      vertex -1.547757e+01 -2.993201e+01 9.705304e+00
    endloop
  endfacet
  facet normal -8.629687e-01 -5.717474e-07 -5.052574e-01
    outer loop
      vertex -1.526818e+01 -2.993201e+01 9.347673e+00
      vertex -1.547757e+01 -2.516952e+01 9.705305e+00
      vertex -1.526818e+01 -2.516952e+01 9.347673e+00
    endloop
  endfacet
  facet normal -7.027935e-01 -4.515575e-07 -7.113938e-01
    outer loop
      vertex -1.547757e+01 -2.516952e+01 9.705305e+00
      vertex -1.577238e+01 -2.993201e+01 9.996557e+00
      vertex -1.577238e+01 -2.516952e+01 9.996557e+00
    endloop
  endfacet
  facet normal -7.027935e-01 -4.515575e-07 -7.113938e-01
    outer loop
      vertex -1.577238e+01 -2.993201e+01 9.996557e+00
      vertex -1.547757e+01 -2.516952e+01 9.705305e+00
      vertex -1.547757e+01 -2.993201e+01 9.705304e+00
    endloop
  endfacet
  facet normal -4.947242e-01 -3.005946e-07 -8.690500e-01
    outer loop
      vertex -1.577238e+01 -2.516952e+01 9.996557e+00
      vertex -1.613253e+01 -2.993201e+01 1.020158e+01
      vertex -1.613254e+01 -2.516952e+01 1.020158e+01
    endloop
  endfacet
  facet normal -4.947242e-01 -3.005946e-07 -8.690500e-01
    outer loop
      vertex -1.613253e+01 -2.993201e+01 1.020158e+01
      vertex -1.577238e+01 -2.516952e+01 9.996557e+00
      vertex -1.577238e+01 -2.993201e+01 9.996557e+00
    endloop
  endfacet
  facet normal -2.529401e-01 -1.291468e-07 -9.674819e-01
    outer loop
      vertex -1.613254e+01 -2.516952e+01 1.020158e+01
      vertex -1.653348e+01 -2.993201e+01 1.030640e+01
      vertex -1.653348e+01 -2.516952e+01 1.030640e+01
    endloop
  endfacet
  facet normal -2.529401e-01 -1.291468e-07 -9.674819e-01
    outer loop
      vertex -1.653348e+01 -2.993201e+01 1.030640e+01
      vertex -1.613254e+01 -2.516952e+01 1.020158e+01
      vertex -1.613253e+01 -2.993201e+01 1.020158e+01
    endloop
  endfacet
  facet normal 6.081328e-03 5.110219e-08 -9.999815e-01
    outer loop
      vertex -1.653348e+01 -2.516952e+01 1.030640e+01
      vertex -1.694789e+01 -2.993201e+01 1.030388e+01
      vertex -1.694789e+01 -2.516952e+01 1.030388e+01
    endloop
  endfacet
  facet normal 6.081328e-03 5.110219e-08 -9.999815e-01
    outer loop
      vertex -1.694789e+01 -2.993201e+01 1.030388e+01
      vertex -1.653348e+01 -2.516952e+01 1.030640e+01
      vertex -1.653348e+01 -2.993201e+01 1.030640e+01
    endloop
  endfacet
  facet normal 2.646884e-01 2.278686e-07 -9.643340e-01
    outer loop
      vertex -1.694789e+01 -2.516952e+01 1.030388e+01
      vertex -1.734753e+01 -2.993201e+01 1.019419e+01
      vertex -1.734753e+01 -2.516952e+01 1.019419e+01
    endloop
  endfacet
  facet normal 2.646884e-01 2.278686e-07 -9.643340e-01
    outer loop
      vertex -1.734753e+01 -2.993201e+01 1.019419e+01
      vertex -1.694789e+01 -2.516952e+01 1.030388e+01
      vertex -1.694789e+01 -2.993201e+01 1.030388e+01
    endloop
  endfacet
  facet normal 5.052574e-01 3.891062e-07 -8.629687e-01
    outer loop
      vertex -1.734753e+01 -2.516952e+01 1.019419e+01
      vertex -1.770516e+01 -2.993201e+01 9.984803e+00
      vertex -1.770517e+01 -2.516952e+01 9.984803e+00
    endloop
  endfacet
  facet normal 5.052574e-01 3.891062e-07 -8.629687e-01
    outer loop
      vertex -1.770516e+01 -2.993201e+01 9.984803e+00
      vertex -1.734753e+01 -2.516952e+01 1.019419e+01
      vertex -1.734753e+01 -2.993201e+01 1.019419e+01
    endloop
  endfacet
  facet normal 7.113938e-01 5.238268e-07 -7.027935e-01
    outer loop
      vertex -1.799642e+01 -2.516952e+01 9.689987e+00
      vertex -1.770516e+01 -2.993201e+01 9.984803e+00
      vertex -1.799642e+01 -2.993201e+01 9.689986e+00
    endloop
  endfacet
  facet normal 7.113938e-01 5.238268e-07 -7.027935e-01
    outer loop
      vertex -1.770516e+01 -2.993201e+01 9.984803e+00
      vertex -1.799642e+01 -2.516952e+01 9.689987e+00
      vertex -1.770517e+01 -2.516952e+01 9.984803e+00
    endloop
  endfacet
  facet normal 8.690500e-01 6.228494e-07 -4.947242e-01
    outer loop
      vertex -1.820144e+01 -2.516952e+01 9.329834e+00
      vertex -1.799642e+01 -2.993201e+01 9.689986e+00
      vertex -1.820144e+01 -2.993201e+01 9.329834e+00
    endloop
  endfacet
  facet normal 8.690500e-01 6.228494e-07 -4.947242e-01
    outer loop
      vertex -1.799642e+01 -2.993201e+01 9.689986e+00
      vertex -1.820144e+01 -2.516952e+01 9.329834e+00
      vertex -1.799642e+01 -2.516952e+01 9.689987e+00
    endloop
  endfacet
  facet normal 9.674819e-01 6.794261e-07 -2.529401e-01
    outer loop
      vertex -1.830627e+01 -2.516952e+01 8.928890e+00
      vertex -1.820144e+01 -2.993201e+01 9.329834e+00
      vertex -1.830626e+01 -2.993201e+01 8.928890e+00
    endloop
  endfacet
  facet normal 9.674819e-01 6.794261e-07 -2.529401e-01
    outer loop
      vertex -1.820144e+01 -2.993201e+01 9.329834e+00
      vertex -1.830627e+01 -2.516952e+01 8.928890e+00
      vertex -1.820144e+01 -2.516952e+01 9.329834e+00
    endloop
  endfacet
  facet normal -8.744183e-07 -3.305295e-07 1.000000e+00
    outer loop
      vertex -2.385956e+01 -2.993202e+01 2.540000e+01
      vertex 2.375013e+01 -2.516949e+01 2.540004e+01
      vertex -2.385956e+01 -2.516952e+01 2.540000e+01
    endloop
  endfacet
  facet normal -8.744183e-07 -3.305295e-07 1.000000e+00
    outer loop
      vertex 2.375013e+01 -2.516949e+01 2.540004e+01
      vertex -2.385956e+01 -2.993202e+01 2.540000e+01
      vertex 2.692513e+01 -2.993199e+01 2.540004e+01
    endloop
  endfacet
  facet normal -8.744183e-07 -3.305295e-07 1.000000e+00
    outer loop
      vertex 2.375013e+01 -2.516949e+01 2.540004e+01
      vertex 2.692513e+01 -2.993199e+01 2.540004e+01
      vertex 2.692513e+01 -2.516952e+01 2.540004e+01
    endloop
  endfacet
  facet normal 0.000000e+00 -3.826834e-01 -9.238795e-01
    outer loop
      vertex -2.385903e+01 -2.040702e+01 2.121860e+01
      vertex -2.704987e+01 -2.078990e+01 2.137720e+01
      vertex -2.704987e+01 -2.040702e+01 2.121860e+01
    endloop
  endfacet
  facet normal 0.000000e+00 -3.826834e-01 -9.238795e-01
    outer loop
      vertex -2.704987e+01 -2.078990e+01 2.137720e+01
      vertex -2.385903e+01 -2.040702e+01 2.121860e+01
      vertex -2.385903e+01 -2.078990e+01 2.137720e+01
    endloop
  endfacet
  facet normal -2.725247e-18 -6.087614e-01 -7.933533e-01
    outer loop
      vertex -2.385903e+01 -2.007824e+01 2.096632e+01
      vertex -2.704987e+01 -2.040702e+01 2.121860e+01
      vertex -2.704987e+01 -2.007824e+01 2.096632e+01
    endloop
  endfacet
  facet normal -2.725247e-18 -6.087614e-01 -7.933533e-01
    outer loop
      vertex -2.704987e+01 -2.040702e+01 2.121860e+01
      vertex -2.385903e+01 -2.007824e+01 2.096632e+01
      vertex -2.385903e+01 -2.040702e+01 2.121860e+01
    endloop
  endfacet
  facet normal 2.091156e-18 -7.933533e-01 -6.087614e-01
    outer loop
      vertex -2.385903e+01 -2.007824e+01 2.096632e+01
      vertex -2.704987e+01 -1.982596e+01 2.063754e+01
      vertex -2.385903e+01 -1.982596e+01 2.063754e+01
    endloop
  endfacet
  facet normal 2.091156e-18 -7.933533e-01 -6.087614e-01
    outer loop
      vertex -2.704987e+01 -1.982596e+01 2.063754e+01
      vertex -2.385903e+01 -2.007824e+01 2.096632e+01
      vertex -2.704987e+01 -2.007824e+01 2.096632e+01
    endloop
  endfacet
  facet normal 0.000000e+00 -9.238795e-01 -3.826834e-01
    outer loop
      vertex -2.385903e+01 -1.982596e+01 2.063754e+01
      vertex -2.704987e+01 -1.966737e+01 2.025466e+01
      vertex -2.385903e+01 -1.966737e+01 2.025466e+01
    endloop
  endfacet
  facet normal 0.000000e+00 -9.238795e-01 -3.826834e-01
    outer loop
      vertex -2.704987e+01 -1.966737e+01 2.025466e+01
      vertex -2.385903e+01 -1.982596e+01 2.063754e+01
      vertex -2.704987e+01 -1.982596e+01 2.063754e+01
    endloop
  endfacet
  facet normal 8.514279e-19 -9.914448e-01 -1.305262e-01
    outer loop
      vertex -2.385903e+01 -1.966737e+01 2.025466e+01
      vertex -2.704987e+01 -1.961327e+01 1.984379e+01
      vertex -2.385903e+01 -1.961327e+01 1.984379e+01
    endloop
  endfacet
  facet normal 8.514279e-19 -9.914448e-01 -1.305262e-01
    outer loop
      vertex -2.704987e+01 -1.961327e+01 1.984379e+01
      vertex -2.385903e+01 -1.966737e+01 2.025466e+01
      vertex -2.704987e+01 -1.966737e+01 2.025466e+01
    endloop
  endfacet
  facet normal -1.748169e-18 -9.914448e-01 1.305262e-01
    outer loop
      vertex -2.385903e+01 -1.961327e+01 1.984379e+01
      vertex -2.704987e+01 -1.966737e+01 1.943291e+01
      vertex -2.385903e+01 -1.966737e+01 1.943291e+01
    endloop
  endfacet
  facet normal -1.748169e-18 -9.914448e-01 1.305262e-01
    outer loop
      vertex -2.704987e+01 -1.966737e+01 1.943291e+01
      vertex -2.385903e+01 -1.961327e+01 1.984379e+01
      vertex -2.704987e+01 -1.961327e+01 1.984379e+01
    endloop
  endfacet
  facet normal 1.586809e-18 -9.238795e-01 3.826834e-01
    outer loop
      vertex -2.385903e+01 -1.966737e+01 1.943291e+01
      vertex -2.704987e+01 -1.982596e+01 1.905004e+01
      vertex -2.385903e+01 -1.982596e+01 1.905004e+01
    endloop
  endfacet
  facet normal 1.586809e-18 -9.238795e-01 3.826834e-01
    outer loop
      vertex -2.704987e+01 -1.982596e+01 1.905004e+01
      vertex -2.385903e+01 -1.966737e+01 1.943291e+01
      vertex -2.704987e+01 -1.966737e+01 1.943291e+01
    endloop
  endfacet
  facet normal -2.091156e-18 -7.933533e-01 6.087614e-01
    outer loop
      vertex -2.385903e+01 -1.982596e+01 1.905004e+01
      vertex -2.704987e+01 -2.007824e+01 1.872126e+01
      vertex -2.385903e+01 -2.007824e+01 1.872126e+01
    endloop
  endfacet
  facet normal -2.091156e-18 -7.933533e-01 6.087614e-01
    outer loop
      vertex -2.704987e+01 -2.007824e+01 1.872126e+01
      vertex -2.385903e+01 -1.982596e+01 1.905004e+01
      vertex -2.704987e+01 -1.982596e+01 1.905004e+01
    endloop
  endfacet
  facet normal 2.725247e-18 -6.087614e-01 7.933533e-01
    outer loop
      vertex -2.385903e+01 -2.040702e+01 1.846897e+01
      vertex -2.704987e+01 -2.007824e+01 1.872126e+01
      vertex -2.704987e+01 -2.040702e+01 1.846897e+01
    endloop
  endfacet
  facet normal 2.725247e-18 -6.087614e-01 7.933533e-01
    outer loop
      vertex -2.704987e+01 -2.007824e+01 1.872126e+01
      vertex -2.385903e+01 -2.040702e+01 1.846897e+01
      vertex -2.385903e+01 -2.007824e+01 1.872126e+01
    endloop
  endfacet
  facet normal -2.988953e-31 -3.826834e-01 9.238795e-01
    outer loop
      vertex -2.385903e+01 -2.078990e+01 1.831038e+01
      vertex -2.704987e+01 -2.040702e+01 1.846897e+01
      vertex -2.704987e+01 -2.078990e+01 1.831038e+01
    endloop
  endfacet
  facet normal -2.988953e-31 -3.826834e-01 9.238795e-01
    outer loop
      vertex -2.704987e+01 -2.040702e+01 1.846897e+01
      vertex -2.385903e+01 -2.078990e+01 1.831038e+01
      vertex -2.385903e+01 -2.040702e+01 1.846897e+01
    endloop
  endfacet
  facet normal -8.514279e-19 -1.305262e-01 9.914448e-01
    outer loop
      vertex -2.385903e+01 -2.120077e+01 1.825629e+01
      vertex -2.704987e+01 -2.078990e+01 1.831038e+01
      vertex -2.704987e+01 -2.120077e+01 1.825629e+01
    endloop
  endfacet
  facet normal -8.514279e-19 -1.305262e-01 9.914448e-01
    outer loop
      vertex -2.704987e+01 -2.078990e+01 1.831038e+01
      vertex -2.385903e+01 -2.120077e+01 1.825629e+01
      vertex -2.385903e+01 -2.078990e+01 1.831038e+01
    endloop
  endfacet
  facet normal 8.514279e-19 1.305262e-01 9.914448e-01
    outer loop
      vertex -2.385903e+01 -2.161165e+01 1.831038e+01
      vertex -2.704987e+01 -2.120077e+01 1.825629e+01
      vertex -2.704987e+01 -2.161165e+01 1.831038e+01
    endloop
  endfacet
  facet normal 8.514279e-19 1.305262e-01 9.914448e-01
    outer loop
      vertex -2.704987e+01 -2.120077e+01 1.825629e+01
      vertex -2.385903e+01 -2.161165e+01 1.831038e+01
      vertex -2.385903e+01 -2.120077e+01 1.825629e+01
    endloop
  endfacet
  facet normal 1.586809e-18 3.826834e-01 9.238795e-01
    outer loop
      vertex -2.385903e+01 -2.199452e+01 1.846897e+01
      vertex -2.704987e+01 -2.161165e+01 1.831038e+01
      vertex -2.704987e+01 -2.199452e+01 1.846897e+01
    endloop
  endfacet
  facet normal 1.586809e-18 3.826834e-01 9.238795e-01
    outer loop
      vertex -2.704987e+01 -2.161165e+01 1.831038e+01
      vertex -2.385903e+01 -2.199452e+01 1.846897e+01
      vertex -2.385903e+01 -2.161165e+01 1.831038e+01
    endloop
  endfacet
  facet normal 2.725247e-18 6.087614e-01 7.933533e-01
    outer loop
      vertex -2.385903e+01 -2.232331e+01 1.872126e+01
      vertex -2.704987e+01 -2.199452e+01 1.846897e+01
      vertex -2.704987e+01 -2.232331e+01 1.872126e+01
    endloop
  endfacet
  facet normal 2.725247e-18 6.087614e-01 7.933533e-01
    outer loop
      vertex -2.704987e+01 -2.199452e+01 1.846897e+01
      vertex -2.385903e+01 -2.232331e+01 1.872126e+01
      vertex -2.385903e+01 -2.199452e+01 1.846897e+01
    endloop
  endfacet
  facet normal 2.091156e-18 7.933533e-01 6.087614e-01
    outer loop
      vertex -2.704987e+01 -2.257559e+01 1.905004e+01
      vertex -2.385903e+01 -2.232331e+01 1.872126e+01
      vertex -2.704987e+01 -2.232331e+01 1.872126e+01
    endloop
  endfacet
  facet normal 2.091156e-18 7.933533e-01 6.087614e-01
    outer loop
      vertex -2.385903e+01 -2.232331e+01 1.872126e+01
      vertex -2.704987e+01 -2.257559e+01 1.905004e+01
      vertex -2.385903e+01 -2.257559e+01 1.905004e+01
    endloop
  endfacet
  facet normal 0.000000e+00 9.238795e-01 3.826834e-01
    outer loop
      vertex -2.704987e+01 -2.273418e+01 1.943291e+01
      vertex -2.385903e+01 -2.257559e+01 1.905004e+01
      vertex -2.704987e+01 -2.257559e+01 1.905004e+01
    endloop
  endfacet
  facet normal 0.000000e+00 9.238795e-01 3.826834e-01
    outer loop
      vertex -2.385903e+01 -2.257559e+01 1.905004e+01
      vertex -2.704987e+01 -2.273418e+01 1.943291e+01
      vertex -2.385903e+01 -2.273418e+01 1.943291e+01
    endloop
  endfacet
  facet normal 8.514279e-19 9.914448e-01 1.305262e-01
    outer loop
      vertex -2.704987e+01 -2.278827e+01 1.984379e+01
      vertex -2.385903e+01 -2.273418e+01 1.943291e+01
      vertex -2.704987e+01 -2.273418e+01 1.943291e+01
    endloop
  endfacet
  facet normal 8.514279e-19 9.914448e-01 1.305262e-01
    outer loop
      vertex -2.385903e+01 -2.273418e+01 1.943291e+01
      vertex -2.704987e+01 -2.278827e+01 1.984379e+01
      vertex -2.385903e+01 -2.278827e+01 1.984379e+01
    endloop
  endfacet
  facet normal 8.967408e-19 9.914448e-01 -1.305262e-01
    outer loop
      vertex -2.704987e+01 -2.273418e+01 2.025466e+01
      vertex -2.385903e+01 -2.278827e+01 1.984379e+01
      vertex -2.704987e+01 -2.278827e+01 1.984379e+01
    endloop
  endfacet
  facet normal 8.967408e-19 9.914448e-01 -1.305262e-01
    outer loop
      vertex -2.385903e+01 -2.278827e+01 1.984379e+01
      vertex -2.704987e+01 -2.273418e+01 2.025466e+01
      vertex -2.385903e+01 -2.273418e+01 2.025466e+01
    endloop
  endfacet
  facet normal 1.586809e-18 9.238795e-01 -3.826834e-01
    outer loop
      vertex -2.704987e+01 -2.257559e+01 2.063754e+01
      vertex -2.385903e+01 -2.273418e+01 2.025466e+01
      vertex -2.704987e+01 -2.273418e+01 2.025466e+01
    endloop
  endfacet
  facet normal 1.586809e-18 9.238795e-01 -3.826834e-01
    outer loop
      vertex -2.385903e+01 -2.273418e+01 2.025466e+01
      vertex -2.704987e+01 -2.257559e+01 2.063754e+01
      vertex -2.385903e+01 -2.257559e+01 2.063754e+01
    endloop
  endfacet
  facet normal 2.091156e-18 7.933533e-01 -6.087614e-01
    outer loop
      vertex -2.704987e+01 -2.232331e+01 2.096632e+01
      vertex -2.385903e+01 -2.257559e+01 2.063754e+01
      vertex -2.704987e+01 -2.257559e+01 2.063754e+01
    endloop
  endfacet
  facet normal 2.091156e-18 7.933533e-01 -6.087614e-01
    outer loop
      vertex -2.385903e+01 -2.257559e+01 2.063754e+01
      vertex -2.704987e+01 -2.232331e+01 2.096632e+01
      vertex -2.385903e+01 -2.232331e+01 2.096632e+01
    endloop
  endfacet
  facet normal -1.188684e-31 6.087614e-01 -7.933533e-01
    outer loop
      vertex -2.385903e+01 -2.199452e+01 2.121860e+01
      vertex -2.704987e+01 -2.232331e+01 2.096632e+01
      vertex -2.704987e+01 -2.199452e+01 2.121860e+01
    endloop
  endfacet
  facet normal -1.188684e-31 6.087614e-01 -7.933533e-01
    outer loop
      vertex -2.704987e+01 -2.232331e+01 2.096632e+01
      vertex -2.385903e+01 -2.199452e+01 2.121860e+01
      vertex -2.385903e+01 -2.232331e+01 2.096632e+01
    endloop
  endfacet
  facet normal -1.586809e-18 3.826834e-01 -9.238795e-01
    outer loop
      vertex -2.385903e+01 -2.161165e+01 2.137720e+01
      vertex -2.704987e+01 -2.199452e+01 2.121860e+01
      vertex -2.704987e+01 -2.161165e+01 2.137720e+01
    endloop
  endfacet
  facet normal -1.586809e-18 3.826834e-01 -9.238795e-01
    outer loop
      vertex -2.704987e+01 -2.199452e+01 2.121860e+01
      vertex -2.385903e+01 -2.161165e+01 2.137720e+01
      vertex -2.385903e+01 -2.199452e+01 2.121860e+01
    endloop
  endfacet
  facet normal -8.514279e-19 1.305262e-01 -9.914448e-01
    outer loop
      vertex -2.385903e+01 -2.120077e+01 2.143129e+01
      vertex -2.704987e+01 -2.161165e+01 2.137720e+01
      vertex -2.704987e+01 -2.120077e+01 2.143129e+01
    endloop
  endfacet
  facet normal -8.514279e-19 1.305262e-01 -9.914448e-01
    outer loop
      vertex -2.704987e+01 -2.161165e+01 2.137720e+01
      vertex -2.385903e+01 -2.120077e+01 2.143129e+01
      vertex -2.385903e+01 -2.161165e+01 2.137720e+01
    endloop
  endfacet
  facet normal 4.531297e-20 -1.305262e-01 -9.914448e-01
    outer loop
      vertex -2.385903e+01 -2.078990e+01 2.137720e+01
      vertex -2.704987e+01 -2.120077e+01 2.143129e+01
      vertex -2.704987e+01 -2.078990e+01 2.137720e+01
    endloop
  endfacet
  facet normal 4.531297e-20 -1.305262e-01 -9.914448e-01
    outer loop
      vertex -2.704987e+01 -2.120077e+01 2.143129e+01
      vertex -2.385903e+01 -2.078990e+01 2.137720e+01
      vertex -2.385903e+01 -2.120077e+01 2.143129e+01
    endloop
  endfacet
  facet normal 4.722745e-09 2.157483e-01 9.764490e-01
    outer loop
      vertex -2.385882e+01 -2.174267e+01 7.239143e+00
      vertex -2.704987e+01 -2.133801e+01 7.149732e+00
      vertex -2.704987e+01 -2.174267e+01 7.239143e+00
    endloop
  endfacet
  facet normal 4.722745e-09 2.157483e-01 9.764490e-01
    outer loop
      vertex -2.704987e+01 -2.133801e+01 7.149732e+00
      vertex -2.385882e+01 -2.174267e+01 7.239143e+00
      vertex -2.385882e+01 -2.133801e+01 7.149732e+00
    endloop
  endfacet
  facet normal 1.001417e-09 4.611205e-01 8.873376e-01
    outer loop
      vertex -2.385882e+01 -2.211041e+01 7.430240e+00
      vertex -2.704987e+01 -2.174267e+01 7.239143e+00
      vertex -2.704987e+01 -2.211041e+01 7.430240e+00
    endloop
  endfacet
  facet normal 1.001417e-09 4.611205e-01 8.873376e-01
    outer loop
      vertex -2.704987e+01 -2.174267e+01 7.239143e+00
      vertex -2.385882e+01 -2.211041e+01 7.430240e+00
      vertex -2.385882e+01 -2.174267e+01 7.239143e+00
    endloop
  endfacet
  facet normal -2.788157e-09 6.750680e-01 7.377555e-01
    outer loop
      vertex -2.385882e+01 -2.241615e+01 7.710002e+00
      vertex -2.704987e+01 -2.211041e+01 7.430240e+00
      vertex -2.704987e+01 -2.241615e+01 7.710002e+00
    endloop
  endfacet
  facet normal -2.788157e-09 6.750680e-01 7.377555e-01
    outer loop
      vertex -2.704987e+01 -2.211041e+01 7.430240e+00
      vertex -2.385882e+01 -2.241615e+01 7.710002e+00
      vertex -2.385882e+01 -2.211041e+01 7.430240e+00
    endloop
  endfacet
  facet normal -6.387723e-09 8.430109e-01 5.378966e-01
    outer loop
      vertex -2.704987e+01 -2.241615e+01 7.710002e+00
      vertex -2.385882e+01 -2.263906e+01 8.059363e+00
      vertex -2.385882e+01 -2.241615e+01 7.710002e+00
    endloop
  endfacet
  facet normal -6.387723e-09 8.430109e-01 5.378966e-01
    outer loop
      vertex -2.385882e+01 -2.263906e+01 8.059363e+00
      vertex -2.704987e+01 -2.241615e+01 7.710002e+00
      vertex -2.704987e+01 -2.263906e+01 8.059363e+00
    endloop
  endfacet
  facet normal -9.551975e-09 9.535038e-01 3.013810e-01
    outer loop
      vertex -2.704987e+01 -2.263906e+01 8.059363e+00
      vertex -2.385882e+01 -2.276396e+01 8.454515e+00
      vertex -2.385882e+01 -2.263906e+01 8.059363e+00
    endloop
  endfacet
  facet normal -9.551975e-09 9.535038e-01 3.013810e-01
    outer loop
      vertex -2.385882e+01 -2.276396e+01 8.454515e+00
      vertex -2.704987e+01 -2.263906e+01 8.059363e+00
      vertex -2.704987e+01 -2.276396e+01 8.454515e+00
    endloop
  endfacet
  facet normal -1.206528e-08 9.990171e-01 4.432671e-02
    outer loop
      vertex -2.704987e+01 -2.276396e+01 8.454515e+00
      vertex -2.385882e+01 -2.278233e+01 8.868528e+00
      vertex -2.385882e+01 -2.276396e+01 8.454515e+00
    endloop
  endfacet
  facet normal -1.206528e-08 9.990171e-01 4.432671e-02
    outer loop
      vertex -2.385882e+01 -2.278233e+01 8.868528e+00
      vertex -2.704987e+01 -2.276396e+01 8.454515e+00
      vertex -2.704987e+01 -2.278233e+01 8.868528e+00
    endloop
  endfacet
  facet normal -1.375635e-08 9.764490e-01 -2.157483e-01
    outer loop
      vertex -2.704987e+01 -2.278233e+01 8.868528e+00
      vertex -2.385882e+01 -2.269292e+01 9.273189e+00
      vertex -2.385882e+01 -2.278233e+01 8.868528e+00
    endloop
  endfacet
  facet normal -1.375635e-08 9.764490e-01 -2.157483e-01
    outer loop
      vertex -2.385882e+01 -2.269292e+01 9.273189e+00
      vertex -2.704987e+01 -2.278233e+01 8.868528e+00
      vertex -2.704987e+01 -2.269292e+01 9.273189e+00
    endloop
  endfacet
  facet normal -1.450995e-08 8.873376e-01 -4.611205e-01
    outer loop
      vertex -2.704987e+01 -2.269292e+01 9.273189e+00
      vertex -2.385882e+01 -2.250182e+01 9.640920e+00
      vertex -2.385882e+01 -2.269292e+01 9.273189e+00
    endloop
  endfacet
  facet normal -1.450995e-08 8.873376e-01 -4.611205e-01
    outer loop
      vertex -2.385882e+01 -2.250182e+01 9.640920e+00
      vertex -2.704987e+01 -2.269292e+01 9.273189e+00
      vertex -2.704987e+01 -2.250182e+01 9.640920e+00
    endloop
  endfacet
  facet normal -1.427472e-08 7.377555e-01 -6.750680e-01
    outer loop
      vertex -2.704987e+01 -2.250182e+01 9.640920e+00
      vertex -2.385882e+01 -2.222206e+01 9.946661e+00
      vertex -2.385882e+01 -2.250182e+01 9.640920e+00
    endloop
  endfacet
  facet normal -1.427472e-08 7.377555e-01 -6.750680e-01
    outer loop
      vertex -2.385882e+01 -2.222206e+01 9.946661e+00
      vertex -2.704987e+01 -2.250182e+01 9.640920e+00
      vertex -2.704987e+01 -2.222206e+01 9.946661e+00
    endloop
  endfacet
  facet normal -1.306669e-08 5.378966e-01 -8.430109e-01
    outer loop
      vertex -2.385882e+01 -2.187270e+01 1.016958e+01
      vertex -2.704987e+01 -2.222206e+01 9.946661e+00
      vertex -2.704987e+01 -2.187270e+01 1.016958e+01
    endloop
  endfacet
  facet normal -1.306669e-08 5.378966e-01 -8.430109e-01
    outer loop
      vertex -2.704987e+01 -2.222206e+01 9.946661e+00
      vertex -2.385882e+01 -2.187270e+01 1.016958e+01
      vertex -2.385882e+01 -2.222206e+01 9.946661e+00
    endloop
  endfacet
  facet normal -1.096819e-08 3.013810e-01 -9.535038e-01
    outer loop
      vertex -2.385882e+01 -2.147755e+01 1.029447e+01
      vertex -2.704987e+01 -2.187270e+01 1.016958e+01
      vertex -2.704987e+01 -2.147755e+01 1.029447e+01
    endloop
  endfacet
  facet normal -1.096819e-08 3.013810e-01 -9.535038e-01
    outer loop
      vertex -2.704987e+01 -2.187270e+01 1.016958e+01
      vertex -2.385882e+01 -2.147755e+01 1.029447e+01
      vertex -2.385882e+01 -2.187270e+01 1.016958e+01
    endloop
  endfacet
  facet normal -8.122228e-09 4.432671e-02 -9.990171e-01
    outer loop
      vertex -2.385882e+01 -2.106353e+01 1.031285e+01
      vertex -2.704987e+01 -2.147755e+01 1.029447e+01
      vertex -2.704987e+01 -2.106353e+01 1.031285e+01
    endloop
  endfacet
  facet normal -8.122228e-09 4.432671e-02 -9.990171e-01
    outer loop
      vertex -2.704987e+01 -2.147755e+01 1.029447e+01
      vertex -2.385882e+01 -2.106353e+01 1.031285e+01
      vertex -2.385882e+01 -2.147755e+01 1.029447e+01
    endloop
  endfacet
  facet normal -4.722746e-09 -2.157483e-01 -9.764490e-01
    outer loop
      vertex -2.385882e+01 -2.065887e+01 1.022343e+01
      vertex -2.704987e+01 -2.106353e+01 1.031285e+01
      vertex -2.704987e+01 -2.065887e+01 1.022343e+01
    endloop
  endfacet
  facet normal -4.722746e-09 -2.157483e-01 -9.764490e-01
    outer loop
      vertex -2.704987e+01 -2.106353e+01 1.031285e+01
      vertex -2.385882e+01 -2.065887e+01 1.022343e+01
      vertex -2.385882e+01 -2.106353e+01 1.031285e+01
    endloop
  endfacet
  facet normal -1.001417e-09 -4.611205e-01 -8.873376e-01
    outer loop
      vertex -2.385882e+01 -2.029114e+01 1.003234e+01
      vertex -2.704987e+01 -2.065887e+01 1.022343e+01
      vertex -2.704987e+01 -2.029114e+01 1.003234e+01
    endloop
  endfacet
  facet normal -1.001417e-09 -4.611205e-01 -8.873376e-01
    outer loop
      vertex -2.704987e+01 -2.065887e+01 1.022343e+01
      vertex -2.385882e+01 -2.029114e+01 1.003234e+01
      vertex -2.385882e+01 -2.065887e+01 1.022343e+01
    endloop
  endfacet
  facet normal 2.788157e-09 -6.750680e-01 -7.377555e-01
    outer loop
      vertex -2.385882e+01 -1.998540e+01 9.752575e+00
      vertex -2.704987e+01 -2.029114e+01 1.003234e+01
      vertex -2.704987e+01 -1.998540e+01 9.752575e+00
    endloop
  endfacet
  facet normal 2.788157e-09 -6.750680e-01 -7.377555e-01
    outer loop
      vertex -2.704987e+01 -2.029114e+01 1.003234e+01
      vertex -2.385882e+01 -1.998540e+01 9.752575e+00
      vertex -2.385882e+01 -2.029114e+01 1.003234e+01
    endloop
  endfacet
  facet normal 6.387723e-09 -8.430109e-01 -5.378966e-01
    outer loop
      vertex -2.385882e+01 -1.998540e+01 9.752575e+00
      vertex -2.704987e+01 -1.976249e+01 9.403213e+00
      vertex -2.385882e+01 -1.976249e+01 9.403213e+00
    endloop
  endfacet
  facet normal 6.387723e-09 -8.430109e-01 -5.378966e-01
    outer loop
      vertex -2.704987e+01 -1.976249e+01 9.403213e+00
      vertex -2.385882e+01 -1.998540e+01 9.752575e+00
      vertex -2.704987e+01 -1.998540e+01 9.752575e+00
    endloop
  endfacet
  facet normal 9.551975e-09 -9.535038e-01 -3.013810e-01
    outer loop
      vertex -2.385882e+01 -1.976249e+01 9.403213e+00
      vertex -2.704987e+01 -1.963759e+01 9.008062e+00
      vertex -2.385882e+01 -1.963759e+01 9.008062e+00
    endloop
  endfacet
  facet normal 9.551975e-09 -9.535038e-01 -3.013810e-01
    outer loop
      vertex -2.704987e+01 -1.963759e+01 9.008062e+00
      vertex -2.385882e+01 -1.976249e+01 9.403213e+00
      vertex -2.704987e+01 -1.976249e+01 9.403213e+00
    endloop
  endfacet
  facet normal 1.206528e-08 -9.990171e-01 -4.432671e-02
    outer loop
      vertex -2.385882e+01 -1.963759e+01 9.008062e+00
      vertex -2.704987e+01 -1.961922e+01 8.594049e+00
      vertex -2.385882e+01 -1.961922e+01 8.594049e+00
    endloop
  endfacet
  facet normal 1.206528e-08 -9.990171e-01 -4.432671e-02
    outer loop
      vertex -2.704987e+01 -1.961922e+01 8.594049e+00
      vertex -2.385882e+01 -1.963759e+01 9.008062e+00
      vertex -2.704987e+01 -1.963759e+01 9.008062e+00
    endloop
  endfacet
  facet normal 1.375635e-08 -9.764490e-01 2.157483e-01
    outer loop
      vertex -2.385882e+01 -1.961922e+01 8.594049e+00
      vertex -2.704987e+01 -1.970863e+01 8.189387e+00
      vertex -2.385882e+01 -1.970863e+01 8.189387e+00
    endloop
  endfacet
  facet normal 1.375635e-08 -9.764490e-01 2.157483e-01
    outer loop
      vertex -2.704987e+01 -1.970863e+01 8.189387e+00
      vertex -2.385882e+01 -1.961922e+01 8.594049e+00
      vertex -2.704987e+01 -1.961922e+01 8.594049e+00
    endloop
  endfacet
  facet normal 2.228135e-03 -8.919175e-01 4.521926e-01
    outer loop
      vertex -2.385911e+01 -1.983477e+01 7.898009e+00
      vertex -2.704987e+01 -1.989973e+01 7.821657e+00
      vertex -2.385882e+01 -1.989973e+01 7.821657e+00
    endloop
  endfacet
  facet normal 2.228135e-03 -8.919175e-01 4.521926e-01
    outer loop
      vertex -2.704987e+01 -1.989973e+01 7.821657e+00
      vertex -2.385911e+01 -1.983477e+01 7.898009e+00
      vertex -2.704987e+01 -1.970863e+01 8.189387e+00
    endloop
  endfacet
  facet normal 2.228135e-03 -8.919175e-01 4.521926e-01
    outer loop
      vertex -2.704987e+01 -1.970863e+01 8.189387e+00
      vertex -2.385911e+01 -1.983477e+01 7.898009e+00
      vertex -2.385882e+01 -1.970863e+01 8.189387e+00
    endloop
  endfacet
  facet normal 1.427472e-08 -7.377555e-01 6.750680e-01
    outer loop
      vertex -2.385882e+01 -1.989973e+01 7.821657e+00
      vertex -2.704987e+01 -2.017949e+01 7.515915e+00
      vertex -2.385882e+01 -2.017949e+01 7.515915e+00
    endloop
  endfacet
  facet normal 1.427472e-08 -7.377555e-01 6.750680e-01
    outer loop
      vertex -2.704987e+01 -2.017949e+01 7.515915e+00
      vertex -2.385882e+01 -1.989973e+01 7.821657e+00
      vertex -2.704987e+01 -1.989973e+01 7.821657e+00
    endloop
  endfacet
  facet normal 1.306669e-08 -5.378966e-01 8.430109e-01
    outer loop
      vertex -2.385882e+01 -2.052885e+01 7.293000e+00
      vertex -2.704987e+01 -2.017949e+01 7.515915e+00
      vertex -2.704987e+01 -2.052885e+01 7.293000e+00
    endloop
  endfacet
  facet normal 1.306669e-08 -5.378966e-01 8.430109e-01
    outer loop
      vertex -2.704987e+01 -2.017949e+01 7.515915e+00
      vertex -2.385882e+01 -2.052885e+01 7.293000e+00
      vertex -2.385882e+01 -2.017949e+01 7.515915e+00
    endloop
  endfacet
  facet normal 1.096819e-08 -3.013810e-01 9.535038e-01
    outer loop
      vertex -2.385882e+01 -2.092400e+01 7.168102e+00
      vertex -2.704987e+01 -2.052885e+01 7.293000e+00
      vertex -2.704987e+01 -2.092400e+01 7.168102e+00
    endloop
  endfacet
  facet normal 1.096819e-08 -3.013810e-01 9.535038e-01
    outer loop
      vertex -2.704987e+01 -2.052885e+01 7.293000e+00
      vertex -2.385882e+01 -2.092400e+01 7.168102e+00
      vertex -2.385882e+01 -2.052885e+01 7.293000e+00
    endloop
  endfacet
  facet normal 8.122228e-09 -4.432671e-02 9.990171e-01
    outer loop
      vertex -2.385882e+01 -2.133801e+01 7.149732e+00
      vertex -2.704987e+01 -2.092400e+01 7.168102e+00
      vertex -2.704987e+01 -2.133801e+01 7.149732e+00
    endloop
  endfacet
  facet normal 8.122228e-09 -4.432671e-02 9.990171e-01
    outer loop
      vertex -2.704987e+01 -2.092400e+01 7.168102e+00
      vertex -2.385882e+01 -2.133801e+01 7.149732e+00
      vertex -2.385882e+01 -2.092400e+01 7.168102e+00
    endloop
  endfacet
  facet normal 0.000000e+00 -1.305262e-01 9.914448e-01
    outer loop
      vertex 2.692513e+01 -2.120077e+01 1.827372e+01
      vertex 2.375013e+01 -2.078990e+01 1.832781e+01
      vertex 2.375013e+01 -2.120077e+01 1.827372e+01
    endloop
  endfacet
  facet normal 0.000000e+00 -1.305262e-01 9.914448e-01
    outer loop
      vertex 2.375013e+01 -2.078990e+01 1.832781e+01
      vertex 2.692513e+01 -2.120077e+01 1.827372e+01
      vertex 2.692513e+01 -2.078990e+01 1.832781e+01
    endloop
  endfacet
  facet normal 0.000000e+00 -3.826834e-01 9.238795e-01
    outer loop
      vertex 2.692513e+01 -2.078990e+01 1.832781e+01
      vertex 2.375013e+01 -2.040702e+01 1.848640e+01
      vertex 2.375013e+01 -2.078990e+01 1.832781e+01
    endloop
  endfacet
  facet normal 0.000000e+00 -3.826834e-01 9.238795e-01
    outer loop
      vertex 2.375013e+01 -2.040702e+01 1.848640e+01
      vertex 2.692513e+01 -2.078990e+01 1.832781e+01
      vertex 2.692513e+01 -2.040702e+01 1.848640e+01
    endloop
  endfacet
  facet normal 0.000000e+00 -6.087614e-01 7.933533e-01
    outer loop
      vertex 2.692513e+01 -2.040702e+01 1.848640e+01
      vertex 2.375013e+01 -2.007824e+01 1.873869e+01
      vertex 2.375013e+01 -2.040702e+01 1.848640e+01
    endloop
  endfacet
  facet normal 0.000000e+00 -6.087614e-01 7.933533e-01
    outer loop
      vertex 2.375013e+01 -2.007824e+01 1.873869e+01
      vertex 2.692513e+01 -2.040702e+01 1.848640e+01
      vertex 2.692513e+01 -2.007824e+01 1.873869e+01
    endloop
  endfacet
  facet normal 0.000000e+00 -7.933533e-01 6.087614e-01
    outer loop
      vertex 2.692513e+01 -1.982596e+01 1.906747e+01
      vertex 2.375013e+01 -2.007824e+01 1.873869e+01
      vertex 2.692513e+01 -2.007824e+01 1.873869e+01
    endloop
  endfacet
  facet normal 0.000000e+00 -7.933533e-01 6.087614e-01
    outer loop
      vertex 2.375013e+01 -2.007824e+01 1.873869e+01
      vertex 2.692513e+01 -1.982596e+01 1.906747e+01
      vertex 2.375013e+01 -1.982596e+01 1.906747e+01
    endloop
  endfacet
  facet normal 0.000000e+00 -9.238795e-01 3.826834e-01
    outer loop
      vertex 2.692513e+01 -1.966736e+01 1.945034e+01
      vertex 2.375013e+01 -1.982596e+01 1.906747e+01
      vertex 2.692513e+01 -1.982596e+01 1.906747e+01
    endloop
  endfacet
  facet normal 0.000000e+00 -9.238795e-01 3.826834e-01
    outer loop
      vertex 2.375013e+01 -1.982596e+01 1.906747e+01
      vertex 2.692513e+01 -1.966736e+01 1.945034e+01
      vertex 2.375013e+01 -1.966736e+01 1.945034e+01
    endloop
  endfacet
  facet normal 0.000000e+00 -9.914448e-01 1.305262e-01
    outer loop
      vertex 2.692513e+01 -1.961327e+01 1.986122e+01
      vertex 2.375013e+01 -1.966736e+01 1.945034e+01
      vertex 2.692513e+01 -1.966736e+01 1.945034e+01
    endloop
  endfacet
  facet normal 0.000000e+00 -9.914448e-01 1.305262e-01
    outer loop
      vertex 2.375013e+01 -1.966736e+01 1.945034e+01
      vertex 2.692513e+01 -1.961327e+01 1.986122e+01
      vertex 2.375013e+01 -1.961327e+01 1.986122e+01
    endloop
  endfacet
  facet normal 0.000000e+00 -9.914448e-01 -1.305262e-01
    outer loop
      vertex 2.692513e+01 -1.966736e+01 2.027209e+01
      vertex 2.375013e+01 -1.961327e+01 1.986122e+01
      vertex 2.692513e+01 -1.961327e+01 1.986122e+01
    endloop
  endfacet
  facet normal 0.000000e+00 -9.914448e-01 -1.305262e-01
    outer loop
      vertex 2.375013e+01 -1.961327e+01 1.986122e+01
      vertex 2.692513e+01 -1.966736e+01 2.027209e+01
      vertex 2.375013e+01 -1.966736e+01 2.027209e+01
    endloop
  endfacet
  facet normal 0.000000e+00 -9.238795e-01 -3.826834e-01
    outer loop
      vertex 2.692513e+01 -1.982596e+01 2.065497e+01
      vertex 2.375013e+01 -1.966736e+01 2.027209e+01
      vertex 2.692513e+01 -1.966736e+01 2.027209e+01
    endloop
  endfacet
  facet normal 0.000000e+00 -9.238795e-01 -3.826834e-01
    outer loop
      vertex 2.375013e+01 -1.966736e+01 2.027209e+01
      vertex 2.692513e+01 -1.982596e+01 2.065497e+01
      vertex 2.375013e+01 -1.982596e+01 2.065497e+01
    endloop
  endfacet
  facet normal 0.000000e+00 -7.933533e-01 -6.087614e-01
    outer loop
      vertex 2.692513e+01 -2.007824e+01 2.098375e+01
      vertex 2.375013e+01 -1.982596e+01 2.065497e+01
      vertex 2.692513e+01 -1.982596e+01 2.065497e+01
    endloop
  endfacet
  facet normal 0.000000e+00 -7.933533e-01 -6.087614e-01
    outer loop
      vertex 2.375013e+01 -1.982596e+01 2.065497e+01
      vertex 2.692513e+01 -2.007824e+01 2.098375e+01
      vertex 2.375013e+01 -2.007824e+01 2.098375e+01
    endloop
  endfacet
  facet normal 0.000000e+00 -6.087614e-01 -7.933533e-01
    outer loop
      vertex 2.692513e+01 -2.007824e+01 2.098375e+01
      vertex 2.375013e+01 -2.040702e+01 2.123603e+01
      vertex 2.375013e+01 -2.007824e+01 2.098375e+01
    endloop
  endfacet
  facet normal 0.000000e+00 -6.087614e-01 -7.933533e-01
    outer loop
      vertex 2.375013e+01 -2.040702e+01 2.123603e+01
      vertex 2.692513e+01 -2.007824e+01 2.098375e+01
      vertex 2.692513e+01 -2.040702e+01 2.123603e+01
    endloop
  endfacet
  facet normal 0.000000e+00 -3.826834e-01 -9.238795e-01
    outer loop
      vertex 2.692513e+01 -2.040702e+01 2.123603e+01
      vertex 2.375013e+01 -2.078990e+01 2.139462e+01
      vertex 2.375013e+01 -2.040702e+01 2.123603e+01
    endloop
  endfacet
  facet normal 0.000000e+00 -3.826834e-01 -9.238795e-01
    outer loop
      vertex 2.375013e+01 -2.078990e+01 2.139462e+01
      vertex 2.692513e+01 -2.040702e+01 2.123603e+01
      vertex 2.692513e+01 -2.078990e+01 2.139462e+01
    endloop
  endfacet
  facet normal 0.000000e+00 -1.305262e-01 -9.914448e-01
    outer loop
      vertex 2.692513e+01 -2.078990e+01 2.139462e+01
      vertex 2.375013e+01 -2.120077e+01 2.144872e+01
      vertex 2.375013e+01 -2.078990e+01 2.139462e+01
    endloop
  endfacet
  facet normal 0.000000e+00 -1.305262e-01 -9.914448e-01
    outer loop
      vertex 2.375013e+01 -2.120077e+01 2.144872e+01
      vertex 2.692513e+01 -2.078990e+01 2.139462e+01
      vertex 2.692513e+01 -2.120077e+01 2.144872e+01
    endloop
  endfacet
  facet normal 0.000000e+00 1.305262e-01 -9.914448e-01
    outer loop
      vertex 2.692513e+01 -2.120077e+01 2.144872e+01
      vertex 2.375013e+01 -2.161165e+01 2.139462e+01
      vertex 2.375013e+01 -2.120077e+01 2.144872e+01
    endloop
  endfacet
  facet normal 0.000000e+00 1.305262e-01 -9.914448e-01
    outer loop
      vertex 2.375013e+01 -2.161165e+01 2.139462e+01
      vertex 2.692513e+01 -2.120077e+01 2.144872e+01
      vertex 2.692513e+01 -2.161165e+01 2.139462e+01
    endloop
  endfacet
  facet normal 0.000000e+00 3.826834e-01 -9.238795e-01
    outer loop
      vertex 2.692513e+01 -2.161165e+01 2.139462e+01
      vertex 2.375013e+01 -2.199452e+01 2.123603e+01
      vertex 2.375013e+01 -2.161165e+01 2.139462e+01
    endloop
  endfacet
  facet normal 0.000000e+00 3.826834e-01 -9.238795e-01
    outer loop
      vertex 2.375013e+01 -2.199452e+01 2.123603e+01
      vertex 2.692513e+01 -2.161165e+01 2.139462e+01
      vertex 2.692513e+01 -2.199452e+01 2.123603e+01
    endloop
  endfacet
  facet normal 0.000000e+00 6.087614e-01 -7.933533e-01
    outer loop
      vertex 2.692513e+01 -2.199452e+01 2.123603e+01
      vertex 2.375013e+01 -2.232330e+01 2.098375e+01
      vertex 2.375013e+01 -2.199452e+01 2.123603e+01
    endloop
  endfacet
  facet normal 0.000000e+00 6.087614e-01 -7.933533e-01
    outer loop
      vertex 2.375013e+01 -2.232330e+01 2.098375e+01
      vertex 2.692513e+01 -2.199452e+01 2.123603e+01
      vertex 2.692513e+01 -2.232330e+01 2.098375e+01
    endloop
  endfacet
  facet normal 0.000000e+00 7.933533e-01 -6.087614e-01
    outer loop
      vertex 2.375013e+01 -2.232330e+01 2.098375e+01
      vertex 2.692513e+01 -2.257559e+01 2.065497e+01
      vertex 2.375013e+01 -2.257559e+01 2.065497e+01
    endloop
  endfacet
  facet normal 0.000000e+00 7.933533e-01 -6.087614e-01
    outer loop
      vertex 2.692513e+01 -2.257559e+01 2.065497e+01
      vertex 2.375013e+01 -2.232330e+01 2.098375e+01
      vertex 2.692513e+01 -2.232330e+01 2.098375e+01
    endloop
  endfacet
  facet normal 0.000000e+00 9.238795e-01 -3.826834e-01
    outer loop
      vertex 2.375013e+01 -2.257559e+01 2.065497e+01
      vertex 2.692513e+01 -2.273418e+01 2.027209e+01
      vertex 2.375013e+01 -2.273418e+01 2.027209e+01
    endloop
  endfacet
  facet normal 0.000000e+00 9.238795e-01 -3.826834e-01
    outer loop
      vertex 2.692513e+01 -2.273418e+01 2.027209e+01
      vertex 2.375013e+01 -2.257559e+01 2.065497e+01
      vertex 2.692513e+01 -2.257559e+01 2.065497e+01
    endloop
  endfacet
  facet normal 0.000000e+00 9.914448e-01 -1.305262e-01
    outer loop
      vertex 2.375013e+01 -2.273418e+01 2.027209e+01
      vertex 2.692513e+01 -2.278827e+01 1.986122e+01
      vertex 2.375013e+01 -2.278827e+01 1.986122e+01
    endloop
  endfacet
  facet normal 0.000000e+00 9.914448e-01 -1.305262e-01
    outer loop
      vertex 2.692513e+01 -2.278827e+01 1.986122e+01
      vertex 2.375013e+01 -2.273418e+01 2.027209e+01
      vertex 2.692513e+01 -2.273418e+01 2.027209e+01
    endloop
  endfacet
  facet normal 0.000000e+00 9.914448e-01 1.305262e-01
    outer loop
      vertex 2.375013e+01 -2.278827e+01 1.986122e+01
      vertex 2.692513e+01 -2.273418e+01 1.945034e+01
      vertex 2.375013e+01 -2.273418e+01 1.945034e+01
    endloop
  endfacet
  facet normal 0.000000e+00 9.914448e-01 1.305262e-01
    outer loop
      vertex 2.692513e+01 -2.273418e+01 1.945034e+01
      vertex 2.375013e+01 -2.278827e+01 1.986122e+01
      vertex 2.692513e+01 -2.278827e+01 1.986122e+01
    endloop
  endfacet
  facet normal 0.000000e+00 9.238795e-01 3.826834e-01
    outer loop
      vertex 2.375013e+01 -2.273418e+01 1.945034e+01
      vertex 2.692513e+01 -2.257559e+01 1.906747e+01
      vertex 2.375013e+01 -2.257559e+01 1.906747e+01
    endloop
  endfacet
  facet normal 0.000000e+00 9.238795e-01 3.826834e-01
    outer loop
      vertex 2.692513e+01 -2.257559e+01 1.906747e+01
      vertex 2.375013e+01 -2.273418e+01 1.945034e+01
      vertex 2.692513e+01 -2.273418e+01 1.945034e+01
    endloop
  endfacet
  facet normal 0.000000e+00 7.933533e-01 6.087614e-01
    outer loop
      vertex 2.375013e+01 -2.257559e+01 1.906747e+01
      vertex 2.692513e+01 -2.232330e+01 1.873869e+01
      vertex 2.375013e+01 -2.232330e+01 1.873869e+01
    endloop
  endfacet
  facet normal 0.000000e+00 7.933533e-01 6.087614e-01
    outer loop
      vertex 2.692513e+01 -2.232330e+01 1.873869e+01
      vertex 2.375013e+01 -2.257559e+01 1.906747e+01
      vertex 2.692513e+01 -2.257559e+01 1.906747e+01
    endloop
  endfacet
  facet normal 0.000000e+00 6.087614e-01 7.933533e-01
    outer loop
      vertex 2.692513e+01 -2.232330e+01 1.873869e+01
      vertex 2.375013e+01 -2.199452e+01 1.848640e+01
      vertex 2.375013e+01 -2.232330e+01 1.873869e+01
    endloop
  endfacet
  facet normal 0.000000e+00 6.087614e-01 7.933533e-01
    outer loop
      vertex 2.375013e+01 -2.199452e+01 1.848640e+01
      vertex 2.692513e+01 -2.232330e+01 1.873869e+01
      vertex 2.692513e+01 -2.199452e+01 1.848640e+01
    endloop
  endfacet
  facet normal 0.000000e+00 3.826834e-01 9.238795e-01
    outer loop
      vertex 2.692513e+01 -2.199452e+01 1.848640e+01
      vertex 2.375013e+01 -2.161165e+01 1.832781e+01
      vertex 2.375013e+01 -2.199452e+01 1.848640e+01
    endloop
  endfacet
  facet normal 0.000000e+00 3.826834e-01 9.238795e-01
    outer loop
      vertex 2.375013e+01 -2.161165e+01 1.832781e+01
      vertex 2.692513e+01 -2.199452e+01 1.848640e+01
      vertex 2.692513e+01 -2.161165e+01 1.832781e+01
    endloop
  endfacet
  facet normal 0.000000e+00 1.305262e-01 9.914448e-01
    outer loop
      vertex 2.692513e+01 -2.161165e+01 1.832781e+01
      vertex 2.375013e+01 -2.120077e+01 1.827372e+01
      vertex 2.375013e+01 -2.161165e+01 1.832781e+01
    endloop
  endfacet
  facet normal 0.000000e+00 1.305262e-01 9.914448e-01
    outer loop
      vertex 2.375013e+01 -2.120077e+01 1.827372e+01
      vertex 2.692513e+01 -2.161165e+01 1.832781e+01
      vertex 2.692513e+01 -2.120077e+01 1.827372e+01
    endloop
  endfacet
  facet normal 1.489086e-15 -9.105565e-01 4.133848e-01
    outer loop
      vertex 2.692513e+01 -1.971948e+01 8.177818e+00
      vertex 2.375013e+01 -1.983596e+01 7.921236e+00
      vertex 2.692513e+01 -1.983596e+01 7.921236e+00
    endloop
  endfacet
  facet normal 1.489086e-15 -9.105565e-01 4.133848e-01
    outer loop
      vertex 2.375013e+01 -1.983596e+01 7.921236e+00
      vertex 2.692513e+01 -1.971948e+01 8.177818e+00
      vertex 2.375013e+01 -1.971948e+01 8.177818e+00
    endloop
  endfacet
  facet normal 1.399289e-15 -9.720555e-01 2.347513e-01
    outer loop
      vertex 2.692513e+01 -1.962219e+01 8.580658e+00
      vertex 2.375013e+01 -1.971948e+01 8.177818e+00
      vertex 2.692513e+01 -1.971948e+01 8.177818e+00
    endloop
  endfacet
  facet normal 1.399289e-15 -9.720555e-01 2.347513e-01
    outer loop
      vertex 2.375013e+01 -1.971948e+01 8.177818e+00
      vertex 2.692513e+01 -1.962219e+01 8.580658e+00
      vertex 2.375013e+01 -1.962219e+01 8.580658e+00
    endloop
  endfacet
  facet normal 1.320828e-15 -9.996915e-01 -2.483411e-02
    outer loop
      vertex 2.692513e+01 -1.963248e+01 8.994950e+00
      vertex 2.375013e+01 -1.962219e+01 8.580658e+00
      vertex 2.692513e+01 -1.962219e+01 8.580658e+00
    endloop
  endfacet
  facet normal 1.320828e-15 -9.996915e-01 -2.483411e-02
    outer loop
      vertex 2.375013e+01 -1.962219e+01 8.580658e+00
      vertex 2.692513e+01 -1.963248e+01 8.994950e+00
      vertex 2.375013e+01 -1.963248e+01 8.994950e+00
    endloop
  endfacet
  facet normal 1.152356e-15 -9.592004e-01 -2.827271e-01
    outer loop
      vertex 2.692513e+01 -1.974965e+01 9.392462e+00
      vertex 2.375013e+01 -1.963248e+01 8.994950e+00
      vertex 2.692513e+01 -1.963248e+01 8.994950e+00
    endloop
  endfacet
  facet normal 1.152356e-15 -9.592004e-01 -2.827271e-01
    outer loop
      vertex 2.375013e+01 -1.963248e+01 8.994950e+00
      vertex 2.692513e+01 -1.974965e+01 9.392462e+00
      vertex 2.375013e+01 -1.974965e+01 9.392462e+00
    endloop
  endfacet
  facet normal 9.053518e-16 -8.533412e-01 -5.213528e-01
    outer loop
      vertex 2.692513e+01 -1.996571e+01 9.746105e+00
      vertex 2.375013e+01 -1.974965e+01 9.392462e+00
      vertex 2.692513e+01 -1.974965e+01 9.392462e+00
    endloop
  endfacet
  facet normal 9.053518e-16 -8.533412e-01 -5.213528e-01
    outer loop
      vertex 2.375013e+01 -1.974965e+01 9.392462e+00
      vertex 2.692513e+01 -1.996571e+01 9.746105e+00
      vertex 2.375013e+01 -1.996571e+01 9.746105e+00
    endloop
  endfacet
  facet normal 5.966498e-16 -6.893283e-01 -7.244491e-01
    outer loop
      vertex 2.692513e+01 -1.996571e+01 9.746105e+00
      vertex 2.375013e+01 -2.026594e+01 1.003178e+01
      vertex 2.375013e+01 -1.996571e+01 9.746105e+00
    endloop
  endfacet
  facet normal 5.966498e-16 -6.893283e-01 -7.244491e-01
    outer loop
      vertex 2.375013e+01 -2.026594e+01 1.003178e+01
      vertex 2.692513e+01 -1.996571e+01 9.746105e+00
      vertex 2.692513e+01 -2.026594e+01 1.003178e+01
    endloop
  endfacet
  facet normal 2.472871e-16 -4.783388e-01 -8.781754e-01
    outer loop
      vertex 2.692513e+01 -2.026594e+01 1.003178e+01
      vertex 2.375013e+01 -2.062987e+01 1.023001e+01
      vertex 2.375013e+01 -2.026594e+01 1.003178e+01
    endloop
  endfacet
  facet normal 2.472871e-16 -4.783388e-01 -8.781754e-01
    outer loop
      vertex 2.375013e+01 -2.062987e+01 1.023001e+01
      vertex 2.692513e+01 -2.026594e+01 1.003178e+01
      vertex 2.692513e+01 -2.062987e+01 1.023001e+01
    endloop
  endfacet
  facet normal -1.189278e-16 -2.347513e-01 -9.720555e-01
    outer loop
      vertex 2.692513e+01 -2.062987e+01 1.023001e+01
      vertex 2.375013e+01 -2.103271e+01 1.032730e+01
      vertex 2.375013e+01 -2.062987e+01 1.023001e+01
    endloop
  endfacet
  facet normal -1.189278e-16 -2.347513e-01 -9.720555e-01
    outer loop
      vertex 2.375013e+01 -2.103271e+01 1.032730e+01
      vertex 2.692513e+01 -2.062987e+01 1.023001e+01
      vertex 2.692513e+01 -2.103271e+01 1.032730e+01
    endloop
  endfacet
  facet normal -4.770378e-16 2.483411e-02 -9.996915e-01
    outer loop
      vertex 2.692513e+01 -2.103271e+01 1.032730e+01
      vertex 2.375013e+01 -2.144700e+01 1.031700e+01
      vertex 2.375013e+01 -2.103271e+01 1.032730e+01
    endloop
  endfacet
  facet normal -4.770378e-16 2.483411e-02 -9.996915e-01
    outer loop
      vertex 2.375013e+01 -2.144700e+01 1.031700e+01
      vertex 2.692513e+01 -2.103271e+01 1.032730e+01
      vertex 2.692513e+01 -2.144700e+01 1.031700e+01
    endloop
  endfacet
  facet normal -8.026387e-16 2.827271e-01 -9.592004e-01
    outer loop
      vertex 2.692513e+01 -2.144700e+01 1.031700e+01
      vertex 2.375013e+01 -2.184452e+01 1.019984e+01
      vertex 2.375013e+01 -2.144700e+01 1.031700e+01
    endloop
  endfacet
  facet normal -8.026387e-16 2.827271e-01 -9.592004e-01
    outer loop
      vertex 2.375013e+01 -2.184452e+01 1.019984e+01
      vertex 2.692513e+01 -2.144700e+01 1.031700e+01
      vertex 2.692513e+01 -2.184452e+01 1.019984e+01
    endloop
  endfacet
  facet normal -9.867184e-16 5.213528e-01 -8.533412e-01
    outer loop
      vertex 2.692513e+01 -2.184452e+01 1.019984e+01
      vertex 2.375013e+01 -2.219816e+01 9.983777e+00
      vertex 2.375013e+01 -2.184452e+01 1.019984e+01
    endloop
  endfacet
  facet normal -9.867184e-16 5.213528e-01 -8.533412e-01
    outer loop
      vertex 2.375013e+01 -2.219816e+01 9.983777e+00
      vertex 2.692513e+01 -2.184452e+01 1.019984e+01
      vertex 2.692513e+01 -2.219816e+01 9.983777e+00
    endloop
  endfacet
  facet normal -1.029993e-15 7.244491e-01 -6.893283e-01
    outer loop
      vertex 2.375013e+01 -2.248383e+01 9.683550e+00
      vertex 2.692513e+01 -2.219816e+01 9.983777e+00
      vertex 2.692513e+01 -2.248383e+01 9.683550e+00
    endloop
  endfacet
  facet normal -1.029993e-15 7.244491e-01 -6.893283e-01
    outer loop
      vertex 2.692513e+01 -2.219816e+01 9.983777e+00
      vertex 2.375013e+01 -2.248383e+01 9.683550e+00
      vertex 2.375013e+01 -2.219816e+01 9.983777e+00
    endloop
  endfacet
  facet normal -1.089899e-15 8.781754e-01 -4.783388e-01
    outer loop
      vertex 2.375013e+01 -2.268206e+01 9.319616e+00
      vertex 2.692513e+01 -2.248383e+01 9.683550e+00
      vertex 2.692513e+01 -2.268206e+01 9.319616e+00
    endloop
  endfacet
  facet normal -1.089899e-15 8.781754e-01 -4.783388e-01
    outer loop
      vertex 2.692513e+01 -2.248383e+01 9.683550e+00
      vertex 2.375013e+01 -2.268206e+01 9.319616e+00
      vertex 2.375013e+01 -2.248383e+01 9.683550e+00
    endloop
  endfacet
  facet normal -1.075529e-15 9.720555e-01 -2.347513e-01
    outer loop
      vertex 2.375013e+01 -2.277935e+01 8.916777e+00
      vertex 2.692513e+01 -2.268206e+01 9.319616e+00
      vertex 2.692513e+01 -2.277935e+01 8.916777e+00
    endloop
  endfacet
  facet normal -1.075529e-15 9.720555e-01 -2.347513e-01
    outer loop
      vertex 2.692513e+01 -2.268206e+01 9.319616e+00
      vertex 2.375013e+01 -2.277935e+01 8.916777e+00
      vertex 2.375013e+01 -2.268206e+01 9.319616e+00
    endloop
  endfacet
  facet normal -9.878639e-16 9.996915e-01 2.483411e-02
    outer loop
      vertex 2.375013e+01 -2.276906e+01 8.502484e+00
      vertex 2.692513e+01 -2.277935e+01 8.916777e+00
      vertex 2.692513e+01 -2.276906e+01 8.502484e+00
    endloop
  endfacet
  facet normal -9.878639e-16 9.996915e-01 2.483411e-02
    outer loop
      vertex 2.692513e+01 -2.277935e+01 8.916777e+00
      vertex 2.375013e+01 -2.276906e+01 8.502484e+00
      vertex 2.375013e+01 -2.277935e+01 8.916777e+00
    endloop
  endfacet
  facet normal -8.328776e-16 9.592004e-01 2.827271e-01
    outer loop
      vertex 2.375013e+01 -2.265189e+01 8.104971e+00
      vertex 2.692513e+01 -2.276906e+01 8.502484e+00
      vertex 2.692513e+01 -2.265189e+01 8.104971e+00
    endloop
  endfacet
  facet normal -8.328776e-16 9.592004e-01 2.827271e-01
    outer loop
      vertex 2.692513e+01 -2.276906e+01 8.502484e+00
      vertex 2.375013e+01 -2.265189e+01 8.104971e+00
      vertex 2.375013e+01 -2.276906e+01 8.502484e+00
    endloop
  endfacet
  facet normal -5.053685e-16 8.533412e-01 5.213528e-01
    outer loop
      vertex 2.375013e+01 -2.243583e+01 7.751329e+00
      vertex 2.692513e+01 -2.265189e+01 8.104971e+00
      vertex 2.692513e+01 -2.243583e+01 7.751329e+00
    endloop
  endfacet
  facet normal -5.053685e-16 8.533412e-01 5.213528e-01
    outer loop
      vertex 2.692513e+01 -2.265189e+01 8.104971e+00
      vertex 2.375013e+01 -2.243583e+01 7.751329e+00
      vertex 2.375013e+01 -2.265189e+01 8.104971e+00
    endloop
  endfacet
  facet normal -4.533733e-17 6.893283e-01 7.244491e-01
    outer loop
      vertex 2.692513e+01 -2.243583e+01 7.751329e+00
      vertex 2.375013e+01 -2.213560e+01 7.465657e+00
      vertex 2.375013e+01 -2.243583e+01 7.751329e+00
    endloop
  endfacet
  facet normal -4.533733e-17 6.893283e-01 7.244491e-01
    outer loop
      vertex 2.375013e+01 -2.213560e+01 7.465657e+00
      vertex 2.692513e+01 -2.243583e+01 7.751329e+00
      vertex 2.692513e+01 -2.213560e+01 7.465657e+00
    endloop
  endfacet
  facet normal 2.223605e-16 4.783388e-01 8.781754e-01
    outer loop
      vertex 2.692513e+01 -2.213560e+01 7.465657e+00
      vertex 2.375013e+01 -2.177167e+01 7.267423e+00
      vertex 2.375013e+01 -2.213560e+01 7.465657e+00
    endloop
  endfacet
  facet normal 2.223605e-16 4.783388e-01 8.781754e-01
    outer loop
      vertex 2.375013e+01 -2.177167e+01 7.267423e+00
      vertex 2.692513e+01 -2.213560e+01 7.465657e+00
      vertex 2.692513e+01 -2.177167e+01 7.267423e+00
    endloop
  endfacet
  facet normal 5.506071e-16 2.347513e-01 9.720555e-01
    outer loop
      vertex 2.692513e+01 -2.177167e+01 7.267423e+00
      vertex 2.375013e+01 -2.136883e+01 7.170138e+00
      vertex 2.375013e+01 -2.177167e+01 7.267423e+00
    endloop
  endfacet
  facet normal 5.506071e-16 2.347513e-01 9.720555e-01
    outer loop
      vertex 2.375013e+01 -2.136883e+01 7.170138e+00
      vertex 2.692513e+01 -2.177167e+01 7.267423e+00
      vertex 2.692513e+01 -2.136883e+01 7.170138e+00
    endloop
  endfacet
  facet normal 9.209900e-16 -2.483411e-02 9.996915e-01
    outer loop
      vertex 2.692513e+01 -2.136883e+01 7.170138e+00
      vertex 2.375013e+01 -2.095454e+01 7.180430e+00
      vertex 2.375013e+01 -2.136883e+01 7.170138e+00
    endloop
  endfacet
  facet normal 9.209900e-16 -2.483411e-02 9.996915e-01
    outer loop
      vertex 2.375013e+01 -2.095454e+01 7.180430e+00
      vertex 2.692513e+01 -2.136883e+01 7.170138e+00
      vertex 2.692513e+01 -2.095454e+01 7.180430e+00
    endloop
  endfacet
  facet normal 1.228609e-15 -2.827271e-01 9.592004e-01
    outer loop
      vertex 2.692513e+01 -2.095454e+01 7.180430e+00
      vertex 2.375013e+01 -2.055703e+01 7.297597e+00
      vertex 2.375013e+01 -2.095454e+01 7.180430e+00
    endloop
  endfacet
  facet normal 1.228609e-15 -2.827271e-01 9.592004e-01
    outer loop
      vertex 2.375013e+01 -2.055703e+01 7.297597e+00
      vertex 2.692513e+01 -2.095454e+01 7.180430e+00
      vertex 2.692513e+01 -2.055703e+01 7.297597e+00
    endloop
  endfacet
  facet normal 1.452501e-15 -5.213528e-01 8.533412e-01
    outer loop
      vertex 2.692513e+01 -2.055703e+01 7.297597e+00
      vertex 2.375013e+01 -2.020338e+01 7.513657e+00
      vertex 2.375013e+01 -2.055703e+01 7.297597e+00
    endloop
  endfacet
  facet normal 1.452501e-15 -5.213528e-01 8.533412e-01
    outer loop
      vertex 2.375013e+01 -2.020338e+01 7.513657e+00
      vertex 2.692513e+01 -2.055703e+01 7.297597e+00
      vertex 2.692513e+01 -2.020338e+01 7.513657e+00
    endloop
  endfacet
  facet normal 1.577407e-15 -7.244491e-01 6.893283e-01
    outer loop
      vertex 2.692513e+01 -1.991771e+01 7.813883e+00
      vertex 2.375013e+01 -2.020338e+01 7.513657e+00
      vertex 2.692513e+01 -2.020338e+01 7.513657e+00
    endloop
  endfacet
  facet normal 1.577407e-15 -7.244491e-01 6.893283e-01
    outer loop
      vertex 2.375013e+01 -2.020338e+01 7.513657e+00
      vertex 2.692513e+01 -1.991771e+01 7.813883e+00
      vertex 2.375013e+01 -1.991771e+01 7.813883e+00
    endloop
  endfacet
  facet normal 1.598255e-15 -7.955915e-01 6.058335e-01
    outer loop
      vertex 2.692513e+01 -1.983596e+01 7.921236e+00
      vertex 2.375013e+01 -1.991771e+01 7.813883e+00
      vertex 2.692513e+01 -1.991771e+01 7.813883e+00
    endloop
  endfacet
  facet normal 1.598255e-15 -7.955915e-01 6.058335e-01
    outer loop
      vertex 2.375013e+01 -1.991771e+01 7.813883e+00
      vertex 2.692513e+01 -1.983596e+01 7.921236e+00
      vertex 2.375013e+01 -1.983596e+01 7.921236e+00
    endloop
  endfacet
  facet normal 9.525316e-06 1.000000e+00 1.098067e-22
    outer loop
      vertex -2.705015e+01 3.198049e+01 4.773322e+00
      vertex -2.385984e+01 3.198046e+01 2.064828e+01
      vertex -2.385984e+01 3.198046e+01 4.773282e+00
    endloop
  endfacet
  facet normal 9.525316e-06 1.000000e+00 1.098067e-22
    outer loop
      vertex -2.385984e+01 3.198046e+01 2.064828e+01
      vertex -2.705015e+01 3.198049e+01 4.773322e+00
      vertex -2.705015e+01 3.198049e+01 2.064832e+01
    endloop
  endfacet
  facet normal 8.309143e-01 5.994290e-07 -5.564004e-01
    outer loop
      vertex 4.070800e+00 -2.516950e+01 9.434829e+00
      vertex 4.301387e+00 -2.993201e+01 9.779177e+00
      vertex 4.070803e+00 -2.993201e+01 9.434829e+00
    endloop
  endfacet
  facet normal 8.309143e-01 5.994290e-07 -5.564004e-01
    outer loop
      vertex 4.301387e+00 -2.993201e+01 9.779177e+00
      vertex 4.070800e+00 -2.516950e+01 9.434829e+00
      vertex 4.301384e+00 -2.516950e+01 9.779177e+00
    endloop
  endfacet
  facet normal 9.466086e-01 6.682811e-07 -3.223851e-01
    outer loop
      vertex 3.937197e+00 -2.516950e+01 9.042535e+00
      vertex 4.070803e+00 -2.993201e+01 9.434829e+00
      vertex 3.937200e+00 -2.993201e+01 9.042535e+00
    endloop
  endfacet
  facet normal 9.466086e-01 6.682811e-07 -3.223851e-01
    outer loop
      vertex 4.070803e+00 -2.993201e+01 9.434829e+00
      vertex 3.937197e+00 -2.516950e+01 9.042535e+00
      vertex 4.070800e+00 -2.516950e+01 9.434829e+00
    endloop
  endfacet
  facet normal 9.977931e-01 6.915906e-07 -6.639978e-02
    outer loop
      vertex 3.909683e+00 -2.993201e+01 8.629029e+00
      vertex 3.937197e+00 -2.516950e+01 9.042535e+00
      vertex 3.937200e+00 -2.993201e+01 9.042535e+00
    endloop
  endfacet
  facet normal 9.977931e-01 6.915906e-07 -6.639978e-02
    outer loop
      vertex 3.937197e+00 -2.516950e+01 9.042535e+00
      vertex 3.909683e+00 -2.993201e+01 8.629029e+00
      vertex 3.909680e+00 -2.516950e+01 8.629029e+00
    endloop
  endfacet
  facet normal 9.809796e-01 6.677697e-07 1.941106e-01
    outer loop
      vertex 3.990126e+00 -2.993201e+01 8.222491e+00
      vertex 3.909680e+00 -2.516950e+01 8.629029e+00
      vertex 3.909683e+00 -2.993201e+01 8.629029e+00
    endloop
  endfacet
  facet normal 9.809796e-01 6.677697e-07 1.941106e-01
    outer loop
      vertex 3.909680e+00 -2.516950e+01 8.629029e+00
      vertex 3.990126e+00 -2.993201e+01 8.222491e+00
      vertex 3.990123e+00 -2.516950e+01 8.222491e+00
    endloop
  endfacet
  facet normal 8.973140e-01 5.984413e-07 4.413927e-01
    outer loop
      vertex 4.173049e+00 -2.993201e+01 7.850625e+00
      vertex 3.990123e+00 -2.516950e+01 8.222491e+00
      vertex 3.990126e+00 -2.993201e+01 8.222491e+00
    endloop
  endfacet
  facet normal 8.973140e-01 5.984413e-07 4.413927e-01
    outer loop
      vertex 3.990123e+00 -2.516950e+01 8.222491e+00
      vertex 4.173049e+00 -2.993201e+01 7.850625e+00
      vertex 4.173045e+00 -2.516950e+01 7.850626e+00
    endloop
  endfacet
  facet normal 7.524981e-01 4.883302e-07 6.585945e-01
    outer loop
      vertex 4.445984e+00 -2.993201e+01 7.538775e+00
      vertex 4.173045e+00 -2.516950e+01 7.850626e+00
      vertex 4.173049e+00 -2.993201e+01 7.850625e+00
    endloop
  endfacet
  facet normal 7.524981e-01 4.883302e-07 6.585945e-01
    outer loop
      vertex 4.173045e+00 -2.516950e+01 7.850626e+00
      vertex 4.445984e+00 -2.993201e+01 7.538775e+00
      vertex 4.445981e+00 -2.516950e+01 7.538775e+00
    endloop
  endfacet
  facet normal 5.564004e-01 3.449400e-07 8.309143e-01
    outer loop
      vertex 4.445984e+00 -2.993201e+01 7.538775e+00
      vertex 4.790329e+00 -2.516950e+01 7.308190e+00
      vertex 4.445981e+00 -2.516950e+01 7.538775e+00
    endloop
  endfacet
  facet normal 5.564004e-01 3.449400e-07 8.309143e-01
    outer loop
      vertex 4.790329e+00 -2.516950e+01 7.308190e+00
      vertex 4.445984e+00 -2.993201e+01 7.538775e+00
      vertex 4.790332e+00 -2.993201e+01 7.308190e+00
    endloop
  endfacet
  facet normal 3.223851e-01 1.780428e-07 9.466086e-01
    outer loop
      vertex 4.790332e+00 -2.993201e+01 7.308190e+00
      vertex 5.182623e+00 -2.516950e+01 7.174587e+00
      vertex 4.790329e+00 -2.516950e+01 7.308190e+00
    endloop
  endfacet
  facet normal 3.223851e-01 1.780428e-07 9.466086e-01
    outer loop
      vertex 5.182623e+00 -2.516950e+01 7.174587e+00
      vertex 4.790332e+00 -2.993201e+01 7.308190e+00
      vertex 5.182626e+00 -2.993201e+01 7.174587e+00
    endloop
  endfacet
  facet normal 6.639978e-02 -9.876632e-10 9.977931e-01
    outer loop
      vertex 5.182626e+00 -2.993201e+01 7.174587e+00
      vertex 5.596129e+00 -2.516950e+01 7.147070e+00
      vertex 5.182623e+00 -2.516950e+01 7.174587e+00
    endloop
  endfacet
  facet normal 6.639978e-02 -9.876632e-10 9.977931e-01
    outer loop
      vertex 5.596129e+00 -2.516950e+01 7.147070e+00
      vertex 5.182626e+00 -2.993201e+01 7.174587e+00
      vertex 5.596132e+00 -2.993201e+01 7.147070e+00
    endloop
  endfacet
  facet normal -1.941106e-01 -1.799509e-07 9.809796e-01
    outer loop
      vertex 5.596132e+00 -2.993201e+01 7.147070e+00
      vertex 6.002667e+00 -2.516950e+01 7.227514e+00
      vertex 5.596129e+00 -2.516950e+01 7.147070e+00
    endloop
  endfacet
  facet normal -1.941106e-01 -1.799509e-07 9.809796e-01
    outer loop
      vertex 6.002667e+00 -2.516950e+01 7.227514e+00
      vertex 5.596132e+00 -2.993201e+01 7.147070e+00
      vertex 6.002670e+00 -2.993200e+01 7.227513e+00
    endloop
  endfacet
  facet normal -4.413927e-01 -3.466507e-07 8.973140e-01
    outer loop
      vertex 6.002670e+00 -2.993200e+01 7.227513e+00
      vertex 6.374533e+00 -2.516950e+01 7.410436e+00
      vertex 6.002667e+00 -2.516950e+01 7.227514e+00
    endloop
  endfacet
  facet normal -4.413927e-01 -3.466507e-07 8.973140e-01
    outer loop
      vertex 6.374533e+00 -2.516950e+01 7.410436e+00
      vertex 6.002670e+00 -2.993200e+01 7.227513e+00
      vertex 6.374536e+00 -2.993200e+01 7.410436e+00
    endloop
  endfacet
  facet normal -6.585945e-01 -4.897270e-07 7.524981e-01
    outer loop
      vertex 6.374536e+00 -2.993200e+01 7.410436e+00
      vertex 6.686383e+00 -2.516950e+01 7.683371e+00
      vertex 6.374533e+00 -2.516950e+01 7.410436e+00
    endloop
  endfacet
  facet normal -6.585945e-01 -4.897270e-07 7.524981e-01
    outer loop
      vertex 6.686383e+00 -2.516950e+01 7.683371e+00
      vertex 6.374536e+00 -2.993200e+01 7.410436e+00
      vertex 6.686386e+00 -2.993200e+01 7.683371e+00
    endloop
  endfacet
  facet normal -8.309143e-01 -5.994290e-07 5.564004e-01
    outer loop
      vertex 6.916970e+00 -2.993200e+01 8.027719e+00
      vertex 6.686383e+00 -2.516950e+01 7.683371e+00
      vertex 6.686386e+00 -2.993200e+01 7.683371e+00
    endloop
  endfacet
  facet normal -8.309143e-01 -5.994290e-07 5.564004e-01
    outer loop
      vertex 6.686383e+00 -2.516950e+01 7.683371e+00
      vertex 6.916970e+00 -2.993200e+01 8.027719e+00
      vertex 6.916967e+00 -2.516950e+01 8.027719e+00
    endloop
  endfacet
  facet normal -9.466086e-01 -6.682811e-07 3.223851e-01
    outer loop
      vertex 7.050574e+00 -2.993200e+01 8.420013e+00
      vertex 6.916967e+00 -2.516950e+01 8.027719e+00
      vertex 6.916970e+00 -2.993200e+01 8.027719e+00
    endloop
  endfacet
  facet normal -9.466086e-01 -6.682811e-07 3.223851e-01
    outer loop
      vertex 6.916967e+00 -2.516950e+01 8.027719e+00
      vertex 7.050574e+00 -2.993200e+01 8.420013e+00
      vertex 7.050570e+00 -2.516950e+01 8.420013e+00
    endloop
  endfacet
  facet normal -9.977931e-01 -6.915906e-07 6.639978e-02
    outer loop
      vertex 7.078088e+00 -2.516950e+01 8.833520e+00
      vertex 7.050574e+00 -2.993200e+01 8.420013e+00
      vertex 7.078091e+00 -2.993200e+01 8.833519e+00
    endloop
  endfacet
  facet normal -9.977931e-01 -6.915906e-07 6.639978e-02
    outer loop
      vertex 7.050574e+00 -2.993200e+01 8.420013e+00
      vertex 7.078088e+00 -2.516950e+01 8.833520e+00
      vertex 7.050570e+00 -2.516950e+01 8.420013e+00
    endloop
  endfacet
  facet normal -9.809796e-01 -6.677697e-07 -1.941106e-01
    outer loop
      vertex 6.997644e+00 -2.516950e+01 9.240058e+00
      vertex 7.078091e+00 -2.993200e+01 8.833519e+00
      vertex 6.997648e+00 -2.993200e+01 9.240058e+00
    endloop
  endfacet
  facet normal -9.809796e-01 -6.677697e-07 -1.941106e-01
    outer loop
      vertex 7.078091e+00 -2.993200e+01 8.833519e+00
      vertex 6.997644e+00 -2.516950e+01 9.240058e+00
      vertex 7.078088e+00 -2.516950e+01 8.833520e+00
    endloop
  endfacet
  facet normal -8.973140e-01 -5.984413e-07 -4.413927e-01
    outer loop
      vertex 6.814722e+00 -2.516950e+01 9.611923e+00
      vertex 6.997648e+00 -2.993200e+01 9.240058e+00
      vertex 6.814725e+00 -2.993200e+01 9.611923e+00
    endloop
  endfacet
  facet normal -8.973140e-01 -5.984413e-07 -4.413927e-01
    outer loop
      vertex 6.997648e+00 -2.993200e+01 9.240058e+00
      vertex 6.814722e+00 -2.516950e+01 9.611923e+00
      vertex 6.997644e+00 -2.516950e+01 9.240058e+00
    endloop
  endfacet
  facet normal -7.524981e-01 -4.883302e-07 -6.585945e-01
    outer loop
      vertex 6.541787e+00 -2.516950e+01 9.923774e+00
      vertex 6.814725e+00 -2.993200e+01 9.611923e+00
      vertex 6.541790e+00 -2.993200e+01 9.923774e+00
    endloop
  endfacet
  facet normal -7.524981e-01 -4.883302e-07 -6.585945e-01
    outer loop
      vertex 6.814725e+00 -2.993200e+01 9.611923e+00
      vertex 6.541787e+00 -2.516950e+01 9.923774e+00
      vertex 6.814722e+00 -2.516950e+01 9.611923e+00
    endloop
  endfacet
  facet normal -5.564004e-01 -3.449400e-07 -8.309143e-01
    outer loop
      vertex 6.541787e+00 -2.516950e+01 9.923774e+00
      vertex 6.197442e+00 -2.993200e+01 1.015436e+01
      vertex 6.197439e+00 -2.516950e+01 1.015436e+01
    endloop
  endfacet
  facet normal -5.564004e-01 -3.449400e-07 -8.309143e-01
    outer loop
      vertex 6.197442e+00 -2.993200e+01 1.015436e+01
      vertex 6.541787e+00 -2.516950e+01 9.923774e+00
      vertex 6.541790e+00 -2.993200e+01 9.923774e+00
    endloop
  endfacet
  facet normal -3.223851e-01 -1.780428e-07 -9.466086e-01
    outer loop
      vertex 6.197439e+00 -2.516950e+01 1.015436e+01
      vertex 5.805148e+00 -2.993201e+01 1.028796e+01
      vertex 5.805144e+00 -2.516950e+01 1.028796e+01
    endloop
  endfacet
  facet normal -3.223851e-01 -1.780428e-07 -9.466086e-01
    outer loop
      vertex 5.805148e+00 -2.993201e+01 1.028796e+01
      vertex 6.197439e+00 -2.516950e+01 1.015436e+01
      vertex 6.197442e+00 -2.993200e+01 1.015436e+01
    endloop
  endfacet
  facet normal -6.639978e-02 9.876627e-10 -9.977931e-01
    outer loop
      vertex 5.805144e+00 -2.516950e+01 1.028796e+01
      vertex 5.391642e+00 -2.993201e+01 1.031548e+01
      vertex 5.391639e+00 -2.516950e+01 1.031548e+01
    endloop
  endfacet
  facet normal -6.639978e-02 9.876627e-10 -9.977931e-01
    outer loop
      vertex 5.391642e+00 -2.993201e+01 1.031548e+01
      vertex 5.805144e+00 -2.516950e+01 1.028796e+01
      vertex 5.805148e+00 -2.993201e+01 1.028796e+01
    endloop
  endfacet
  facet normal 1.941106e-01 1.799509e-07 -9.809796e-01
    outer loop
      vertex 5.391639e+00 -2.516950e+01 1.031548e+01
      vertex 4.985103e+00 -2.993201e+01 1.023503e+01
      vertex 4.985100e+00 -2.516950e+01 1.023503e+01
    endloop
  endfacet
  facet normal 1.941106e-01 1.799509e-07 -9.809796e-01
    outer loop
      vertex 4.985103e+00 -2.993201e+01 1.023503e+01
      vertex 5.391639e+00 -2.516950e+01 1.031548e+01
      vertex 5.391642e+00 -2.993201e+01 1.031548e+01
    endloop
  endfacet
  facet normal 4.413927e-01 3.466507e-07 -8.973140e-01
    outer loop
      vertex 4.985100e+00 -2.516950e+01 1.023503e+01
      vertex 4.613238e+00 -2.993201e+01 1.005211e+01
      vertex 4.613235e+00 -2.516950e+01 1.005211e+01
    endloop
  endfacet
  facet normal 4.413927e-01 3.466507e-07 -8.973140e-01
    outer loop
      vertex 4.613238e+00 -2.993201e+01 1.005211e+01
      vertex 4.985100e+00 -2.516950e+01 1.023503e+01
      vertex 4.985103e+00 -2.993201e+01 1.023503e+01
    endloop
  endfacet
  facet normal 6.585945e-01 4.897270e-07 -7.524981e-01
    outer loop
      vertex 4.613235e+00 -2.516950e+01 1.005211e+01
      vertex 4.301387e+00 -2.993201e+01 9.779177e+00
      vertex 4.301384e+00 -2.516950e+01 9.779177e+00
    endloop
  endfacet
  facet normal 6.585945e-01 4.897270e-07 -7.524981e-01
    outer loop
      vertex 4.301387e+00 -2.993201e+01 9.779177e+00
      vertex 4.613235e+00 -2.516950e+01 1.005211e+01
      vertex 4.613238e+00 -2.993201e+01 1.005211e+01
    endloop
  endfacet
  facet normal -6.837985e-07 1.000000e+00 -1.084223e-13
    outer loop
      vertex -5.626430e+00 -2.516951e+01 1.825628e+01
      vertex 5.591197e+00 -2.516950e+01 1.825926e+01
      vertex 1.657333e+01 -2.516950e+01 1.825663e+01
    endloop
  endfacet
  facet normal -6.837985e-07 1.000000e+00 -1.084223e-13
    outer loop
      vertex 5.591197e+00 -2.516950e+01 1.825926e+01
      vertex -5.626430e+00 -2.516951e+01 1.825628e+01
      vertex -5.215293e+00 -2.516951e+01 1.830835e+01
    endloop
  endfacet
  facet normal -6.837985e-07 1.000000e+00 -1.084223e-13
    outer loop
      vertex 5.591197e+00 -2.516950e+01 1.825926e+01
      vertex -5.215293e+00 -2.516951e+01 1.830835e+01
      vertex 5.177778e+00 -2.516950e+01 1.828806e+01
    endloop
  endfacet
  facet normal -6.837985e-07 1.000000e+00 -1.084223e-13
    outer loop
      vertex 5.177778e+00 -2.516950e+01 1.828806e+01
      vertex -5.215293e+00 -2.516951e+01 1.830835e+01
      vertex 4.785902e+00 -2.516950e+01 1.842289e+01
    endloop
  endfacet
  facet normal -6.837985e-07 1.000000e+00 -1.084223e-13
    outer loop
      vertex 4.785902e+00 -2.516950e+01 1.842289e+01
      vertex -5.215293e+00 -2.516951e+01 1.830835e+01
      vertex -4.831643e+00 -2.516951e+01 1.846506e+01
    endloop
  endfacet
  facet normal -6.837985e-07 1.000000e+00 -1.084223e-13
    outer loop
      vertex 4.785902e+00 -2.516950e+01 1.842289e+01
      vertex -4.831643e+00 -2.516951e+01 1.846506e+01
      vertex 4.442274e+00 -2.516950e+01 1.865454e+01
    endloop
  endfacet
  facet normal -6.837985e-07 1.000000e+00 -1.084223e-13
    outer loop
      vertex 4.442274e+00 -2.516950e+01 1.865454e+01
      vertex -4.831643e+00 -2.516951e+01 1.846506e+01
      vertex -4.501623e+00 -2.516951e+01 1.871572e+01
    endloop
  endfacet
  facet normal -6.837985e-07 1.000000e+00 -1.084223e-13
    outer loop
      vertex 4.442274e+00 -2.516950e+01 1.865454e+01
      vertex -4.501623e+00 -2.516951e+01 1.871572e+01
      vertex 4.170310e+00 -2.516950e+01 1.896724e+01
    endloop
  endfacet
  facet normal -6.837985e-07 1.000000e+00 -1.084223e-13
    outer loop
      vertex 4.170310e+00 -2.516950e+01 1.896724e+01
      vertex -4.501623e+00 -2.516951e+01 1.871572e+01
      vertex -4.247724e+00 -2.516951e+01 1.904326e+01
    endloop
  endfacet
  facet normal -6.837985e-07 1.000000e+00 -1.084223e-13
    outer loop
      vertex 4.170310e+00 -2.516950e+01 1.896724e+01
      vertex -4.247724e+00 -2.516951e+01 1.904326e+01
      vertex 3.988547e+00 -2.516950e+01 1.933967e+01
    endloop
  endfacet
  facet normal -6.837985e-07 1.000000e+00 -1.084223e-13
    outer loop
      vertex 3.988547e+00 -2.516950e+01 1.933967e+01
      vertex -4.247724e+00 -2.516951e+01 1.904326e+01
      vertex -4.087250e+00 -2.516951e+01 1.942535e+01
    endloop
  endfacet
  facet normal -6.837985e-07 1.000000e+00 -1.084223e-13
    outer loop
      vertex 3.988547e+00 -2.516950e+01 1.933967e+01
      vertex -4.087250e+00 -2.516951e+01 1.942535e+01
      vertex 3.909369e+00 -2.516950e+01 1.974646e+01
    endloop
  endfacet
  facet normal -6.837985e-07 1.000000e+00 -1.084223e-13
    outer loop
      vertex 3.909369e+00 -2.516950e+01 1.974646e+01
      vertex -4.087250e+00 -2.516951e+01 1.942535e+01
      vertex -4.031136e+00 -2.516951e+01 1.983595e+01
    endloop
  endfacet
  facet normal -6.837985e-07 1.000000e+00 -1.084223e-13
    outer loop
      vertex 3.909369e+00 -2.516950e+01 1.974646e+01
      vertex -4.031136e+00 -2.516951e+01 1.983595e+01
      vertex 3.938174e+00 -2.516950e+01 2.015988e+01
    endloop
  endfacet
  facet normal -6.837985e-07 1.000000e+00 -1.084223e-13
    outer loop
      vertex 3.938174e+00 -2.516950e+01 2.015988e+01
      vertex -4.031136e+00 -2.516951e+01 1.983595e+01
      vertex -4.083205e+00 -2.516951e+01 2.024709e+01
    endloop
  endfacet
  facet normal -6.837985e-07 1.000000e+00 -1.084223e-13
    outer loop
      vertex 3.938174e+00 -2.516950e+01 2.015988e+01
      vertex -4.083205e+00 -2.516951e+01 2.024709e+01
      vertex 4.072997e+00 -2.516950e+01 2.055176e+01
    endloop
  endfacet
  facet normal -6.837985e-07 1.000000e+00 -1.084223e-13
    outer loop
      vertex 4.072997e+00 -2.516950e+01 2.055176e+01
      vertex -4.083205e+00 -2.516951e+01 2.024709e+01
      vertex -4.239911e+00 -2.516951e+01 2.063074e+01
    endloop
  endfacet
  facet normal -6.837985e-07 1.000000e+00 -1.084223e-13
    outer loop
      vertex 4.072997e+00 -2.516950e+01 2.055176e+01
      vertex -4.239911e+00 -2.516951e+01 2.063074e+01
      vertex 4.304652e+00 -2.516950e+01 2.089538e+01
    endloop
  endfacet
  facet normal -6.837985e-07 1.000000e+00 -1.084223e-13
    outer loop
      vertex 4.304652e+00 -2.516950e+01 2.089538e+01
      vertex -4.239911e+00 -2.516951e+01 2.063074e+01
      vertex -4.490573e+00 -2.516951e+01 2.096076e+01
    endloop
  endfacet
  facet normal -6.837985e-07 1.000000e+00 -1.084223e-13
    outer loop
      vertex 4.304652e+00 -2.516950e+01 2.089538e+01
      vertex -4.490573e+00 -2.516951e+01 2.096076e+01
      vertex 4.617351e+00 -2.516950e+01 2.116735e+01
    endloop
  endfacet
  facet normal -6.837985e-07 1.000000e+00 -1.084223e-13
    outer loop
      vertex 4.617351e+00 -2.516950e+01 2.116735e+01
      vertex -4.490573e+00 -2.516951e+01 2.096076e+01
      vertex -4.818109e+00 -2.516951e+01 2.121466e+01
    endloop
  endfacet
  facet normal -6.837985e-07 1.000000e+00 -1.084223e-13
    outer loop
      vertex 4.617351e+00 -2.516950e+01 2.116735e+01
      vertex -4.818109e+00 -2.516951e+01 2.121466e+01
      vertex 4.989783e+00 -2.516950e+01 2.134911e+01
    endloop
  endfacet
  facet normal -6.837985e-07 1.000000e+00 -1.084223e-13
    outer loop
      vertex 4.989783e+00 -2.516950e+01 2.134911e+01
      vertex -4.818109e+00 -2.516951e+01 2.121466e+01
      vertex -5.200199e+00 -2.516951e+01 2.137513e+01
    endloop
  endfacet
  facet normal -6.837985e-07 1.000000e+00 -1.084223e-13
    outer loop
      vertex 4.989783e+00 -2.516950e+01 2.134911e+01
      vertex -5.200199e+00 -2.516951e+01 2.137513e+01
      vertex 5.396570e+00 -2.516950e+01 2.142829e+01
    endloop
  endfacet
  facet normal -6.837985e-07 1.000000e+00 -1.084223e-13
    outer loop
      vertex 5.396570e+00 -2.516950e+01 2.142829e+01
      vertex -5.200199e+00 -2.516951e+01 2.137513e+01
      vertex -5.610803e+00 -2.516951e+01 2.143125e+01
    endloop
  endfacet
  facet normal -6.837985e-07 1.000000e+00 -1.084223e-13
    outer loop
      vertex 5.396570e+00 -2.516950e+01 2.142829e+01
      vertex -5.610803e+00 -2.516951e+01 2.143125e+01
      vertex 1.663944e+01 -2.516950e+01 2.143094e+01
    endloop
  endfacet
  facet normal -6.837985e-07 1.000000e+00 -1.084223e-13
    outer loop
      vertex -1.632024e+01 -2.516952e+01 1.831035e+01
      vertex -5.626430e+00 -2.516951e+01 1.825628e+01
      vertex -1.673112e+01 -2.516952e+01 1.825625e+01
    endloop
  endfacet
  facet normal -6.837985e-07 1.000000e+00 -1.084223e-13
    outer loop
      vertex -5.626430e+00 -2.516951e+01 1.825628e+01
      vertex -1.632024e+01 -2.516952e+01 1.831035e+01
      vertex -6.037034e+00 -2.516951e+01 1.831240e+01
    endloop
  endfacet
  facet normal -6.837985e-07 1.000000e+00 -1.084223e-13
    outer loop
      vertex -6.037034e+00 -2.516951e+01 1.831240e+01
      vertex -1.632024e+01 -2.516952e+01 1.831035e+01
      vertex -1.593737e+01 -2.516952e+01 1.846894e+01
    endloop
  endfacet
  facet normal -6.837985e-07 1.000000e+00 -1.084223e-13
    outer loop
      vertex -6.037034e+00 -2.516951e+01 1.831240e+01
      vertex -1.593737e+01 -2.516952e+01 1.846894e+01
      vertex -6.419123e+00 -2.516951e+01 1.847287e+01
    endloop
  endfacet
  facet normal -6.837985e-07 1.000000e+00 -1.084223e-13
    outer loop
      vertex -6.419123e+00 -2.516951e+01 1.847287e+01
      vertex -1.593737e+01 -2.516952e+01 1.846894e+01
      vertex -1.560858e+01 -2.516952e+01 1.872122e+01
    endloop
  endfacet
  facet normal -6.837985e-07 1.000000e+00 -1.084223e-13
    outer loop
      vertex -6.419123e+00 -2.516951e+01 1.847287e+01
      vertex -1.560858e+01 -2.516952e+01 1.872122e+01
      vertex -6.746659e+00 -2.516951e+01 1.872677e+01
    endloop
  endfacet
  facet normal -6.837985e-07 1.000000e+00 -1.084223e-13
    outer loop
      vertex -6.746659e+00 -2.516951e+01 1.872677e+01
      vertex -1.560858e+01 -2.516952e+01 1.872122e+01
      vertex -1.535630e+01 -2.516952e+01 1.905000e+01
    endloop
  endfacet
  facet normal -6.837985e-07 1.000000e+00 -1.084223e-13
    outer loop
      vertex -6.746659e+00 -2.516951e+01 1.872677e+01
      vertex -1.535630e+01 -2.516952e+01 1.905000e+01
      vertex -6.997322e+00 -2.516951e+01 1.905679e+01
    endloop
  endfacet
  facet normal -6.837985e-07 1.000000e+00 -1.084223e-13
    outer loop
      vertex -6.997322e+00 -2.516951e+01 1.905679e+01
      vertex -1.535630e+01 -2.516952e+01 1.905000e+01
      vertex -1.519771e+01 -2.516952e+01 1.943288e+01
    endloop
  endfacet
  facet normal -6.837985e-07 1.000000e+00 -1.084223e-13
    outer loop
      vertex -6.997322e+00 -2.516951e+01 1.905679e+01
      vertex -1.519771e+01 -2.516952e+01 1.943288e+01
      vertex -7.154027e+00 -2.516951e+01 1.944044e+01
    endloop
  endfacet
  facet normal -6.837985e-07 1.000000e+00 -1.084223e-13
    outer loop
      vertex -7.154027e+00 -2.516951e+01 1.944044e+01
      vertex -1.519771e+01 -2.516952e+01 1.943288e+01
      vertex -1.514362e+01 -2.516952e+01 1.984375e+01
    endloop
  endfacet
  facet normal -6.837985e-07 1.000000e+00 -1.084223e-13
    outer loop
      vertex -7.154027e+00 -2.516951e+01 1.944044e+01
      vertex -1.514362e+01 -2.516952e+01 1.984375e+01
      vertex -7.206097e+00 -2.516951e+01 1.985158e+01
    endloop
  endfacet
  facet normal -6.837985e-07 1.000000e+00 -1.084223e-13
    outer loop
      vertex -7.206097e+00 -2.516951e+01 1.985158e+01
      vertex -1.514362e+01 -2.516952e+01 1.984375e+01
      vertex -1.519771e+01 -2.516952e+01 2.025463e+01
    endloop
  endfacet
  facet normal -6.837985e-07 1.000000e+00 -1.084223e-13
    outer loop
      vertex -7.206097e+00 -2.516951e+01 1.985158e+01
      vertex -1.519771e+01 -2.516952e+01 2.025463e+01
      vertex -7.149982e+00 -2.516951e+01 2.026218e+01
    endloop
  endfacet
  facet normal -6.837985e-07 1.000000e+00 -1.084223e-13
    outer loop
      vertex -7.149982e+00 -2.516951e+01 2.026218e+01
      vertex -1.519771e+01 -2.516952e+01 2.025463e+01
      vertex -1.535630e+01 -2.516952e+01 2.063750e+01
    endloop
  endfacet
  facet normal -6.837985e-07 1.000000e+00 -1.084223e-13
    outer loop
      vertex -7.149982e+00 -2.516951e+01 2.026218e+01
      vertex -1.535630e+01 -2.516952e+01 2.063750e+01
      vertex -6.989508e+00 -2.516951e+01 2.064427e+01
    endloop
  endfacet
  facet normal -6.837985e-07 1.000000e+00 -1.084223e-13
    outer loop
      vertex -6.989508e+00 -2.516951e+01 2.064427e+01
      vertex -1.535630e+01 -2.516952e+01 2.063750e+01
      vertex -1.560858e+01 -2.516952e+01 2.096629e+01
    endloop
  endfacet
  facet normal -6.837985e-07 1.000000e+00 -1.084223e-13
    outer loop
      vertex -6.989508e+00 -2.516951e+01 2.064427e+01
      vertex -1.560858e+01 -2.516952e+01 2.096629e+01
      vertex -6.735610e+00 -2.516951e+01 2.097181e+01
    endloop
  endfacet
  facet normal -6.837985e-07 1.000000e+00 -1.084223e-13
    outer loop
      vertex -6.735610e+00 -2.516951e+01 2.097181e+01
      vertex -1.560858e+01 -2.516952e+01 2.096629e+01
      vertex -1.593737e+01 -2.516952e+01 2.121857e+01
    endloop
  endfacet
  facet normal -6.837985e-07 1.000000e+00 -1.084223e-13
    outer loop
      vertex -6.735610e+00 -2.516951e+01 2.097181e+01
      vertex -1.593737e+01 -2.516952e+01 2.121857e+01
      vertex -6.405590e+00 -2.516951e+01 2.122247e+01
    endloop
  endfacet
  facet normal -6.837985e-07 1.000000e+00 -1.084223e-13
    outer loop
      vertex -6.405590e+00 -2.516951e+01 2.122247e+01
      vertex -1.593737e+01 -2.516952e+01 2.121857e+01
      vertex -1.632024e+01 -2.516952e+01 2.137716e+01
    endloop
  endfacet
  facet normal -6.837985e-07 1.000000e+00 -1.084223e-13
    outer loop
      vertex -6.405590e+00 -2.516951e+01 2.122247e+01
      vertex -1.632024e+01 -2.516952e+01 2.137716e+01
      vertex -6.021939e+00 -2.516951e+01 2.137917e+01
    endloop
  endfacet
  facet normal -6.837985e-07 1.000000e+00 -1.084223e-13
    outer loop
      vertex -6.021939e+00 -2.516951e+01 2.137917e+01
      vertex -1.632024e+01 -2.516952e+01 2.137716e+01
      vertex -1.673112e+01 -2.516952e+01 2.143125e+01
    endloop
  endfacet
  facet normal -6.837985e-07 1.000000e+00 -1.084223e-13
    outer loop
      vertex -6.021939e+00 -2.516951e+01 2.137917e+01
      vertex -1.673112e+01 -2.516952e+01 2.143125e+01
      vertex -5.610803e+00 -2.516951e+01 2.143125e+01
    endloop
  endfacet
  facet normal -6.837985e-07 1.000000e+00 -1.084223e-13
    outer loop
      vertex -2.704987e+01 -2.516952e+01 3.833307e-05
      vertex 2.375013e+01 -2.516949e+01 4.259549e-05
      vertex -2.385956e+01 -2.516952e+01 -1.688912e-06
    endloop
  endfacet
  facet normal -6.837985e-07 1.000000e+00 -1.084223e-13
    outer loop
      vertex 2.375013e+01 -2.516949e+01 4.259549e-05
      vertex -2.704987e+01 -2.516952e+01 3.833307e-05
      vertex -1.692875e+01 -2.516952e+01 7.156105e+00
    endloop
  endfacet
  facet normal -6.837985e-07 1.000000e+00 -1.084223e-13
    outer loop
      vertex -1.692875e+01 -2.516952e+01 7.156105e+00
      vertex -2.704987e+01 -2.516952e+01 3.833307e-05
      vertex -1.732970e+01 -2.516952e+01 7.260928e+00
    endloop
  endfacet
  facet normal -6.837985e-07 1.000000e+00 -1.084223e-13
    outer loop
      vertex -1.732970e+01 -2.516952e+01 7.260928e+00
      vertex -2.704987e+01 -2.516952e+01 3.833307e-05
      vertex -1.768985e+01 -2.516952e+01 7.465952e+00
    endloop
  endfacet
  facet normal -6.837985e-07 1.000000e+00 -1.084223e-13
    outer loop
      vertex -1.768985e+01 -2.516952e+01 7.465952e+00
      vertex -2.704987e+01 -2.516952e+01 3.833307e-05
      vertex -1.798466e+01 -2.516952e+01 7.757205e+00
    endloop
  endfacet
  facet normal -6.837985e-07 1.000000e+00 -1.084223e-13
    outer loop
      vertex -1.798466e+01 -2.516952e+01 7.757205e+00
      vertex -2.704987e+01 -2.516952e+01 3.833307e-05
      vertex -1.819405e+01 -2.516952e+01 8.114837e+00
    endloop
  endfacet
  facet normal -6.837985e-07 1.000000e+00 -1.084223e-13
    outer loop
      vertex -1.819405e+01 -2.516952e+01 8.114837e+00
      vertex -2.704987e+01 -2.516952e+01 3.833307e-05
      vertex -2.704987e+01 -2.516952e+01 2.540004e+01
    endloop
  endfacet
  facet normal -6.837985e-07 1.000000e+00 -1.084223e-13
    outer loop
      vertex 2.375013e+01 -2.516949e+01 4.259549e-05
      vertex -1.692875e+01 -2.516952e+01 7.156105e+00
      vertex -5.544574e+00 -2.516951e+01 7.145492e+00
    endloop
  endfacet
  facet normal -6.837985e-07 1.000000e+00 -1.084223e-13
    outer loop
      vertex 2.375013e+01 -2.516949e+01 4.259549e-05
      vertex -5.544574e+00 -2.516951e+01 7.145492e+00
      vertex 1.659788e+01 -2.516950e+01 7.143797e+00
    endloop
  endfacet
  facet normal -6.837985e-07 1.000000e+00 -1.084223e-13
    outer loop
      vertex -1.819405e+01 -2.516952e+01 8.114837e+00
      vertex -2.704987e+01 -2.516952e+01 2.540004e+01
      vertex -1.830375e+01 -2.516952e+01 8.514477e+00
    endloop
  endfacet
  facet normal -6.837985e-07 1.000000e+00 -1.084223e-13
    outer loop
      vertex -1.830375e+01 -2.516952e+01 8.514477e+00
      vertex -2.704987e+01 -2.516952e+01 2.540004e+01
      vertex -1.830627e+01 -2.516952e+01 8.928890e+00
    endloop
  endfacet
  facet normal -6.837985e-07 1.000000e+00 -1.084223e-13
    outer loop
      vertex -1.830627e+01 -2.516952e+01 8.928890e+00
      vertex -2.704987e+01 -2.516952e+01 2.540004e+01
      vertex -1.820144e+01 -2.516952e+01 9.329834e+00
    endloop
  endfacet
  facet normal -6.837985e-07 1.000000e+00 -1.084223e-13
    outer loop
      vertex -1.820144e+01 -2.516952e+01 9.329834e+00
      vertex -2.704987e+01 -2.516952e+01 2.540004e+01
      vertex -1.799642e+01 -2.516952e+01 9.689987e+00
    endloop
  endfacet
  facet normal -6.837985e-07 1.000000e+00 -1.084223e-13
    outer loop
      vertex -1.799642e+01 -2.516952e+01 9.689987e+00
      vertex -2.704987e+01 -2.516952e+01 2.540004e+01
      vertex -1.770517e+01 -2.516952e+01 9.984803e+00
    endloop
  endfacet
  facet normal -6.837985e-07 1.000000e+00 -1.084223e-13
    outer loop
      vertex -1.770517e+01 -2.516952e+01 9.984803e+00
      vertex -2.704987e+01 -2.516952e+01 2.540004e+01
      vertex -1.734753e+01 -2.516952e+01 1.019419e+01
    endloop
  endfacet
  facet normal -6.837985e-07 1.000000e+00 -1.084223e-13
    outer loop
      vertex -1.734753e+01 -2.516952e+01 1.019419e+01
      vertex -2.704987e+01 -2.516952e+01 2.540004e+01
      vertex -1.694789e+01 -2.516952e+01 1.030388e+01
    endloop
  endfacet
  facet normal -6.837985e-07 1.000000e+00 -1.084223e-13
    outer loop
      vertex -1.694789e+01 -2.516952e+01 1.030388e+01
      vertex -2.704987e+01 -2.516952e+01 2.540004e+01
      vertex -1.653348e+01 -2.516952e+01 1.030640e+01
    endloop
  endfacet
  facet normal -6.837985e-07 1.000000e+00 -1.084223e-13
    outer loop
      vertex -1.653348e+01 -2.516952e+01 1.030640e+01
      vertex -2.704987e+01 -2.516952e+01 2.540004e+01
      vertex -1.752487e+01 -2.516952e+01 1.846894e+01
    endloop
  endfacet
  facet normal -6.837985e-07 1.000000e+00 -1.084223e-13
    outer loop
      vertex -1.653348e+01 -2.516952e+01 1.030640e+01
      vertex -1.752487e+01 -2.516952e+01 1.846894e+01
      vertex -5.692659e+00 -2.516951e+01 1.031704e+01
    endloop
  endfacet
  facet normal -6.837985e-07 1.000000e+00 -1.084223e-13
    outer loop
      vertex -5.692659e+00 -2.516951e+01 1.031704e+01
      vertex -1.752487e+01 -2.516952e+01 1.846894e+01
      vertex -1.714199e+01 -2.516952e+01 1.831035e+01
    endloop
  endfacet
  facet normal -6.837985e-07 1.000000e+00 -1.084223e-13
    outer loop
      vertex -5.692659e+00 -2.516951e+01 1.031704e+01
      vertex -1.714199e+01 -2.516952e+01 1.831035e+01
      vertex 1.661489e+01 -2.516950e+01 1.031875e+01
    endloop
  endfacet
  facet normal -6.837985e-07 1.000000e+00 -1.084223e-13
    outer loop
      vertex 1.661489e+01 -2.516950e+01 1.031875e+01
      vertex -1.714199e+01 -2.516952e+01 1.831035e+01
      vertex -1.673112e+01 -2.516952e+01 1.825625e+01
    endloop
  endfacet
  facet normal -6.837985e-07 1.000000e+00 -1.084223e-13
    outer loop
      vertex -1.752487e+01 -2.516952e+01 1.846894e+01
      vertex -2.704987e+01 -2.516952e+01 2.540004e+01
      vertex -1.785365e+01 -2.516952e+01 1.872122e+01
    endloop
  endfacet
  facet normal -6.837985e-07 1.000000e+00 -1.084223e-13
    outer loop
      vertex -1.785365e+01 -2.516952e+01 1.872122e+01
      vertex -2.704987e+01 -2.516952e+01 2.540004e+01
      vertex -1.810593e+01 -2.516952e+01 1.905000e+01
    endloop
  endfacet
  facet normal -6.837985e-07 1.000000e+00 -1.084223e-13
    outer loop
      vertex -1.810593e+01 -2.516952e+01 1.905000e+01
      vertex -2.704987e+01 -2.516952e+01 2.540004e+01
      vertex -1.826452e+01 -2.516952e+01 1.943288e+01
    endloop
  endfacet
  facet normal -6.837985e-07 1.000000e+00 -1.084223e-13
    outer loop
      vertex -1.826452e+01 -2.516952e+01 1.943288e+01
      vertex -2.704987e+01 -2.516952e+01 2.540004e+01
      vertex -1.831862e+01 -2.516952e+01 1.984375e+01
    endloop
  endfacet
  facet normal -6.837985e-07 1.000000e+00 -1.084223e-13
    outer loop
      vertex -1.831862e+01 -2.516952e+01 1.984375e+01
      vertex -2.704987e+01 -2.516952e+01 2.540004e+01
      vertex -1.826452e+01 -2.516952e+01 2.025463e+01
    endloop
  endfacet
  facet normal -6.837985e-07 1.000000e+00 -1.084223e-13
    outer loop
      vertex -1.826452e+01 -2.516952e+01 2.025463e+01
      vertex -2.704987e+01 -2.516952e+01 2.540004e+01
      vertex -1.810593e+01 -2.516952e+01 2.063750e+01
    endloop
  endfacet
  facet normal -6.837985e-07 1.000000e+00 -1.084223e-13
    outer loop
      vertex -1.810593e+01 -2.516952e+01 2.063750e+01
      vertex -2.704987e+01 -2.516952e+01 2.540004e+01
      vertex -1.785365e+01 -2.516952e+01 2.096629e+01
    endloop
  endfacet
  facet normal -6.837985e-07 1.000000e+00 -1.084223e-13
    outer loop
      vertex -1.785365e+01 -2.516952e+01 2.096629e+01
      vertex -2.704987e+01 -2.516952e+01 2.540004e+01
      vertex -1.752487e+01 -2.516952e+01 2.121857e+01
    endloop
  endfacet
  facet normal -6.837985e-07 1.000000e+00 -1.084223e-13
    outer loop
      vertex -1.752487e+01 -2.516952e+01 2.121857e+01
      vertex -2.704987e+01 -2.516952e+01 2.540004e+01
      vertex -1.714199e+01 -2.516952e+01 2.137716e+01
    endloop
  endfacet
  facet normal -6.837985e-07 1.000000e+00 -1.084223e-13
    outer loop
      vertex -1.714199e+01 -2.516952e+01 2.137716e+01
      vertex -2.704987e+01 -2.516952e+01 2.540004e+01
      vertex -1.673112e+01 -2.516952e+01 2.143125e+01
    endloop
  endfacet
  facet normal -6.837985e-07 1.000000e+00 -1.084223e-13
    outer loop
      vertex -1.673112e+01 -2.516952e+01 2.143125e+01
      vertex -2.704987e+01 -2.516952e+01 2.540004e+01
      vertex -2.385956e+01 -2.516952e+01 2.540000e+01
    endloop
  endfacet
  facet normal -6.837985e-07 1.000000e+00 -1.084223e-13
    outer loop
      vertex 2.375013e+01 -2.516949e+01 4.259549e-05
      vertex 1.813757e+01 -2.516950e+01 8.312189e+00
      vertex 2.375013e+01 -2.516949e+01 2.540004e+01
    endloop
  endfacet
  facet normal -6.837985e-07 1.000000e+00 -1.084223e-13
    outer loop
      vertex 1.813757e+01 -2.516950e+01 8.312189e+00
      vertex 2.375013e+01 -2.516949e+01 4.259549e-05
      vertex 1.797693e+01 -2.516950e+01 7.930170e+00
    endloop
  endfacet
  facet normal -6.837985e-07 1.000000e+00 -1.084223e-13
    outer loop
      vertex 1.797693e+01 -2.516950e+01 7.930170e+00
      vertex 2.375013e+01 -2.516949e+01 4.259549e-05
      vertex 1.772289e+01 -2.516950e+01 7.602744e+00
    endloop
  endfacet
  facet normal -6.837985e-07 1.000000e+00 -1.084223e-13
    outer loop
      vertex 1.772289e+01 -2.516950e+01 7.602744e+00
      vertex 2.375013e+01 -2.516949e+01 4.259549e-05
      vertex 1.739276e+01 -2.516950e+01 7.352226e+00
    endloop
  endfacet
  facet normal -6.837985e-07 1.000000e+00 -1.084223e-13
    outer loop
      vertex 1.739276e+01 -2.516950e+01 7.352226e+00
      vertex 2.375013e+01 -2.516949e+01 4.259549e-05
      vertex 1.700904e+01 -2.516950e+01 7.195687e+00
    endloop
  endfacet
  facet normal -6.837985e-07 1.000000e+00 -1.084223e-13
    outer loop
      vertex 1.700904e+01 -2.516950e+01 7.195687e+00
      vertex 2.375013e+01 -2.516949e+01 4.259549e-05
      vertex 1.659788e+01 -2.516950e+01 7.143797e+00
    endloop
  endfacet
  facet normal -6.837985e-07 1.000000e+00 -1.084223e-13
    outer loop
      vertex 2.375013e+01 -2.516949e+01 2.540004e+01
      vertex 1.813757e+01 -2.516950e+01 8.312189e+00
      vertex 1.819386e+01 -2.516950e+01 8.722769e+00
    endloop
  endfacet
  facet normal -6.837985e-07 1.000000e+00 -1.084223e-13
    outer loop
      vertex 2.375013e+01 -2.516949e+01 2.540004e+01
      vertex 1.819386e+01 -2.516950e+01 8.722769e+00
      vertex 1.814197e+01 -2.516950e+01 9.133928e+00
    endloop
  endfacet
  facet normal -6.837985e-07 1.000000e+00 -1.084223e-13
    outer loop
      vertex 2.375013e+01 -2.516949e+01 2.540004e+01
      vertex 1.814197e+01 -2.516950e+01 9.133928e+00
      vertex 1.798543e+01 -2.516950e+01 9.517647e+00
    endloop
  endfacet
  facet normal -6.837985e-07 1.000000e+00 -1.084223e-13
    outer loop
      vertex 2.375013e+01 -2.516949e+01 2.540004e+01
      vertex 1.798543e+01 -2.516950e+01 9.517647e+00
      vertex 1.773491e+01 -2.516950e+01 9.847776e+00
    endloop
  endfacet
  facet normal -6.837985e-07 1.000000e+00 -1.084223e-13
    outer loop
      vertex 2.375013e+01 -2.516949e+01 2.540004e+01
      vertex 1.773491e+01 -2.516950e+01 9.847776e+00
      vertex 1.740749e+01 -2.516950e+01 1.010182e+01
    endloop
  endfacet
  facet normal -6.837985e-07 1.000000e+00 -1.084223e-13
    outer loop
      vertex 2.375013e+01 -2.516949e+01 2.540004e+01
      vertex 1.740749e+01 -2.516950e+01 1.010182e+01
      vertex 1.702547e+01 -2.516950e+01 1.026246e+01
    endloop
  endfacet
  facet normal -6.837985e-07 1.000000e+00 -1.084223e-13
    outer loop
      vertex 2.375013e+01 -2.516949e+01 2.540004e+01
      vertex 1.702547e+01 -2.516950e+01 1.026246e+01
      vertex 1.661489e+01 -2.516950e+01 1.031875e+01
    endloop
  endfacet
  facet normal -6.837985e-07 1.000000e+00 -1.084223e-13
    outer loop
      vertex 2.375013e+01 -2.516949e+01 2.540004e+01
      vertex 1.661489e+01 -2.516950e+01 1.031875e+01
      vertex 1.770530e+01 -2.516950e+01 1.869812e+01
    endloop
  endfacet
  facet normal -6.837985e-07 1.000000e+00 -1.084223e-13
    outer loop
      vertex 1.770530e+01 -2.516950e+01 1.869812e+01
      vertex 1.661489e+01 -2.516950e+01 1.031875e+01
      vertex 1.737134e+01 -2.516950e+01 1.845274e+01
    endloop
  endfacet
  facet normal -6.837985e-07 1.000000e+00 -1.084223e-13
    outer loop
      vertex 1.737134e+01 -2.516950e+01 1.845274e+01
      vertex 1.661489e+01 -2.516950e+01 1.031875e+01
      vertex 1.698524e+01 -2.516950e+01 1.830216e+01
    endloop
  endfacet
  facet normal -6.837985e-07 1.000000e+00 -1.084223e-13
    outer loop
      vertex 1.698524e+01 -2.516950e+01 1.830216e+01
      vertex 1.661489e+01 -2.516950e+01 1.031875e+01
      vertex 1.657333e+01 -2.516950e+01 1.825663e+01
    endloop
  endfacet
  facet normal -6.837985e-07 1.000000e+00 -1.084223e-13
    outer loop
      vertex 1.657333e+01 -2.516950e+01 1.825663e+01
      vertex 1.661489e+01 -2.516950e+01 1.031875e+01
      vertex -5.626430e+00 -2.516951e+01 1.825628e+01
    endloop
  endfacet
  facet normal -6.837985e-07 1.000000e+00 -1.084223e-13
    outer loop
      vertex -5.626430e+00 -2.516951e+01 1.825628e+01
      vertex 1.661489e+01 -2.516950e+01 1.031875e+01
      vertex -1.673112e+01 -2.516952e+01 1.825625e+01
    endloop
  endfacet
  facet normal -6.837985e-07 1.000000e+00 -1.084223e-13
    outer loop
      vertex 2.375013e+01 -2.516949e+01 2.540004e+01
      vertex 1.770530e+01 -2.516950e+01 1.869812e+01
      vertex 1.796438e+01 -2.516950e+01 1.902158e+01
    endloop
  endfacet
  facet normal -6.837985e-07 1.000000e+00 -1.084223e-13
    outer loop
      vertex 2.375013e+01 -2.516949e+01 2.540004e+01
      vertex 1.796438e+01 -2.516950e+01 1.902158e+01
      vertex 1.813090e+01 -2.516950e+01 1.940107e+01
    endloop
  endfacet
  facet normal -6.837985e-07 1.000000e+00 -1.084223e-13
    outer loop
      vertex 2.375013e+01 -2.516949e+01 2.540004e+01
      vertex 1.813090e+01 -2.516950e+01 1.940107e+01
      vertex 1.819354e+01 -2.516950e+01 1.981073e+01
    endloop
  endfacet
  facet normal -6.837985e-07 1.000000e+00 -1.084223e-13
    outer loop
      vertex 2.375013e+01 -2.516949e+01 2.540004e+01
      vertex 1.819354e+01 -2.516950e+01 1.981073e+01
      vertex 1.814801e+01 -2.516950e+01 2.022265e+01
    endloop
  endfacet
  facet normal -6.837985e-07 1.000000e+00 -1.084223e-13
    outer loop
      vertex 2.375013e+01 -2.516949e+01 2.540004e+01
      vertex 1.814801e+01 -2.516950e+01 2.022265e+01
      vertex 1.799743e+01 -2.516950e+01 2.060874e+01
    endloop
  endfacet
  facet normal -6.837985e-07 1.000000e+00 -1.084223e-13
    outer loop
      vertex 2.375013e+01 -2.516949e+01 2.540004e+01
      vertex 1.799743e+01 -2.516950e+01 2.060874e+01
      vertex 1.775204e+01 -2.516950e+01 2.094270e+01
    endloop
  endfacet
  facet normal -6.837985e-07 1.000000e+00 -1.084223e-13
    outer loop
      vertex 2.375013e+01 -2.516949e+01 2.540004e+01
      vertex 1.775204e+01 -2.516950e+01 2.094270e+01
      vertex 1.742858e+01 -2.516950e+01 2.120178e+01
    endloop
  endfacet
  facet normal -6.837985e-07 1.000000e+00 -1.084223e-13
    outer loop
      vertex 2.375013e+01 -2.516949e+01 2.540004e+01
      vertex 1.742858e+01 -2.516950e+01 2.120178e+01
      vertex 1.704910e+01 -2.516950e+01 2.136830e+01
    endloop
  endfacet
  facet normal -6.837985e-07 1.000000e+00 -1.084223e-13
    outer loop
      vertex 2.375013e+01 -2.516949e+01 2.540004e+01
      vertex 1.704910e+01 -2.516950e+01 2.136830e+01
      vertex 1.663944e+01 -2.516950e+01 2.143094e+01
    endloop
  endfacet
  facet normal -6.837985e-07 1.000000e+00 -1.084223e-13
    outer loop
      vertex 2.375013e+01 -2.516949e+01 2.540004e+01
      vertex 1.663944e+01 -2.516950e+01 2.143094e+01
      vertex -5.610803e+00 -2.516951e+01 2.143125e+01
    endloop
  endfacet
  facet normal -6.837985e-07 1.000000e+00 -1.084223e-13
    outer loop
      vertex 2.375013e+01 -2.516949e+01 2.540004e+01
      vertex -5.610803e+00 -2.516951e+01 2.143125e+01
      vertex -1.673112e+01 -2.516952e+01 2.143125e+01
    endloop
  endfacet
  facet normal -6.837985e-07 1.000000e+00 -1.084223e-13
    outer loop
      vertex 2.375013e+01 -2.516949e+01 2.540004e+01
      vertex -1.673112e+01 -2.516952e+01 2.143125e+01
      vertex -2.385956e+01 -2.516952e+01 2.540000e+01
    endloop
  endfacet
  facet normal -6.837985e-07 1.000000e+00 -1.084223e-13
    outer loop
      vertex 5.591197e+00 -2.516950e+01 1.825926e+01
      vertex 1.616367e+01 -2.516950e+01 1.831926e+01
      vertex 1.657333e+01 -2.516950e+01 1.825663e+01
    endloop
  endfacet
  facet normal -6.837985e-07 1.000000e+00 -1.084223e-13
    outer loop
      vertex 1.616367e+01 -2.516950e+01 1.831926e+01
      vertex 5.591197e+00 -2.516950e+01 1.825926e+01
      vertex 5.997984e+00 -2.516950e+01 1.833844e+01
    endloop
  endfacet
  facet normal -6.837985e-07 1.000000e+00 -1.084223e-13
    outer loop
      vertex 1.616367e+01 -2.516950e+01 1.831926e+01
      vertex 5.997984e+00 -2.516950e+01 1.833844e+01
      vertex 1.578418e+01 -2.516950e+01 1.848579e+01
    endloop
  endfacet
  facet normal -6.837985e-07 1.000000e+00 -1.084223e-13
    outer loop
      vertex 1.578418e+01 -2.516950e+01 1.848579e+01
      vertex 5.997984e+00 -2.516950e+01 1.833844e+01
      vertex 6.370417e+00 -2.516950e+01 1.852020e+01
    endloop
  endfacet
  facet normal -6.837985e-07 1.000000e+00 -1.084223e-13
    outer loop
      vertex 1.578418e+01 -2.516950e+01 1.848579e+01
      vertex 6.370417e+00 -2.516950e+01 1.852020e+01
      vertex 1.546072e+01 -2.516950e+01 1.874487e+01
    endloop
  endfacet
  facet normal -6.837985e-07 1.000000e+00 -1.084223e-13
    outer loop
      vertex 1.546072e+01 -2.516950e+01 1.874487e+01
      vertex 6.370417e+00 -2.516950e+01 1.852020e+01
      vertex 6.683116e+00 -2.516950e+01 1.879216e+01
    endloop
  endfacet
  facet normal -6.837985e-07 1.000000e+00 -1.084223e-13
    outer loop
      vertex 1.546072e+01 -2.516950e+01 1.874487e+01
      vertex 6.683116e+00 -2.516950e+01 1.879216e+01
      vertex 1.521534e+01 -2.516950e+01 1.907883e+01
    endloop
  endfacet
  facet normal -6.837985e-07 1.000000e+00 -1.084223e-13
    outer loop
      vertex 1.521534e+01 -2.516950e+01 1.907883e+01
      vertex 6.683116e+00 -2.516950e+01 1.879216e+01
      vertex 6.914770e+00 -2.516950e+01 1.913579e+01
    endloop
  endfacet
  facet normal -6.837985e-07 1.000000e+00 -1.084223e-13
    outer loop
      vertex 1.521534e+01 -2.516950e+01 1.907883e+01
      vertex 6.914770e+00 -2.516950e+01 1.913579e+01
      vertex 1.506476e+01 -2.516950e+01 1.946492e+01
    endloop
  endfacet
  facet normal -6.837985e-07 1.000000e+00 -1.084223e-13
    outer loop
      vertex 1.506476e+01 -2.516950e+01 1.946492e+01
      vertex 6.914770e+00 -2.516950e+01 1.913579e+01
      vertex 7.049594e+00 -2.516950e+01 1.952767e+01
    endloop
  endfacet
  facet normal -6.837985e-07 1.000000e+00 -1.084223e-13
    outer loop
      vertex 1.506476e+01 -2.516950e+01 1.946492e+01
      vertex 7.049594e+00 -2.516950e+01 1.952767e+01
      vertex 1.501923e+01 -2.516950e+01 1.987683e+01
    endloop
  endfacet
  facet normal -6.837985e-07 1.000000e+00 -1.084223e-13
    outer loop
      vertex 1.501923e+01 -2.516950e+01 1.987683e+01
      vertex 7.049594e+00 -2.516950e+01 1.952767e+01
      vertex 7.078398e+00 -2.516950e+01 1.994109e+01
    endloop
  endfacet
  facet normal -6.837985e-07 1.000000e+00 -1.084223e-13
    outer loop
      vertex 1.501923e+01 -2.516950e+01 1.987683e+01
      vertex 7.078398e+00 -2.516950e+01 1.994109e+01
      vertex 1.508186e+01 -2.516950e+01 2.028650e+01
    endloop
  endfacet
  facet normal -6.837985e-07 1.000000e+00 -1.084223e-13
    outer loop
      vertex 1.508186e+01 -2.516950e+01 2.028650e+01
      vertex 7.078398e+00 -2.516950e+01 1.994109e+01
      vertex 6.999221e+00 -2.516950e+01 2.034787e+01
    endloop
  endfacet
  facet normal -6.837985e-07 1.000000e+00 -1.084223e-13
    outer loop
      vertex 1.508186e+01 -2.516950e+01 2.028650e+01
      vertex 6.999221e+00 -2.516950e+01 2.034787e+01
      vertex 1.524839e+01 -2.516950e+01 2.066599e+01
    endloop
  endfacet
  facet normal -6.837985e-07 1.000000e+00 -1.084223e-13
    outer loop
      vertex 1.524839e+01 -2.516950e+01 2.066599e+01
      vertex 6.999221e+00 -2.516950e+01 2.034787e+01
      vertex 6.817457e+00 -2.516950e+01 2.072031e+01
    endloop
  endfacet
  facet normal -6.837985e-07 1.000000e+00 -1.084223e-13
    outer loop
      vertex 1.524839e+01 -2.516950e+01 2.066599e+01
      vertex 6.817457e+00 -2.516950e+01 2.072031e+01
      vertex 1.550747e+01 -2.516950e+01 2.098944e+01
    endloop
  endfacet
  facet normal -6.837985e-07 1.000000e+00 -1.084223e-13
    outer loop
      vertex 1.550747e+01 -2.516950e+01 2.098944e+01
      vertex 6.817457e+00 -2.516950e+01 2.072031e+01
      vertex 6.545494e+00 -2.516950e+01 2.103301e+01
    endloop
  endfacet
  facet normal -6.837985e-07 1.000000e+00 -1.084223e-13
    outer loop
      vertex 1.550747e+01 -2.516950e+01 2.098944e+01
      vertex 6.545494e+00 -2.516950e+01 2.103301e+01
      vertex 1.584143e+01 -2.516950e+01 2.123483e+01
    endloop
  endfacet
  facet normal -6.837985e-07 1.000000e+00 -1.084223e-13
    outer loop
      vertex 1.584143e+01 -2.516950e+01 2.123483e+01
      vertex 6.545494e+00 -2.516950e+01 2.103301e+01
      vertex 6.201865e+00 -2.516950e+01 2.126466e+01
    endloop
  endfacet
  facet normal -6.837985e-07 1.000000e+00 -1.084223e-13
    outer loop
      vertex 1.584143e+01 -2.516950e+01 2.123483e+01
      vertex 6.201865e+00 -2.516950e+01 2.126466e+01
      vertex 1.622752e+01 -2.516950e+01 2.138541e+01
    endloop
  endfacet
  facet normal -6.837985e-07 1.000000e+00 -1.084223e-13
    outer loop
      vertex 1.622752e+01 -2.516950e+01 2.138541e+01
      vertex 6.201865e+00 -2.516950e+01 2.126466e+01
      vertex 5.809989e+00 -2.516950e+01 2.139948e+01
    endloop
  endfacet
  facet normal -6.837985e-07 1.000000e+00 -1.084223e-13
    outer loop
      vertex 1.622752e+01 -2.516950e+01 2.138541e+01
      vertex 5.809989e+00 -2.516950e+01 2.139948e+01
      vertex 1.663944e+01 -2.516950e+01 2.143094e+01
    endloop
  endfacet
  facet normal -6.837985e-07 1.000000e+00 -1.084223e-13
    outer loop
      vertex 1.663944e+01 -2.516950e+01 2.143094e+01
      vertex 5.809989e+00 -2.516950e+01 2.139948e+01
      vertex 5.396570e+00 -2.516950e+01 2.142829e+01
    endloop
  endfacet
  facet normal -6.837985e-07 1.000000e+00 -1.084223e-13
    outer loop
      vertex -5.136669e+00 -2.516951e+01 7.218690e+00
      vertex 5.596129e+00 -2.516950e+01 7.147070e+00
      vertex -5.544574e+00 -2.516951e+01 7.145492e+00
    endloop
  endfacet
  facet normal -6.837985e-07 1.000000e+00 -1.084223e-13
    outer loop
      vertex 5.596129e+00 -2.516950e+01 7.147070e+00
      vertex -5.136669e+00 -2.516951e+01 7.218690e+00
      vertex 5.182623e+00 -2.516950e+01 7.174587e+00
    endloop
  endfacet
  facet normal -6.837985e-07 1.000000e+00 -1.084223e-13
    outer loop
      vertex 5.182623e+00 -2.516950e+01 7.174587e+00
      vertex -5.136669e+00 -2.516951e+01 7.218690e+00
      vertex 4.790329e+00 -2.516950e+01 7.308190e+00
    endloop
  endfacet
  facet normal -6.837985e-07 1.000000e+00 -1.084223e-13
    outer loop
      vertex 4.790329e+00 -2.516950e+01 7.308190e+00
      vertex -5.136669e+00 -2.516951e+01 7.218690e+00
      vertex -4.761608e+00 -2.516951e+01 7.394967e+00
    endloop
  endfacet
  facet normal -6.837985e-07 1.000000e+00 -1.084223e-13
    outer loop
      vertex 4.790329e+00 -2.516950e+01 7.308190e+00
      vertex -4.761608e+00 -2.516951e+01 7.394967e+00
      vertex 4.445981e+00 -2.516950e+01 7.538775e+00
    endloop
  endfacet
  facet normal -6.837985e-07 1.000000e+00 -1.084223e-13
    outer loop
      vertex 4.445981e+00 -2.516950e+01 7.538775e+00
      vertex -4.761608e+00 -2.516951e+01 7.394967e+00
      vertex -4.444950e+00 -2.516951e+01 7.662310e+00
    endloop
  endfacet
  facet normal -6.837985e-07 1.000000e+00 -1.084223e-13
    outer loop
      vertex 4.445981e+00 -2.516950e+01 7.538775e+00
      vertex -4.444950e+00 -2.516951e+01 7.662310e+00
      vertex 4.173045e+00 -2.516950e+01 7.850626e+00
    endloop
  endfacet
  facet normal -6.837985e-07 1.000000e+00 -1.084223e-13
    outer loop
      vertex 4.173045e+00 -2.516950e+01 7.850626e+00
      vertex -4.444950e+00 -2.516951e+01 7.662310e+00
      vertex -4.208276e+00 -2.516951e+01 8.002501e+00
    endloop
  endfacet
  facet normal -6.837985e-07 1.000000e+00 -1.084223e-13
    outer loop
      vertex 4.173045e+00 -2.516950e+01 7.850626e+00
      vertex -4.208276e+00 -2.516951e+01 8.002501e+00
      vertex 3.990123e+00 -2.516950e+01 8.222491e+00
    endloop
  endfacet
  facet normal -6.837985e-07 1.000000e+00 -1.084223e-13
    outer loop
      vertex 3.990123e+00 -2.516950e+01 8.222491e+00
      vertex -4.208276e+00 -2.516951e+01 8.002501e+00
      vertex -4.067714e+00 -2.516951e+01 8.392356e+00
    endloop
  endfacet
  facet normal -6.837985e-07 1.000000e+00 -1.084223e-13
    outer loop
      vertex 3.990123e+00 -2.516950e+01 8.222491e+00
      vertex -4.067714e+00 -2.516951e+01 8.392356e+00
      vertex 3.909680e+00 -2.516950e+01 8.629029e+00
    endloop
  endfacet
  facet normal -6.837985e-07 1.000000e+00 -1.084223e-13
    outer loop
      vertex 3.909680e+00 -2.516950e+01 8.629029e+00
      vertex -4.067714e+00 -2.516951e+01 8.392356e+00
      vertex -4.032844e+00 -2.516951e+01 8.805307e+00
    endloop
  endfacet
  facet normal -6.837985e-07 1.000000e+00 -1.084223e-13
    outer loop
      vertex 3.909680e+00 -2.516950e+01 8.629029e+00
      vertex -4.032844e+00 -2.516951e+01 8.805307e+00
      vertex 3.937197e+00 -2.516950e+01 9.042535e+00
    endloop
  endfacet
  facet normal -6.837985e-07 1.000000e+00 -1.084223e-13
    outer loop
      vertex 3.937197e+00 -2.516950e+01 9.042535e+00
      vertex -4.032844e+00 -2.516951e+01 8.805307e+00
      vertex -4.106042e+00 -2.516951e+01 9.213212e+00
    endloop
  endfacet
  facet normal -6.837985e-07 1.000000e+00 -1.084223e-13
    outer loop
      vertex 3.937197e+00 -2.516950e+01 9.042535e+00
      vertex -4.106042e+00 -2.516951e+01 9.213212e+00
      vertex 4.070800e+00 -2.516950e+01 9.434829e+00
    endloop
  endfacet
  facet normal -6.837985e-07 1.000000e+00 -1.084223e-13
    outer loop
      vertex 4.070800e+00 -2.516950e+01 9.434829e+00
      vertex -4.106042e+00 -2.516951e+01 9.213212e+00
      vertex -4.282319e+00 -2.516951e+01 9.588273e+00
    endloop
  endfacet
  facet normal -6.837985e-07 1.000000e+00 -1.084223e-13
    outer loop
      vertex 4.070800e+00 -2.516950e+01 9.434829e+00
      vertex -4.282319e+00 -2.516951e+01 9.588273e+00
      vertex 4.301384e+00 -2.516950e+01 9.779177e+00
    endloop
  endfacet
  facet normal -6.837985e-07 1.000000e+00 -1.084223e-13
    outer loop
      vertex 4.301384e+00 -2.516950e+01 9.779177e+00
      vertex -4.282319e+00 -2.516951e+01 9.588273e+00
      vertex -4.549662e+00 -2.516951e+01 9.904931e+00
    endloop
  endfacet
  facet normal -6.837985e-07 1.000000e+00 -1.084223e-13
    outer loop
      vertex 4.301384e+00 -2.516950e+01 9.779177e+00
      vertex -4.549662e+00 -2.516951e+01 9.904931e+00
      vertex 4.613235e+00 -2.516950e+01 1.005211e+01
    endloop
  endfacet
  facet normal -6.837985e-07 1.000000e+00 -1.084223e-13
    outer loop
      vertex 4.613235e+00 -2.516950e+01 1.005211e+01
      vertex -4.549662e+00 -2.516951e+01 9.904931e+00
      vertex -4.889853e+00 -2.516951e+01 1.014161e+01
    endloop
  endfacet
  facet normal -6.837985e-07 1.000000e+00 -1.084223e-13
    outer loop
      vertex 4.613235e+00 -2.516950e+01 1.005211e+01
      vertex -4.889853e+00 -2.516951e+01 1.014161e+01
      vertex 4.985100e+00 -2.516950e+01 1.023503e+01
    endloop
  endfacet
  facet normal -6.837985e-07 1.000000e+00 -1.084223e-13
    outer loop
      vertex 4.985100e+00 -2.516950e+01 1.023503e+01
      vertex -4.889853e+00 -2.516951e+01 1.014161e+01
      vertex -5.279708e+00 -2.516951e+01 1.028217e+01
    endloop
  endfacet
  facet normal -6.837985e-07 1.000000e+00 -1.084223e-13
    outer loop
      vertex 4.985100e+00 -2.516950e+01 1.023503e+01
      vertex -5.279708e+00 -2.516951e+01 1.028217e+01
      vertex 5.391639e+00 -2.516950e+01 1.031548e+01
    endloop
  endfacet
  facet normal -6.837985e-07 1.000000e+00 -1.084223e-13
    outer loop
      vertex 5.391639e+00 -2.516950e+01 1.031548e+01
      vertex -5.279708e+00 -2.516951e+01 1.028217e+01
      vertex -5.692659e+00 -2.516951e+01 1.031704e+01
    endloop
  endfacet
  facet normal -6.837985e-07 1.000000e+00 -1.084223e-13
    outer loop
      vertex 1.659788e+01 -2.516950e+01 7.143797e+00
      vertex 5.596129e+00 -2.516950e+01 7.147070e+00
      vertex 1.618730e+01 -2.516950e+01 7.200090e+00
    endloop
  endfacet
  facet normal -6.837985e-07 1.000000e+00 -1.084223e-13
    outer loop
      vertex 5.596129e+00 -2.516950e+01 7.147070e+00
      vertex 1.659788e+01 -2.516950e+01 7.143797e+00
      vertex -5.544574e+00 -2.516951e+01 7.145492e+00
    endloop
  endfacet
  facet normal -6.837985e-07 1.000000e+00 -1.084223e-13
    outer loop
      vertex 1.618730e+01 -2.516950e+01 7.200090e+00
      vertex 5.596129e+00 -2.516950e+01 7.147070e+00
      vertex 6.002667e+00 -2.516950e+01 7.227514e+00
    endloop
  endfacet
  facet normal -6.837985e-07 1.000000e+00 -1.084223e-13
    outer loop
      vertex 1.618730e+01 -2.516950e+01 7.200090e+00
      vertex 6.002667e+00 -2.516950e+01 7.227514e+00
      vertex 1.580528e+01 -2.516950e+01 7.360732e+00
    endloop
  endfacet
  facet normal -6.837985e-07 1.000000e+00 -1.084223e-13
    outer loop
      vertex 1.580528e+01 -2.516950e+01 7.360732e+00
      vertex 6.002667e+00 -2.516950e+01 7.227514e+00
      vertex 6.374533e+00 -2.516950e+01 7.410436e+00
    endloop
  endfacet
  facet normal -6.837985e-07 1.000000e+00 -1.084223e-13
    outer loop
      vertex 1.580528e+01 -2.516950e+01 7.360732e+00
      vertex 6.374533e+00 -2.516950e+01 7.410436e+00
      vertex 1.547785e+01 -2.516950e+01 7.614772e+00
    endloop
  endfacet
  facet normal -6.837985e-07 1.000000e+00 -1.084223e-13
    outer loop
      vertex 1.547785e+01 -2.516950e+01 7.614772e+00
      vertex 6.374533e+00 -2.516950e+01 7.410436e+00
      vertex 6.686383e+00 -2.516950e+01 7.683371e+00
    endloop
  endfacet
  facet normal -6.837985e-07 1.000000e+00 -1.084223e-13
    outer loop
      vertex 1.547785e+01 -2.516950e+01 7.614772e+00
      vertex 6.686383e+00 -2.516950e+01 7.683371e+00
      vertex 1.522733e+01 -2.516950e+01 7.944901e+00
    endloop
  endfacet
  facet normal -6.837985e-07 1.000000e+00 -1.084223e-13
    outer loop
      vertex 1.522733e+01 -2.516950e+01 7.944901e+00
      vertex 6.686383e+00 -2.516950e+01 7.683371e+00
      vertex 6.916967e+00 -2.516950e+01 8.027719e+00
    endloop
  endfacet
  facet normal -6.837985e-07 1.000000e+00 -1.084223e-13
    outer loop
      vertex 1.522733e+01 -2.516950e+01 7.944901e+00
      vertex 6.916967e+00 -2.516950e+01 8.027719e+00
      vertex 1.507080e+01 -2.516950e+01 8.328621e+00
    endloop
  endfacet
  facet normal -6.837985e-07 1.000000e+00 -1.084223e-13
    outer loop
      vertex 1.507080e+01 -2.516950e+01 8.328621e+00
      vertex 6.916967e+00 -2.516950e+01 8.027719e+00
      vertex 7.050570e+00 -2.516950e+01 8.420013e+00
    endloop
  endfacet
  facet normal -6.837985e-07 1.000000e+00 -1.084223e-13
    outer loop
      vertex 1.507080e+01 -2.516950e+01 8.328621e+00
      vertex 7.050570e+00 -2.516950e+01 8.420013e+00
      vertex 1.501891e+01 -2.516950e+01 8.739780e+00
    endloop
  endfacet
  facet normal -6.837985e-07 1.000000e+00 -1.084223e-13
    outer loop
      vertex 1.501891e+01 -2.516950e+01 8.739780e+00
      vertex 7.050570e+00 -2.516950e+01 8.420013e+00
      vertex 7.078088e+00 -2.516950e+01 8.833520e+00
    endloop
  endfacet
  facet normal -6.837985e-07 1.000000e+00 -1.084223e-13
    outer loop
      vertex 1.501891e+01 -2.516950e+01 8.739780e+00
      vertex 7.078088e+00 -2.516950e+01 8.833520e+00
      vertex 1.507520e+01 -2.516950e+01 9.150359e+00
    endloop
  endfacet
  facet normal -6.837985e-07 1.000000e+00 -1.084223e-13
    outer loop
      vertex 1.507520e+01 -2.516950e+01 9.150359e+00
      vertex 7.078088e+00 -2.516950e+01 8.833520e+00
      vertex 6.997644e+00 -2.516950e+01 9.240058e+00
    endloop
  endfacet
  facet normal -6.837985e-07 1.000000e+00 -1.084223e-13
    outer loop
      vertex 1.507520e+01 -2.516950e+01 9.150359e+00
      vertex 6.997644e+00 -2.516950e+01 9.240058e+00
      vertex 1.523584e+01 -2.516950e+01 9.532379e+00
    endloop
  endfacet
  facet normal -6.837985e-07 1.000000e+00 -1.084223e-13
    outer loop
      vertex 1.523584e+01 -2.516950e+01 9.532379e+00
      vertex 6.997644e+00 -2.516950e+01 9.240058e+00
      vertex 6.814722e+00 -2.516950e+01 9.611923e+00
    endloop
  endfacet
  facet normal -6.837985e-07 1.000000e+00 -1.084223e-13
    outer loop
      vertex 1.523584e+01 -2.516950e+01 9.532379e+00
      vertex 6.814722e+00 -2.516950e+01 9.611923e+00
      vertex 1.548988e+01 -2.516950e+01 9.859805e+00
    endloop
  endfacet
  facet normal -6.837985e-07 1.000000e+00 -1.084223e-13
    outer loop
      vertex 1.548988e+01 -2.516950e+01 9.859805e+00
      vertex 6.814722e+00 -2.516950e+01 9.611923e+00
      vertex 6.541787e+00 -2.516950e+01 9.923774e+00
    endloop
  endfacet
  facet normal -6.837985e-07 1.000000e+00 -1.084223e-13
    outer loop
      vertex 1.548988e+01 -2.516950e+01 9.859805e+00
      vertex 6.541787e+00 -2.516950e+01 9.923774e+00
      vertex 1.582001e+01 -2.516950e+01 1.011032e+01
    endloop
  endfacet
  facet normal -6.837985e-07 1.000000e+00 -1.084223e-13
    outer loop
      vertex 1.582001e+01 -2.516950e+01 1.011032e+01
      vertex 6.541787e+00 -2.516950e+01 9.923774e+00
      vertex 6.197439e+00 -2.516950e+01 1.015436e+01
    endloop
  endfacet
  facet normal -6.837985e-07 1.000000e+00 -1.084223e-13
    outer loop
      vertex 1.582001e+01 -2.516950e+01 1.011032e+01
      vertex 6.197439e+00 -2.516950e+01 1.015436e+01
      vertex 1.620373e+01 -2.516950e+01 1.026686e+01
    endloop
  endfacet
  facet normal -6.837985e-07 1.000000e+00 -1.084223e-13
    outer loop
      vertex 1.620373e+01 -2.516950e+01 1.026686e+01
      vertex 6.197439e+00 -2.516950e+01 1.015436e+01
      vertex 5.805144e+00 -2.516950e+01 1.028796e+01
    endloop
  endfacet
  facet normal -6.837985e-07 1.000000e+00 -1.084223e-13
    outer loop
      vertex 1.620373e+01 -2.516950e+01 1.026686e+01
      vertex 5.805144e+00 -2.516950e+01 1.028796e+01
      vertex 1.661489e+01 -2.516950e+01 1.031875e+01
    endloop
  endfacet
  facet normal -6.837985e-07 1.000000e+00 -1.084223e-13
    outer loop
      vertex 1.661489e+01 -2.516950e+01 1.031875e+01
      vertex 5.805144e+00 -2.516950e+01 1.028796e+01
      vertex 5.391639e+00 -2.516950e+01 1.031548e+01
    endloop
  endfacet
  facet normal -6.837985e-07 1.000000e+00 -1.084223e-13
    outer loop
      vertex 1.661489e+01 -2.516950e+01 1.031875e+01
      vertex 5.391639e+00 -2.516950e+01 1.031548e+01
      vertex -5.692659e+00 -2.516951e+01 1.031704e+01
    endloop
  endfacet
  facet normal -6.837985e-07 1.000000e+00 -1.084223e-13
    outer loop
      vertex -1.692875e+01 -2.516952e+01 7.156105e+00
      vertex -5.957525e+00 -2.516951e+01 7.180362e+00
      vertex -5.544574e+00 -2.516951e+01 7.145492e+00
    endloop
  endfacet
  facet normal -6.837985e-07 1.000000e+00 -1.084223e-13
    outer loop
      vertex -5.957525e+00 -2.516951e+01 7.180362e+00
      vertex -1.692875e+01 -2.516952e+01 7.156105e+00
      vertex -1.651434e+01 -2.516952e+01 7.158626e+00
    endloop
  endfacet
  facet normal -6.837985e-07 1.000000e+00 -1.084223e-13
    outer loop
      vertex -5.957525e+00 -2.516951e+01 7.180362e+00
      vertex -1.651434e+01 -2.516952e+01 7.158626e+00
      vertex -1.611470e+01 -2.516952e+01 7.268318e+00
    endloop
  endfacet
  facet normal -6.837985e-07 1.000000e+00 -1.084223e-13
    outer loop
      vertex -5.957525e+00 -2.516951e+01 7.180362e+00
      vertex -1.611470e+01 -2.516952e+01 7.268318e+00
      vertex -6.347380e+00 -2.516951e+01 7.320924e+00
    endloop
  endfacet
  facet normal -6.837985e-07 1.000000e+00 -1.084223e-13
    outer loop
      vertex -6.347380e+00 -2.516951e+01 7.320924e+00
      vertex -1.611470e+01 -2.516952e+01 7.268318e+00
      vertex -1.575707e+01 -2.516952e+01 7.477707e+00
    endloop
  endfacet
  facet normal -6.837985e-07 1.000000e+00 -1.084223e-13
    outer loop
      vertex -6.347380e+00 -2.516951e+01 7.320924e+00
      vertex -1.575707e+01 -2.516952e+01 7.477707e+00
      vertex -6.687571e+00 -2.516951e+01 7.557598e+00
    endloop
  endfacet
  facet normal -6.837985e-07 1.000000e+00 -1.084223e-13
    outer loop
      vertex -6.687571e+00 -2.516951e+01 7.557598e+00
      vertex -1.575707e+01 -2.516952e+01 7.477707e+00
      vertex -1.546581e+01 -2.516952e+01 7.772523e+00
    endloop
  endfacet
  facet normal -6.837985e-07 1.000000e+00 -1.084223e-13
    outer loop
      vertex -6.687571e+00 -2.516951e+01 7.557598e+00
      vertex -1.546581e+01 -2.516952e+01 7.772523e+00
      vertex -6.954914e+00 -2.516951e+01 7.874255e+00
    endloop
  endfacet
  facet normal -6.837985e-07 1.000000e+00 -1.084223e-13
    outer loop
      vertex -6.954914e+00 -2.516951e+01 7.874255e+00
      vertex -1.546581e+01 -2.516952e+01 7.772523e+00
      vertex -1.526079e+01 -2.516952e+01 8.132675e+00
    endloop
  endfacet
  facet normal -6.837985e-07 1.000000e+00 -1.084223e-13
    outer loop
      vertex -6.954914e+00 -2.516951e+01 7.874255e+00
      vertex -1.526079e+01 -2.516952e+01 8.132675e+00
      vertex -7.131191e+00 -2.516951e+01 8.249317e+00
    endloop
  endfacet
  facet normal -6.837985e-07 1.000000e+00 -1.084223e-13
    outer loop
      vertex -7.131191e+00 -2.516951e+01 8.249317e+00
      vertex -1.526079e+01 -2.516952e+01 8.132675e+00
      vertex -1.515597e+01 -2.516952e+01 8.533620e+00
    endloop
  endfacet
  facet normal -6.837985e-07 1.000000e+00 -1.084223e-13
    outer loop
      vertex -7.131191e+00 -2.516951e+01 8.249317e+00
      vertex -1.515597e+01 -2.516952e+01 8.533620e+00
      vertex -7.204389e+00 -2.516951e+01 8.657222e+00
    endloop
  endfacet
  facet normal -6.837985e-07 1.000000e+00 -1.084223e-13
    outer loop
      vertex -7.204389e+00 -2.516951e+01 8.657222e+00
      vertex -1.515597e+01 -2.516952e+01 8.533620e+00
      vertex -1.515849e+01 -2.516952e+01 8.948033e+00
    endloop
  endfacet
  facet normal -6.837985e-07 1.000000e+00 -1.084223e-13
    outer loop
      vertex -7.204389e+00 -2.516951e+01 8.657222e+00
      vertex -1.515849e+01 -2.516952e+01 8.948033e+00
      vertex -7.169519e+00 -2.516951e+01 9.070173e+00
    endloop
  endfacet
  facet normal -6.837985e-07 1.000000e+00 -1.084223e-13
    outer loop
      vertex -7.169519e+00 -2.516951e+01 9.070173e+00
      vertex -1.515849e+01 -2.516952e+01 8.948033e+00
      vertex -1.526818e+01 -2.516952e+01 9.347673e+00
    endloop
  endfacet
  facet normal -6.837985e-07 1.000000e+00 -1.084223e-13
    outer loop
      vertex -7.169519e+00 -2.516951e+01 9.070173e+00
      vertex -1.526818e+01 -2.516952e+01 9.347673e+00
      vertex -7.028957e+00 -2.516951e+01 9.460028e+00
    endloop
  endfacet
  facet normal -6.837985e-07 1.000000e+00 -1.084223e-13
    outer loop
      vertex -7.028957e+00 -2.516951e+01 9.460028e+00
      vertex -1.526818e+01 -2.516952e+01 9.347673e+00
      vertex -1.547757e+01 -2.516952e+01 9.705305e+00
    endloop
  endfacet
  facet normal -6.837985e-07 1.000000e+00 -1.084223e-13
    outer loop
      vertex -7.028957e+00 -2.516951e+01 9.460028e+00
      vertex -1.547757e+01 -2.516952e+01 9.705305e+00
      vertex -6.792283e+00 -2.516951e+01 9.800219e+00
    endloop
  endfacet
  facet normal -6.837985e-07 1.000000e+00 -1.084223e-13
    outer loop
      vertex -6.792283e+00 -2.516951e+01 9.800219e+00
      vertex -1.547757e+01 -2.516952e+01 9.705305e+00
      vertex -1.577238e+01 -2.516952e+01 9.996557e+00
    endloop
  endfacet
  facet normal -6.837985e-07 1.000000e+00 -1.084223e-13
    outer loop
      vertex -6.792283e+00 -2.516951e+01 9.800219e+00
      vertex -1.577238e+01 -2.516952e+01 9.996557e+00
      vertex -6.475625e+00 -2.516951e+01 1.006756e+01
    endloop
  endfacet
  facet normal -6.837985e-07 1.000000e+00 -1.084223e-13
    outer loop
      vertex -6.475625e+00 -2.516951e+01 1.006756e+01
      vertex -1.577238e+01 -2.516952e+01 9.996557e+00
      vertex -1.613254e+01 -2.516952e+01 1.020158e+01
    endloop
  endfacet
  facet normal -6.837985e-07 1.000000e+00 -1.084223e-13
    outer loop
      vertex -6.475625e+00 -2.516951e+01 1.006756e+01
      vertex -1.613254e+01 -2.516952e+01 1.020158e+01
      vertex -6.100564e+00 -2.516951e+01 1.024384e+01
    endloop
  endfacet
  facet normal -6.837985e-07 1.000000e+00 -1.084223e-13
    outer loop
      vertex -6.100564e+00 -2.516951e+01 1.024384e+01
      vertex -1.613254e+01 -2.516952e+01 1.020158e+01
      vertex -1.653348e+01 -2.516952e+01 1.030640e+01
    endloop
  endfacet
  facet normal -6.837985e-07 1.000000e+00 -1.084223e-13
    outer loop
      vertex -6.100564e+00 -2.516951e+01 1.024384e+01
      vertex -1.653348e+01 -2.516952e+01 1.030640e+01
      vertex -5.692659e+00 -2.516951e+01 1.031704e+01
    endloop
  endfacet
  facet normal 0.000000e+00 6.858765e-01 7.277179e-01
    outer loop
      vertex 2.692485e+01 2.721801e+01 2.540004e+01
      vertex 2.374985e+01 3.199510e+01 2.089762e+01
      vertex 2.374985e+01 2.721801e+01 2.540004e+01
    endloop
  endfacet
  facet normal 0.000000e+00 6.858765e-01 7.277179e-01
    outer loop
      vertex 2.374985e+01 3.199510e+01 2.089762e+01
      vertex 2.692485e+01 2.721801e+01 2.540004e+01
      vertex 2.692485e+01 3.199510e+01 2.089762e+01
    endloop
  endfacet
  facet normal 0.000000e+00 7.245933e-01 -6.891767e-01
    outer loop
      vertex 2.374985e+01 3.199510e+01 5.022623e+00
      vertex 2.692485e+01 2.721801e+01 4.259901e-05
      vertex 2.374985e+01 2.721801e+01 4.259901e-05
    endloop
  endfacet
  facet normal 0.000000e+00 7.245933e-01 -6.891767e-01
    outer loop
      vertex 2.692485e+01 2.721801e+01 4.259901e-05
      vertex 2.374985e+01 3.199510e+01 5.022623e+00
      vertex 2.692485e+01 3.199510e+01 5.022623e+00
    endloop
  endfacet
  facet normal -1.000000e+00 -4.917884e-06 1.474969e-10
    outer loop
      vertex -2.704987e+01 -2.273418e+01 1.943291e+01
      vertex -2.704987e+01 -2.278233e+01 8.868528e+00
      vertex -2.704987e+01 -2.278827e+01 1.984379e+01
    endloop
  endfacet
  facet normal -1.000000e+00 -4.917884e-06 1.474969e-10
    outer loop
      vertex -2.704987e+01 -2.278233e+01 8.868528e+00
      vertex -2.704987e+01 -2.273418e+01 1.943291e+01
      vertex -2.704987e+01 -2.269292e+01 9.273189e+00
    endloop
  endfacet
  facet normal -1.000000e+00 -4.917884e-06 1.474969e-10
    outer loop
      vertex -2.704987e+01 -2.269292e+01 9.273189e+00
      vertex -2.704987e+01 -2.273418e+01 1.943291e+01
      vertex -2.704987e+01 -2.257559e+01 1.905004e+01
    endloop
  endfacet
  facet normal -1.000000e+00 -4.917884e-06 1.474969e-10
    outer loop
      vertex -2.704987e+01 -2.269292e+01 9.273189e+00
      vertex -2.704987e+01 -2.257559e+01 1.905004e+01
      vertex -2.704987e+01 -2.250182e+01 9.640920e+00
    endloop
  endfacet
  facet normal -1.000000e+00 -4.917884e-06 1.474969e-10
    outer loop
      vertex -2.704987e+01 -2.250182e+01 9.640920e+00
      vertex -2.704987e+01 -2.257559e+01 1.905004e+01
      vertex -2.704987e+01 -2.232331e+01 1.872126e+01
    endloop
  endfacet
  facet normal -1.000000e+00 -4.917884e-06 1.474969e-10
    outer loop
      vertex -2.704987e+01 -2.250182e+01 9.640920e+00
      vertex -2.704987e+01 -2.232331e+01 1.872126e+01
      vertex -2.704987e+01 -2.222206e+01 9.946661e+00
    endloop
  endfacet
  facet normal -1.000000e+00 -4.917884e-06 1.474969e-10
    outer loop
      vertex -2.704987e+01 -2.222206e+01 9.946661e+00
      vertex -2.704987e+01 -2.232331e+01 1.872126e+01
      vertex -2.704987e+01 -2.199452e+01 1.846897e+01
    endloop
  endfacet
  facet normal -1.000000e+00 -4.917884e-06 1.474969e-10
    outer loop
      vertex -2.704987e+01 -2.222206e+01 9.946661e+00
      vertex -2.704987e+01 -2.199452e+01 1.846897e+01
      vertex -2.704987e+01 -2.187270e+01 1.016958e+01
    endloop
  endfacet
  facet normal -1.000000e+00 -4.917884e-06 1.474969e-10
    outer loop
      vertex -2.704987e+01 -2.187270e+01 1.016958e+01
      vertex -2.704987e+01 -2.199452e+01 1.846897e+01
      vertex -2.704987e+01 -2.161165e+01 1.831038e+01
    endloop
  endfacet
  facet normal -1.000000e+00 -4.917884e-06 1.474969e-10
    outer loop
      vertex -2.704987e+01 -2.187270e+01 1.016958e+01
      vertex -2.704987e+01 -2.161165e+01 1.831038e+01
      vertex -2.704987e+01 -2.147755e+01 1.029447e+01
    endloop
  endfacet
  facet normal -1.000000e+00 -4.917884e-06 1.474969e-10
    outer loop
      vertex -2.704987e+01 -2.147755e+01 1.029447e+01
      vertex -2.704987e+01 -2.161165e+01 1.831038e+01
      vertex -2.704987e+01 -2.120077e+01 1.825629e+01
    endloop
  endfacet
  facet normal -1.000000e+00 -4.917884e-06 1.474969e-10
    outer loop
      vertex -2.704987e+01 -2.147755e+01 1.029447e+01
      vertex -2.704987e+01 -2.120077e+01 1.825629e+01
      vertex -2.704987e+01 -2.106353e+01 1.031285e+01
    endloop
  endfacet
  facet normal -1.000000e+00 -4.917884e-06 1.474969e-10
    outer loop
      vertex -2.704987e+01 -2.106353e+01 1.031285e+01
      vertex -2.704987e+01 -2.120077e+01 1.825629e+01
      vertex -2.704987e+01 -2.078990e+01 1.831038e+01
    endloop
  endfacet
  facet normal -1.000000e+00 -4.917884e-06 1.474969e-10
    outer loop
      vertex -2.704987e+01 -2.106353e+01 1.031285e+01
      vertex -2.704987e+01 -2.078990e+01 1.831038e+01
      vertex -2.704987e+01 -2.065887e+01 1.022343e+01
    endloop
  endfacet
  facet normal -1.000000e+00 -4.917884e-06 1.474969e-10
    outer loop
      vertex -2.704987e+01 -2.065887e+01 1.022343e+01
      vertex -2.704987e+01 -2.078990e+01 1.831038e+01
      vertex -2.704987e+01 -2.040702e+01 1.846897e+01
    endloop
  endfacet
  facet normal -1.000000e+00 -4.917884e-06 1.474969e-10
    outer loop
      vertex -2.704987e+01 -2.065887e+01 1.022343e+01
      vertex -2.704987e+01 -2.040702e+01 1.846897e+01
      vertex -2.704987e+01 -2.029114e+01 1.003234e+01
    endloop
  endfacet
  facet normal -1.000000e+00 -4.917884e-06 1.474969e-10
    outer loop
      vertex -2.704987e+01 -2.029114e+01 1.003234e+01
      vertex -2.704987e+01 -2.040702e+01 1.846897e+01
      vertex -2.704987e+01 -2.007824e+01 1.872126e+01
    endloop
  endfacet
  facet normal -1.000000e+00 -4.917884e-06 1.474969e-10
    outer loop
      vertex -2.704987e+01 -2.029114e+01 1.003234e+01
      vertex -2.704987e+01 -2.007824e+01 1.872126e+01
      vertex -2.704987e+01 -1.998540e+01 9.752575e+00
    endloop
  endfacet
  facet normal -1.000000e+00 -4.917884e-06 1.474969e-10
    outer loop
      vertex -2.704987e+01 -1.998540e+01 9.752575e+00
      vertex -2.704987e+01 -2.007824e+01 1.872126e+01
      vertex -2.704987e+01 -1.982596e+01 1.905004e+01
    endloop
  endfacet
  facet normal -1.000000e+00 -4.917884e-06 1.474969e-10
    outer loop
      vertex -2.704987e+01 -1.998540e+01 9.752575e+00
      vertex -2.704987e+01 -1.982596e+01 1.905004e+01
      vertex -2.704987e+01 -1.976249e+01 9.403213e+00
    endloop
  endfacet
  facet normal -1.000000e+00 -4.917884e-06 1.474969e-10
    outer loop
      vertex -2.704987e+01 -1.976249e+01 9.403213e+00
      vertex -2.704987e+01 -1.982596e+01 1.905004e+01
      vertex -2.704987e+01 -1.966737e+01 1.943291e+01
    endloop
  endfacet
  facet normal -1.000000e+00 -4.917884e-06 1.474969e-10
    outer loop
      vertex -2.704987e+01 -1.976249e+01 9.403213e+00
      vertex -2.704987e+01 -1.966737e+01 1.943291e+01
      vertex -2.704987e+01 -1.963759e+01 9.008062e+00
    endloop
  endfacet
  facet normal -1.000000e+00 -4.917884e-06 1.474969e-10
    outer loop
      vertex -2.704987e+01 -1.963759e+01 9.008062e+00
      vertex -2.704987e+01 -1.966737e+01 1.943291e+01
      vertex -2.704987e+01 -1.961327e+01 1.984379e+01
    endloop
  endfacet
  facet normal -1.000000e+00 -4.917884e-06 1.474969e-10
    outer loop
      vertex -2.704987e+01 -1.963759e+01 9.008062e+00
      vertex -2.704987e+01 -1.961327e+01 1.984379e+01
      vertex -2.704987e+01 -1.961922e+01 8.594049e+00
    endloop
  endfacet
  facet normal -1.000000e+00 -4.917884e-06 1.474969e-10
    outer loop
      vertex -2.704987e+01 -2.516952e+01 2.540004e+01
      vertex -2.704987e+01 -2.273418e+01 2.025466e+01
      vertex -2.704987e+01 -2.278827e+01 1.984379e+01
    endloop
  endfacet
  facet normal -1.000000e+00 -4.917884e-06 1.474969e-10
    outer loop
      vertex -2.704987e+01 -2.273418e+01 2.025466e+01
      vertex -2.704987e+01 -2.516952e+01 2.540004e+01
      vertex -2.704987e+01 -2.257559e+01 2.063754e+01
    endloop
  endfacet
  facet normal -1.000000e+00 -4.917884e-06 1.474969e-10
    outer loop
      vertex -2.704987e+01 -2.257559e+01 2.063754e+01
      vertex -2.704987e+01 -2.516952e+01 2.540004e+01
      vertex -2.704987e+01 -2.232331e+01 2.096632e+01
    endloop
  endfacet
  facet normal -1.000000e+00 -4.917884e-06 1.474969e-10
    outer loop
      vertex -2.704987e+01 -2.232331e+01 2.096632e+01
      vertex -2.704987e+01 -2.516952e+01 2.540004e+01
      vertex -2.704987e+01 -2.199452e+01 2.121860e+01
    endloop
  endfacet
  facet normal -1.000000e+00 -4.917884e-06 1.474969e-10
    outer loop
      vertex -2.704987e+01 -2.199452e+01 2.121860e+01
      vertex -2.704987e+01 -2.516952e+01 2.540004e+01
      vertex -2.704987e+01 -2.161165e+01 2.137720e+01
    endloop
  endfacet
  facet normal -1.000000e+00 -4.917884e-06 1.474969e-10
    outer loop
      vertex -2.704987e+01 -2.161165e+01 2.137720e+01
      vertex -2.704987e+01 -2.516952e+01 2.540004e+01
      vertex -2.704987e+01 -2.120077e+01 2.143129e+01
    endloop
  endfacet
  facet normal -1.000000e+00 -4.917884e-06 1.474969e-10
    outer loop
      vertex -2.704987e+01 -2.120077e+01 2.143129e+01
      vertex -2.704987e+01 -2.516952e+01 2.540004e+01
      vertex -2.705014e+01 2.721801e+01 2.540004e+01
    endloop
  endfacet
  facet normal -1.000000e+00 -4.917884e-06 1.474969e-10
    outer loop
      vertex -2.704987e+01 -2.120077e+01 2.143129e+01
      vertex -2.705014e+01 2.721801e+01 2.540004e+01
      vertex -2.704987e+01 -2.078990e+01 2.137720e+01
    endloop
  endfacet
  facet normal -1.000000e+00 -4.917884e-06 1.474969e-10
    outer loop
      vertex -2.704987e+01 -2.078990e+01 2.137720e+01
      vertex -2.705014e+01 2.721801e+01 2.540004e+01
      vertex -2.704987e+01 -2.040702e+01 2.121860e+01
    endloop
  endfacet
  facet normal -1.000000e+00 -4.917884e-06 1.474969e-10
    outer loop
      vertex -2.704987e+01 -2.040702e+01 2.121860e+01
      vertex -2.705014e+01 2.721801e+01 2.540004e+01
      vertex -2.704987e+01 -2.007824e+01 2.096632e+01
    endloop
  endfacet
  facet normal -1.000000e+00 -4.917884e-06 1.474969e-10
    outer loop
      vertex -2.704987e+01 -2.007824e+01 2.096632e+01
      vertex -2.705014e+01 2.721801e+01 2.540004e+01
      vertex -2.704987e+01 -1.982596e+01 2.063754e+01
    endloop
  endfacet
  facet normal -1.000000e+00 -4.917884e-06 1.474969e-10
    outer loop
      vertex -2.704987e+01 -1.982596e+01 2.063754e+01
      vertex -2.705014e+01 2.721801e+01 2.540004e+01
      vertex -2.704995e+01 -1.008829e+01 2.143129e+01
    endloop
  endfacet
  facet normal -1.000000e+00 -4.917884e-06 1.474969e-10
    outer loop
      vertex -2.704987e+01 -1.982596e+01 2.063754e+01
      vertex -2.704995e+01 -1.008829e+01 2.143129e+01
      vertex -2.704987e+01 -1.966737e+01 2.025466e+01
    endloop
  endfacet
  facet normal -1.000000e+00 -4.917884e-06 1.474969e-10
    outer loop
      vertex -2.704987e+01 -1.966737e+01 2.025466e+01
      vertex -2.704995e+01 -1.008829e+01 2.143129e+01
      vertex -2.704995e+01 -1.049916e+01 2.137720e+01
    endloop
  endfacet
  facet normal -1.000000e+00 -4.917884e-06 1.474969e-10
    outer loop
      vertex -2.704987e+01 -1.966737e+01 2.025466e+01
      vertex -2.704995e+01 -1.049916e+01 2.137720e+01
      vertex -2.704987e+01 -1.961327e+01 1.984379e+01
    endloop
  endfacet
  facet normal -1.000000e+00 -4.917884e-06 1.474969e-10
    outer loop
      vertex -2.704987e+01 -1.961327e+01 1.984379e+01
      vertex -2.704995e+01 -1.049916e+01 2.137720e+01
      vertex -2.704995e+01 -1.088204e+01 2.121861e+01
    endloop
  endfacet
  facet normal -1.000000e+00 -4.917884e-06 1.474969e-10
    outer loop
      vertex -2.704987e+01 -1.961327e+01 1.984379e+01
      vertex -2.704995e+01 -1.088204e+01 2.121861e+01
      vertex -2.704994e+01 -1.121082e+01 2.096632e+01
    endloop
  endfacet
  facet normal -1.000000e+00 -4.917884e-06 1.474969e-10
    outer loop
      vertex -2.704987e+01 -1.961327e+01 1.984379e+01
      vertex -2.704994e+01 -1.121082e+01 2.096632e+01
      vertex -2.704994e+01 -1.146310e+01 2.063754e+01
    endloop
  endfacet
  facet normal -1.000000e+00 -4.917884e-06 1.474969e-10
    outer loop
      vertex -2.704987e+01 -1.961327e+01 1.984379e+01
      vertex -2.704994e+01 -1.146310e+01 2.063754e+01
      vertex -2.704994e+01 -1.162169e+01 2.025467e+01
    endloop
  endfacet
  facet normal -1.000000e+00 -4.917884e-06 1.474969e-10
    outer loop
      vertex -2.704987e+01 -1.961327e+01 1.984379e+01
      vertex -2.704994e+01 -1.162169e+01 2.025467e+01
      vertex -2.704994e+01 -1.167579e+01 1.984379e+01
    endloop
  endfacet
  facet normal -1.000000e+00 -4.917884e-06 1.474969e-10
    outer loop
      vertex -2.704995e+01 -1.008829e+01 2.143129e+01
      vertex -2.705014e+01 2.721801e+01 2.540004e+01
      vertex -2.704995e+01 -9.677412e+00 2.137720e+01
    endloop
  endfacet
  facet normal -1.000000e+00 -4.917884e-06 1.474969e-10
    outer loop
      vertex -2.704995e+01 -9.677412e+00 2.137720e+01
      vertex -2.705014e+01 2.721801e+01 2.540004e+01
      vertex -2.704996e+01 -9.294538e+00 2.121861e+01
    endloop
  endfacet
  facet normal -1.000000e+00 -4.917884e-06 1.474969e-10
    outer loop
      vertex -2.704996e+01 -9.294538e+00 2.121861e+01
      vertex -2.705014e+01 2.721801e+01 2.540004e+01
      vertex -2.704996e+01 -8.965757e+00 2.096632e+01
    endloop
  endfacet
  facet normal -1.000000e+00 -4.917884e-06 1.474969e-10
    outer loop
      vertex -2.704996e+01 -8.965757e+00 2.096632e+01
      vertex -2.705014e+01 2.721801e+01 2.540004e+01
      vertex -2.704996e+01 -8.713472e+00 2.063754e+01
    endloop
  endfacet
  facet normal -1.000000e+00 -4.917884e-06 1.474969e-10
    outer loop
      vertex -2.704996e+01 -8.713472e+00 2.063754e+01
      vertex -2.705014e+01 2.721801e+01 2.540004e+01
      vertex -2.704996e+01 -8.554881e+00 2.025467e+01
    endloop
  endfacet
  facet normal -1.000000e+00 -4.917884e-06 1.474969e-10
    outer loop
      vertex -2.704996e+01 -8.554881e+00 2.025467e+01
      vertex -2.705014e+01 2.721801e+01 2.540004e+01
      vertex -2.704996e+01 -8.500788e+00 1.984379e+01
    endloop
  endfacet
  facet normal -1.000000e+00 -4.917884e-06 1.474969e-10
    outer loop
      vertex -2.704996e+01 -8.500788e+00 1.984379e+01
      vertex -2.705014e+01 2.721801e+01 2.540004e+01
      vertex -2.704996e+01 -8.500788e+00 8.731291e+00
    endloop
  endfacet
  facet normal -1.000000e+00 -4.917884e-06 1.474969e-10
    outer loop
      vertex -2.704996e+01 -8.500788e+00 8.731291e+00
      vertex -2.705014e+01 2.721801e+01 2.540004e+01
      vertex -2.705014e+01 1.373371e+01 1.681026e+01
    endloop
  endfacet
  facet normal -1.000000e+00 -4.917884e-06 1.474969e-10
    outer loop
      vertex -2.704996e+01 -8.500788e+00 8.731291e+00
      vertex -2.705014e+01 1.373371e+01 1.681026e+01
      vertex -2.705014e+01 1.274736e+01 1.605341e+01
    endloop
  endfacet
  facet normal -1.000000e+00 -4.917884e-06 1.474969e-10
    outer loop
      vertex -2.704996e+01 -8.500788e+00 8.731291e+00
      vertex -2.705014e+01 1.274736e+01 1.605341e+01
      vertex -2.705014e+01 1.199051e+01 1.506706e+01
    endloop
  endfacet
  facet normal -1.000000e+00 -4.917884e-06 1.474969e-10
    outer loop
      vertex -2.704996e+01 -8.500788e+00 8.731291e+00
      vertex -2.705014e+01 1.199051e+01 1.506706e+01
      vertex -2.705014e+01 1.151473e+01 1.391844e+01
    endloop
  endfacet
  facet normal -1.000000e+00 -4.917884e-06 1.474969e-10
    outer loop
      vertex -2.704996e+01 -8.500788e+00 8.731291e+00
      vertex -2.705014e+01 1.151473e+01 1.391844e+01
      vertex -2.705014e+01 1.135246e+01 1.268581e+01
    endloop
  endfacet
  facet normal -1.000000e+00 -4.917884e-06 1.474969e-10
    outer loop
      vertex -2.705014e+01 1.373371e+01 1.681026e+01
      vertex -2.705014e+01 2.721801e+01 2.540004e+01
      vertex -2.705014e+01 1.488233e+01 1.728604e+01
    endloop
  endfacet
  facet normal -1.000000e+00 -4.917884e-06 1.474969e-10
    outer loop
      vertex -2.705014e+01 1.488233e+01 1.728604e+01
      vertex -2.705014e+01 2.721801e+01 2.540004e+01
      vertex -2.705014e+01 1.611496e+01 1.744831e+01
    endloop
  endfacet
  facet normal -1.000000e+00 -4.917884e-06 1.474969e-10
    outer loop
      vertex -2.705014e+01 1.611496e+01 1.744831e+01
      vertex -2.705014e+01 2.721801e+01 2.540004e+01
      vertex -2.705014e+01 1.734758e+01 1.728604e+01
    endloop
  endfacet
  facet normal -1.000000e+00 -4.917884e-06 1.474969e-10
    outer loop
      vertex -2.705014e+01 1.734758e+01 1.728604e+01
      vertex -2.705014e+01 2.721801e+01 2.540004e+01
      vertex -2.705014e+01 1.849621e+01 1.681026e+01
    endloop
  endfacet
  facet normal -1.000000e+00 -4.917884e-06 1.474969e-10
    outer loop
      vertex -2.705014e+01 1.849621e+01 1.681026e+01
      vertex -2.705014e+01 2.721801e+01 2.540004e+01
      vertex -2.705014e+01 1.948255e+01 1.605341e+01
    endloop
  endfacet
  facet normal -1.000000e+00 -4.917884e-06 1.474969e-10
    outer loop
      vertex -2.705014e+01 1.948255e+01 1.605341e+01
      vertex -2.705014e+01 2.721801e+01 2.540004e+01
      vertex -2.705014e+01 2.023940e+01 1.506706e+01
    endloop
  endfacet
  facet normal -1.000000e+00 -4.917884e-06 1.474969e-10
    outer loop
      vertex -2.705014e+01 2.023940e+01 1.506706e+01
      vertex -2.705014e+01 2.721801e+01 2.540004e+01
      vertex -2.705014e+01 2.071518e+01 1.391844e+01
    endloop
  endfacet
  facet normal -1.000000e+00 -4.917884e-06 1.474969e-10
    outer loop
      vertex -2.705014e+01 2.071518e+01 1.391844e+01
      vertex -2.705014e+01 2.721801e+01 2.540004e+01
      vertex -2.705014e+01 2.087746e+01 1.268581e+01
    endloop
  endfacet
  facet normal -1.000000e+00 -4.917884e-06 1.474969e-10
    outer loop
      vertex -2.705014e+01 2.087746e+01 1.268581e+01
      vertex -2.705014e+01 2.721801e+01 2.540004e+01
      vertex -2.705014e+01 2.721801e+01 3.833658e-05
    endloop
  endfacet
  facet normal -1.000000e+00 -4.917884e-06 1.474969e-10
    outer loop
      vertex -2.705014e+01 2.721801e+01 3.833658e-05
      vertex -2.705014e+01 2.721801e+01 2.540004e+01
      vertex -2.705015e+01 3.198049e+01 4.773322e+00
    endloop
  endfacet
  facet normal -1.000000e+00 -4.917884e-06 1.474969e-10
    outer loop
      vertex -2.705015e+01 3.198049e+01 4.773322e+00
      vertex -2.705014e+01 2.721801e+01 2.540004e+01
      vertex -2.705015e+01 3.198049e+01 2.064832e+01
    endloop
  endfacet
  facet normal -1.000000e+00 -4.917884e-06 1.474969e-10
    outer loop
      vertex -2.704986e+01 -2.993202e+01 2.540004e+01
      vertex -2.704987e+01 -2.516952e+01 3.833307e-05
      vertex -2.704986e+01 -2.993202e+01 3.833307e-05
    endloop
  endfacet
  facet normal -1.000000e+00 -4.917884e-06 1.474969e-10
    outer loop
      vertex -2.704987e+01 -2.516952e+01 3.833307e-05
      vertex -2.704986e+01 -2.993202e+01 2.540004e+01
      vertex -2.704987e+01 -2.516952e+01 2.540004e+01
    endloop
  endfacet
  facet normal -1.000000e+00 -4.917884e-06 1.474969e-10
    outer loop
      vertex -2.704987e+01 -2.516952e+01 3.833307e-05
      vertex -2.704987e+01 -2.516952e+01 2.540004e+01
      vertex -2.704987e+01 -2.276396e+01 8.454515e+00
    endloop
  endfacet
  facet normal -1.000000e+00 -4.917884e-06 1.474969e-10
    outer loop
      vertex -2.704987e+01 -2.516952e+01 3.833307e-05
      vertex -2.704987e+01 -2.276396e+01 8.454515e+00
      vertex -2.704987e+01 -2.263906e+01 8.059363e+00
    endloop
  endfacet
  facet normal -1.000000e+00 -4.917884e-06 1.474969e-10
    outer loop
      vertex -2.704987e+01 -2.516952e+01 3.833307e-05
      vertex -2.704987e+01 -2.263906e+01 8.059363e+00
      vertex -2.704987e+01 -2.241615e+01 7.710002e+00
    endloop
  endfacet
  facet normal -1.000000e+00 -4.917884e-06 1.474969e-10
    outer loop
      vertex -2.704987e+01 -2.516952e+01 3.833307e-05
      vertex -2.704987e+01 -2.241615e+01 7.710002e+00
      vertex -2.704987e+01 -2.211041e+01 7.430240e+00
    endloop
  endfacet
  facet normal -1.000000e+00 -4.917884e-06 1.474969e-10
    outer loop
      vertex -2.704987e+01 -2.516952e+01 3.833307e-05
      vertex -2.704987e+01 -2.211041e+01 7.430240e+00
      vertex -2.704987e+01 -2.174267e+01 7.239143e+00
    endloop
  endfacet
  facet normal -1.000000e+00 -4.917884e-06 1.474969e-10
    outer loop
      vertex -2.704987e+01 -2.516952e+01 3.833307e-05
      vertex -2.704987e+01 -2.174267e+01 7.239143e+00
      vertex -2.704987e+01 -2.133801e+01 7.149732e+00
    endloop
  endfacet
  facet normal -1.000000e+00 -4.917884e-06 1.474969e-10
    outer loop
      vertex -2.704987e+01 -2.516952e+01 3.833307e-05
      vertex -2.704987e+01 -2.133801e+01 7.149732e+00
      vertex -2.705014e+01 2.721801e+01 3.833658e-05
    endloop
  endfacet
  facet normal -1.000000e+00 -4.917884e-06 1.474969e-10
    outer loop
      vertex -2.704987e+01 -2.276396e+01 8.454515e+00
      vertex -2.704987e+01 -2.516952e+01 2.540004e+01
      vertex -2.704987e+01 -2.278233e+01 8.868528e+00
    endloop
  endfacet
  facet normal -1.000000e+00 -4.917884e-06 1.474969e-10
    outer loop
      vertex -2.704987e+01 -2.278233e+01 8.868528e+00
      vertex -2.704987e+01 -2.516952e+01 2.540004e+01
      vertex -2.704987e+01 -2.278827e+01 1.984379e+01
    endloop
  endfacet
  facet normal -1.000000e+00 -4.917884e-06 1.474969e-10
    outer loop
      vertex -2.705014e+01 2.721801e+01 3.833658e-05
      vertex -2.704987e+01 -2.133801e+01 7.149732e+00
      vertex -2.704987e+01 -2.092400e+01 7.168102e+00
    endloop
  endfacet
  facet normal -1.000000e+00 -4.917884e-06 1.474969e-10
    outer loop
      vertex -2.705014e+01 2.721801e+01 3.833658e-05
      vertex -2.704987e+01 -2.092400e+01 7.168102e+00
      vertex -2.704987e+01 -2.052885e+01 7.293000e+00
    endloop
  endfacet
  facet normal -1.000000e+00 -4.917884e-06 1.474969e-10
    outer loop
      vertex -2.705014e+01 2.721801e+01 3.833658e-05
      vertex -2.704987e+01 -2.052885e+01 7.293000e+00
      vertex -2.704987e+01 -2.017949e+01 7.515915e+00
    endloop
  endfacet
  facet normal -1.000000e+00 -4.917884e-06 1.474969e-10
    outer loop
      vertex -2.705014e+01 2.721801e+01 3.833658e-05
      vertex -2.704987e+01 -2.017949e+01 7.515915e+00
      vertex -2.704987e+01 -1.989973e+01 7.821657e+00
    endloop
  endfacet
  facet normal -1.000000e+00 -4.917884e-06 1.474969e-10
    outer loop
      vertex -2.705014e+01 2.721801e+01 3.833658e-05
      vertex -2.704987e+01 -1.989973e+01 7.821657e+00
      vertex -2.704987e+01 -1.970863e+01 8.189387e+00
    endloop
  endfacet
  facet normal -1.000000e+00 -4.917884e-06 1.474969e-10
    outer loop
      vertex -2.705014e+01 2.721801e+01 3.833658e-05
      vertex -2.704987e+01 -1.970863e+01 8.189387e+00
      vertex -2.704987e+01 -1.961922e+01 8.594049e+00
    endloop
  endfacet
  facet normal -1.000000e+00 -4.917884e-06 1.474969e-10
    outer loop
      vertex -2.705014e+01 2.721801e+01 3.833658e-05
      vertex -2.704987e+01 -1.961922e+01 8.594049e+00
      vertex -2.704995e+01 -1.049916e+01 7.197884e+00
    endloop
  endfacet
  facet normal -1.000000e+00 -4.917884e-06 1.474969e-10
    outer loop
      vertex -2.704995e+01 -1.049916e+01 7.197884e+00
      vertex -2.704987e+01 -1.961922e+01 8.594049e+00
      vertex -2.704995e+01 -1.088204e+01 7.356476e+00
    endloop
  endfacet
  facet normal -1.000000e+00 -4.917884e-06 1.474969e-10
    outer loop
      vertex -2.704995e+01 -1.088204e+01 7.356476e+00
      vertex -2.704987e+01 -1.961922e+01 8.594049e+00
      vertex -2.704994e+01 -1.121082e+01 7.608759e+00
    endloop
  endfacet
  facet normal -1.000000e+00 -4.917884e-06 1.474969e-10
    outer loop
      vertex -2.704994e+01 -1.121082e+01 7.608759e+00
      vertex -2.704987e+01 -1.961922e+01 8.594049e+00
      vertex -2.704994e+01 -1.146310e+01 7.937541e+00
    endloop
  endfacet
  facet normal -1.000000e+00 -4.917884e-06 1.474969e-10
    outer loop
      vertex -2.704994e+01 -1.146310e+01 7.937541e+00
      vertex -2.704987e+01 -1.961922e+01 8.594049e+00
      vertex -2.704987e+01 -1.961327e+01 1.984379e+01
    endloop
  endfacet
  facet normal -1.000000e+00 -4.917884e-06 1.474969e-10
    outer loop
      vertex -2.704994e+01 -1.146310e+01 7.937541e+00
      vertex -2.704987e+01 -1.961327e+01 1.984379e+01
      vertex -2.704994e+01 -1.162169e+01 8.320416e+00
    endloop
  endfacet
  facet normal -1.000000e+00 -4.917884e-06 1.474969e-10
    outer loop
      vertex -2.704994e+01 -1.162169e+01 8.320416e+00
      vertex -2.704987e+01 -1.961327e+01 1.984379e+01
      vertex -2.704994e+01 -1.167579e+01 8.731291e+00
    endloop
  endfacet
  facet normal -1.000000e+00 -4.917884e-06 1.474969e-10
    outer loop
      vertex -2.704994e+01 -1.167579e+01 8.731291e+00
      vertex -2.704987e+01 -1.961327e+01 1.984379e+01
      vertex -2.704994e+01 -1.167579e+01 1.984379e+01
    endloop
  endfacet
  facet normal -1.000000e+00 -4.917884e-06 1.474969e-10
    outer loop
      vertex -2.705014e+01 2.721801e+01 3.833658e-05
      vertex -2.704995e+01 -1.049916e+01 7.197884e+00
      vertex -2.704995e+01 -1.008829e+01 7.143791e+00
    endloop
  endfacet
  facet normal -1.000000e+00 -4.917884e-06 1.474969e-10
    outer loop
      vertex -2.705014e+01 2.721801e+01 3.833658e-05
      vertex -2.704995e+01 -1.008829e+01 7.143791e+00
      vertex -2.704995e+01 -9.677412e+00 7.197884e+00
    endloop
  endfacet
  facet normal -1.000000e+00 -4.917884e-06 1.474969e-10
    outer loop
      vertex -2.705014e+01 2.721801e+01 3.833658e-05
      vertex -2.704995e+01 -9.677412e+00 7.197884e+00
      vertex -2.704996e+01 -9.294538e+00 7.356476e+00
    endloop
  endfacet
  facet normal -1.000000e+00 -4.917884e-06 1.474969e-10
    outer loop
      vertex -2.705014e+01 2.721801e+01 3.833658e-05
      vertex -2.704996e+01 -9.294538e+00 7.356476e+00
      vertex -2.704996e+01 -8.965757e+00 7.608759e+00
    endloop
  endfacet
  facet normal -1.000000e+00 -4.917884e-06 1.474969e-10
    outer loop
      vertex -2.705014e+01 2.721801e+01 3.833658e-05
      vertex -2.704996e+01 -8.965757e+00 7.608759e+00
      vertex -2.704996e+01 -8.713472e+00 7.937541e+00
    endloop
  endfacet
  facet normal -1.000000e+00 -4.917884e-06 1.474969e-10
    outer loop
      vertex -2.705014e+01 2.721801e+01 3.833658e-05
      vertex -2.704996e+01 -8.713472e+00 7.937541e+00
      vertex -2.704996e+01 -8.554881e+00 8.320416e+00
    endloop
  endfacet
  facet normal -1.000000e+00 -4.917884e-06 1.474969e-10
    outer loop
      vertex -2.705014e+01 2.721801e+01 3.833658e-05
      vertex -2.704996e+01 -8.554881e+00 8.320416e+00
      vertex -2.704996e+01 -8.500788e+00 8.731291e+00
    endloop
  endfacet
  facet normal -1.000000e+00 -4.917884e-06 1.474969e-10
    outer loop
      vertex -2.705014e+01 2.721801e+01 3.833658e-05
      vertex -2.704996e+01 -8.500788e+00 8.731291e+00
      vertex -2.705014e+01 1.373371e+01 8.561368e+00
    endloop
  endfacet
  facet normal -1.000000e+00 -4.917884e-06 1.474969e-10
    outer loop
      vertex -2.705014e+01 1.373371e+01 8.561368e+00
      vertex -2.704996e+01 -8.500788e+00 8.731291e+00
      vertex -2.705014e+01 1.274736e+01 9.318219e+00
    endloop
  endfacet
  facet normal -1.000000e+00 -4.917884e-06 1.474969e-10
    outer loop
      vertex -2.705014e+01 1.274736e+01 9.318219e+00
      vertex -2.704996e+01 -8.500788e+00 8.731291e+00
      vertex -2.705014e+01 1.199051e+01 1.030456e+01
    endloop
  endfacet
  facet normal -1.000000e+00 -4.917884e-06 1.474969e-10
    outer loop
      vertex -2.705014e+01 1.199051e+01 1.030456e+01
      vertex -2.704996e+01 -8.500788e+00 8.731291e+00
      vertex -2.705014e+01 1.151473e+01 1.145319e+01
    endloop
  endfacet
  facet normal -1.000000e+00 -4.917884e-06 1.474969e-10
    outer loop
      vertex -2.705014e+01 1.151473e+01 1.145319e+01
      vertex -2.704996e+01 -8.500788e+00 8.731291e+00
      vertex -2.705014e+01 1.135246e+01 1.268581e+01
    endloop
  endfacet
  facet normal -1.000000e+00 -4.917884e-06 1.474969e-10
    outer loop
      vertex -2.705014e+01 2.721801e+01 3.833658e-05
      vertex -2.705014e+01 1.373371e+01 8.561368e+00
      vertex -2.705014e+01 1.488233e+01 8.085593e+00
    endloop
  endfacet
  facet normal -1.000000e+00 -4.917884e-06 1.474969e-10
    outer loop
      vertex -2.705014e+01 2.721801e+01 3.833658e-05
      vertex -2.705014e+01 1.488233e+01 8.085593e+00
      vertex -2.705014e+01 1.611496e+01 7.923315e+00
    endloop
  endfacet
  facet normal -1.000000e+00 -4.917884e-06 1.474969e-10
    outer loop
      vertex -2.705014e+01 2.721801e+01 3.833658e-05
      vertex -2.705014e+01 1.611496e+01 7.923315e+00
      vertex -2.705014e+01 1.734758e+01 8.085593e+00
    endloop
  endfacet
  facet normal -1.000000e+00 -4.917884e-06 1.474969e-10
    outer loop
      vertex -2.705014e+01 2.721801e+01 3.833658e-05
      vertex -2.705014e+01 1.734758e+01 8.085593e+00
      vertex -2.705014e+01 1.849621e+01 8.561368e+00
    endloop
  endfacet
  facet normal -1.000000e+00 -4.917884e-06 1.474969e-10
    outer loop
      vertex -2.705014e+01 2.721801e+01 3.833658e-05
      vertex -2.705014e+01 1.849621e+01 8.561368e+00
      vertex -2.705014e+01 1.948255e+01 9.318219e+00
    endloop
  endfacet
  facet normal -1.000000e+00 -4.917884e-06 1.474969e-10
    outer loop
      vertex -2.705014e+01 2.721801e+01 3.833658e-05
      vertex -2.705014e+01 1.948255e+01 9.318219e+00
      vertex -2.705014e+01 2.023940e+01 1.030456e+01
    endloop
  endfacet
  facet normal -1.000000e+00 -4.917884e-06 1.474969e-10
    outer loop
      vertex -2.705014e+01 2.721801e+01 3.833658e-05
      vertex -2.705014e+01 2.023940e+01 1.030456e+01
      vertex -2.705014e+01 2.071518e+01 1.145319e+01
    endloop
  endfacet
  facet normal -1.000000e+00 -4.917884e-06 1.474969e-10
    outer loop
      vertex -2.705014e+01 2.721801e+01 3.833658e-05
      vertex -2.705014e+01 2.071518e+01 1.145319e+01
      vertex -2.705014e+01 2.087746e+01 1.268581e+01
    endloop
  endfacet
  facet normal -1.000000e+00 -4.917884e-06 1.474969e-10
    outer loop
      vertex -2.704994e+01 -1.162169e+01 1.943292e+01
      vertex -2.704994e+01 -1.167579e+01 8.731291e+00
      vertex -2.704994e+01 -1.167579e+01 1.984379e+01
    endloop
  endfacet
  facet normal -1.000000e+00 -4.917884e-06 1.474969e-10
    outer loop
      vertex -2.704994e+01 -1.167579e+01 8.731291e+00
      vertex -2.704994e+01 -1.162169e+01 1.943292e+01
      vertex -2.704994e+01 -1.162169e+01 9.142167e+00
    endloop
  endfacet
  facet normal -1.000000e+00 -4.917884e-06 1.474969e-10
    outer loop
      vertex -2.704994e+01 -1.162169e+01 9.142167e+00
      vertex -2.704994e+01 -1.162169e+01 1.943292e+01
      vertex -2.704994e+01 -1.146310e+01 1.905004e+01
    endloop
  endfacet
  facet normal -1.000000e+00 -4.917884e-06 1.474969e-10
    outer loop
      vertex -2.704994e+01 -1.162169e+01 9.142167e+00
      vertex -2.704994e+01 -1.146310e+01 1.905004e+01
      vertex -2.704994e+01 -1.146310e+01 9.525041e+00
    endloop
  endfacet
  facet normal -1.000000e+00 -4.917884e-06 1.474969e-10
    outer loop
      vertex -2.704994e+01 -1.146310e+01 9.525041e+00
      vertex -2.704994e+01 -1.146310e+01 1.905004e+01
      vertex -2.704994e+01 -1.121082e+01 1.872126e+01
    endloop
  endfacet
  facet normal -1.000000e+00 -4.917884e-06 1.474969e-10
    outer loop
      vertex -2.704994e+01 -1.146310e+01 9.525041e+00
      vertex -2.704994e+01 -1.121082e+01 1.872126e+01
      vertex -2.704994e+01 -1.121082e+01 9.853823e+00
    endloop
  endfacet
  facet normal -1.000000e+00 -4.917884e-06 1.474969e-10
    outer loop
      vertex -2.704994e+01 -1.121082e+01 9.853823e+00
      vertex -2.704994e+01 -1.121082e+01 1.872126e+01
      vertex -2.704995e+01 -1.088204e+01 1.846898e+01
    endloop
  endfacet
  facet normal -1.000000e+00 -4.917884e-06 1.474969e-10
    outer loop
      vertex -2.704994e+01 -1.121082e+01 9.853823e+00
      vertex -2.704995e+01 -1.088204e+01 1.846898e+01
      vertex -2.704995e+01 -1.088204e+01 1.010611e+01
    endloop
  endfacet
  facet normal -1.000000e+00 -4.917884e-06 1.474969e-10
    outer loop
      vertex -2.704995e+01 -1.088204e+01 1.010611e+01
      vertex -2.704995e+01 -1.088204e+01 1.846898e+01
      vertex -2.704995e+01 -1.049916e+01 1.831038e+01
    endloop
  endfacet
  facet normal -1.000000e+00 -4.917884e-06 1.474969e-10
    outer loop
      vertex -2.704995e+01 -1.088204e+01 1.010611e+01
      vertex -2.704995e+01 -1.049916e+01 1.831038e+01
      vertex -2.704995e+01 -1.049916e+01 1.026470e+01
    endloop
  endfacet
  facet normal -1.000000e+00 -4.917884e-06 1.474969e-10
    outer loop
      vertex -2.704995e+01 -1.049916e+01 1.026470e+01
      vertex -2.704995e+01 -1.049916e+01 1.831038e+01
      vertex -2.704995e+01 -1.008829e+01 1.825629e+01
    endloop
  endfacet
  facet normal -1.000000e+00 -4.917884e-06 1.474969e-10
    outer loop
      vertex -2.704995e+01 -1.049916e+01 1.026470e+01
      vertex -2.704995e+01 -1.008829e+01 1.825629e+01
      vertex -2.704995e+01 -1.008829e+01 1.031879e+01
    endloop
  endfacet
  facet normal -1.000000e+00 -4.917884e-06 1.474969e-10
    outer loop
      vertex -2.704995e+01 -1.008829e+01 1.031879e+01
      vertex -2.704995e+01 -1.008829e+01 1.825629e+01
      vertex -2.704995e+01 -9.677412e+00 1.831038e+01
    endloop
  endfacet
  facet normal -1.000000e+00 -4.917884e-06 1.474969e-10
    outer loop
      vertex -2.704995e+01 -1.008829e+01 1.031879e+01
      vertex -2.704995e+01 -9.677412e+00 1.831038e+01
      vertex -2.704995e+01 -9.677412e+00 1.026470e+01
    endloop
  endfacet
  facet normal -1.000000e+00 -4.917884e-06 1.474969e-10
    outer loop
      vertex -2.704995e+01 -9.677412e+00 1.026470e+01
      vertex -2.704995e+01 -9.677412e+00 1.831038e+01
      vertex -2.704996e+01 -9.294538e+00 1.846898e+01
    endloop
  endfacet
  facet normal -1.000000e+00 -4.917884e-06 1.474969e-10
    outer loop
      vertex -2.704995e+01 -9.677412e+00 1.026470e+01
      vertex -2.704996e+01 -9.294538e+00 1.846898e+01
      vertex -2.704996e+01 -9.294538e+00 1.010611e+01
    endloop
  endfacet
  facet normal -1.000000e+00 -4.917884e-06 1.474969e-10
    outer loop
      vertex -2.704996e+01 -9.294538e+00 1.010611e+01
      vertex -2.704996e+01 -9.294538e+00 1.846898e+01
      vertex -2.704996e+01 -8.965757e+00 1.872126e+01
    endloop
  endfacet
  facet normal -1.000000e+00 -4.917884e-06 1.474969e-10
    outer loop
      vertex -2.704996e+01 -9.294538e+00 1.010611e+01
      vertex -2.704996e+01 -8.965757e+00 1.872126e+01
      vertex -2.704996e+01 -8.965757e+00 9.853823e+00
    endloop
  endfacet
  facet normal -1.000000e+00 -4.917884e-06 1.474969e-10
    outer loop
      vertex -2.704996e+01 -8.965757e+00 9.853823e+00
      vertex -2.704996e+01 -8.965757e+00 1.872126e+01
      vertex -2.704996e+01 -8.713472e+00 1.905004e+01
    endloop
  endfacet
  facet normal -1.000000e+00 -4.917884e-06 1.474969e-10
    outer loop
      vertex -2.704996e+01 -8.965757e+00 9.853823e+00
      vertex -2.704996e+01 -8.713472e+00 1.905004e+01
      vertex -2.704996e+01 -8.713472e+00 9.525041e+00
    endloop
  endfacet
  facet normal -1.000000e+00 -4.917884e-06 1.474969e-10
    outer loop
      vertex -2.704996e+01 -8.713472e+00 9.525041e+00
      vertex -2.704996e+01 -8.713472e+00 1.905004e+01
      vertex -2.704996e+01 -8.554881e+00 1.943292e+01
    endloop
  endfacet
  facet normal -1.000000e+00 -4.917884e-06 1.474969e-10
    outer loop
      vertex -2.704996e+01 -8.713472e+00 9.525041e+00
      vertex -2.704996e+01 -8.554881e+00 1.943292e+01
      vertex -2.704996e+01 -8.554881e+00 9.142167e+00
    endloop
  endfacet
  facet normal -1.000000e+00 -4.917884e-06 1.474969e-10
    outer loop
      vertex -2.704996e+01 -8.554881e+00 9.142167e+00
      vertex -2.704996e+01 -8.554881e+00 1.943292e+01
      vertex -2.704996e+01 -8.500788e+00 1.984379e+01
    endloop
  endfacet
  facet normal -1.000000e+00 -4.917884e-06 1.474969e-10
    outer loop
      vertex -2.704996e+01 -8.554881e+00 9.142167e+00
      vertex -2.704996e+01 -8.500788e+00 1.984379e+01
      vertex -2.704996e+01 -8.500788e+00 8.731291e+00
    endloop
  endfacet
  facet normal 1.000000e+00 5.079903e-06 -7.826674e-09
    outer loop
      vertex 2.692513e+01 -2.516952e+01 4.259549e-05
      vertex 2.692513e+01 -2.276906e+01 8.502484e+00
      vertex 2.692513e+01 -2.516952e+01 2.540004e+01
    endloop
  endfacet
  facet normal 1.000000e+00 5.079903e-06 -7.826674e-09
    outer loop
      vertex 2.692513e+01 -2.276906e+01 8.502484e+00
      vertex 2.692513e+01 -2.516952e+01 4.259549e-05
      vertex 2.692513e+01 -2.265189e+01 8.104971e+00
    endloop
  endfacet
  facet normal 1.000000e+00 5.079903e-06 -7.826674e-09
    outer loop
      vertex 2.692513e+01 -2.265189e+01 8.104971e+00
      vertex 2.692513e+01 -2.516952e+01 4.259549e-05
      vertex 2.692513e+01 -2.243583e+01 7.751329e+00
    endloop
  endfacet
  facet normal 1.000000e+00 5.079903e-06 -7.826674e-09
    outer loop
      vertex 2.692513e+01 -2.243583e+01 7.751329e+00
      vertex 2.692513e+01 -2.516952e+01 4.259549e-05
      vertex 2.692513e+01 -2.213560e+01 7.465657e+00
    endloop
  endfacet
  facet normal 1.000000e+00 5.079903e-06 -7.826674e-09
    outer loop
      vertex 2.692513e+01 -2.213560e+01 7.465657e+00
      vertex 2.692513e+01 -2.516952e+01 4.259549e-05
      vertex 2.692513e+01 -2.177167e+01 7.267423e+00
    endloop
  endfacet
  facet normal 1.000000e+00 5.079903e-06 -7.826674e-09
    outer loop
      vertex 2.692513e+01 -2.177167e+01 7.267423e+00
      vertex 2.692513e+01 -2.516952e+01 4.259549e-05
      vertex 2.692513e+01 -2.136883e+01 7.170138e+00
    endloop
  endfacet
  facet normal 1.000000e+00 5.079903e-06 -7.826674e-09
    outer loop
      vertex 2.692513e+01 -2.136883e+01 7.170138e+00
      vertex 2.692513e+01 -2.516952e+01 4.259549e-05
      vertex 2.692485e+01 2.721801e+01 4.259901e-05
    endloop
  endfacet
  facet normal 1.000000e+00 5.079903e-06 -7.826674e-09
    outer loop
      vertex 2.692513e+01 -2.516952e+01 2.540004e+01
      vertex 2.692513e+01 -2.276906e+01 8.502484e+00
      vertex 2.692513e+01 -2.277935e+01 8.916777e+00
    endloop
  endfacet
  facet normal 1.000000e+00 5.079903e-06 -7.826674e-09
    outer loop
      vertex 2.692513e+01 -2.516952e+01 2.540004e+01
      vertex 2.692513e+01 -2.277935e+01 8.916777e+00
      vertex 2.692513e+01 -2.278827e+01 1.986122e+01
    endloop
  endfacet
  facet normal 1.000000e+00 5.079903e-06 -7.826674e-09
    outer loop
      vertex 2.692513e+01 -2.136883e+01 7.170138e+00
      vertex 2.692485e+01 2.721801e+01 4.259901e-05
      vertex 2.692513e+01 -2.095454e+01 7.180430e+00
    endloop
  endfacet
  facet normal 1.000000e+00 5.079903e-06 -7.826674e-09
    outer loop
      vertex 2.692513e+01 -2.095454e+01 7.180430e+00
      vertex 2.692485e+01 2.721801e+01 4.259901e-05
      vertex 2.692513e+01 -2.055703e+01 7.297597e+00
    endloop
  endfacet
  facet normal 1.000000e+00 5.079903e-06 -7.826674e-09
    outer loop
      vertex 2.692513e+01 -2.055703e+01 7.297597e+00
      vertex 2.692485e+01 2.721801e+01 4.259901e-05
      vertex 2.692513e+01 -2.020338e+01 7.513657e+00
    endloop
  endfacet
  facet normal 1.000000e+00 5.079903e-06 -7.826674e-09
    outer loop
      vertex 2.692513e+01 -2.020338e+01 7.513657e+00
      vertex 2.692485e+01 2.721801e+01 4.259901e-05
      vertex 2.692513e+01 -1.991771e+01 7.813883e+00
    endloop
  endfacet
  facet normal 1.000000e+00 5.079903e-06 -7.826674e-09
    outer loop
      vertex 2.692513e+01 -1.991771e+01 7.813883e+00
      vertex 2.692485e+01 2.721801e+01 4.259901e-05
      vertex 2.692513e+01 -1.983596e+01 7.921236e+00
    endloop
  endfacet
  facet normal 1.000000e+00 5.079903e-06 -7.826674e-09
    outer loop
      vertex 2.692513e+01 -1.983596e+01 7.921236e+00
      vertex 2.692485e+01 2.721801e+01 4.259901e-05
      vertex 2.692513e+01 -1.971948e+01 8.177818e+00
    endloop
  endfacet
  facet normal 1.000000e+00 5.079903e-06 -7.826674e-09
    outer loop
      vertex 2.692513e+01 -1.971948e+01 8.177818e+00
      vertex 2.692485e+01 2.721801e+01 4.259901e-05
      vertex 2.692513e+01 -1.962219e+01 8.580658e+00
    endloop
  endfacet
  facet normal 1.000000e+00 5.079903e-06 -7.826674e-09
    outer loop
      vertex 2.692513e+01 -1.962219e+01 8.580658e+00
      vertex 2.692485e+01 2.721801e+01 4.259901e-05
      vertex 2.692506e+01 -1.049913e+01 7.343376e+00
    endloop
  endfacet
  facet normal 1.000000e+00 5.079903e-06 -7.826674e-09
    outer loop
      vertex 2.692513e+01 -1.962219e+01 8.580658e+00
      vertex 2.692506e+01 -1.049913e+01 7.343376e+00
      vertex 2.692506e+01 -1.088201e+01 7.501968e+00
    endloop
  endfacet
  facet normal 1.000000e+00 5.079903e-06 -7.826674e-09
    outer loop
      vertex 2.692513e+01 -1.962219e+01 8.580658e+00
      vertex 2.692506e+01 -1.088201e+01 7.501968e+00
      vertex 2.692506e+01 -1.121079e+01 7.754251e+00
    endloop
  endfacet
  facet normal 1.000000e+00 5.079903e-06 -7.826674e-09
    outer loop
      vertex 2.692513e+01 -1.962219e+01 8.580658e+00
      vertex 2.692506e+01 -1.121079e+01 7.754251e+00
      vertex 2.692506e+01 -1.146307e+01 8.083033e+00
    endloop
  endfacet
  facet normal 1.000000e+00 5.079903e-06 -7.826674e-09
    outer loop
      vertex 2.692513e+01 -1.962219e+01 8.580658e+00
      vertex 2.692506e+01 -1.146307e+01 8.083033e+00
      vertex 2.692513e+01 -1.961327e+01 1.986122e+01
    endloop
  endfacet
  facet normal 1.000000e+00 5.079903e-06 -7.826674e-09
    outer loop
      vertex 2.692513e+01 -1.961327e+01 1.986122e+01
      vertex 2.692506e+01 -1.146307e+01 8.083033e+00
      vertex 2.692506e+01 -1.162166e+01 8.465908e+00
    endloop
  endfacet
  facet normal 1.000000e+00 5.079903e-06 -7.826674e-09
    outer loop
      vertex 2.692513e+01 -1.961327e+01 1.986122e+01
      vertex 2.692506e+01 -1.162166e+01 8.465908e+00
      vertex 2.692506e+01 -1.167576e+01 8.876783e+00
    endloop
  endfacet
  facet normal 1.000000e+00 5.079903e-06 -7.826674e-09
    outer loop
      vertex 2.692506e+01 -1.049913e+01 7.343376e+00
      vertex 2.692485e+01 2.721801e+01 4.259901e-05
      vertex 2.692505e+01 -1.008826e+01 7.289283e+00
    endloop
  endfacet
  facet normal 1.000000e+00 5.079903e-06 -7.826674e-09
    outer loop
      vertex 2.692505e+01 -1.008826e+01 7.289283e+00
      vertex 2.692485e+01 2.721801e+01 4.259901e-05
      vertex 2.692505e+01 -9.677380e+00 7.343376e+00
    endloop
  endfacet
  facet normal 1.000000e+00 5.079903e-06 -7.826674e-09
    outer loop
      vertex 2.692505e+01 -9.677380e+00 7.343376e+00
      vertex 2.692485e+01 2.721801e+01 4.259901e-05
      vertex 2.692505e+01 -9.294505e+00 7.501968e+00
    endloop
  endfacet
  facet normal 1.000000e+00 5.079903e-06 -7.826674e-09
    outer loop
      vertex 2.692505e+01 -9.294505e+00 7.501968e+00
      vertex 2.692485e+01 2.721801e+01 4.259901e-05
      vertex 2.692505e+01 -8.965723e+00 7.754251e+00
    endloop
  endfacet
  facet normal 1.000000e+00 5.079903e-06 -7.826674e-09
    outer loop
      vertex 2.692505e+01 -8.965723e+00 7.754251e+00
      vertex 2.692485e+01 2.721801e+01 4.259901e-05
      vertex 2.692505e+01 -8.713440e+00 8.083033e+00
    endloop
  endfacet
  facet normal 1.000000e+00 5.079903e-06 -7.826674e-09
    outer loop
      vertex 2.692505e+01 -8.713440e+00 8.083033e+00
      vertex 2.692485e+01 2.721801e+01 4.259901e-05
      vertex 2.692504e+01 -8.554849e+00 8.465908e+00
    endloop
  endfacet
  facet normal 1.000000e+00 5.079903e-06 -7.826674e-09
    outer loop
      vertex 2.692504e+01 -8.554849e+00 8.465908e+00
      vertex 2.692485e+01 2.721801e+01 4.259901e-05
      vertex 2.692504e+01 -8.500755e+00 8.876783e+00
    endloop
  endfacet
  facet normal 1.000000e+00 5.079903e-06 -7.826674e-09
    outer loop
      vertex 2.692504e+01 -8.500755e+00 8.876783e+00
      vertex 2.692485e+01 2.721801e+01 4.259901e-05
      vertex 2.692505e+01 -8.500755e+00 1.984379e+01
    endloop
  endfacet
  facet normal 1.000000e+00 5.079903e-06 -7.826674e-09
    outer loop
      vertex 2.692505e+01 -8.500755e+00 1.984379e+01
      vertex 2.692485e+01 2.721801e+01 4.259901e-05
      vertex 2.692485e+01 1.373676e+01 8.575597e+00
    endloop
  endfacet
  facet normal 1.000000e+00 5.079903e-06 -7.826674e-09
    outer loop
      vertex 2.692505e+01 -8.500755e+00 1.984379e+01
      vertex 2.692485e+01 1.373676e+01 8.575597e+00
      vertex 2.692485e+01 1.275041e+01 9.332447e+00
    endloop
  endfacet
  facet normal 1.000000e+00 5.079903e-06 -7.826674e-09
    outer loop
      vertex 2.692505e+01 -8.500755e+00 1.984379e+01
      vertex 2.692485e+01 1.275041e+01 9.332447e+00
      vertex 2.692485e+01 1.199356e+01 1.031879e+01
    endloop
  endfacet
  facet normal 1.000000e+00 5.079903e-06 -7.826674e-09
    outer loop
      vertex 2.692505e+01 -8.500755e+00 1.984379e+01
      vertex 2.692485e+01 1.199356e+01 1.031879e+01
      vertex 2.692485e+01 1.151779e+01 1.146742e+01
    endloop
  endfacet
  facet normal 1.000000e+00 5.079903e-06 -7.826674e-09
    outer loop
      vertex 2.692505e+01 -8.500755e+00 1.984379e+01
      vertex 2.692485e+01 1.151779e+01 1.146742e+01
      vertex 2.692485e+01 1.135551e+01 1.270004e+01
    endloop
  endfacet
  facet normal 1.000000e+00 5.079903e-06 -7.826674e-09
    outer loop
      vertex 2.692485e+01 1.373676e+01 8.575597e+00
      vertex 2.692485e+01 2.721801e+01 4.259901e-05
      vertex 2.692485e+01 1.488538e+01 8.099821e+00
    endloop
  endfacet
  facet normal 1.000000e+00 5.079903e-06 -7.826674e-09
    outer loop
      vertex 2.692485e+01 1.488538e+01 8.099821e+00
      vertex 2.692485e+01 2.721801e+01 4.259901e-05
      vertex 2.692485e+01 1.611801e+01 7.937543e+00
    endloop
  endfacet
  facet normal 1.000000e+00 5.079903e-06 -7.826674e-09
    outer loop
      vertex 2.692485e+01 1.611801e+01 7.937543e+00
      vertex 2.692485e+01 2.721801e+01 4.259901e-05
      vertex 2.692485e+01 1.735063e+01 8.099821e+00
    endloop
  endfacet
  facet normal 1.000000e+00 5.079903e-06 -7.826674e-09
    outer loop
      vertex 2.692485e+01 1.735063e+01 8.099821e+00
      vertex 2.692485e+01 2.721801e+01 4.259901e-05
      vertex 2.692485e+01 1.849926e+01 8.575597e+00
    endloop
  endfacet
  facet normal 1.000000e+00 5.079903e-06 -7.826674e-09
    outer loop
      vertex 2.692485e+01 1.849926e+01 8.575597e+00
      vertex 2.692485e+01 2.721801e+01 4.259901e-05
      vertex 2.692485e+01 1.948560e+01 9.332447e+00
    endloop
  endfacet
  facet normal 1.000000e+00 5.079903e-06 -7.826674e-09
    outer loop
      vertex 2.692485e+01 1.948560e+01 9.332447e+00
      vertex 2.692485e+01 2.721801e+01 4.259901e-05
      vertex 2.692485e+01 2.024245e+01 1.031879e+01
    endloop
  endfacet
  facet normal 1.000000e+00 5.079903e-06 -7.826674e-09
    outer loop
      vertex 2.692485e+01 2.024245e+01 1.031879e+01
      vertex 2.692485e+01 2.721801e+01 4.259901e-05
      vertex 2.692485e+01 2.071823e+01 1.146742e+01
    endloop
  endfacet
  facet normal 1.000000e+00 5.079903e-06 -7.826674e-09
    outer loop
      vertex 2.692485e+01 2.071823e+01 1.146742e+01
      vertex 2.692485e+01 2.721801e+01 4.259901e-05
      vertex 2.692485e+01 2.088051e+01 1.270004e+01
    endloop
  endfacet
  facet normal 1.000000e+00 5.079903e-06 -7.826674e-09
    outer loop
      vertex 2.692513e+01 -2.516952e+01 2.540004e+01
      vertex 2.692513e+01 -2.120077e+01 2.144872e+01
      vertex 2.692485e+01 2.721801e+01 2.540004e+01
    endloop
  endfacet
  facet normal 1.000000e+00 5.079903e-06 -7.826674e-09
    outer loop
      vertex 2.692513e+01 -2.120077e+01 2.144872e+01
      vertex 2.692513e+01 -2.516952e+01 2.540004e+01
      vertex 2.692513e+01 -2.161165e+01 2.139462e+01
    endloop
  endfacet
  facet normal 1.000000e+00 5.079903e-06 -7.826674e-09
    outer loop
      vertex 2.692513e+01 -2.161165e+01 2.139462e+01
      vertex 2.692513e+01 -2.516952e+01 2.540004e+01
      vertex 2.692513e+01 -2.199452e+01 2.123603e+01
    endloop
  endfacet
  facet normal 1.000000e+00 5.079903e-06 -7.826674e-09
    outer loop
      vertex 2.692513e+01 -2.199452e+01 2.123603e+01
      vertex 2.692513e+01 -2.516952e+01 2.540004e+01
      vertex 2.692513e+01 -2.232330e+01 2.098375e+01
    endloop
  endfacet
  facet normal 1.000000e+00 5.079903e-06 -7.826674e-09
    outer loop
      vertex 2.692513e+01 -2.232330e+01 2.098375e+01
      vertex 2.692513e+01 -2.516952e+01 2.540004e+01
      vertex 2.692513e+01 -2.257559e+01 2.065497e+01
    endloop
  endfacet
  facet normal 1.000000e+00 5.079903e-06 -7.826674e-09
    outer loop
      vertex 2.692513e+01 -2.257559e+01 2.065497e+01
      vertex 2.692513e+01 -2.516952e+01 2.540004e+01
      vertex 2.692513e+01 -2.273418e+01 2.027209e+01
    endloop
  endfacet
  facet normal 1.000000e+00 5.079903e-06 -7.826674e-09
    outer loop
      vertex 2.692513e+01 -2.273418e+01 2.027209e+01
      vertex 2.692513e+01 -2.516952e+01 2.540004e+01
      vertex 2.692513e+01 -2.278827e+01 1.986122e+01
    endloop
  endfacet
  facet normal 1.000000e+00 5.079903e-06 -7.826674e-09
    outer loop
      vertex 2.692485e+01 2.721801e+01 2.540004e+01
      vertex 2.692513e+01 -2.120077e+01 2.144872e+01
      vertex 2.692513e+01 -2.078990e+01 2.139462e+01
    endloop
  endfacet
  facet normal 1.000000e+00 5.079903e-06 -7.826674e-09
    outer loop
      vertex 2.692485e+01 2.721801e+01 2.540004e+01
      vertex 2.692513e+01 -2.078990e+01 2.139462e+01
      vertex 2.692513e+01 -2.040702e+01 2.123603e+01
    endloop
  endfacet
  facet normal 1.000000e+00 5.079903e-06 -7.826674e-09
    outer loop
      vertex 2.692485e+01 2.721801e+01 2.540004e+01
      vertex 2.692513e+01 -2.040702e+01 2.123603e+01
      vertex 2.692513e+01 -2.007824e+01 2.098375e+01
    endloop
  endfacet
  facet normal 1.000000e+00 5.079903e-06 -7.826674e-09
    outer loop
      vertex 2.692485e+01 2.721801e+01 2.540004e+01
      vertex 2.692513e+01 -2.007824e+01 2.098375e+01
      vertex 2.692513e+01 -1.982596e+01 2.065497e+01
    endloop
  endfacet
  facet normal 1.000000e+00 5.079903e-06 -7.826674e-09
    outer loop
      vertex 2.692485e+01 2.721801e+01 2.540004e+01
      vertex 2.692513e+01 -1.982596e+01 2.065497e+01
      vertex 2.692506e+01 -1.008826e+01 2.143129e+01
    endloop
  endfacet
  facet normal 1.000000e+00 5.079903e-06 -7.826674e-09
    outer loop
      vertex 2.692506e+01 -1.008826e+01 2.143129e+01
      vertex 2.692513e+01 -1.982596e+01 2.065497e+01
      vertex 2.692513e+01 -1.966736e+01 2.027209e+01
    endloop
  endfacet
  facet normal 1.000000e+00 5.079903e-06 -7.826674e-09
    outer loop
      vertex 2.692506e+01 -1.008826e+01 2.143129e+01
      vertex 2.692513e+01 -1.966736e+01 2.027209e+01
      vertex 2.692506e+01 -1.049913e+01 2.137720e+01
    endloop
  endfacet
  facet normal 1.000000e+00 5.079903e-06 -7.826674e-09
    outer loop
      vertex 2.692506e+01 -1.049913e+01 2.137720e+01
      vertex 2.692513e+01 -1.966736e+01 2.027209e+01
      vertex 2.692513e+01 -1.961327e+01 1.986122e+01
    endloop
  endfacet
  facet normal 1.000000e+00 5.079903e-06 -7.826674e-09
    outer loop
      vertex 2.692506e+01 -1.049913e+01 2.137720e+01
      vertex 2.692513e+01 -1.961327e+01 1.986122e+01
      vertex 2.692506e+01 -1.088201e+01 2.121861e+01
    endloop
  endfacet
  facet normal 1.000000e+00 5.079903e-06 -7.826674e-09
    outer loop
      vertex 2.692506e+01 -1.088201e+01 2.121861e+01
      vertex 2.692513e+01 -1.961327e+01 1.986122e+01
      vertex 2.692506e+01 -1.121079e+01 2.096632e+01
    endloop
  endfacet
  facet normal 1.000000e+00 5.079903e-06 -7.826674e-09
    outer loop
      vertex 2.692506e+01 -1.121079e+01 2.096632e+01
      vertex 2.692513e+01 -1.961327e+01 1.986122e+01
      vertex 2.692506e+01 -1.146307e+01 2.063754e+01
    endloop
  endfacet
  facet normal 1.000000e+00 5.079903e-06 -7.826674e-09
    outer loop
      vertex 2.692506e+01 -1.146307e+01 2.063754e+01
      vertex 2.692513e+01 -1.961327e+01 1.986122e+01
      vertex 2.692506e+01 -1.162166e+01 2.025467e+01
    endloop
  endfacet
  facet normal 1.000000e+00 5.079903e-06 -7.826674e-09
    outer loop
      vertex 2.692506e+01 -1.162166e+01 2.025467e+01
      vertex 2.692513e+01 -1.961327e+01 1.986122e+01
      vertex 2.692506e+01 -1.167576e+01 1.984379e+01
    endloop
  endfacet
  facet normal 1.000000e+00 5.079903e-06 -7.826674e-09
    outer loop
      vertex 2.692506e+01 -1.167576e+01 1.984379e+01
      vertex 2.692513e+01 -1.961327e+01 1.986122e+01
      vertex 2.692506e+01 -1.167576e+01 8.876783e+00
    endloop
  endfacet
  facet normal 1.000000e+00 5.079903e-06 -7.826674e-09
    outer loop
      vertex 2.692485e+01 2.721801e+01 2.540004e+01
      vertex 2.692506e+01 -1.008826e+01 2.143129e+01
      vertex 2.692505e+01 -9.677380e+00 2.137720e+01
    endloop
  endfacet
  facet normal 1.000000e+00 5.079903e-06 -7.826674e-09
    outer loop
      vertex 2.692485e+01 2.721801e+01 2.540004e+01
      vertex 2.692505e+01 -9.677380e+00 2.137720e+01
      vertex 2.692505e+01 -9.294505e+00 2.121861e+01
    endloop
  endfacet
  facet normal 1.000000e+00 5.079903e-06 -7.826674e-09
    outer loop
      vertex 2.692485e+01 2.721801e+01 2.540004e+01
      vertex 2.692505e+01 -9.294505e+00 2.121861e+01
      vertex 2.692505e+01 -8.965723e+00 2.096632e+01
    endloop
  endfacet
  facet normal 1.000000e+00 5.079903e-06 -7.826674e-09
    outer loop
      vertex 2.692485e+01 2.721801e+01 2.540004e+01
      vertex 2.692505e+01 -8.965723e+00 2.096632e+01
      vertex 2.692505e+01 -8.713440e+00 2.063754e+01
    endloop
  endfacet
  facet normal 1.000000e+00 5.079903e-06 -7.826674e-09
    outer loop
      vertex 2.692485e+01 2.721801e+01 2.540004e+01
      vertex 2.692505e+01 -8.713440e+00 2.063754e+01
      vertex 2.692505e+01 -8.554849e+00 2.025467e+01
    endloop
  endfacet
  facet normal 1.000000e+00 5.079903e-06 -7.826674e-09
    outer loop
      vertex 2.692485e+01 2.721801e+01 2.540004e+01
      vertex 2.692505e+01 -8.554849e+00 2.025467e+01
      vertex 2.692505e+01 -8.500755e+00 1.984379e+01
    endloop
  endfacet
  facet normal 1.000000e+00 5.079903e-06 -7.826674e-09
    outer loop
      vertex 2.692485e+01 2.721801e+01 2.540004e+01
      vertex 2.692505e+01 -8.500755e+00 1.984379e+01
      vertex 2.692485e+01 1.373676e+01 1.682449e+01
    endloop
  endfacet
  facet normal 1.000000e+00 5.079903e-06 -7.826674e-09
    outer loop
      vertex 2.692485e+01 1.373676e+01 1.682449e+01
      vertex 2.692505e+01 -8.500755e+00 1.984379e+01
      vertex 2.692485e+01 1.275041e+01 1.606764e+01
    endloop
  endfacet
  facet normal 1.000000e+00 5.079903e-06 -7.826674e-09
    outer loop
      vertex 2.692485e+01 1.275041e+01 1.606764e+01
      vertex 2.692505e+01 -8.500755e+00 1.984379e+01
      vertex 2.692485e+01 1.199356e+01 1.508129e+01
    endloop
  endfacet
  facet normal 1.000000e+00 5.079903e-06 -7.826674e-09
    outer loop
      vertex 2.692485e+01 1.199356e+01 1.508129e+01
      vertex 2.692505e+01 -8.500755e+00 1.984379e+01
      vertex 2.692485e+01 1.151779e+01 1.393267e+01
    endloop
  endfacet
  facet normal 1.000000e+00 5.079903e-06 -7.826674e-09
    outer loop
      vertex 2.692485e+01 1.151779e+01 1.393267e+01
      vertex 2.692505e+01 -8.500755e+00 1.984379e+01
      vertex 2.692485e+01 1.135551e+01 1.270004e+01
    endloop
  endfacet
  facet normal 1.000000e+00 5.079903e-06 -7.826674e-09
    outer loop
      vertex 2.692485e+01 2.721801e+01 2.540004e+01
      vertex 2.692485e+01 1.373676e+01 1.682449e+01
      vertex 2.692485e+01 1.488538e+01 1.730026e+01
    endloop
  endfacet
  facet normal 1.000000e+00 5.079903e-06 -7.826674e-09
    outer loop
      vertex 2.692485e+01 2.721801e+01 2.540004e+01
      vertex 2.692485e+01 1.488538e+01 1.730026e+01
      vertex 2.692485e+01 1.611801e+01 1.746254e+01
    endloop
  endfacet
  facet normal 1.000000e+00 5.079903e-06 -7.826674e-09
    outer loop
      vertex 2.692485e+01 2.721801e+01 2.540004e+01
      vertex 2.692485e+01 1.611801e+01 1.746254e+01
      vertex 2.692485e+01 1.735063e+01 1.730026e+01
    endloop
  endfacet
  facet normal 1.000000e+00 5.079903e-06 -7.826674e-09
    outer loop
      vertex 2.692485e+01 2.721801e+01 2.540004e+01
      vertex 2.692485e+01 1.735063e+01 1.730026e+01
      vertex 2.692485e+01 1.849926e+01 1.682449e+01
    endloop
  endfacet
  facet normal 1.000000e+00 5.079903e-06 -7.826674e-09
    outer loop
      vertex 2.692485e+01 2.721801e+01 2.540004e+01
      vertex 2.692485e+01 1.849926e+01 1.682449e+01
      vertex 2.692485e+01 1.948560e+01 1.606764e+01
    endloop
  endfacet
  facet normal 1.000000e+00 5.079903e-06 -7.826674e-09
    outer loop
      vertex 2.692485e+01 2.721801e+01 2.540004e+01
      vertex 2.692485e+01 1.948560e+01 1.606764e+01
      vertex 2.692485e+01 2.024245e+01 1.508129e+01
    endloop
  endfacet
  facet normal 1.000000e+00 5.079903e-06 -7.826674e-09
    outer loop
      vertex 2.692485e+01 2.721801e+01 2.540004e+01
      vertex 2.692485e+01 2.024245e+01 1.508129e+01
      vertex 2.692485e+01 2.071823e+01 1.393267e+01
    endloop
  endfacet
  facet normal 1.000000e+00 5.079903e-06 -7.826674e-09
    outer loop
      vertex 2.692485e+01 2.721801e+01 2.540004e+01
      vertex 2.692485e+01 2.071823e+01 1.393267e+01
      vertex 2.692485e+01 2.088051e+01 1.270004e+01
    endloop
  endfacet
  facet normal 1.000000e+00 5.079903e-06 -7.826674e-09
    outer loop
      vertex 2.692485e+01 2.721801e+01 2.540004e+01
      vertex 2.692485e+01 2.088051e+01 1.270004e+01
      vertex 2.692485e+01 2.721801e+01 4.259901e-05
    endloop
  endfacet
  facet normal 1.000000e+00 5.079903e-06 -7.826674e-09
    outer loop
      vertex 2.692485e+01 2.721801e+01 2.540004e+01
      vertex 2.692485e+01 2.721801e+01 4.259901e-05
      vertex 2.692485e+01 3.199510e+01 5.022623e+00
    endloop
  endfacet
  facet normal 1.000000e+00 5.079903e-06 -7.826674e-09
    outer loop
      vertex 2.692485e+01 2.721801e+01 2.540004e+01
      vertex 2.692485e+01 3.199510e+01 5.022623e+00
      vertex 2.692485e+01 3.199510e+01 2.089762e+01
    endloop
  endfacet
  facet normal 1.000000e+00 5.079903e-06 -7.826674e-09
    outer loop
      vertex 2.692506e+01 -1.162166e+01 9.287658e+00
      vertex 2.692506e+01 -1.167576e+01 1.984379e+01
      vertex 2.692506e+01 -1.167576e+01 8.876783e+00
    endloop
  endfacet
  facet normal 1.000000e+00 5.079903e-06 -7.826674e-09
    outer loop
      vertex 2.692506e+01 -1.167576e+01 1.984379e+01
      vertex 2.692506e+01 -1.162166e+01 9.287658e+00
      vertex 2.692506e+01 -1.162166e+01 1.943292e+01
    endloop
  endfacet
  facet normal 1.000000e+00 5.079903e-06 -7.826674e-09
    outer loop
      vertex 2.692506e+01 -1.162166e+01 1.943292e+01
      vertex 2.692506e+01 -1.162166e+01 9.287658e+00
      vertex 2.692506e+01 -1.146307e+01 9.670533e+00
    endloop
  endfacet
  facet normal 1.000000e+00 5.079903e-06 -7.826674e-09
    outer loop
      vertex 2.692506e+01 -1.162166e+01 1.943292e+01
      vertex 2.692506e+01 -1.146307e+01 9.670533e+00
      vertex 2.692506e+01 -1.146307e+01 1.905004e+01
    endloop
  endfacet
  facet normal 1.000000e+00 5.079903e-06 -7.826674e-09
    outer loop
      vertex 2.692506e+01 -1.146307e+01 1.905004e+01
      vertex 2.692506e+01 -1.146307e+01 9.670533e+00
      vertex 2.692506e+01 -1.121079e+01 9.999315e+00
    endloop
  endfacet
  facet normal 1.000000e+00 5.079903e-06 -7.826674e-09
    outer loop
      vertex 2.692506e+01 -1.146307e+01 1.905004e+01
      vertex 2.692506e+01 -1.121079e+01 9.999315e+00
      vertex 2.692506e+01 -1.121079e+01 1.872126e+01
    endloop
  endfacet
  facet normal 1.000000e+00 5.079903e-06 -7.826674e-09
    outer loop
      vertex 2.692506e+01 -1.121079e+01 1.872126e+01
      vertex 2.692506e+01 -1.121079e+01 9.999315e+00
      vertex 2.692506e+01 -1.088201e+01 1.025160e+01
    endloop
  endfacet
  facet normal 1.000000e+00 5.079903e-06 -7.826674e-09
    outer loop
      vertex 2.692506e+01 -1.121079e+01 1.872126e+01
      vertex 2.692506e+01 -1.088201e+01 1.025160e+01
      vertex 2.692506e+01 -1.088201e+01 1.846898e+01
    endloop
  endfacet
  facet normal 1.000000e+00 5.079903e-06 -7.826674e-09
    outer loop
      vertex 2.692506e+01 -1.088201e+01 1.846898e+01
      vertex 2.692506e+01 -1.088201e+01 1.025160e+01
      vertex 2.692506e+01 -1.049913e+01 1.041019e+01
    endloop
  endfacet
  facet normal 1.000000e+00 5.079903e-06 -7.826674e-09
    outer loop
      vertex 2.692506e+01 -1.088201e+01 1.846898e+01
      vertex 2.692506e+01 -1.049913e+01 1.041019e+01
      vertex 2.692506e+01 -1.049913e+01 1.831038e+01
    endloop
  endfacet
  facet normal 1.000000e+00 5.079903e-06 -7.826674e-09
    outer loop
      vertex 2.692506e+01 -1.049913e+01 1.831038e+01
      vertex 2.692506e+01 -1.049913e+01 1.041019e+01
      vertex 2.692505e+01 -1.008826e+01 1.046428e+01
    endloop
  endfacet
  facet normal 1.000000e+00 5.079903e-06 -7.826674e-09
    outer loop
      vertex 2.692506e+01 -1.049913e+01 1.831038e+01
      vertex 2.692505e+01 -1.008826e+01 1.046428e+01
      vertex 2.692506e+01 -1.008826e+01 1.825629e+01
    endloop
  endfacet
  facet normal 1.000000e+00 5.079903e-06 -7.826674e-09
    outer loop
      vertex 2.692506e+01 -1.008826e+01 1.825629e+01
      vertex 2.692505e+01 -1.008826e+01 1.046428e+01
      vertex 2.692505e+01 -9.677380e+00 1.041019e+01
    endloop
  endfacet
  facet normal 1.000000e+00 5.079903e-06 -7.826674e-09
    outer loop
      vertex 2.692506e+01 -1.008826e+01 1.825629e+01
      vertex 2.692505e+01 -9.677380e+00 1.041019e+01
      vertex 2.692505e+01 -9.677380e+00 1.831038e+01
    endloop
  endfacet
  facet normal 1.000000e+00 5.079903e-06 -7.826674e-09
    outer loop
      vertex 2.692505e+01 -9.677380e+00 1.831038e+01
      vertex 2.692505e+01 -9.677380e+00 1.041019e+01
      vertex 2.692505e+01 -9.294505e+00 1.025160e+01
    endloop
  endfacet
  facet normal 1.000000e+00 5.079903e-06 -7.826674e-09
    outer loop
      vertex 2.692505e+01 -9.677380e+00 1.831038e+01
      vertex 2.692505e+01 -9.294505e+00 1.025160e+01
      vertex 2.692505e+01 -9.294505e+00 1.846898e+01
    endloop
  endfacet
  facet normal 1.000000e+00 5.079903e-06 -7.826674e-09
    outer loop
      vertex 2.692505e+01 -9.294505e+00 1.846898e+01
      vertex 2.692505e+01 -9.294505e+00 1.025160e+01
      vertex 2.692505e+01 -8.965723e+00 9.999315e+00
    endloop
  endfacet
  facet normal 1.000000e+00 5.079903e-06 -7.826674e-09
    outer loop
      vertex 2.692505e+01 -9.294505e+00 1.846898e+01
      vertex 2.692505e+01 -8.965723e+00 9.999315e+00
      vertex 2.692505e+01 -8.965723e+00 1.872126e+01
    endloop
  endfacet
  facet normal 1.000000e+00 5.079903e-06 -7.826674e-09
    outer loop
      vertex 2.692505e+01 -8.965723e+00 1.872126e+01
      vertex 2.692505e+01 -8.965723e+00 9.999315e+00
      vertex 2.692505e+01 -8.713440e+00 9.670533e+00
    endloop
  endfacet
  facet normal 1.000000e+00 5.079903e-06 -7.826674e-09
    outer loop
      vertex 2.692505e+01 -8.965723e+00 1.872126e+01
      vertex 2.692505e+01 -8.713440e+00 9.670533e+00
      vertex 2.692505e+01 -8.713440e+00 1.905004e+01
    endloop
  endfacet
  facet normal 1.000000e+00 5.079903e-06 -7.826674e-09
    outer loop
      vertex 2.692505e+01 -8.713440e+00 1.905004e+01
      vertex 2.692505e+01 -8.713440e+00 9.670533e+00
      vertex 2.692504e+01 -8.554849e+00 9.287658e+00
    endloop
  endfacet
  facet normal 1.000000e+00 5.079903e-06 -7.826674e-09
    outer loop
      vertex 2.692505e+01 -8.713440e+00 1.905004e+01
      vertex 2.692504e+01 -8.554849e+00 9.287658e+00
      vertex 2.692505e+01 -8.554849e+00 1.943292e+01
    endloop
  endfacet
  facet normal 1.000000e+00 5.079903e-06 -7.826674e-09
    outer loop
      vertex 2.692505e+01 -8.554849e+00 1.943292e+01
      vertex 2.692504e+01 -8.554849e+00 9.287658e+00
      vertex 2.692504e+01 -8.500755e+00 8.876783e+00
    endloop
  endfacet
  facet normal 1.000000e+00 5.079903e-06 -7.826674e-09
    outer loop
      vertex 2.692505e+01 -8.554849e+00 1.943292e+01
      vertex 2.692504e+01 -8.500755e+00 8.876783e+00
      vertex 2.692505e+01 -8.500755e+00 1.984379e+01
    endloop
  endfacet
  facet normal 1.000000e+00 5.079903e-06 -7.826674e-09
    outer loop
      vertex 2.692513e+01 -2.277935e+01 8.916777e+00
      vertex 2.692513e+01 -2.273418e+01 1.945034e+01
      vertex 2.692513e+01 -2.278827e+01 1.986122e+01
    endloop
  endfacet
  facet normal 1.000000e+00 5.079903e-06 -7.826674e-09
    outer loop
      vertex 2.692513e+01 -2.273418e+01 1.945034e+01
      vertex 2.692513e+01 -2.277935e+01 8.916777e+00
      vertex 2.692513e+01 -2.268206e+01 9.319616e+00
    endloop
  endfacet
  facet normal 1.000000e+00 5.079903e-06 -7.826674e-09
    outer loop
      vertex 2.692513e+01 -2.273418e+01 1.945034e+01
      vertex 2.692513e+01 -2.268206e+01 9.319616e+00
      vertex 2.692513e+01 -2.257559e+01 1.906747e+01
    endloop
  endfacet
  facet normal 1.000000e+00 5.079903e-06 -7.826674e-09
    outer loop
      vertex 2.692513e+01 -2.257559e+01 1.906747e+01
      vertex 2.692513e+01 -2.268206e+01 9.319616e+00
      vertex 2.692513e+01 -2.248383e+01 9.683550e+00
    endloop
  endfacet
  facet normal 1.000000e+00 5.079903e-06 -7.826674e-09
    outer loop
      vertex 2.692513e+01 -2.257559e+01 1.906747e+01
      vertex 2.692513e+01 -2.248383e+01 9.683550e+00
      vertex 2.692513e+01 -2.232330e+01 1.873869e+01
    endloop
  endfacet
  facet normal 1.000000e+00 5.079903e-06 -7.826674e-09
    outer loop
      vertex 2.692513e+01 -2.232330e+01 1.873869e+01
      vertex 2.692513e+01 -2.248383e+01 9.683550e+00
      vertex 2.692513e+01 -2.219816e+01 9.983777e+00
    endloop
  endfacet
  facet normal 1.000000e+00 5.079903e-06 -7.826674e-09
    outer loop
      vertex 2.692513e+01 -2.232330e+01 1.873869e+01
      vertex 2.692513e+01 -2.219816e+01 9.983777e+00
      vertex 2.692513e+01 -2.199452e+01 1.848640e+01
    endloop
  endfacet
  facet normal 1.000000e+00 5.079903e-06 -7.826674e-09
    outer loop
      vertex 2.692513e+01 -2.199452e+01 1.848640e+01
      vertex 2.692513e+01 -2.219816e+01 9.983777e+00
      vertex 2.692513e+01 -2.184452e+01 1.019984e+01
    endloop
  endfacet
  facet normal 1.000000e+00 5.079903e-06 -7.826674e-09
    outer loop
      vertex 2.692513e+01 -2.199452e+01 1.848640e+01
      vertex 2.692513e+01 -2.184452e+01 1.019984e+01
      vertex 2.692513e+01 -2.161165e+01 1.832781e+01
    endloop
  endfacet
  facet normal 1.000000e+00 5.079903e-06 -7.826674e-09
    outer loop
      vertex 2.692513e+01 -2.161165e+01 1.832781e+01
      vertex 2.692513e+01 -2.184452e+01 1.019984e+01
      vertex 2.692513e+01 -2.144700e+01 1.031700e+01
    endloop
  endfacet
  facet normal 1.000000e+00 5.079903e-06 -7.826674e-09
    outer loop
      vertex 2.692513e+01 -2.161165e+01 1.832781e+01
      vertex 2.692513e+01 -2.144700e+01 1.031700e+01
      vertex 2.692513e+01 -2.120077e+01 1.827372e+01
    endloop
  endfacet
  facet normal 1.000000e+00 5.079903e-06 -7.826674e-09
    outer loop
      vertex 2.692513e+01 -2.120077e+01 1.827372e+01
      vertex 2.692513e+01 -2.144700e+01 1.031700e+01
      vertex 2.692513e+01 -2.103271e+01 1.032730e+01
    endloop
  endfacet
  facet normal 1.000000e+00 5.079903e-06 -7.826674e-09
    outer loop
      vertex 2.692513e+01 -2.120077e+01 1.827372e+01
      vertex 2.692513e+01 -2.103271e+01 1.032730e+01
      vertex 2.692513e+01 -2.078990e+01 1.832781e+01
    endloop
  endfacet
  facet normal 1.000000e+00 5.079903e-06 -7.826674e-09
    outer loop
      vertex 2.692513e+01 -2.078990e+01 1.832781e+01
      vertex 2.692513e+01 -2.103271e+01 1.032730e+01
      vertex 2.692513e+01 -2.062987e+01 1.023001e+01
    endloop
  endfacet
  facet normal 1.000000e+00 5.079903e-06 -7.826674e-09
    outer loop
      vertex 2.692513e+01 -2.078990e+01 1.832781e+01
      vertex 2.692513e+01 -2.062987e+01 1.023001e+01
      vertex 2.692513e+01 -2.040702e+01 1.848640e+01
    endloop
  endfacet
  facet normal 1.000000e+00 5.079903e-06 -7.826674e-09
    outer loop
      vertex 2.692513e+01 -2.040702e+01 1.848640e+01
      vertex 2.692513e+01 -2.062987e+01 1.023001e+01
      vertex 2.692513e+01 -2.026594e+01 1.003178e+01
    endloop
  endfacet
  facet normal 1.000000e+00 5.079903e-06 -7.826674e-09
    outer loop
      vertex 2.692513e+01 -2.040702e+01 1.848640e+01
      vertex 2.692513e+01 -2.026594e+01 1.003178e+01
      vertex 2.692513e+01 -2.007824e+01 1.873869e+01
    endloop
  endfacet
  facet normal 1.000000e+00 5.079903e-06 -7.826674e-09
    outer loop
      vertex 2.692513e+01 -2.007824e+01 1.873869e+01
      vertex 2.692513e+01 -2.026594e+01 1.003178e+01
      vertex 2.692513e+01 -1.996571e+01 9.746105e+00
    endloop
  endfacet
  facet normal 1.000000e+00 5.079903e-06 -7.826674e-09
    outer loop
      vertex 2.692513e+01 -2.007824e+01 1.873869e+01
      vertex 2.692513e+01 -1.996571e+01 9.746105e+00
      vertex 2.692513e+01 -1.982596e+01 1.906747e+01
    endloop
  endfacet
  facet normal 1.000000e+00 5.079903e-06 -7.826674e-09
    outer loop
      vertex 2.692513e+01 -1.982596e+01 1.906747e+01
      vertex 2.692513e+01 -1.996571e+01 9.746105e+00
      vertex 2.692513e+01 -1.974965e+01 9.392462e+00
    endloop
  endfacet
  facet normal 1.000000e+00 5.079903e-06 -7.826674e-09
    outer loop
      vertex 2.692513e+01 -1.982596e+01 1.906747e+01
      vertex 2.692513e+01 -1.974965e+01 9.392462e+00
      vertex 2.692513e+01 -1.966736e+01 1.945034e+01
    endloop
  endfacet
  facet normal 1.000000e+00 5.079903e-06 -7.826674e-09
    outer loop
      vertex 2.692513e+01 -1.966736e+01 1.945034e+01
      vertex 2.692513e+01 -1.974965e+01 9.392462e+00
      vertex 2.692513e+01 -1.963248e+01 8.994950e+00
    endloop
  endfacet
  facet normal 1.000000e+00 5.079903e-06 -7.826674e-09
    outer loop
      vertex 2.692513e+01 -1.966736e+01 1.945034e+01
      vertex 2.692513e+01 -1.963248e+01 8.994950e+00
      vertex 2.692513e+01 -1.961327e+01 1.986122e+01
    endloop
  endfacet
  facet normal 1.000000e+00 5.079903e-06 -7.826674e-09
    outer loop
      vertex 2.692513e+01 -1.961327e+01 1.986122e+01
      vertex 2.692513e+01 -1.963248e+01 8.994950e+00
      vertex 2.692513e+01 -1.962219e+01 8.580658e+00
    endloop
  endfacet
  facet normal -1.000000e+00 -5.166159e-06 -1.644477e-07
    outer loop
      vertex 2.375013e+01 -2.273418e+01 1.945034e+01
      vertex 2.375013e+01 -2.277935e+01 8.916777e+00
      vertex 2.375013e+01 -2.278827e+01 1.986122e+01
    endloop
  endfacet
  facet normal -1.000000e+00 -5.166159e-06 -1.644477e-07
    outer loop
      vertex 2.375013e+01 -2.277935e+01 8.916777e+00
      vertex 2.375013e+01 -2.273418e+01 1.945034e+01
      vertex 2.375013e+01 -2.268206e+01 9.319616e+00
    endloop
  endfacet
  facet normal -1.000000e+00 -5.166159e-06 -1.644477e-07
    outer loop
      vertex 2.375013e+01 -2.268206e+01 9.319616e+00
      vertex 2.375013e+01 -2.273418e+01 1.945034e+01
      vertex 2.375013e+01 -2.257559e+01 1.906747e+01
    endloop
  endfacet
  facet normal -1.000000e+00 -5.166159e-06 -1.644477e-07
    outer loop
      vertex 2.375013e+01 -2.268206e+01 9.319616e+00
      vertex 2.375013e+01 -2.257559e+01 1.906747e+01
      vertex 2.375013e+01 -2.248383e+01 9.683550e+00
    endloop
  endfacet
  facet normal -1.000000e+00 -5.166159e-06 -1.644477e-07
    outer loop
      vertex 2.375013e+01 -2.248383e+01 9.683550e+00
      vertex 2.375013e+01 -2.257559e+01 1.906747e+01
      vertex 2.375013e+01 -2.232330e+01 1.873869e+01
    endloop
  endfacet
  facet normal -1.000000e+00 -5.166159e-06 -1.644477e-07
    outer loop
      vertex 2.375013e+01 -2.248383e+01 9.683550e+00
      vertex 2.375013e+01 -2.232330e+01 1.873869e+01
      vertex 2.375013e+01 -2.219816e+01 9.983777e+00
    endloop
  endfacet
  facet normal -1.000000e+00 -5.166159e-06 -1.644477e-07
    outer loop
      vertex 2.375013e+01 -2.219816e+01 9.983777e+00
      vertex 2.375013e+01 -2.232330e+01 1.873869e+01
      vertex 2.375013e+01 -2.199452e+01 1.848640e+01
    endloop
  endfacet
  facet normal -1.000000e+00 -5.166159e-06 -1.644477e-07
    outer loop
      vertex 2.375013e+01 -2.219816e+01 9.983777e+00
      vertex 2.375013e+01 -2.199452e+01 1.848640e+01
      vertex 2.375013e+01 -2.184452e+01 1.019984e+01
    endloop
  endfacet
  facet normal -1.000000e+00 -5.166159e-06 -1.644477e-07
    outer loop
      vertex 2.375013e+01 -2.184452e+01 1.019984e+01
      vertex 2.375013e+01 -2.199452e+01 1.848640e+01
      vertex 2.375013e+01 -2.161165e+01 1.832781e+01
    endloop
  endfacet
  facet normal -1.000000e+00 -5.166159e-06 -1.644477e-07
    outer loop
      vertex 2.375013e+01 -2.184452e+01 1.019984e+01
      vertex 2.375013e+01 -2.161165e+01 1.832781e+01
      vertex 2.375013e+01 -2.144700e+01 1.031700e+01
    endloop
  endfacet
  facet normal -1.000000e+00 -5.166159e-06 -1.644477e-07
    outer loop
      vertex 2.375013e+01 -2.144700e+01 1.031700e+01
      vertex 2.375013e+01 -2.161165e+01 1.832781e+01
      vertex 2.375013e+01 -2.120077e+01 1.827372e+01
    endloop
  endfacet
  facet normal -1.000000e+00 -5.166159e-06 -1.644477e-07
    outer loop
      vertex 2.375013e+01 -2.144700e+01 1.031700e+01
      vertex 2.375013e+01 -2.120077e+01 1.827372e+01
      vertex 2.375013e+01 -2.103271e+01 1.032730e+01
    endloop
  endfacet
  facet normal -1.000000e+00 -5.166159e-06 -1.644477e-07
    outer loop
      vertex 2.375013e+01 -2.103271e+01 1.032730e+01
      vertex 2.375013e+01 -2.120077e+01 1.827372e+01
      vertex 2.375013e+01 -2.078990e+01 1.832781e+01
    endloop
  endfacet
  facet normal -1.000000e+00 -5.166159e-06 -1.644477e-07
    outer loop
      vertex 2.375013e+01 -2.103271e+01 1.032730e+01
      vertex 2.375013e+01 -2.078990e+01 1.832781e+01
      vertex 2.375013e+01 -2.062987e+01 1.023001e+01
    endloop
  endfacet
  facet normal -1.000000e+00 -5.166159e-06 -1.644477e-07
    outer loop
      vertex 2.375013e+01 -2.062987e+01 1.023001e+01
      vertex 2.375013e+01 -2.078990e+01 1.832781e+01
      vertex 2.375013e+01 -2.040702e+01 1.848640e+01
    endloop
  endfacet
  facet normal -1.000000e+00 -5.166159e-06 -1.644477e-07
    outer loop
      vertex 2.375013e+01 -2.062987e+01 1.023001e+01
      vertex 2.375013e+01 -2.040702e+01 1.848640e+01
      vertex 2.375013e+01 -2.026594e+01 1.003178e+01
    endloop
  endfacet
  facet normal -1.000000e+00 -5.166159e-06 -1.644477e-07
    outer loop
      vertex 2.375013e+01 -2.026594e+01 1.003178e+01
      vertex 2.375013e+01 -2.040702e+01 1.848640e+01
      vertex 2.375013e+01 -2.007824e+01 1.873869e+01
    endloop
  endfacet
  facet normal -1.000000e+00 -5.166159e-06 -1.644477e-07
    outer loop
      vertex 2.375013e+01 -2.026594e+01 1.003178e+01
      vertex 2.375013e+01 -2.007824e+01 1.873869e+01
      vertex 2.375013e+01 -1.996571e+01 9.746105e+00
    endloop
  endfacet
  facet normal -1.000000e+00 -5.166159e-06 -1.644477e-07
    outer loop
      vertex 2.375013e+01 -1.996571e+01 9.746105e+00
      vertex 2.375013e+01 -2.007824e+01 1.873869e+01
      vertex 2.375013e+01 -1.982596e+01 1.906747e+01
    endloop
  endfacet
  facet normal -1.000000e+00 -5.166159e-06 -1.644477e-07
    outer loop
      vertex 2.375013e+01 -1.996571e+01 9.746105e+00
      vertex 2.375013e+01 -1.982596e+01 1.906747e+01
      vertex 2.375013e+01 -1.974965e+01 9.392462e+00
    endloop
  endfacet
  facet normal -1.000000e+00 -5.166159e-06 -1.644477e-07
    outer loop
      vertex 2.375013e+01 -1.974965e+01 9.392462e+00
      vertex 2.375013e+01 -1.982596e+01 1.906747e+01
      vertex 2.375013e+01 -1.966736e+01 1.945034e+01
    endloop
  endfacet
  facet normal -1.000000e+00 -5.166159e-06 -1.644477e-07
    outer loop
      vertex 2.375013e+01 -1.974965e+01 9.392462e+00
      vertex 2.375013e+01 -1.966736e+01 1.945034e+01
      vertex 2.375013e+01 -1.963248e+01 8.994950e+00
    endloop
  endfacet
  facet normal -1.000000e+00 -5.166159e-06 -1.644477e-07
    outer loop
      vertex 2.375013e+01 -1.963248e+01 8.994950e+00
      vertex 2.375013e+01 -1.966736e+01 1.945034e+01
      vertex 2.375013e+01 -1.961327e+01 1.986122e+01
    endloop
  endfacet
  facet normal -1.000000e+00 -5.166159e-06 -1.644477e-07
    outer loop
      vertex 2.375013e+01 -1.963248e+01 8.994950e+00
      vertex 2.375013e+01 -1.961327e+01 1.986122e+01
      vertex 2.375013e+01 -1.962219e+01 8.580658e+00
    endloop
  endfacet
  facet normal -1.000000e+00 -5.166159e-06 -1.644477e-07
    outer loop
      vertex 2.375013e+01 -2.516949e+01 2.540004e+01
      vertex 2.375013e+01 -2.273418e+01 2.027209e+01
      vertex 2.375013e+01 -2.278827e+01 1.986122e+01
    endloop
  endfacet
  facet normal -1.000000e+00 -5.166159e-06 -1.644477e-07
    outer loop
      vertex 2.375013e+01 -2.273418e+01 2.027209e+01
      vertex 2.375013e+01 -2.516949e+01 2.540004e+01
      vertex 2.375013e+01 -2.257559e+01 2.065497e+01
    endloop
  endfacet
  facet normal -1.000000e+00 -5.166159e-06 -1.644477e-07
    outer loop
      vertex 2.375013e+01 -2.257559e+01 2.065497e+01
      vertex 2.375013e+01 -2.516949e+01 2.540004e+01
      vertex 2.375013e+01 -2.232330e+01 2.098375e+01
    endloop
  endfacet
  facet normal -1.000000e+00 -5.166159e-06 -1.644477e-07
    outer loop
      vertex 2.375013e+01 -2.232330e+01 2.098375e+01
      vertex 2.375013e+01 -2.516949e+01 2.540004e+01
      vertex 2.375013e+01 -2.199452e+01 2.123603e+01
    endloop
  endfacet
  facet normal -1.000000e+00 -5.166159e-06 -1.644477e-07
    outer loop
      vertex 2.375013e+01 -2.199452e+01 2.123603e+01
      vertex 2.375013e+01 -2.516949e+01 2.540004e+01
      vertex 2.375013e+01 -2.161165e+01 2.139462e+01
    endloop
  endfacet
  facet normal -1.000000e+00 -5.166159e-06 -1.644477e-07
    outer loop
      vertex 2.375013e+01 -2.161165e+01 2.139462e+01
      vertex 2.375013e+01 -2.516949e+01 2.540004e+01
      vertex 2.375013e+01 -2.120077e+01 2.144872e+01
    endloop
  endfacet
  facet normal -1.000000e+00 -5.166159e-06 -1.644477e-07
    outer loop
      vertex 2.375013e+01 -2.120077e+01 2.144872e+01
      vertex 2.375013e+01 -2.516949e+01 2.540004e+01
      vertex 2.374985e+01 2.721801e+01 2.540004e+01
    endloop
  endfacet
  facet normal -1.000000e+00 -5.166159e-06 -1.644477e-07
    outer loop
      vertex 2.375013e+01 -2.120077e+01 2.144872e+01
      vertex 2.374985e+01 2.721801e+01 2.540004e+01
      vertex 2.375013e+01 -2.078990e+01 2.139462e+01
    endloop
  endfacet
  facet normal -1.000000e+00 -5.166159e-06 -1.644477e-07
    outer loop
      vertex 2.375013e+01 -2.078990e+01 2.139462e+01
      vertex 2.374985e+01 2.721801e+01 2.540004e+01
      vertex 2.375013e+01 -2.040702e+01 2.123603e+01
    endloop
  endfacet
  facet normal -1.000000e+00 -5.166159e-06 -1.644477e-07
    outer loop
      vertex 2.375013e+01 -2.040702e+01 2.123603e+01
      vertex 2.374985e+01 2.721801e+01 2.540004e+01
      vertex 2.375013e+01 -2.007824e+01 2.098375e+01
    endloop
  endfacet
  facet normal -1.000000e+00 -5.166159e-06 -1.644477e-07
    outer loop
      vertex 2.375013e+01 -2.007824e+01 2.098375e+01
      vertex 2.374985e+01 2.721801e+01 2.540004e+01
      vertex 2.375013e+01 -1.982596e+01 2.065497e+01
    endloop
  endfacet
  facet normal -1.000000e+00 -5.166159e-06 -1.644477e-07
    outer loop
      vertex 2.375013e+01 -1.982596e+01 2.065497e+01
      vertex 2.374985e+01 2.721801e+01 2.540004e+01
      vertex 2.375013e+01 -1.008827e+01 2.143129e+01
    endloop
  endfacet
  facet normal -1.000000e+00 -5.166159e-06 -1.644477e-07
    outer loop
      vertex 2.375013e+01 -1.982596e+01 2.065497e+01
      vertex 2.375013e+01 -1.008827e+01 2.143129e+01
      vertex 2.375013e+01 -1.966736e+01 2.027209e+01
    endloop
  endfacet
  facet normal -1.000000e+00 -5.166159e-06 -1.644477e-07
    outer loop
      vertex 2.375013e+01 -1.966736e+01 2.027209e+01
      vertex 2.375013e+01 -1.008827e+01 2.143129e+01
      vertex 2.375014e+01 -1.049915e+01 2.137720e+01
    endloop
  endfacet
  facet normal -1.000000e+00 -5.166159e-06 -1.644477e-07
    outer loop
      vertex 2.375013e+01 -1.966736e+01 2.027209e+01
      vertex 2.375014e+01 -1.049915e+01 2.137720e+01
      vertex 2.375013e+01 -1.961327e+01 1.986122e+01
    endloop
  endfacet
  facet normal -1.000000e+00 -5.166159e-06 -1.644477e-07
    outer loop
      vertex 2.375013e+01 -1.961327e+01 1.986122e+01
      vertex 2.375014e+01 -1.049915e+01 2.137720e+01
      vertex 2.375014e+01 -1.088202e+01 2.121861e+01
    endloop
  endfacet
  facet normal -1.000000e+00 -5.166159e-06 -1.644477e-07
    outer loop
      vertex 2.375013e+01 -1.961327e+01 1.986122e+01
      vertex 2.375014e+01 -1.088202e+01 2.121861e+01
      vertex 2.375014e+01 -1.121080e+01 2.096632e+01
    endloop
  endfacet
  facet normal -1.000000e+00 -5.166159e-06 -1.644477e-07
    outer loop
      vertex 2.375013e+01 -1.961327e+01 1.986122e+01
      vertex 2.375014e+01 -1.121080e+01 2.096632e+01
      vertex 2.375014e+01 -1.146309e+01 2.063754e+01
    endloop
  endfacet
  facet normal -1.000000e+00 -5.166159e-06 -1.644477e-07
    outer loop
      vertex 2.375013e+01 -1.961327e+01 1.986122e+01
      vertex 2.375014e+01 -1.146309e+01 2.063754e+01
      vertex 2.375014e+01 -1.162168e+01 2.025467e+01
    endloop
  endfacet
  facet normal -1.000000e+00 -5.166159e-06 -1.644477e-07
    outer loop
      vertex 2.375013e+01 -1.961327e+01 1.986122e+01
      vertex 2.375014e+01 -1.162168e+01 2.025467e+01
      vertex 2.375014e+01 -1.167577e+01 1.984379e+01
    endloop
  endfacet
  facet normal -1.000000e+00 -5.166159e-06 -1.644477e-07
    outer loop
      vertex 2.375013e+01 -1.008827e+01 2.143129e+01
      vertex 2.374985e+01 2.721801e+01 2.540004e+01
      vertex 2.375013e+01 -9.677397e+00 2.137720e+01
    endloop
  endfacet
  facet normal -1.000000e+00 -5.166159e-06 -1.644477e-07
    outer loop
      vertex 2.375013e+01 -9.677397e+00 2.137720e+01
      vertex 2.374985e+01 2.721801e+01 2.540004e+01
      vertex 2.375013e+01 -9.294522e+00 2.121861e+01
    endloop
  endfacet
  facet normal -1.000000e+00 -5.166159e-06 -1.644477e-07
    outer loop
      vertex 2.375013e+01 -9.294522e+00 2.121861e+01
      vertex 2.374985e+01 2.721801e+01 2.540004e+01
      vertex 2.375013e+01 -8.965740e+00 2.096632e+01
    endloop
  endfacet
  facet normal -1.000000e+00 -5.166159e-06 -1.644477e-07
    outer loop
      vertex 2.375013e+01 -8.965740e+00 2.096632e+01
      vertex 2.374985e+01 2.721801e+01 2.540004e+01
      vertex 2.375013e+01 -8.713457e+00 2.063754e+01
    endloop
  endfacet
  facet normal -1.000000e+00 -5.166159e-06 -1.644477e-07
    outer loop
      vertex 2.375013e+01 -8.713457e+00 2.063754e+01
      vertex 2.374985e+01 2.721801e+01 2.540004e+01
      vertex 2.375013e+01 -8.554864e+00 2.025467e+01
    endloop
  endfacet
  facet normal -1.000000e+00 -5.166159e-06 -1.644477e-07
    outer loop
      vertex 2.375013e+01 -8.554864e+00 2.025467e+01
      vertex 2.374985e+01 2.721801e+01 2.540004e+01
      vertex 2.375013e+01 -8.500772e+00 1.984379e+01
    endloop
  endfacet
  facet normal -1.000000e+00 -5.166159e-06 -1.644477e-07
    outer loop
      vertex 2.375013e+01 -8.500772e+00 1.984379e+01
      vertex 2.374985e+01 2.721801e+01 2.540004e+01
      vertex 2.375013e+01 -8.500772e+00 8.876783e+00
    endloop
  endfacet
  facet normal -1.000000e+00 -5.166159e-06 -1.644477e-07
    outer loop
      vertex 2.375013e+01 -8.500772e+00 8.876783e+00
      vertex 2.374985e+01 2.721801e+01 2.540004e+01
      vertex 2.374985e+01 1.373676e+01 1.682449e+01
    endloop
  endfacet
  facet normal -1.000000e+00 -5.166159e-06 -1.644477e-07
    outer loop
      vertex 2.375013e+01 -8.500772e+00 8.876783e+00
      vertex 2.374985e+01 1.373676e+01 1.682449e+01
      vertex 2.374985e+01 1.275041e+01 1.606764e+01
    endloop
  endfacet
  facet normal -1.000000e+00 -5.166159e-06 -1.644477e-07
    outer loop
      vertex 2.375013e+01 -8.500772e+00 8.876783e+00
      vertex 2.374985e+01 1.275041e+01 1.606764e+01
      vertex 2.374985e+01 1.199356e+01 1.508129e+01
    endloop
  endfacet
  facet normal -1.000000e+00 -5.166159e-06 -1.644477e-07
    outer loop
      vertex 2.375013e+01 -8.500772e+00 8.876783e+00
      vertex 2.374985e+01 1.199356e+01 1.508129e+01
      vertex 2.374985e+01 1.151779e+01 1.393267e+01
    endloop
  endfacet
  facet normal -1.000000e+00 -5.166159e-06 -1.644477e-07
    outer loop
      vertex 2.375013e+01 -8.500772e+00 8.876783e+00
      vertex 2.374985e+01 1.151779e+01 1.393267e+01
      vertex 2.374985e+01 1.135551e+01 1.270004e+01
    endloop
  endfacet
  facet normal -1.000000e+00 -5.166159e-06 -1.644477e-07
    outer loop
      vertex 2.374985e+01 1.373676e+01 1.682449e+01
      vertex 2.374985e+01 2.721801e+01 2.540004e+01
      vertex 2.374985e+01 1.488538e+01 1.730026e+01
    endloop
  endfacet
  facet normal -1.000000e+00 -5.166159e-06 -1.644477e-07
    outer loop
      vertex 2.374985e+01 1.488538e+01 1.730026e+01
      vertex 2.374985e+01 2.721801e+01 2.540004e+01
      vertex 2.374985e+01 1.611801e+01 1.746254e+01
    endloop
  endfacet
  facet normal -1.000000e+00 -5.166159e-06 -1.644477e-07
    outer loop
      vertex 2.374985e+01 1.611801e+01 1.746254e+01
      vertex 2.374985e+01 2.721801e+01 2.540004e+01
      vertex 2.374985e+01 1.735063e+01 1.730026e+01
    endloop
  endfacet
  facet normal -1.000000e+00 -5.166159e-06 -1.644477e-07
    outer loop
      vertex 2.374985e+01 1.735063e+01 1.730026e+01
      vertex 2.374985e+01 2.721801e+01 2.540004e+01
      vertex 2.374985e+01 1.849926e+01 1.682449e+01
    endloop
  endfacet
  facet normal -1.000000e+00 -5.166159e-06 -1.644477e-07
    outer loop
      vertex 2.374985e+01 1.849926e+01 1.682449e+01
      vertex 2.374985e+01 2.721801e+01 2.540004e+01
      vertex 2.374985e+01 1.948560e+01 1.606764e+01
    endloop
  endfacet
  facet normal -1.000000e+00 -5.166159e-06 -1.644477e-07
    outer loop
      vertex 2.374985e+01 1.948560e+01 1.606764e+01
      vertex 2.374985e+01 2.721801e+01 2.540004e+01
      vertex 2.374985e+01 2.024245e+01 1.508129e+01
    endloop
  endfacet
  facet normal -1.000000e+00 -5.166159e-06 -1.644477e-07
    outer loop
      vertex 2.374985e+01 2.024245e+01 1.508129e+01
      vertex 2.374985e+01 2.721801e+01 2.540004e+01
      vertex 2.374985e+01 2.071823e+01 1.393267e+01
    endloop
  endfacet
  facet normal -1.000000e+00 -5.166159e-06 -1.644477e-07
    outer loop
      vertex 2.374985e+01 2.071823e+01 1.393267e+01
      vertex 2.374985e+01 2.721801e+01 2.540004e+01
      vertex 2.374985e+01 2.088051e+01 1.270004e+01
    endloop
  endfacet
  facet normal -1.000000e+00 -5.166159e-06 -1.644477e-07
    outer loop
      vertex 2.374985e+01 2.088051e+01 1.270004e+01
      vertex 2.374985e+01 2.721801e+01 2.540004e+01
      vertex 2.374985e+01 2.721801e+01 4.259901e-05
    endloop
  endfacet
  facet normal -1.000000e+00 -5.166159e-06 -1.644477e-07
    outer loop
      vertex 2.374985e+01 2.721801e+01 4.259901e-05
      vertex 2.374985e+01 2.721801e+01 2.540004e+01
      vertex 2.374985e+01 3.199510e+01 5.022623e+00
    endloop
  endfacet
  facet normal -1.000000e+00 -5.166159e-06 -1.644477e-07
    outer loop
      vertex 2.374985e+01 3.199510e+01 5.022623e+00
      vertex 2.374985e+01 2.721801e+01 2.540004e+01
      vertex 2.374985e+01 3.199510e+01 2.089762e+01
    endloop
  endfacet
  facet normal -1.000000e+00 -5.166159e-06 -1.644477e-07
    outer loop
      vertex 2.375013e+01 -2.516949e+01 2.540004e+01
      vertex 2.375013e+01 -2.199449e+01 4.259549e-05
      vertex 2.375013e+01 -2.516949e+01 4.259549e-05
    endloop
  endfacet
  facet normal -1.000000e+00 -5.166159e-06 -1.644477e-07
    outer loop
      vertex 2.375013e+01 -2.199449e+01 4.259549e-05
      vertex 2.375013e+01 -2.516949e+01 2.540004e+01
      vertex 2.375013e+01 -2.276906e+01 8.502484e+00
    endloop
  endfacet
  facet normal -1.000000e+00 -5.166159e-06 -1.644477e-07
    outer loop
      vertex 2.375013e+01 -2.276906e+01 8.502484e+00
      vertex 2.375013e+01 -2.516949e+01 2.540004e+01
      vertex 2.375013e+01 -2.277935e+01 8.916777e+00
    endloop
  endfacet
  facet normal -1.000000e+00 -5.166159e-06 -1.644477e-07
    outer loop
      vertex 2.375013e+01 -2.277935e+01 8.916777e+00
      vertex 2.375013e+01 -2.516949e+01 2.540004e+01
      vertex 2.375013e+01 -2.278827e+01 1.986122e+01
    endloop
  endfacet
  facet normal -1.000000e+00 -5.166159e-06 -1.644477e-07
    outer loop
      vertex 2.375013e+01 -2.199449e+01 4.259549e-05
      vertex 2.375013e+01 -2.276906e+01 8.502484e+00
      vertex 2.375013e+01 -2.265189e+01 8.104971e+00
    endloop
  endfacet
  facet normal -1.000000e+00 -5.166159e-06 -1.644477e-07
    outer loop
      vertex 2.375013e+01 -2.199449e+01 4.259549e-05
      vertex 2.375013e+01 -2.265189e+01 8.104971e+00
      vertex 2.375013e+01 -2.243583e+01 7.751329e+00
    endloop
  endfacet
  facet normal -1.000000e+00 -5.166159e-06 -1.644477e-07
    outer loop
      vertex 2.375013e+01 -2.199449e+01 4.259549e-05
      vertex 2.375013e+01 -2.243583e+01 7.751329e+00
      vertex 2.375013e+01 -2.213560e+01 7.465657e+00
    endloop
  endfacet
  facet normal -1.000000e+00 -5.166159e-06 -1.644477e-07
    outer loop
      vertex 2.375013e+01 -2.199449e+01 4.259549e-05
      vertex 2.375013e+01 -2.213560e+01 7.465657e+00
      vertex 2.375013e+01 -2.177167e+01 7.267423e+00
    endloop
  endfacet
  facet normal -1.000000e+00 -5.166159e-06 -1.644477e-07
    outer loop
      vertex 2.375013e+01 -2.199449e+01 4.259549e-05
      vertex 2.375013e+01 -2.177167e+01 7.267423e+00
      vertex 2.375013e+01 -2.136883e+01 7.170138e+00
    endloop
  endfacet
  facet normal -1.000000e+00 -5.166159e-06 -1.644477e-07
    outer loop
      vertex 2.375013e+01 -2.199449e+01 4.259549e-05
      vertex 2.375013e+01 -2.136883e+01 7.170138e+00
      vertex 2.374985e+01 2.721801e+01 4.259901e-05
    endloop
  endfacet
  facet normal -1.000000e+00 -5.166159e-06 -1.644477e-07
    outer loop
      vertex 2.374985e+01 2.721801e+01 4.259901e-05
      vertex 2.375013e+01 -2.136883e+01 7.170138e+00
      vertex 2.375013e+01 -2.095454e+01 7.180430e+00
    endloop
  endfacet
  facet normal -1.000000e+00 -5.166159e-06 -1.644477e-07
    outer loop
      vertex 2.374985e+01 2.721801e+01 4.259901e-05
      vertex 2.375013e+01 -2.095454e+01 7.180430e+00
      vertex 2.375013e+01 -2.055703e+01 7.297597e+00
    endloop
  endfacet
  facet normal -1.000000e+00 -5.166159e-06 -1.644477e-07
    outer loop
      vertex 2.374985e+01 2.721801e+01 4.259901e-05
      vertex 2.375013e+01 -2.055703e+01 7.297597e+00
      vertex 2.375013e+01 -2.020338e+01 7.513657e+00
    endloop
  endfacet
  facet normal -1.000000e+00 -5.166159e-06 -1.644477e-07
    outer loop
      vertex 2.374985e+01 2.721801e+01 4.259901e-05
      vertex 2.375013e+01 -2.020338e+01 7.513657e+00
      vertex 2.375013e+01 -1.991771e+01 7.813883e+00
    endloop
  endfacet
  facet normal -1.000000e+00 -5.166159e-06 -1.644477e-07
    outer loop
      vertex 2.374985e+01 2.721801e+01 4.259901e-05
      vertex 2.375013e+01 -1.991771e+01 7.813883e+00
      vertex 2.375013e+01 -1.983596e+01 7.921236e+00
    endloop
  endfacet
  facet normal -1.000000e+00 -5.166159e-06 -1.644477e-07
    outer loop
      vertex 2.374985e+01 2.721801e+01 4.259901e-05
      vertex 2.375013e+01 -1.983596e+01 7.921236e+00
      vertex 2.375013e+01 -1.971948e+01 8.177818e+00
    endloop
  endfacet
  facet normal -1.000000e+00 -5.166159e-06 -1.644477e-07
    outer loop
      vertex 2.374985e+01 2.721801e+01 4.259901e-05
      vertex 2.375013e+01 -1.971948e+01 8.177818e+00
      vertex 2.375013e+01 -1.962219e+01 8.580658e+00
    endloop
  endfacet
  facet normal -1.000000e+00 -5.166159e-06 -1.644477e-07
    outer loop
      vertex 2.374985e+01 2.721801e+01 4.259901e-05
      vertex 2.375013e+01 -1.962219e+01 8.580658e+00
      vertex 2.375014e+01 -1.049915e+01 7.343376e+00
    endloop
  endfacet
  facet normal -1.000000e+00 -5.166159e-06 -1.644477e-07
    outer loop
      vertex 2.375014e+01 -1.049915e+01 7.343376e+00
      vertex 2.375013e+01 -1.962219e+01 8.580658e+00
      vertex 2.375014e+01 -1.088202e+01 7.501967e+00
    endloop
  endfacet
  facet normal -1.000000e+00 -5.166159e-06 -1.644477e-07
    outer loop
      vertex 2.375014e+01 -1.088202e+01 7.501967e+00
      vertex 2.375013e+01 -1.962219e+01 8.580658e+00
      vertex 2.375014e+01 -1.121080e+01 7.754250e+00
    endloop
  endfacet
  facet normal -1.000000e+00 -5.166159e-06 -1.644477e-07
    outer loop
      vertex 2.375014e+01 -1.121080e+01 7.754250e+00
      vertex 2.375013e+01 -1.962219e+01 8.580658e+00
      vertex 2.375014e+01 -1.146309e+01 8.083033e+00
    endloop
  endfacet
  facet normal -1.000000e+00 -5.166159e-06 -1.644477e-07
    outer loop
      vertex 2.375014e+01 -1.146309e+01 8.083033e+00
      vertex 2.375013e+01 -1.962219e+01 8.580658e+00
      vertex 2.375013e+01 -1.961327e+01 1.986122e+01
    endloop
  endfacet
  facet normal -1.000000e+00 -5.166159e-06 -1.644477e-07
    outer loop
      vertex 2.375014e+01 -1.146309e+01 8.083033e+00
      vertex 2.375013e+01 -1.961327e+01 1.986122e+01
      vertex 2.375014e+01 -1.162168e+01 8.465907e+00
    endloop
  endfacet
  facet normal -1.000000e+00 -5.166159e-06 -1.644477e-07
    outer loop
      vertex 2.375014e+01 -1.162168e+01 8.465907e+00
      vertex 2.375013e+01 -1.961327e+01 1.986122e+01
      vertex 2.375014e+01 -1.167577e+01 8.876783e+00
    endloop
  endfacet
  facet normal -1.000000e+00 -5.166159e-06 -1.644477e-07
    outer loop
      vertex 2.375014e+01 -1.167577e+01 8.876783e+00
      vertex 2.375013e+01 -1.961327e+01 1.986122e+01
      vertex 2.375014e+01 -1.167577e+01 1.984379e+01
    endloop
  endfacet
  facet normal -1.000000e+00 -5.166159e-06 -1.644477e-07
    outer loop
      vertex 2.374985e+01 2.721801e+01 4.259901e-05
      vertex 2.375014e+01 -1.049915e+01 7.343376e+00
      vertex 2.375013e+01 -1.008827e+01 7.289283e+00
    endloop
  endfacet
  facet normal -1.000000e+00 -5.166159e-06 -1.644477e-07
    outer loop
      vertex 2.374985e+01 2.721801e+01 4.259901e-05
      vertex 2.375013e+01 -1.008827e+01 7.289283e+00
      vertex 2.375013e+01 -9.677397e+00 7.343376e+00
    endloop
  endfacet
  facet normal -1.000000e+00 -5.166159e-06 -1.644477e-07
    outer loop
      vertex 2.374985e+01 2.721801e+01 4.259901e-05
      vertex 2.375013e+01 -9.677397e+00 7.343376e+00
      vertex 2.375013e+01 -9.294522e+00 7.501967e+00
    endloop
  endfacet
  facet normal -1.000000e+00 -5.166159e-06 -1.644477e-07
    outer loop
      vertex 2.374985e+01 2.721801e+01 4.259901e-05
      vertex 2.375013e+01 -9.294522e+00 7.501967e+00
      vertex 2.375013e+01 -8.965740e+00 7.754250e+00
    endloop
  endfacet
  facet normal -1.000000e+00 -5.166159e-06 -1.644477e-07
    outer loop
      vertex 2.374985e+01 2.721801e+01 4.259901e-05
      vertex 2.375013e+01 -8.965740e+00 7.754250e+00
      vertex 2.375013e+01 -8.713457e+00 8.083033e+00
    endloop
  endfacet
  facet normal -1.000000e+00 -5.166159e-06 -1.644477e-07
    outer loop
      vertex 2.374985e+01 2.721801e+01 4.259901e-05
      vertex 2.375013e+01 -8.713457e+00 8.083033e+00
      vertex 2.375013e+01 -8.554864e+00 8.465907e+00
    endloop
  endfacet
  facet normal -1.000000e+00 -5.166159e-06 -1.644477e-07
    outer loop
      vertex 2.374985e+01 2.721801e+01 4.259901e-05
      vertex 2.375013e+01 -8.554864e+00 8.465907e+00
      vertex 2.375013e+01 -8.500772e+00 8.876783e+00
    endloop
  endfacet
  facet normal -1.000000e+00 -5.166159e-06 -1.644477e-07
    outer loop
      vertex 2.374985e+01 2.721801e+01 4.259901e-05
      vertex 2.375013e+01 -8.500772e+00 8.876783e+00
      vertex 2.374985e+01 1.373676e+01 8.575597e+00
    endloop
  endfacet
  facet normal -1.000000e+00 -5.166159e-06 -1.644477e-07
    outer loop
      vertex 2.374985e+01 1.373676e+01 8.575597e+00
      vertex 2.375013e+01 -8.500772e+00 8.876783e+00
      vertex 2.374985e+01 1.275041e+01 9.332447e+00
    endloop
  endfacet
  facet normal -1.000000e+00 -5.166159e-06 -1.644477e-07
    outer loop
      vertex 2.374985e+01 1.275041e+01 9.332447e+00
      vertex 2.375013e+01 -8.500772e+00 8.876783e+00
      vertex 2.374985e+01 1.199356e+01 1.031879e+01
    endloop
  endfacet
  facet normal -1.000000e+00 -5.166159e-06 -1.644477e-07
    outer loop
      vertex 2.374985e+01 1.199356e+01 1.031879e+01
      vertex 2.375013e+01 -8.500772e+00 8.876783e+00
      vertex 2.374985e+01 1.151779e+01 1.146742e+01
    endloop
  endfacet
  facet normal -1.000000e+00 -5.166159e-06 -1.644477e-07
    outer loop
      vertex 2.374985e+01 1.151779e+01 1.146742e+01
      vertex 2.375013e+01 -8.500772e+00 8.876783e+00
      vertex 2.374985e+01 1.135551e+01 1.270004e+01
    endloop
  endfacet
  facet normal -1.000000e+00 -5.166159e-06 -1.644477e-07
    outer loop
      vertex 2.374985e+01 2.721801e+01 4.259901e-05
      vertex 2.374985e+01 1.373676e+01 8.575597e+00
      vertex 2.374985e+01 1.488538e+01 8.099821e+00
    endloop
  endfacet
  facet normal -1.000000e+00 -5.166159e-06 -1.644477e-07
    outer loop
      vertex 2.374985e+01 2.721801e+01 4.259901e-05
      vertex 2.374985e+01 1.488538e+01 8.099821e+00
      vertex 2.374985e+01 1.611801e+01 7.937543e+00
    endloop
  endfacet
  facet normal -1.000000e+00 -5.166159e-06 -1.644477e-07
    outer loop
      vertex 2.374985e+01 2.721801e+01 4.259901e-05
      vertex 2.374985e+01 1.611801e+01 7.937543e+00
      vertex 2.374985e+01 1.735063e+01 8.099821e+00
    endloop
  endfacet
  facet normal -1.000000e+00 -5.166159e-06 -1.644477e-07
    outer loop
      vertex 2.374985e+01 2.721801e+01 4.259901e-05
      vertex 2.374985e+01 1.735063e+01 8.099821e+00
      vertex 2.374985e+01 1.849926e+01 8.575597e+00
    endloop
  endfacet
  facet normal -1.000000e+00 -5.166159e-06 -1.644477e-07
    outer loop
      vertex 2.374985e+01 2.721801e+01 4.259901e-05
      vertex 2.374985e+01 1.849926e+01 8.575597e+00
      vertex 2.374985e+01 1.948560e+01 9.332447e+00
    endloop
  endfacet
  facet normal -1.000000e+00 -5.166159e-06 -1.644477e-07
    outer loop
      vertex 2.374985e+01 2.721801e+01 4.259901e-05
      vertex 2.374985e+01 1.948560e+01 9.332447e+00
      vertex 2.374985e+01 2.024245e+01 1.031879e+01
    endloop
  endfacet
  facet normal -1.000000e+00 -5.166159e-06 -1.644477e-07
    outer loop
      vertex 2.374985e+01 2.721801e+01 4.259901e-05
      vertex 2.374985e+01 2.024245e+01 1.031879e+01
      vertex 2.374985e+01 2.071823e+01 1.146742e+01
    endloop
  endfacet
  facet normal -1.000000e+00 -5.166159e-06 -1.644477e-07
    outer loop
      vertex 2.374985e+01 2.721801e+01 4.259901e-05
      vertex 2.374985e+01 2.071823e+01 1.146742e+01
      vertex 2.374985e+01 2.088051e+01 1.270004e+01
    endloop
  endfacet
  facet normal -1.000000e+00 -5.166159e-06 -1.644477e-07
    outer loop
      vertex 2.375014e+01 -1.162168e+01 1.943292e+01
      vertex 2.375014e+01 -1.167577e+01 8.876783e+00
      vertex 2.375014e+01 -1.167577e+01 1.984379e+01
    endloop
  endfacet
  facet normal -1.000000e+00 -5.166159e-06 -1.644477e-07
    outer loop
      vertex 2.375014e+01 -1.167577e+01 8.876783e+00
      vertex 2.375014e+01 -1.162168e+01 1.943292e+01
      vertex 2.375014e+01 -1.162168e+01 9.287658e+00
    endloop
  endfacet
  facet normal -1.000000e+00 -5.166159e-06 -1.644477e-07
    outer loop
      vertex 2.375014e+01 -1.162168e+01 9.287658e+00
      vertex 2.375014e+01 -1.162168e+01 1.943292e+01
      vertex 2.375014e+01 -1.146309e+01 9.670533e+00
    endloop
  endfacet
  facet normal -1.000000e+00 -5.166159e-06 -1.644477e-07
    outer loop
      vertex 2.375014e+01 -1.146309e+01 9.670533e+00
      vertex 2.375014e+01 -1.162168e+01 1.943292e+01
      vertex 2.375014e+01 -1.146309e+01 1.905004e+01
    endloop
  endfacet
  facet normal -1.000000e+00 -5.166159e-06 -1.644477e-07
    outer loop
      vertex 2.375014e+01 -1.146309e+01 9.670533e+00
      vertex 2.375014e+01 -1.146309e+01 1.905004e+01
      vertex 2.375014e+01 -1.121080e+01 9.999314e+00
    endloop
  endfacet
  facet normal -1.000000e+00 -5.166159e-06 -1.644477e-07
    outer loop
      vertex 2.375014e+01 -1.121080e+01 9.999314e+00
      vertex 2.375014e+01 -1.146309e+01 1.905004e+01
      vertex 2.375014e+01 -1.121080e+01 1.872126e+01
    endloop
  endfacet
  facet normal -1.000000e+00 -5.166159e-06 -1.644477e-07
    outer loop
      vertex 2.375014e+01 -1.121080e+01 9.999314e+00
      vertex 2.375014e+01 -1.121080e+01 1.872126e+01
      vertex 2.375014e+01 -1.088202e+01 1.025160e+01
    endloop
  endfacet
  facet normal -1.000000e+00 -5.166159e-06 -1.644477e-07
    outer loop
      vertex 2.375014e+01 -1.088202e+01 1.025160e+01
      vertex 2.375014e+01 -1.121080e+01 1.872126e+01
      vertex 2.375014e+01 -1.088202e+01 1.846898e+01
    endloop
  endfacet
  facet normal -1.000000e+00 -5.166159e-06 -1.644477e-07
    outer loop
      vertex 2.375014e+01 -1.088202e+01 1.025160e+01
      vertex 2.375014e+01 -1.088202e+01 1.846898e+01
      vertex 2.375014e+01 -1.049915e+01 1.041019e+01
    endloop
  endfacet
  facet normal -1.000000e+00 -5.166159e-06 -1.644477e-07
    outer loop
      vertex 2.375014e+01 -1.049915e+01 1.041019e+01
      vertex 2.375014e+01 -1.088202e+01 1.846898e+01
      vertex 2.375014e+01 -1.049915e+01 1.831038e+01
    endloop
  endfacet
  facet normal -1.000000e+00 -5.166159e-06 -1.644477e-07
    outer loop
      vertex 2.375014e+01 -1.049915e+01 1.041019e+01
      vertex 2.375014e+01 -1.049915e+01 1.831038e+01
      vertex 2.375013e+01 -1.008827e+01 1.046428e+01
    endloop
  endfacet
  facet normal -1.000000e+00 -5.166159e-06 -1.644477e-07
    outer loop
      vertex 2.375013e+01 -1.008827e+01 1.046428e+01
      vertex 2.375014e+01 -1.049915e+01 1.831038e+01
      vertex 2.375013e+01 -1.008827e+01 1.825629e+01
    endloop
  endfacet
  facet normal -1.000000e+00 -5.166159e-06 -1.644477e-07
    outer loop
      vertex 2.375013e+01 -1.008827e+01 1.046428e+01
      vertex 2.375013e+01 -1.008827e+01 1.825629e+01
      vertex 2.375013e+01 -9.677397e+00 1.041019e+01
    endloop
  endfacet
  facet normal -1.000000e+00 -5.166159e-06 -1.644477e-07
    outer loop
      vertex 2.375013e+01 -9.677397e+00 1.041019e+01
      vertex 2.375013e+01 -1.008827e+01 1.825629e+01
      vertex 2.375013e+01 -9.677397e+00 1.831038e+01
    endloop
  endfacet
  facet normal -1.000000e+00 -5.166159e-06 -1.644477e-07
    outer loop
      vertex 2.375013e+01 -9.677397e+00 1.041019e+01
      vertex 2.375013e+01 -9.677397e+00 1.831038e+01
      vertex 2.375013e+01 -9.294522e+00 1.025160e+01
    endloop
  endfacet
  facet normal -1.000000e+00 -5.166159e-06 -1.644477e-07
    outer loop
      vertex 2.375013e+01 -9.294522e+00 1.025160e+01
      vertex 2.375013e+01 -9.677397e+00 1.831038e+01
      vertex 2.375013e+01 -9.294522e+00 1.846898e+01
    endloop
  endfacet
  facet normal -1.000000e+00 -5.166159e-06 -1.644477e-07
    outer loop
      vertex 2.375013e+01 -9.294522e+00 1.025160e+01
      vertex 2.375013e+01 -9.294522e+00 1.846898e+01
      vertex 2.375013e+01 -8.965740e+00 9.999314e+00
    endloop
  endfacet
  facet normal -1.000000e+00 -5.166159e-06 -1.644477e-07
    outer loop
      vertex 2.375013e+01 -8.965740e+00 9.999314e+00
      vertex 2.375013e+01 -9.294522e+00 1.846898e+01
      vertex 2.375013e+01 -8.965740e+00 1.872126e+01
    endloop
  endfacet
  facet normal -1.000000e+00 -5.166159e-06 -1.644477e-07
    outer loop
      vertex 2.375013e+01 -8.965740e+00 9.999314e+00
      vertex 2.375013e+01 -8.965740e+00 1.872126e+01
      vertex 2.375013e+01 -8.713457e+00 9.670533e+00
    endloop
  endfacet
  facet normal -1.000000e+00 -5.166159e-06 -1.644477e-07
    outer loop
      vertex 2.375013e+01 -8.713457e+00 9.670533e+00
      vertex 2.375013e+01 -8.965740e+00 1.872126e+01
      vertex 2.375013e+01 -8.713457e+00 1.905004e+01
    endloop
  endfacet
  facet normal -1.000000e+00 -5.166159e-06 -1.644477e-07
    outer loop
      vertex 2.375013e+01 -8.713457e+00 9.670533e+00
      vertex 2.375013e+01 -8.713457e+00 1.905004e+01
      vertex 2.375013e+01 -8.554864e+00 9.287658e+00
    endloop
  endfacet
  facet normal -1.000000e+00 -5.166159e-06 -1.644477e-07
    outer loop
      vertex 2.375013e+01 -8.554864e+00 9.287658e+00
      vertex 2.375013e+01 -8.713457e+00 1.905004e+01
      vertex 2.375013e+01 -8.554864e+00 1.943292e+01
    endloop
  endfacet
  facet normal -1.000000e+00 -5.166159e-06 -1.644477e-07
    outer loop
      vertex 2.375013e+01 -8.554864e+00 9.287658e+00
      vertex 2.375013e+01 -8.554864e+00 1.943292e+01
      vertex 2.375013e+01 -8.500772e+00 8.876783e+00
    endloop
  endfacet
  facet normal -1.000000e+00 -5.166159e-06 -1.644477e-07
    outer loop
      vertex 2.375013e+01 -8.500772e+00 8.876783e+00
      vertex 2.375013e+01 -8.554864e+00 1.943292e+01
      vertex 2.375013e+01 -8.500772e+00 1.984379e+01
    endloop
  endfacet
  facet normal 0.000000e+00 6.087614e-01 -7.933533e-01
    outer loop
      vertex 2.692485e+01 1.373676e+01 1.682449e+01
      vertex 2.374985e+01 1.275041e+01 1.606764e+01
      vertex 2.374985e+01 1.373676e+01 1.682449e+01
    endloop
  endfacet
  facet normal 0.000000e+00 6.087614e-01 -7.933533e-01
    outer loop
      vertex 2.374985e+01 1.275041e+01 1.606764e+01
      vertex 2.692485e+01 1.373676e+01 1.682449e+01
      vertex 2.692485e+01 1.275041e+01 1.606764e+01
    endloop
  endfacet
  facet normal 0.000000e+00 7.933533e-01 -6.087614e-01
    outer loop
      vertex 2.374985e+01 1.275041e+01 1.606764e+01
      vertex 2.692485e+01 1.199356e+01 1.508129e+01
      vertex 2.374985e+01 1.199356e+01 1.508129e+01
    endloop
  endfacet
  facet normal 0.000000e+00 7.933533e-01 -6.087614e-01
    outer loop
      vertex 2.692485e+01 1.199356e+01 1.508129e+01
      vertex 2.374985e+01 1.275041e+01 1.606764e+01
      vertex 2.692485e+01 1.275041e+01 1.606764e+01
    endloop
  endfacet
  facet normal 1.699456e-16 9.238795e-01 -3.826834e-01
    outer loop
      vertex 2.374985e+01 1.199356e+01 1.508129e+01
      vertex 2.692485e+01 1.151779e+01 1.393267e+01
      vertex 2.374985e+01 1.151779e+01 1.393267e+01
    endloop
  endfacet
  facet normal 1.699456e-16 9.238795e-01 -3.826834e-01
    outer loop
      vertex 2.692485e+01 1.151779e+01 1.393267e+01
      vertex 2.374985e+01 1.199356e+01 1.508129e+01
      vertex 2.692485e+01 1.199356e+01 1.508129e+01
    endloop
  endfacet
  facet normal 5.796527e-17 9.914448e-01 -1.305262e-01
    outer loop
      vertex 2.374985e+01 1.151779e+01 1.393267e+01
      vertex 2.692485e+01 1.135551e+01 1.270004e+01
      vertex 2.374985e+01 1.135551e+01 1.270004e+01
    endloop
  endfacet
  facet normal 5.796527e-17 9.914448e-01 -1.305262e-01
    outer loop
      vertex 2.692485e+01 1.135551e+01 1.270004e+01
      vertex 2.374985e+01 1.151779e+01 1.393267e+01
      vertex 2.692485e+01 1.151779e+01 1.393267e+01
    endloop
  endfacet
  facet normal 0.000000e+00 9.914448e-01 1.305262e-01
    outer loop
      vertex 2.374985e+01 1.135551e+01 1.270004e+01
      vertex 2.692485e+01 1.151779e+01 1.146742e+01
      vertex 2.374985e+01 1.151779e+01 1.146742e+01
    endloop
  endfacet
  facet normal 0.000000e+00 9.914448e-01 1.305262e-01
    outer loop
      vertex 2.692485e+01 1.151779e+01 1.146742e+01
      vertex 2.374985e+01 1.135551e+01 1.270004e+01
      vertex 2.692485e+01 1.135551e+01 1.270004e+01
    endloop
  endfacet
  facet normal 0.000000e+00 9.238795e-01 3.826834e-01
    outer loop
      vertex 2.374985e+01 1.151779e+01 1.146742e+01
      vertex 2.692485e+01 1.199356e+01 1.031879e+01
      vertex 2.374985e+01 1.199356e+01 1.031879e+01
    endloop
  endfacet
  facet normal 0.000000e+00 9.238795e-01 3.826834e-01
    outer loop
      vertex 2.692485e+01 1.199356e+01 1.031879e+01
      vertex 2.374985e+01 1.151779e+01 1.146742e+01
      vertex 2.692485e+01 1.151779e+01 1.146742e+01
    endloop
  endfacet
  facet normal 0.000000e+00 7.933533e-01 6.087614e-01
    outer loop
      vertex 2.374985e+01 1.199356e+01 1.031879e+01
      vertex 2.692485e+01 1.275041e+01 9.332447e+00
      vertex 2.374985e+01 1.275041e+01 9.332447e+00
    endloop
  endfacet
  facet normal 0.000000e+00 7.933533e-01 6.087614e-01
    outer loop
      vertex 2.692485e+01 1.275041e+01 9.332447e+00
      vertex 2.374985e+01 1.199356e+01 1.031879e+01
      vertex 2.692485e+01 1.199356e+01 1.031879e+01
    endloop
  endfacet
  facet normal 0.000000e+00 6.087614e-01 7.933533e-01
    outer loop
      vertex 2.692485e+01 1.275041e+01 9.332447e+00
      vertex 2.374985e+01 1.373676e+01 8.575597e+00
      vertex 2.374985e+01 1.275041e+01 9.332447e+00
    endloop
  endfacet
  facet normal 0.000000e+00 6.087614e-01 7.933533e-01
    outer loop
      vertex 2.374985e+01 1.373676e+01 8.575597e+00
      vertex 2.692485e+01 1.275041e+01 9.332447e+00
      vertex 2.692485e+01 1.373676e+01 8.575597e+00
    endloop
  endfacet
  facet normal 0.000000e+00 3.826834e-01 9.238795e-01
    outer loop
      vertex 2.692485e+01 1.373676e+01 8.575597e+00
      vertex 2.374985e+01 1.488538e+01 8.099821e+00
      vertex 2.374985e+01 1.373676e+01 8.575597e+00
    endloop
  endfacet
  facet normal 0.000000e+00 3.826834e-01 9.238795e-01
    outer loop
      vertex 2.374985e+01 1.488538e+01 8.099821e+00
      vertex 2.692485e+01 1.373676e+01 8.575597e+00
      vertex 2.692485e+01 1.488538e+01 8.099821e+00
    endloop
  endfacet
  facet normal 0.000000e+00 1.305262e-01 9.914448e-01
    outer loop
      vertex 2.692485e+01 1.488538e+01 8.099821e+00
      vertex 2.374985e+01 1.611801e+01 7.937543e+00
      vertex 2.374985e+01 1.488538e+01 8.099821e+00
    endloop
  endfacet
  facet normal 0.000000e+00 1.305262e-01 9.914448e-01
    outer loop
      vertex 2.374985e+01 1.611801e+01 7.937543e+00
      vertex 2.692485e+01 1.488538e+01 8.099821e+00
      vertex 2.692485e+01 1.611801e+01 7.937543e+00
    endloop
  endfacet
  facet normal -1.159305e-16 -1.305262e-01 9.914448e-01
    outer loop
      vertex 2.692485e+01 1.611801e+01 7.937543e+00
      vertex 2.374985e+01 1.735063e+01 8.099821e+00
      vertex 2.374985e+01 1.611801e+01 7.937543e+00
    endloop
  endfacet
  facet normal -1.159305e-16 -1.305262e-01 9.914448e-01
    outer loop
      vertex 2.374985e+01 1.735063e+01 8.099821e+00
      vertex 2.692485e+01 1.611801e+01 7.937543e+00
      vertex 2.692485e+01 1.735063e+01 8.099821e+00
    endloop
  endfacet
  facet normal -3.398911e-16 -3.826834e-01 9.238795e-01
    outer loop
      vertex 2.692485e+01 1.735063e+01 8.099821e+00
      vertex 2.374985e+01 1.849926e+01 8.575597e+00
      vertex 2.374985e+01 1.735063e+01 8.099821e+00
    endloop
  endfacet
  facet normal -3.398911e-16 -3.826834e-01 9.238795e-01
    outer loop
      vertex 2.374985e+01 1.849926e+01 8.575597e+00
      vertex 2.692485e+01 1.735063e+01 8.099821e+00
      vertex 2.692485e+01 1.849926e+01 8.575597e+00
    endloop
  endfacet
  facet normal 0.000000e+00 -6.087614e-01 7.933533e-01
    outer loop
      vertex 2.692485e+01 1.849926e+01 8.575597e+00
      vertex 2.374985e+01 1.948560e+01 9.332447e+00
      vertex 2.374985e+01 1.849926e+01 8.575597e+00
    endloop
  endfacet
  facet normal 0.000000e+00 -6.087614e-01 7.933533e-01
    outer loop
      vertex 2.374985e+01 1.948560e+01 9.332447e+00
      vertex 2.692485e+01 1.849926e+01 8.575597e+00
      vertex 2.692485e+01 1.948560e+01 9.332447e+00
    endloop
  endfacet
  facet normal 0.000000e+00 -7.933533e-01 6.087614e-01
    outer loop
      vertex 2.692485e+01 2.024245e+01 1.031879e+01
      vertex 2.374985e+01 1.948560e+01 9.332447e+00
      vertex 2.692485e+01 1.948560e+01 9.332447e+00
    endloop
  endfacet
  facet normal 0.000000e+00 -7.933533e-01 6.087614e-01
    outer loop
      vertex 2.374985e+01 1.948560e+01 9.332447e+00
      vertex 2.692485e+01 2.024245e+01 1.031879e+01
      vertex 2.374985e+01 2.024245e+01 1.031879e+01
    endloop
  endfacet
  facet normal 0.000000e+00 -9.238795e-01 3.826834e-01
    outer loop
      vertex 2.692485e+01 2.071823e+01 1.146742e+01
      vertex 2.374985e+01 2.024245e+01 1.031879e+01
      vertex 2.692485e+01 2.024245e+01 1.031879e+01
    endloop
  endfacet
  facet normal 0.000000e+00 -9.238795e-01 3.826834e-01
    outer loop
      vertex 2.374985e+01 2.024245e+01 1.031879e+01
      vertex 2.692485e+01 2.071823e+01 1.146742e+01
      vertex 2.374985e+01 2.071823e+01 1.146742e+01
    endloop
  endfacet
  facet normal 0.000000e+00 -9.914448e-01 1.305262e-01
    outer loop
      vertex 2.692485e+01 2.088051e+01 1.270004e+01
      vertex 2.374985e+01 2.071823e+01 1.146742e+01
      vertex 2.692485e+01 2.071823e+01 1.146742e+01
    endloop
  endfacet
  facet normal 0.000000e+00 -9.914448e-01 1.305262e-01
    outer loop
      vertex 2.374985e+01 2.071823e+01 1.146742e+01
      vertex 2.692485e+01 2.088051e+01 1.270004e+01
      vertex 2.374985e+01 2.088051e+01 1.270004e+01
    endloop
  endfacet
  facet normal 0.000000e+00 -9.914448e-01 -1.305262e-01
    outer loop
      vertex 2.692485e+01 2.071823e+01 1.393267e+01
      vertex 2.374985e+01 2.088051e+01 1.270004e+01
      vertex 2.692485e+01 2.088051e+01 1.270004e+01
    endloop
  endfacet
  facet normal 0.000000e+00 -9.914448e-01 -1.305262e-01
    outer loop
      vertex 2.374985e+01 2.088051e+01 1.270004e+01
      vertex 2.692485e+01 2.071823e+01 1.393267e+01
      vertex 2.374985e+01 2.071823e+01 1.393267e+01
    endloop
  endfacet
  facet normal 0.000000e+00 -9.238795e-01 -3.826834e-01
    outer loop
      vertex 2.692485e+01 2.024245e+01 1.508129e+01
      vertex 2.374985e+01 2.071823e+01 1.393267e+01
      vertex 2.692485e+01 2.071823e+01 1.393267e+01
    endloop
  endfacet
  facet normal 0.000000e+00 -9.238795e-01 -3.826834e-01
    outer loop
      vertex 2.374985e+01 2.071823e+01 1.393267e+01
      vertex 2.692485e+01 2.024245e+01 1.508129e+01
      vertex 2.374985e+01 2.024245e+01 1.508129e+01
    endloop
  endfacet
  facet normal -7.046393e-16 -7.933533e-01 -6.087614e-01
    outer loop
      vertex 2.692485e+01 1.948560e+01 1.606764e+01
      vertex 2.374985e+01 2.024245e+01 1.508129e+01
      vertex 2.692485e+01 2.024245e+01 1.508129e+01
    endloop
  endfacet
  facet normal -7.046393e-16 -7.933533e-01 -6.087614e-01
    outer loop
      vertex 2.374985e+01 2.024245e+01 1.508129e+01
      vertex 2.692485e+01 1.948560e+01 1.606764e+01
      vertex 2.374985e+01 1.948560e+01 1.606764e+01
    endloop
  endfacet
  facet normal -5.406888e-16 -6.087614e-01 -7.933533e-01
    outer loop
      vertex 2.692485e+01 1.948560e+01 1.606764e+01
      vertex 2.374985e+01 1.849926e+01 1.682449e+01
      vertex 2.374985e+01 1.948560e+01 1.606764e+01
    endloop
  endfacet
  facet normal -5.406888e-16 -6.087614e-01 -7.933533e-01
    outer loop
      vertex 2.374985e+01 1.849926e+01 1.682449e+01
      vertex 2.692485e+01 1.948560e+01 1.606764e+01
      vertex 2.692485e+01 1.849926e+01 1.682449e+01
    endloop
  endfacet
  facet normal -3.398911e-16 -3.826834e-01 -9.238795e-01
    outer loop
      vertex 2.692485e+01 1.849926e+01 1.682449e+01
      vertex 2.374985e+01 1.735063e+01 1.730026e+01
      vertex 2.374985e+01 1.849926e+01 1.682449e+01
    endloop
  endfacet
  facet normal -3.398911e-16 -3.826834e-01 -9.238795e-01
    outer loop
      vertex 2.374985e+01 1.735063e+01 1.730026e+01
      vertex 2.692485e+01 1.849926e+01 1.682449e+01
      vertex 2.692485e+01 1.735063e+01 1.730026e+01
    endloop
  endfacet
  facet normal -1.159305e-16 -1.305262e-01 -9.914448e-01
    outer loop
      vertex 2.692485e+01 1.735063e+01 1.730026e+01
      vertex 2.374985e+01 1.611801e+01 1.746254e+01
      vertex 2.374985e+01 1.735063e+01 1.730026e+01
    endloop
  endfacet
  facet normal -1.159305e-16 -1.305262e-01 -9.914448e-01
    outer loop
      vertex 2.374985e+01 1.611801e+01 1.746254e+01
      vertex 2.692485e+01 1.735063e+01 1.730026e+01
      vertex 2.692485e+01 1.611801e+01 1.746254e+01
    endloop
  endfacet
  facet normal 0.000000e+00 1.305262e-01 -9.914448e-01
    outer loop
      vertex 2.692485e+01 1.611801e+01 1.746254e+01
      vertex 2.374985e+01 1.488538e+01 1.730026e+01
      vertex 2.374985e+01 1.611801e+01 1.746254e+01
    endloop
  endfacet
  facet normal 0.000000e+00 1.305262e-01 -9.914448e-01
    outer loop
      vertex 2.374985e+01 1.488538e+01 1.730026e+01
      vertex 2.692485e+01 1.611801e+01 1.746254e+01
      vertex 2.692485e+01 1.488538e+01 1.730026e+01
    endloop
  endfacet
  facet normal 0.000000e+00 3.826834e-01 -9.238795e-01
    outer loop
      vertex 2.692485e+01 1.488538e+01 1.730026e+01
      vertex 2.374985e+01 1.373676e+01 1.682449e+01
      vertex 2.374985e+01 1.488538e+01 1.730026e+01
    endloop
  endfacet
  facet normal 0.000000e+00 3.826834e-01 -9.238795e-01
    outer loop
      vertex 2.374985e+01 1.373676e+01 1.682449e+01
      vertex 2.692485e+01 1.488538e+01 1.730026e+01
      vertex 2.692485e+01 1.373676e+01 1.682449e+01
    endloop
  endfacet
  facet normal 0.000000e+00 1.000000e+00 0.000000e+00
    outer loop
      vertex 2.374985e+01 3.199510e+01 2.089762e+01
      vertex 2.692485e+01 3.199510e+01 5.022623e+00
      vertex 2.374985e+01 3.199510e+01 5.022623e+00
    endloop
  endfacet
  facet normal 0.000000e+00 1.000000e+00 0.000000e+00
    outer loop
      vertex 2.692485e+01 3.199510e+01 5.022623e+00
      vertex 2.374985e+01 3.199510e+01 2.089762e+01
      vertex 2.692485e+01 3.199510e+01 2.089762e+01
    endloop
  endfacet
  facet normal 5.143426e-06 -9.914448e-01 -1.305262e-01
    outer loop
      vertex 2.692505e+01 -8.500755e+00 1.984379e+01
      vertex 2.375013e+01 -8.554864e+00 2.025467e+01
      vertex 2.375013e+01 -8.500772e+00 1.984379e+01
    endloop
  endfacet
  facet normal 5.143426e-06 -9.914448e-01 -1.305262e-01
    outer loop
      vertex 2.375013e+01 -8.554864e+00 2.025467e+01
      vertex 2.692505e+01 -8.500755e+00 1.984379e+01
      vertex 2.692505e+01 -8.554849e+00 2.025467e+01
    endloop
  endfacet
  facet normal 5.100497e-06 -9.914448e-01 1.305262e-01
    outer loop
      vertex 2.692505e+01 -8.554849e+00 1.943292e+01
      vertex 2.375013e+01 -8.500772e+00 1.984379e+01
      vertex 2.375013e+01 -8.554864e+00 1.943292e+01
    endloop
  endfacet
  facet normal 5.100497e-06 -9.914448e-01 1.305262e-01
    outer loop
      vertex 2.375013e+01 -8.500772e+00 1.984379e+01
      vertex 2.692505e+01 -8.554849e+00 1.943292e+01
      vertex 2.692505e+01 -8.500755e+00 1.984379e+01
    endloop
  endfacet
  facet normal 4.709977e-06 -9.238795e-01 3.826834e-01
    outer loop
      vertex 2.692505e+01 -8.713440e+00 1.905004e+01
      vertex 2.375013e+01 -8.554864e+00 1.943292e+01
      vertex 2.375013e+01 -8.713457e+00 1.905004e+01
    endloop
  endfacet
  facet normal 4.709977e-06 -9.238795e-01 3.826834e-01
    outer loop
      vertex 2.375013e+01 -8.554864e+00 1.943292e+01
      vertex 2.692505e+01 -8.713440e+00 1.905004e+01
      vertex 2.692505e+01 -8.554849e+00 1.943292e+01
    endloop
  endfacet
  facet normal 3.998480e-06 -7.933533e-01 6.087614e-01
    outer loop
      vertex 2.692505e+01 -8.965723e+00 1.872126e+01
      vertex 2.375013e+01 -8.713457e+00 1.905004e+01
      vertex 2.375013e+01 -8.965740e+00 1.872126e+01
    endloop
  endfacet
  facet normal 3.998480e-06 -7.933533e-01 6.087614e-01
    outer loop
      vertex 2.375013e+01 -8.713457e+00 1.905004e+01
      vertex 2.692505e+01 -8.965723e+00 1.872126e+01
      vertex 2.692505e+01 -8.713440e+00 1.905004e+01
    endloop
  endfacet
  facet normal 3.014493e-06 -6.087614e-01 7.933533e-01
    outer loop
      vertex 2.375013e+01 -9.294522e+00 1.846898e+01
      vertex 2.692505e+01 -8.965723e+00 1.872126e+01
      vertex 2.375013e+01 -8.965740e+00 1.872126e+01
    endloop
  endfacet
  facet normal 3.014493e-06 -6.087614e-01 7.933533e-01
    outer loop
      vertex 2.692505e+01 -8.965723e+00 1.872126e+01
      vertex 2.375013e+01 -9.294522e+00 1.846898e+01
      vertex 2.692505e+01 -9.294505e+00 1.846898e+01
    endloop
  endfacet
  facet normal 1.825074e-06 -3.826834e-01 9.238795e-01
    outer loop
      vertex 2.375013e+01 -9.677397e+00 1.831038e+01
      vertex 2.692505e+01 -9.294505e+00 1.846898e+01
      vertex 2.375013e+01 -9.294522e+00 1.846898e+01
    endloop
  endfacet
  facet normal 1.825074e-06 -3.826834e-01 9.238795e-01
    outer loop
      vertex 2.692505e+01 -9.294505e+00 1.846898e+01
      vertex 2.375013e+01 -9.677397e+00 1.831038e+01
      vertex 2.692505e+01 -9.677380e+00 1.831038e+01
    endloop
  endfacet
  facet normal 5.112782e-07 -1.305262e-01 9.914448e-01
    outer loop
      vertex 2.375013e+01 -1.008827e+01 1.825629e+01
      vertex 2.692505e+01 -9.677380e+00 1.831038e+01
      vertex 2.375013e+01 -9.677397e+00 1.831038e+01
    endloop
  endfacet
  facet normal 5.112782e-07 -1.305262e-01 9.914448e-01
    outer loop
      vertex 2.692505e+01 -9.677380e+00 1.831038e+01
      vertex 2.375013e+01 -1.008827e+01 1.825629e+01
      vertex 2.692506e+01 -1.008826e+01 1.825629e+01
    endloop
  endfacet
  facet normal -8.373598e-07 1.305262e-01 9.914448e-01
    outer loop
      vertex 2.375014e+01 -1.049915e+01 1.831038e+01
      vertex 2.692506e+01 -1.008826e+01 1.825629e+01
      vertex 2.375013e+01 -1.008827e+01 1.825629e+01
    endloop
  endfacet
  facet normal -8.373598e-07 1.305262e-01 9.914448e-01
    outer loop
      vertex 2.692506e+01 -1.008826e+01 1.825629e+01
      vertex 2.375014e+01 -1.049915e+01 1.831038e+01
      vertex 2.692506e+01 -1.049913e+01 1.831038e+01
    endloop
  endfacet
  facet normal -2.128933e-06 3.826834e-01 9.238795e-01
    outer loop
      vertex 2.375014e+01 -1.088202e+01 1.846898e+01
      vertex 2.692506e+01 -1.049913e+01 1.831038e+01
      vertex 2.375014e+01 -1.049915e+01 1.831038e+01
    endloop
  endfacet
  facet normal -2.128933e-06 3.826834e-01 9.238795e-01
    outer loop
      vertex 2.692506e+01 -1.049913e+01 1.831038e+01
      vertex 2.375014e+01 -1.088202e+01 1.846898e+01
      vertex 2.692506e+01 -1.088201e+01 1.846898e+01
    endloop
  endfacet
  facet normal -3.275423e-06 6.087614e-01 7.933533e-01
    outer loop
      vertex 2.375014e+01 -1.121080e+01 1.872126e+01
      vertex 2.692506e+01 -1.088201e+01 1.846898e+01
      vertex 2.375014e+01 -1.088202e+01 1.846898e+01
    endloop
  endfacet
  facet normal -3.275423e-06 6.087614e-01 7.933533e-01
    outer loop
      vertex 2.692506e+01 -1.088201e+01 1.846898e+01
      vertex 2.375014e+01 -1.121080e+01 1.872126e+01
      vertex 2.692506e+01 -1.121079e+01 1.872126e+01
    endloop
  endfacet
  facet normal -4.198699e-06 7.933533e-01 6.087614e-01
    outer loop
      vertex 2.375014e+01 -1.146309e+01 1.905004e+01
      vertex 2.692506e+01 -1.121079e+01 1.872126e+01
      vertex 2.375014e+01 -1.121080e+01 1.872126e+01
    endloop
  endfacet
  facet normal -4.198699e-06 7.933533e-01 6.087614e-01
    outer loop
      vertex 2.692506e+01 -1.121079e+01 1.872126e+01
      vertex 2.375014e+01 -1.146309e+01 1.905004e+01
      vertex 2.692506e+01 -1.146307e+01 1.905004e+01
    endloop
  endfacet
  facet normal -4.835840e-06 9.238795e-01 3.826834e-01
    outer loop
      vertex 2.375014e+01 -1.162168e+01 1.943292e+01
      vertex 2.692506e+01 -1.146307e+01 1.905004e+01
      vertex 2.375014e+01 -1.146309e+01 1.905004e+01
    endloop
  endfacet
  facet normal -4.835840e-06 9.238795e-01 3.826834e-01
    outer loop
      vertex 2.692506e+01 -1.146307e+01 1.905004e+01
      vertex 2.375014e+01 -1.162168e+01 1.943292e+01
      vertex 2.692506e+01 -1.162166e+01 1.943292e+01
    endloop
  endfacet
  facet normal -5.143426e-06 9.914448e-01 1.305262e-01
    outer loop
      vertex 2.375014e+01 -1.167577e+01 1.984379e+01
      vertex 2.692506e+01 -1.162166e+01 1.943292e+01
      vertex 2.375014e+01 -1.162168e+01 1.943292e+01
    endloop
  endfacet
  facet normal -5.143426e-06 9.914448e-01 1.305262e-01
    outer loop
      vertex 2.692506e+01 -1.162166e+01 1.943292e+01
      vertex 2.375014e+01 -1.167577e+01 1.984379e+01
      vertex 2.692506e+01 -1.167576e+01 1.984379e+01
    endloop
  endfacet
  facet normal -5.100497e-06 9.914448e-01 -1.305262e-01
    outer loop
      vertex 2.375014e+01 -1.162168e+01 2.025467e+01
      vertex 2.692506e+01 -1.167576e+01 1.984379e+01
      vertex 2.375014e+01 -1.167577e+01 1.984379e+01
    endloop
  endfacet
  facet normal -5.100497e-06 9.914448e-01 -1.305262e-01
    outer loop
      vertex 2.692506e+01 -1.167576e+01 1.984379e+01
      vertex 2.375014e+01 -1.162168e+01 2.025467e+01
      vertex 2.692506e+01 -1.162166e+01 2.025467e+01
    endloop
  endfacet
  facet normal -4.709977e-06 9.238795e-01 -3.826834e-01
    outer loop
      vertex 2.375014e+01 -1.146309e+01 2.063754e+01
      vertex 2.692506e+01 -1.162166e+01 2.025467e+01
      vertex 2.375014e+01 -1.162168e+01 2.025467e+01
    endloop
  endfacet
  facet normal -4.709977e-06 9.238795e-01 -3.826834e-01
    outer loop
      vertex 2.692506e+01 -1.162166e+01 2.025467e+01
      vertex 2.375014e+01 -1.146309e+01 2.063754e+01
      vertex 2.692506e+01 -1.146307e+01 2.063754e+01
    endloop
  endfacet
  facet normal -3.998480e-06 7.933533e-01 -6.087614e-01
    outer loop
      vertex 2.375014e+01 -1.121080e+01 2.096632e+01
      vertex 2.692506e+01 -1.146307e+01 2.063754e+01
      vertex 2.375014e+01 -1.146309e+01 2.063754e+01
    endloop
  endfacet
  facet normal -3.998480e-06 7.933533e-01 -6.087614e-01
    outer loop
      vertex 2.692506e+01 -1.146307e+01 2.063754e+01
      vertex 2.375014e+01 -1.121080e+01 2.096632e+01
      vertex 2.692506e+01 -1.121079e+01 2.096632e+01
    endloop
  endfacet
  facet normal -3.014493e-06 6.087614e-01 -7.933533e-01
    outer loop
      vertex 2.692506e+01 -1.088201e+01 2.121861e+01
      vertex 2.375014e+01 -1.121080e+01 2.096632e+01
      vertex 2.375014e+01 -1.088202e+01 2.121861e+01
    endloop
  endfacet
  facet normal -3.014493e-06 6.087614e-01 -7.933533e-01
    outer loop
      vertex 2.375014e+01 -1.121080e+01 2.096632e+01
      vertex 2.692506e+01 -1.088201e+01 2.121861e+01
      vertex 2.692506e+01 -1.121079e+01 2.096632e+01
    endloop
  endfacet
  facet normal -1.825074e-06 3.826834e-01 -9.238795e-01
    outer loop
      vertex 2.692506e+01 -1.049913e+01 2.137720e+01
      vertex 2.375014e+01 -1.088202e+01 2.121861e+01
      vertex 2.375014e+01 -1.049915e+01 2.137720e+01
    endloop
  endfacet
  facet normal -1.825074e-06 3.826834e-01 -9.238795e-01
    outer loop
      vertex 2.375014e+01 -1.088202e+01 2.121861e+01
      vertex 2.692506e+01 -1.049913e+01 2.137720e+01
      vertex 2.692506e+01 -1.088201e+01 2.121861e+01
    endloop
  endfacet
  facet normal -5.112782e-07 1.305262e-01 -9.914448e-01
    outer loop
      vertex 2.692506e+01 -1.008826e+01 2.143129e+01
      vertex 2.375014e+01 -1.049915e+01 2.137720e+01
      vertex 2.375013e+01 -1.008827e+01 2.143129e+01
    endloop
  endfacet
  facet normal -5.112782e-07 1.305262e-01 -9.914448e-01
    outer loop
      vertex 2.375014e+01 -1.049915e+01 2.137720e+01
      vertex 2.692506e+01 -1.008826e+01 2.143129e+01
      vertex 2.692506e+01 -1.049913e+01 2.137720e+01
    endloop
  endfacet
  facet normal 8.373598e-07 -1.305262e-01 -9.914448e-01
    outer loop
      vertex 2.692505e+01 -9.677380e+00 2.137720e+01
      vertex 2.375013e+01 -1.008827e+01 2.143129e+01
      vertex 2.375013e+01 -9.677397e+00 2.137720e+01
    endloop
  endfacet
  facet normal 8.373598e-07 -1.305262e-01 -9.914448e-01
    outer loop
      vertex 2.375013e+01 -1.008827e+01 2.143129e+01
      vertex 2.692505e+01 -9.677380e+00 2.137720e+01
      vertex 2.692506e+01 -1.008826e+01 2.143129e+01
    endloop
  endfacet
  facet normal 2.128933e-06 -3.826834e-01 -9.238795e-01
    outer loop
      vertex 2.692505e+01 -9.294505e+00 2.121861e+01
      vertex 2.375013e+01 -9.677397e+00 2.137720e+01
      vertex 2.375013e+01 -9.294522e+00 2.121861e+01
    endloop
  endfacet
  facet normal 2.128933e-06 -3.826834e-01 -9.238795e-01
    outer loop
      vertex 2.375013e+01 -9.677397e+00 2.137720e+01
      vertex 2.692505e+01 -9.294505e+00 2.121861e+01
      vertex 2.692505e+01 -9.677380e+00 2.137720e+01
    endloop
  endfacet
  facet normal 3.275423e-06 -6.087614e-01 -7.933533e-01
    outer loop
      vertex 2.692505e+01 -8.965723e+00 2.096632e+01
      vertex 2.375013e+01 -9.294522e+00 2.121861e+01
      vertex 2.375013e+01 -8.965740e+00 2.096632e+01
    endloop
  endfacet
  facet normal 3.275423e-06 -6.087614e-01 -7.933533e-01
    outer loop
      vertex 2.375013e+01 -9.294522e+00 2.121861e+01
      vertex 2.692505e+01 -8.965723e+00 2.096632e+01
      vertex 2.692505e+01 -9.294505e+00 2.121861e+01
    endloop
  endfacet
  facet normal 4.198699e-06 -7.933533e-01 -6.087614e-01
    outer loop
      vertex 2.692505e+01 -8.713440e+00 2.063754e+01
      vertex 2.375013e+01 -8.965740e+00 2.096632e+01
      vertex 2.375013e+01 -8.713457e+00 2.063754e+01
    endloop
  endfacet
  facet normal 4.198699e-06 -7.933533e-01 -6.087614e-01
    outer loop
      vertex 2.375013e+01 -8.965740e+00 2.096632e+01
      vertex 2.692505e+01 -8.713440e+00 2.063754e+01
      vertex 2.692505e+01 -8.965723e+00 2.096632e+01
    endloop
  endfacet
  facet normal 4.835840e-06 -9.238795e-01 -3.826834e-01
    outer loop
      vertex 2.692505e+01 -8.554849e+00 2.025467e+01
      vertex 2.375013e+01 -8.713457e+00 2.063754e+01
      vertex 2.375013e+01 -8.554864e+00 2.025467e+01
    endloop
  endfacet
  facet normal 4.835840e-06 -9.238795e-01 -3.826834e-01
    outer loop
      vertex 2.375013e+01 -8.713457e+00 2.063754e+01
      vertex 2.692505e+01 -8.554849e+00 2.025467e+01
      vertex 2.692505e+01 -8.713440e+00 2.063754e+01
    endloop
  endfacet
  facet normal 8.373598e-07 -1.305262e-01 -9.914448e-01
    outer loop
      vertex 2.692505e+01 -9.677380e+00 1.041019e+01
      vertex 2.375013e+01 -1.008827e+01 1.046428e+01
      vertex 2.375013e+01 -9.677397e+00 1.041019e+01
    endloop
  endfacet
  facet normal 8.373598e-07 -1.305262e-01 -9.914448e-01
    outer loop
      vertex 2.375013e+01 -1.008827e+01 1.046428e+01
      vertex 2.692505e+01 -9.677380e+00 1.041019e+01
      vertex 2.692505e+01 -1.008826e+01 1.046428e+01
    endloop
  endfacet
  facet normal 2.128933e-06 -3.826834e-01 -9.238795e-01
    outer loop
      vertex 2.692505e+01 -9.294505e+00 1.025160e+01
      vertex 2.375013e+01 -9.677397e+00 1.041019e+01
      vertex 2.375013e+01 -9.294522e+00 1.025160e+01
    endloop
  endfacet
  facet normal 2.128933e-06 -3.826834e-01 -9.238795e-01
    outer loop
      vertex 2.375013e+01 -9.677397e+00 1.041019e+01
      vertex 2.692505e+01 -9.294505e+00 1.025160e+01
      vertex 2.692505e+01 -9.677380e+00 1.041019e+01
    endloop
  endfacet
  facet normal 3.275423e-06 -6.087614e-01 -7.933533e-01
    outer loop
      vertex 2.692505e+01 -8.965723e+00 9.999315e+00
      vertex 2.375013e+01 -9.294522e+00 1.025160e+01
      vertex 2.375013e+01 -8.965740e+00 9.999314e+00
    endloop
  endfacet
  facet normal 3.275423e-06 -6.087614e-01 -7.933533e-01
    outer loop
      vertex 2.375013e+01 -9.294522e+00 1.025160e+01
      vertex 2.692505e+01 -8.965723e+00 9.999315e+00
      vertex 2.692505e+01 -9.294505e+00 1.025160e+01
    endloop
  endfacet
  facet normal 4.198699e-06 -7.933533e-01 -6.087614e-01
    outer loop
      vertex 2.692505e+01 -8.713440e+00 9.670533e+00
      vertex 2.375013e+01 -8.965740e+00 9.999314e+00
      vertex 2.375013e+01 -8.713457e+00 9.670533e+00
    endloop
  endfacet
  facet normal 4.198699e-06 -7.933533e-01 -6.087614e-01
    outer loop
      vertex 2.375013e+01 -8.965740e+00 9.999314e+00
      vertex 2.692505e+01 -8.713440e+00 9.670533e+00
      vertex 2.692505e+01 -8.965723e+00 9.999315e+00
    endloop
  endfacet
  facet normal 4.835840e-06 -9.238795e-01 -3.826834e-01
    outer loop
      vertex 2.692504e+01 -8.554849e+00 9.287658e+00
      vertex 2.375013e+01 -8.713457e+00 9.670533e+00
      vertex 2.375013e+01 -8.554864e+00 9.287658e+00
    endloop
  endfacet
  facet normal 4.835840e-06 -9.238795e-01 -3.826834e-01
    outer loop
      vertex 2.375013e+01 -8.713457e+00 9.670533e+00
      vertex 2.692504e+01 -8.554849e+00 9.287658e+00
      vertex 2.692505e+01 -8.713440e+00 9.670533e+00
    endloop
  endfacet
  facet normal 5.143426e-06 -9.914448e-01 -1.305262e-01
    outer loop
      vertex 2.692504e+01 -8.500755e+00 8.876783e+00
      vertex 2.375013e+01 -8.554864e+00 9.287658e+00
      vertex 2.375013e+01 -8.500772e+00 8.876783e+00
    endloop
  endfacet
  facet normal 5.143426e-06 -9.914448e-01 -1.305262e-01
    outer loop
      vertex 2.375013e+01 -8.554864e+00 9.287658e+00
      vertex 2.692504e+01 -8.500755e+00 8.876783e+00
      vertex 2.692504e+01 -8.554849e+00 9.287658e+00
    endloop
  endfacet
  facet normal 5.100497e-06 -9.914448e-01 1.305262e-01
    outer loop
      vertex 2.692504e+01 -8.554849e+00 8.465908e+00
      vertex 2.375013e+01 -8.500772e+00 8.876783e+00
      vertex 2.375013e+01 -8.554864e+00 8.465907e+00
    endloop
  endfacet
  facet normal 5.100497e-06 -9.914448e-01 1.305262e-01
    outer loop
      vertex 2.375013e+01 -8.500772e+00 8.876783e+00
      vertex 2.692504e+01 -8.554849e+00 8.465908e+00
      vertex 2.692504e+01 -8.500755e+00 8.876783e+00
    endloop
  endfacet
  facet normal 4.709977e-06 -9.238795e-01 3.826834e-01
    outer loop
      vertex 2.692505e+01 -8.713440e+00 8.083033e+00
      vertex 2.375013e+01 -8.554864e+00 8.465907e+00
      vertex 2.375013e+01 -8.713457e+00 8.083033e+00
    endloop
  endfacet
  facet normal 4.709977e-06 -9.238795e-01 3.826834e-01
    outer loop
      vertex 2.375013e+01 -8.554864e+00 8.465907e+00
      vertex 2.692505e+01 -8.713440e+00 8.083033e+00
      vertex 2.692504e+01 -8.554849e+00 8.465908e+00
    endloop
  endfacet
  facet normal 3.998480e-06 -7.933533e-01 6.087614e-01
    outer loop
      vertex 2.692505e+01 -8.965723e+00 7.754251e+00
      vertex 2.375013e+01 -8.713457e+00 8.083033e+00
      vertex 2.375013e+01 -8.965740e+00 7.754250e+00
    endloop
  endfacet
  facet normal 3.998480e-06 -7.933533e-01 6.087614e-01
    outer loop
      vertex 2.375013e+01 -8.713457e+00 8.083033e+00
      vertex 2.692505e+01 -8.965723e+00 7.754251e+00
      vertex 2.692505e+01 -8.713440e+00 8.083033e+00
    endloop
  endfacet
  facet normal 3.014493e-06 -6.087614e-01 7.933533e-01
    outer loop
      vertex 2.375013e+01 -9.294522e+00 7.501967e+00
      vertex 2.692505e+01 -8.965723e+00 7.754251e+00
      vertex 2.375013e+01 -8.965740e+00 7.754250e+00
    endloop
  endfacet
  facet normal 3.014493e-06 -6.087614e-01 7.933533e-01
    outer loop
      vertex 2.692505e+01 -8.965723e+00 7.754251e+00
      vertex 2.375013e+01 -9.294522e+00 7.501967e+00
      vertex 2.692505e+01 -9.294505e+00 7.501968e+00
    endloop
  endfacet
  facet normal 1.825074e-06 -3.826834e-01 9.238795e-01
    outer loop
      vertex 2.375013e+01 -9.677397e+00 7.343376e+00
      vertex 2.692505e+01 -9.294505e+00 7.501968e+00
      vertex 2.375013e+01 -9.294522e+00 7.501967e+00
    endloop
  endfacet
  facet normal 1.825074e-06 -3.826834e-01 9.238795e-01
    outer loop
      vertex 2.692505e+01 -9.294505e+00 7.501968e+00
      vertex 2.375013e+01 -9.677397e+00 7.343376e+00
      vertex 2.692505e+01 -9.677380e+00 7.343376e+00
    endloop
  endfacet
  facet normal 5.112782e-07 -1.305262e-01 9.914448e-01
    outer loop
      vertex 2.375013e+01 -1.008827e+01 7.289283e+00
      vertex 2.692505e+01 -9.677380e+00 7.343376e+00
      vertex 2.375013e+01 -9.677397e+00 7.343376e+00
    endloop
  endfacet
  facet normal 5.112782e-07 -1.305262e-01 9.914448e-01
    outer loop
      vertex 2.692505e+01 -9.677380e+00 7.343376e+00
      vertex 2.375013e+01 -1.008827e+01 7.289283e+00
      vertex 2.692505e+01 -1.008826e+01 7.289283e+00
    endloop
  endfacet
  facet normal -8.373598e-07 1.305262e-01 9.914448e-01
    outer loop
      vertex 2.375014e+01 -1.049915e+01 7.343376e+00
      vertex 2.692505e+01 -1.008826e+01 7.289283e+00
      vertex 2.375013e+01 -1.008827e+01 7.289283e+00
    endloop
  endfacet
  facet normal -8.373598e-07 1.305262e-01 9.914448e-01
    outer loop
      vertex 2.692505e+01 -1.008826e+01 7.289283e+00
      vertex 2.375014e+01 -1.049915e+01 7.343376e+00
      vertex 2.692506e+01 -1.049913e+01 7.343376e+00
    endloop
  endfacet
  facet normal -2.128933e-06 3.826834e-01 9.238795e-01
    outer loop
      vertex 2.375014e+01 -1.088202e+01 7.501967e+00
      vertex 2.692506e+01 -1.049913e+01 7.343376e+00
      vertex 2.375014e+01 -1.049915e+01 7.343376e+00
    endloop
  endfacet
  facet normal -2.128933e-06 3.826834e-01 9.238795e-01
    outer loop
      vertex 2.692506e+01 -1.049913e+01 7.343376e+00
      vertex 2.375014e+01 -1.088202e+01 7.501967e+00
      vertex 2.692506e+01 -1.088201e+01 7.501968e+00
    endloop
  endfacet
  facet normal -3.275423e-06 6.087614e-01 7.933533e-01
    outer loop
      vertex 2.375014e+01 -1.121080e+01 7.754250e+00
      vertex 2.692506e+01 -1.088201e+01 7.501968e+00
      vertex 2.375014e+01 -1.088202e+01 7.501967e+00
    endloop
  endfacet
  facet normal -3.275423e-06 6.087614e-01 7.933533e-01
    outer loop
      vertex 2.692506e+01 -1.088201e+01 7.501968e+00
      vertex 2.375014e+01 -1.121080e+01 7.754250e+00
      vertex 2.692506e+01 -1.121079e+01 7.754251e+00
    endloop
  endfacet
  facet normal -4.198699e-06 7.933533e-01 6.087614e-01
    outer loop
      vertex 2.375014e+01 -1.146309e+01 8.083033e+00
      vertex 2.692506e+01 -1.121079e+01 7.754251e+00
      vertex 2.375014e+01 -1.121080e+01 7.754250e+00
    endloop
  endfacet
  facet normal -4.198699e-06 7.933533e-01 6.087614e-01
    outer loop
      vertex 2.692506e+01 -1.121079e+01 7.754251e+00
      vertex 2.375014e+01 -1.146309e+01 8.083033e+00
      vertex 2.692506e+01 -1.146307e+01 8.083033e+00
    endloop
  endfacet
  facet normal -4.835840e-06 9.238795e-01 3.826834e-01
    outer loop
      vertex 2.375014e+01 -1.162168e+01 8.465907e+00
      vertex 2.692506e+01 -1.146307e+01 8.083033e+00
      vertex 2.375014e+01 -1.146309e+01 8.083033e+00
    endloop
  endfacet
  facet normal -4.835840e-06 9.238795e-01 3.826834e-01
    outer loop
      vertex 2.692506e+01 -1.146307e+01 8.083033e+00
      vertex 2.375014e+01 -1.162168e+01 8.465907e+00
      vertex 2.692506e+01 -1.162166e+01 8.465908e+00
    endloop
  endfacet
  facet normal -5.143426e-06 9.914448e-01 1.305262e-01
    outer loop
      vertex 2.375014e+01 -1.167577e+01 8.876783e+00
      vertex 2.692506e+01 -1.162166e+01 8.465908e+00
      vertex 2.375014e+01 -1.162168e+01 8.465907e+00
    endloop
  endfacet
  facet normal -5.143426e-06 9.914448e-01 1.305262e-01
    outer loop
      vertex 2.692506e+01 -1.162166e+01 8.465908e+00
      vertex 2.375014e+01 -1.167577e+01 8.876783e+00
      vertex 2.692506e+01 -1.167576e+01 8.876783e+00
    endloop
  endfacet
  facet normal -5.100497e-06 9.914448e-01 -1.305262e-01
    outer loop
      vertex 2.375014e+01 -1.162168e+01 9.287658e+00
      vertex 2.692506e+01 -1.167576e+01 8.876783e+00
      vertex 2.375014e+01 -1.167577e+01 8.876783e+00
    endloop
  endfacet
  facet normal -5.100497e-06 9.914448e-01 -1.305262e-01
    outer loop
      vertex 2.692506e+01 -1.167576e+01 8.876783e+00
      vertex 2.375014e+01 -1.162168e+01 9.287658e+00
      vertex 2.692506e+01 -1.162166e+01 9.287658e+00
    endloop
  endfacet
  facet normal -4.709977e-06 9.238795e-01 -3.826834e-01
    outer loop
      vertex 2.375014e+01 -1.146309e+01 9.670533e+00
      vertex 2.692506e+01 -1.162166e+01 9.287658e+00
      vertex 2.375014e+01 -1.162168e+01 9.287658e+00
    endloop
  endfacet
  facet normal -4.709977e-06 9.238795e-01 -3.826834e-01
    outer loop
      vertex 2.692506e+01 -1.162166e+01 9.287658e+00
      vertex 2.375014e+01 -1.146309e+01 9.670533e+00
      vertex 2.692506e+01 -1.146307e+01 9.670533e+00
    endloop
  endfacet
  facet normal -3.998480e-06 7.933533e-01 -6.087614e-01
    outer loop
      vertex 2.375014e+01 -1.121080e+01 9.999314e+00
      vertex 2.692506e+01 -1.146307e+01 9.670533e+00
      vertex 2.375014e+01 -1.146309e+01 9.670533e+00
    endloop
  endfacet
  facet normal -3.998480e-06 7.933533e-01 -6.087614e-01
    outer loop
      vertex 2.692506e+01 -1.146307e+01 9.670533e+00
      vertex 2.375014e+01 -1.121080e+01 9.999314e+00
      vertex 2.692506e+01 -1.121079e+01 9.999315e+00
    endloop
  endfacet
  facet normal -3.014493e-06 6.087614e-01 -7.933533e-01
    outer loop
      vertex 2.692506e+01 -1.088201e+01 1.025160e+01
      vertex 2.375014e+01 -1.121080e+01 9.999314e+00
      vertex 2.375014e+01 -1.088202e+01 1.025160e+01
    endloop
  endfacet
  facet normal -3.014493e-06 6.087614e-01 -7.933533e-01
    outer loop
      vertex 2.375014e+01 -1.121080e+01 9.999314e+00
      vertex 2.692506e+01 -1.088201e+01 1.025160e+01
      vertex 2.692506e+01 -1.121079e+01 9.999315e+00
    endloop
  endfacet
  facet normal -1.825074e-06 3.826834e-01 -9.238795e-01
    outer loop
      vertex 2.692506e+01 -1.049913e+01 1.041019e+01
      vertex 2.375014e+01 -1.088202e+01 1.025160e+01
      vertex 2.375014e+01 -1.049915e+01 1.041019e+01
    endloop
  endfacet
  facet normal -1.825074e-06 3.826834e-01 -9.238795e-01
    outer loop
      vertex 2.375014e+01 -1.088202e+01 1.025160e+01
      vertex 2.692506e+01 -1.049913e+01 1.041019e+01
      vertex 2.692506e+01 -1.088201e+01 1.025160e+01
    endloop
  endfacet
  facet normal -5.112782e-07 1.305262e-01 -9.914448e-01
    outer loop
      vertex 2.692505e+01 -1.008826e+01 1.046428e+01
      vertex 2.375014e+01 -1.049915e+01 1.041019e+01
      vertex 2.375013e+01 -1.008827e+01 1.046428e+01
    endloop
  endfacet
  facet normal -5.112782e-07 1.305262e-01 -9.914448e-01
    outer loop
      vertex 2.375014e+01 -1.049915e+01 1.041019e+01
      vertex 2.692505e+01 -1.008826e+01 1.046428e+01
      vertex 2.692506e+01 -1.049913e+01 1.041019e+01
    endloop
  endfacet
  facet normal 4.054178e-06 -7.933533e-01 -6.087614e-01
    outer loop
      vertex -2.387487e+01 -8.965740e+00 2.096632e+01
      vertex -2.704996e+01 -8.713472e+00 2.063754e+01
      vertex -2.387487e+01 -8.713457e+00 2.063754e+01
    endloop
  endfacet
  facet normal 4.054178e-06 -7.933533e-01 -6.087614e-01
    outer loop
      vertex -2.704996e+01 -8.713472e+00 2.063754e+01
      vertex -2.387487e+01 -8.965740e+00 2.096632e+01
      vertex -2.704996e+01 -8.965757e+00 2.096632e+01
    endloop
  endfacet
  facet normal 3.110804e-06 -6.087614e-01 -7.933533e-01
    outer loop
      vertex -2.387487e+01 -8.965740e+00 2.096632e+01
      vertex -2.704996e+01 -9.294538e+00 2.121861e+01
      vertex -2.704996e+01 -8.965757e+00 2.096632e+01
    endloop
  endfacet
  facet normal 3.110804e-06 -6.087614e-01 -7.933533e-01
    outer loop
      vertex -2.704996e+01 -9.294538e+00 2.121861e+01
      vertex -2.387487e+01 -8.965740e+00 2.096632e+01
      vertex -2.387487e+01 -9.294522e+00 2.121861e+01
    endloop
  endfacet
  facet normal 1.955434e-06 -3.826834e-01 -9.238795e-01
    outer loop
      vertex -2.387487e+01 -9.294522e+00 2.121861e+01
      vertex -2.704995e+01 -9.677412e+00 2.137720e+01
      vertex -2.704996e+01 -9.294538e+00 2.121861e+01
    endloop
  endfacet
  facet normal 1.955434e-06 -3.826834e-01 -9.238795e-01
    outer loop
      vertex -2.704995e+01 -9.677412e+00 2.137720e+01
      vertex -2.387487e+01 -9.294522e+00 2.121861e+01
      vertex -2.387487e+01 -9.677397e+00 2.137720e+01
    endloop
  endfacet
  facet normal 6.668047e-07 -1.305262e-01 -9.914448e-01
    outer loop
      vertex -2.387487e+01 -9.677397e+00 2.137720e+01
      vertex -2.704995e+01 -1.008829e+01 2.143129e+01
      vertex -2.704995e+01 -9.677412e+00 2.137720e+01
    endloop
  endfacet
  facet normal 6.668047e-07 -1.305262e-01 -9.914448e-01
    outer loop
      vertex -2.704995e+01 -1.008829e+01 2.143129e+01
      vertex -2.387487e+01 -9.677397e+00 2.137720e+01
      vertex -2.387487e+01 -1.008827e+01 2.143129e+01
    endloop
  endfacet
  facet normal -6.672665e-07 1.305262e-01 -9.914448e-01
    outer loop
      vertex -2.387487e+01 -1.008827e+01 2.143129e+01
      vertex -2.704995e+01 -1.049916e+01 2.137720e+01
      vertex -2.704995e+01 -1.008829e+01 2.143129e+01
    endloop
  endfacet
  facet normal -6.672665e-07 1.305262e-01 -9.914448e-01
    outer loop
      vertex -2.704995e+01 -1.049916e+01 2.137720e+01
      vertex -2.387487e+01 -1.008827e+01 2.143129e+01
      vertex -2.387486e+01 -1.049915e+01 2.137720e+01
    endloop
  endfacet
  facet normal -1.955865e-06 3.826834e-01 -9.238795e-01
    outer loop
      vertex -2.387486e+01 -1.049915e+01 2.137720e+01
      vertex -2.704995e+01 -1.088204e+01 2.121861e+01
      vertex -2.704995e+01 -1.049916e+01 2.137720e+01
    endloop
  endfacet
  facet normal -1.955865e-06 3.826834e-01 -9.238795e-01
    outer loop
      vertex -2.704995e+01 -1.088204e+01 2.121861e+01
      vertex -2.387486e+01 -1.049915e+01 2.137720e+01
      vertex -2.387486e+01 -1.088202e+01 2.121861e+01
    endloop
  endfacet
  facet normal -3.111174e-06 6.087614e-01 -7.933533e-01
    outer loop
      vertex -2.387486e+01 -1.088202e+01 2.121861e+01
      vertex -2.704994e+01 -1.121082e+01 2.096632e+01
      vertex -2.704995e+01 -1.088204e+01 2.121861e+01
    endloop
  endfacet
  facet normal -3.111174e-06 6.087614e-01 -7.933533e-01
    outer loop
      vertex -2.704994e+01 -1.121082e+01 2.096632e+01
      vertex -2.387486e+01 -1.088202e+01 2.121861e+01
      vertex -2.387486e+01 -1.121080e+01 2.096632e+01
    endloop
  endfacet
  facet normal -4.054462e-06 7.933533e-01 -6.087614e-01
    outer loop
      vertex -2.704994e+01 -1.146310e+01 2.063754e+01
      vertex -2.387486e+01 -1.121080e+01 2.096632e+01
      vertex -2.387486e+01 -1.146309e+01 2.063754e+01
    endloop
  endfacet
  facet normal -4.054462e-06 7.933533e-01 -6.087614e-01
    outer loop
      vertex -2.387486e+01 -1.121080e+01 2.096632e+01
      vertex -2.704994e+01 -1.146310e+01 2.063754e+01
      vertex -2.704994e+01 -1.121082e+01 2.096632e+01
    endloop
  endfacet
  facet normal -4.721445e-06 9.238795e-01 -3.826834e-01
    outer loop
      vertex -2.704994e+01 -1.162169e+01 2.025467e+01
      vertex -2.387486e+01 -1.146309e+01 2.063754e+01
      vertex -2.387486e+01 -1.162168e+01 2.025467e+01
    endloop
  endfacet
  facet normal -4.721445e-06 9.238795e-01 -3.826834e-01
    outer loop
      vertex -2.387486e+01 -1.146309e+01 2.063754e+01
      vertex -2.704994e+01 -1.162169e+01 2.025467e+01
      vertex -2.704994e+01 -1.146310e+01 2.063754e+01
    endloop
  endfacet
  facet normal -5.066669e-06 9.914448e-01 -1.305262e-01
    outer loop
      vertex -2.704994e+01 -1.167579e+01 1.984379e+01
      vertex -2.387486e+01 -1.162168e+01 2.025467e+01
      vertex -2.387486e+01 -1.167577e+01 1.984379e+01
    endloop
  endfacet
  facet normal -5.066669e-06 9.914448e-01 -1.305262e-01
    outer loop
      vertex -2.387486e+01 -1.162168e+01 2.025467e+01
      vertex -2.704994e+01 -1.167579e+01 1.984379e+01
      vertex -2.704994e+01 -1.162169e+01 2.025467e+01
    endloop
  endfacet
  facet normal -5.066608e-06 9.914448e-01 1.305262e-01
    outer loop
      vertex -2.704994e+01 -1.162169e+01 1.943292e+01
      vertex -2.387486e+01 -1.167577e+01 1.984379e+01
      vertex -2.387486e+01 -1.162168e+01 1.943292e+01
    endloop
  endfacet
  facet normal -5.066608e-06 9.914448e-01 1.305262e-01
    outer loop
      vertex -2.387486e+01 -1.167577e+01 1.984379e+01
      vertex -2.704994e+01 -1.162169e+01 1.943292e+01
      vertex -2.704994e+01 -1.167579e+01 1.984379e+01
    endloop
  endfacet
  facet normal -4.721267e-06 9.238795e-01 3.826834e-01
    outer loop
      vertex -2.704994e+01 -1.146310e+01 1.905004e+01
      vertex -2.387486e+01 -1.162168e+01 1.943292e+01
      vertex -2.387486e+01 -1.146309e+01 1.905004e+01
    endloop
  endfacet
  facet normal -4.721267e-06 9.238795e-01 3.826834e-01
    outer loop
      vertex -2.387486e+01 -1.162168e+01 1.943292e+01
      vertex -2.704994e+01 -1.146310e+01 1.905004e+01
      vertex -2.704994e+01 -1.162169e+01 1.943292e+01
    endloop
  endfacet
  facet normal -4.054178e-06 7.933533e-01 6.087614e-01
    outer loop
      vertex -2.704994e+01 -1.121082e+01 1.872126e+01
      vertex -2.387486e+01 -1.146309e+01 1.905004e+01
      vertex -2.387486e+01 -1.121080e+01 1.872126e+01
    endloop
  endfacet
  facet normal -4.054178e-06 7.933533e-01 6.087614e-01
    outer loop
      vertex -2.387486e+01 -1.146309e+01 1.905004e+01
      vertex -2.704994e+01 -1.121082e+01 1.872126e+01
      vertex -2.704994e+01 -1.146310e+01 1.905004e+01
    endloop
  endfacet
  facet normal -3.110804e-06 6.087614e-01 7.933533e-01
    outer loop
      vertex -2.704994e+01 -1.121082e+01 1.872126e+01
      vertex -2.387486e+01 -1.088202e+01 1.846898e+01
      vertex -2.704995e+01 -1.088204e+01 1.846898e+01
    endloop
  endfacet
  facet normal -3.110804e-06 6.087614e-01 7.933533e-01
    outer loop
      vertex -2.387486e+01 -1.088202e+01 1.846898e+01
      vertex -2.704994e+01 -1.121082e+01 1.872126e+01
      vertex -2.387486e+01 -1.121080e+01 1.872126e+01
    endloop
  endfacet
  facet normal -1.955434e-06 3.826834e-01 9.238795e-01
    outer loop
      vertex -2.704995e+01 -1.088204e+01 1.846898e+01
      vertex -2.387486e+01 -1.049915e+01 1.831038e+01
      vertex -2.704995e+01 -1.049916e+01 1.831038e+01
    endloop
  endfacet
  facet normal -1.955434e-06 3.826834e-01 9.238795e-01
    outer loop
      vertex -2.387486e+01 -1.049915e+01 1.831038e+01
      vertex -2.704995e+01 -1.088204e+01 1.846898e+01
      vertex -2.387486e+01 -1.088202e+01 1.846898e+01
    endloop
  endfacet
  facet normal -6.668047e-07 1.305262e-01 9.914448e-01
    outer loop
      vertex -2.704995e+01 -1.049916e+01 1.831038e+01
      vertex -2.387487e+01 -1.008827e+01 1.825629e+01
      vertex -2.704995e+01 -1.008829e+01 1.825629e+01
    endloop
  endfacet
  facet normal -6.668047e-07 1.305262e-01 9.914448e-01
    outer loop
      vertex -2.387487e+01 -1.008827e+01 1.825629e+01
      vertex -2.704995e+01 -1.049916e+01 1.831038e+01
      vertex -2.387486e+01 -1.049915e+01 1.831038e+01
    endloop
  endfacet
  facet normal 6.672665e-07 -1.305262e-01 9.914448e-01
    outer loop
      vertex -2.704995e+01 -1.008829e+01 1.825629e+01
      vertex -2.387487e+01 -9.677397e+00 1.831038e+01
      vertex -2.704995e+01 -9.677412e+00 1.831038e+01
    endloop
  endfacet
  facet normal 6.672665e-07 -1.305262e-01 9.914448e-01
    outer loop
      vertex -2.387487e+01 -9.677397e+00 1.831038e+01
      vertex -2.704995e+01 -1.008829e+01 1.825629e+01
      vertex -2.387487e+01 -1.008827e+01 1.825629e+01
    endloop
  endfacet
  facet normal 1.955865e-06 -3.826834e-01 9.238795e-01
    outer loop
      vertex -2.704995e+01 -9.677412e+00 1.831038e+01
      vertex -2.387487e+01 -9.294522e+00 1.846898e+01
      vertex -2.704996e+01 -9.294538e+00 1.846898e+01
    endloop
  endfacet
  facet normal 1.955865e-06 -3.826834e-01 9.238795e-01
    outer loop
      vertex -2.387487e+01 -9.294522e+00 1.846898e+01
      vertex -2.704995e+01 -9.677412e+00 1.831038e+01
      vertex -2.387487e+01 -9.677397e+00 1.831038e+01
    endloop
  endfacet
  facet normal 3.111174e-06 -6.087614e-01 7.933533e-01
    outer loop
      vertex -2.704996e+01 -9.294538e+00 1.846898e+01
      vertex -2.387487e+01 -8.965740e+00 1.872126e+01
      vertex -2.704996e+01 -8.965757e+00 1.872126e+01
    endloop
  endfacet
  facet normal 3.111174e-06 -6.087614e-01 7.933533e-01
    outer loop
      vertex -2.387487e+01 -8.965740e+00 1.872126e+01
      vertex -2.704996e+01 -9.294538e+00 1.846898e+01
      vertex -2.387487e+01 -9.294522e+00 1.846898e+01
    endloop
  endfacet
  facet normal 4.054462e-06 -7.933533e-01 6.087614e-01
    outer loop
      vertex -2.387487e+01 -8.713457e+00 1.905004e+01
      vertex -2.704996e+01 -8.965757e+00 1.872126e+01
      vertex -2.387487e+01 -8.965740e+00 1.872126e+01
    endloop
  endfacet
  facet normal 4.054462e-06 -7.933533e-01 6.087614e-01
    outer loop
      vertex -2.704996e+01 -8.965757e+00 1.872126e+01
      vertex -2.387487e+01 -8.713457e+00 1.905004e+01
      vertex -2.704996e+01 -8.713472e+00 1.905004e+01
    endloop
  endfacet
  facet normal 4.721445e-06 -9.238795e-01 3.826834e-01
    outer loop
      vertex -2.387488e+01 -8.554864e+00 1.943292e+01
      vertex -2.704996e+01 -8.713472e+00 1.905004e+01
      vertex -2.387487e+01 -8.713457e+00 1.905004e+01
    endloop
  endfacet
  facet normal 4.721445e-06 -9.238795e-01 3.826834e-01
    outer loop
      vertex -2.704996e+01 -8.713472e+00 1.905004e+01
      vertex -2.387488e+01 -8.554864e+00 1.943292e+01
      vertex -2.704996e+01 -8.554881e+00 1.943292e+01
    endloop
  endfacet
  facet normal 5.066669e-06 -9.914448e-01 1.305262e-01
    outer loop
      vertex -2.387488e+01 -8.500772e+00 1.984379e+01
      vertex -2.704996e+01 -8.554881e+00 1.943292e+01
      vertex -2.387488e+01 -8.554864e+00 1.943292e+01
    endloop
  endfacet
  facet normal 5.066669e-06 -9.914448e-01 1.305262e-01
    outer loop
      vertex -2.704996e+01 -8.554881e+00 1.943292e+01
      vertex -2.387488e+01 -8.500772e+00 1.984379e+01
      vertex -2.704996e+01 -8.500788e+00 1.984379e+01
    endloop
  endfacet
  facet normal 5.066608e-06 -9.914448e-01 -1.305262e-01
    outer loop
      vertex -2.387488e+01 -8.554864e+00 2.025467e+01
      vertex -2.704996e+01 -8.500788e+00 1.984379e+01
      vertex -2.387488e+01 -8.500772e+00 1.984379e+01
    endloop
  endfacet
  facet normal 5.066608e-06 -9.914448e-01 -1.305262e-01
    outer loop
      vertex -2.704996e+01 -8.500788e+00 1.984379e+01
      vertex -2.387488e+01 -8.554864e+00 2.025467e+01
      vertex -2.704996e+01 -8.554881e+00 2.025467e+01
    endloop
  endfacet
  facet normal 4.721267e-06 -9.238795e-01 -3.826834e-01
    outer loop
      vertex -2.387487e+01 -8.713457e+00 2.063754e+01
      vertex -2.704996e+01 -8.554881e+00 2.025467e+01
      vertex -2.387488e+01 -8.554864e+00 2.025467e+01
    endloop
  endfacet
  facet normal 4.721267e-06 -9.238795e-01 -3.826834e-01
    outer loop
      vertex -2.704996e+01 -8.554881e+00 2.025467e+01
      vertex -2.387487e+01 -8.713457e+00 2.063754e+01
      vertex -2.704996e+01 -8.713472e+00 2.063754e+01
    endloop
  endfacet
  facet normal -4.721445e-06 9.238795e-01 -3.826834e-01
    outer loop
      vertex -2.704994e+01 -1.162169e+01 9.142167e+00
      vertex -2.387486e+01 -1.146309e+01 9.525041e+00
      vertex -2.387486e+01 -1.162168e+01 9.142167e+00
    endloop
  endfacet
  facet normal -4.721445e-06 9.238795e-01 -3.826834e-01
    outer loop
      vertex -2.387486e+01 -1.146309e+01 9.525041e+00
      vertex -2.704994e+01 -1.162169e+01 9.142167e+00
      vertex -2.704994e+01 -1.146310e+01 9.525041e+00
    endloop
  endfacet
  facet normal -5.066669e-06 9.914448e-01 -1.305262e-01
    outer loop
      vertex -2.704994e+01 -1.167579e+01 8.731291e+00
      vertex -2.387486e+01 -1.162168e+01 9.142167e+00
      vertex -2.387486e+01 -1.167577e+01 8.731291e+00
    endloop
  endfacet
  facet normal -5.066669e-06 9.914448e-01 -1.305262e-01
    outer loop
      vertex -2.387486e+01 -1.162168e+01 9.142167e+00
      vertex -2.704994e+01 -1.167579e+01 8.731291e+00
      vertex -2.704994e+01 -1.162169e+01 9.142167e+00
    endloop
  endfacet
  facet normal -5.066608e-06 9.914448e-01 1.305262e-01
    outer loop
      vertex -2.704994e+01 -1.162169e+01 8.320416e+00
      vertex -2.387486e+01 -1.167577e+01 8.731291e+00
      vertex -2.387486e+01 -1.162168e+01 8.320416e+00
    endloop
  endfacet
  facet normal -5.066608e-06 9.914448e-01 1.305262e-01
    outer loop
      vertex -2.387486e+01 -1.167577e+01 8.731291e+00
      vertex -2.704994e+01 -1.162169e+01 8.320416e+00
      vertex -2.704994e+01 -1.167579e+01 8.731291e+00
    endloop
  endfacet
  facet normal -4.721267e-06 9.238795e-01 3.826834e-01
    outer loop
      vertex -2.704994e+01 -1.146310e+01 7.937541e+00
      vertex -2.387486e+01 -1.162168e+01 8.320416e+00
      vertex -2.387486e+01 -1.146309e+01 7.937541e+00
    endloop
  endfacet
  facet normal -4.721267e-06 9.238795e-01 3.826834e-01
    outer loop
      vertex -2.387486e+01 -1.162168e+01 8.320416e+00
      vertex -2.704994e+01 -1.146310e+01 7.937541e+00
      vertex -2.704994e+01 -1.162169e+01 8.320416e+00
    endloop
  endfacet
  facet normal -4.054178e-06 7.933533e-01 6.087614e-01
    outer loop
      vertex -2.704994e+01 -1.121082e+01 7.608759e+00
      vertex -2.387486e+01 -1.146309e+01 7.937541e+00
      vertex -2.387486e+01 -1.121080e+01 7.608759e+00
    endloop
  endfacet
  facet normal -4.054178e-06 7.933533e-01 6.087614e-01
    outer loop
      vertex -2.387486e+01 -1.146309e+01 7.937541e+00
      vertex -2.704994e+01 -1.121082e+01 7.608759e+00
      vertex -2.704994e+01 -1.146310e+01 7.937541e+00
    endloop
  endfacet
  facet normal -3.110804e-06 6.087614e-01 7.933533e-01
    outer loop
      vertex -2.704994e+01 -1.121082e+01 7.608759e+00
      vertex -2.387486e+01 -1.088202e+01 7.356476e+00
      vertex -2.704995e+01 -1.088204e+01 7.356476e+00
    endloop
  endfacet
  facet normal -3.110804e-06 6.087614e-01 7.933533e-01
    outer loop
      vertex -2.387486e+01 -1.088202e+01 7.356476e+00
      vertex -2.704994e+01 -1.121082e+01 7.608759e+00
      vertex -2.387486e+01 -1.121080e+01 7.608759e+00
    endloop
  endfacet
  facet normal -1.955434e-06 3.826834e-01 9.238795e-01
    outer loop
      vertex -2.704995e+01 -1.088204e+01 7.356476e+00
      vertex -2.387486e+01 -1.049915e+01 7.197884e+00
      vertex -2.704995e+01 -1.049916e+01 7.197884e+00
    endloop
  endfacet
  facet normal -1.955434e-06 3.826834e-01 9.238795e-01
    outer loop
      vertex -2.387486e+01 -1.049915e+01 7.197884e+00
      vertex -2.704995e+01 -1.088204e+01 7.356476e+00
      vertex -2.387486e+01 -1.088202e+01 7.356476e+00
    endloop
  endfacet
  facet normal -6.668047e-07 1.305262e-01 9.914448e-01
    outer loop
      vertex -2.704995e+01 -1.049916e+01 7.197884e+00
      vertex -2.387487e+01 -1.008827e+01 7.143791e+00
      vertex -2.704995e+01 -1.008829e+01 7.143791e+00
    endloop
  endfacet
  facet normal -6.668047e-07 1.305262e-01 9.914448e-01
    outer loop
      vertex -2.387487e+01 -1.008827e+01 7.143791e+00
      vertex -2.704995e+01 -1.049916e+01 7.197884e+00
      vertex -2.387486e+01 -1.049915e+01 7.197884e+00
    endloop
  endfacet
  facet normal 6.672665e-07 -1.305262e-01 9.914448e-01
    outer loop
      vertex -2.704995e+01 -1.008829e+01 7.143791e+00
      vertex -2.387487e+01 -9.677397e+00 7.197884e+00
      vertex -2.704995e+01 -9.677412e+00 7.197884e+00
    endloop
  endfacet
  facet normal 6.672665e-07 -1.305262e-01 9.914448e-01
    outer loop
      vertex -2.387487e+01 -9.677397e+00 7.197884e+00
      vertex -2.704995e+01 -1.008829e+01 7.143791e+00
      vertex -2.387487e+01 -1.008827e+01 7.143791e+00
    endloop
  endfacet
  facet normal 1.955865e-06 -3.826834e-01 9.238795e-01
    outer loop
      vertex -2.704995e+01 -9.677412e+00 7.197884e+00
      vertex -2.387487e+01 -9.294522e+00 7.356476e+00
      vertex -2.704996e+01 -9.294538e+00 7.356476e+00
    endloop
  endfacet
  facet normal 1.955865e-06 -3.826834e-01 9.238795e-01
    outer loop
      vertex -2.387487e+01 -9.294522e+00 7.356476e+00
      vertex -2.704995e+01 -9.677412e+00 7.197884e+00
      vertex -2.387487e+01 -9.677397e+00 7.197884e+00
    endloop
  endfacet
  facet normal 3.111174e-06 -6.087614e-01 7.933533e-01
    outer loop
      vertex -2.704996e+01 -9.294538e+00 7.356476e+00
      vertex -2.387487e+01 -8.965740e+00 7.608759e+00
      vertex -2.704996e+01 -8.965757e+00 7.608759e+00
    endloop
  endfacet
  facet normal 3.111174e-06 -6.087614e-01 7.933533e-01
    outer loop
      vertex -2.387487e+01 -8.965740e+00 7.608759e+00
      vertex -2.704996e+01 -9.294538e+00 7.356476e+00
      vertex -2.387487e+01 -9.294522e+00 7.356476e+00
    endloop
  endfacet
  facet normal 4.054462e-06 -7.933533e-01 6.087614e-01
    outer loop
      vertex -2.387487e+01 -8.713457e+00 7.937541e+00
      vertex -2.704996e+01 -8.965757e+00 7.608759e+00
      vertex -2.387487e+01 -8.965740e+00 7.608759e+00
    endloop
  endfacet
  facet normal 4.054462e-06 -7.933533e-01 6.087614e-01
    outer loop
      vertex -2.704996e+01 -8.965757e+00 7.608759e+00
      vertex -2.387487e+01 -8.713457e+00 7.937541e+00
      vertex -2.704996e+01 -8.713472e+00 7.937541e+00
    endloop
  endfacet
  facet normal 4.721445e-06 -9.238795e-01 3.826834e-01
    outer loop
      vertex -2.387488e+01 -8.554864e+00 8.320416e+00
      vertex -2.704996e+01 -8.713472e+00 7.937541e+00
      vertex -2.387487e+01 -8.713457e+00 7.937541e+00
    endloop
  endfacet
  facet normal 4.721445e-06 -9.238795e-01 3.826834e-01
    outer loop
      vertex -2.704996e+01 -8.713472e+00 7.937541e+00
      vertex -2.387488e+01 -8.554864e+00 8.320416e+00
      vertex -2.704996e+01 -8.554881e+00 8.320416e+00
    endloop
  endfacet
  facet normal 5.066669e-06 -9.914448e-01 1.305262e-01
    outer loop
      vertex -2.387488e+01 -8.500772e+00 8.731291e+00
      vertex -2.704996e+01 -8.554881e+00 8.320416e+00
      vertex -2.387488e+01 -8.554864e+00 8.320416e+00
    endloop
  endfacet
  facet normal 5.066669e-06 -9.914448e-01 1.305262e-01
    outer loop
      vertex -2.704996e+01 -8.554881e+00 8.320416e+00
      vertex -2.387488e+01 -8.500772e+00 8.731291e+00
      vertex -2.704996e+01 -8.500788e+00 8.731291e+00
    endloop
  endfacet
  facet normal 5.066608e-06 -9.914448e-01 -1.305262e-01
    outer loop
      vertex -2.387488e+01 -8.554864e+00 9.142167e+00
      vertex -2.704996e+01 -8.500788e+00 8.731291e+00
      vertex -2.387488e+01 -8.500772e+00 8.731291e+00
    endloop
  endfacet
  facet normal 5.066608e-06 -9.914448e-01 -1.305262e-01
    outer loop
      vertex -2.704996e+01 -8.500788e+00 8.731291e+00
      vertex -2.387488e+01 -8.554864e+00 9.142167e+00
      vertex -2.704996e+01 -8.554881e+00 9.142167e+00
    endloop
  endfacet
  facet normal 4.721267e-06 -9.238795e-01 -3.826834e-01
    outer loop
      vertex -2.387487e+01 -8.713457e+00 9.525041e+00
      vertex -2.704996e+01 -8.554881e+00 9.142167e+00
      vertex -2.387488e+01 -8.554864e+00 9.142167e+00
    endloop
  endfacet
  facet normal 4.721267e-06 -9.238795e-01 -3.826834e-01
    outer loop
      vertex -2.704996e+01 -8.554881e+00 9.142167e+00
      vertex -2.387487e+01 -8.713457e+00 9.525041e+00
      vertex -2.704996e+01 -8.713472e+00 9.525041e+00
    endloop
  endfacet
  facet normal 4.054178e-06 -7.933533e-01 -6.087614e-01
    outer loop
      vertex -2.387487e+01 -8.965740e+00 9.853823e+00
      vertex -2.704996e+01 -8.713472e+00 9.525041e+00
      vertex -2.387487e+01 -8.713457e+00 9.525041e+00
    endloop
  endfacet
  facet normal 4.054178e-06 -7.933533e-01 -6.087614e-01
    outer loop
      vertex -2.704996e+01 -8.713472e+00 9.525041e+00
      vertex -2.387487e+01 -8.965740e+00 9.853823e+00
      vertex -2.704996e+01 -8.965757e+00 9.853823e+00
    endloop
  endfacet
  facet normal 3.110804e-06 -6.087614e-01 -7.933533e-01
    outer loop
      vertex -2.387487e+01 -8.965740e+00 9.853823e+00
      vertex -2.704996e+01 -9.294538e+00 1.010611e+01
      vertex -2.704996e+01 -8.965757e+00 9.853823e+00
    endloop
  endfacet
  facet normal 3.110804e-06 -6.087614e-01 -7.933533e-01
    outer loop
      vertex -2.704996e+01 -9.294538e+00 1.010611e+01
      vertex -2.387487e+01 -8.965740e+00 9.853823e+00
      vertex -2.387487e+01 -9.294522e+00 1.010611e+01
    endloop
  endfacet
  facet normal 1.955434e-06 -3.826834e-01 -9.238795e-01
    outer loop
      vertex -2.387487e+01 -9.294522e+00 1.010611e+01
      vertex -2.704995e+01 -9.677412e+00 1.026470e+01
      vertex -2.704996e+01 -9.294538e+00 1.010611e+01
    endloop
  endfacet
  facet normal 1.955434e-06 -3.826834e-01 -9.238795e-01
    outer loop
      vertex -2.704995e+01 -9.677412e+00 1.026470e+01
      vertex -2.387487e+01 -9.294522e+00 1.010611e+01
      vertex -2.387487e+01 -9.677397e+00 1.026470e+01
    endloop
  endfacet
  facet normal 6.668047e-07 -1.305262e-01 -9.914448e-01
    outer loop
      vertex -2.387487e+01 -9.677397e+00 1.026470e+01
      vertex -2.704995e+01 -1.008829e+01 1.031879e+01
      vertex -2.704995e+01 -9.677412e+00 1.026470e+01
    endloop
  endfacet
  facet normal 6.668047e-07 -1.305262e-01 -9.914448e-01
    outer loop
      vertex -2.704995e+01 -1.008829e+01 1.031879e+01
      vertex -2.387487e+01 -9.677397e+00 1.026470e+01
      vertex -2.387487e+01 -1.008827e+01 1.031879e+01
    endloop
  endfacet
  facet normal -6.672665e-07 1.305262e-01 -9.914448e-01
    outer loop
      vertex -2.387487e+01 -1.008827e+01 1.031879e+01
      vertex -2.704995e+01 -1.049916e+01 1.026470e+01
      vertex -2.704995e+01 -1.008829e+01 1.031879e+01
    endloop
  endfacet
  facet normal -6.672665e-07 1.305262e-01 -9.914448e-01
    outer loop
      vertex -2.704995e+01 -1.049916e+01 1.026470e+01
      vertex -2.387487e+01 -1.008827e+01 1.031879e+01
      vertex -2.387486e+01 -1.049915e+01 1.026470e+01
    endloop
  endfacet
  facet normal -1.955865e-06 3.826834e-01 -9.238795e-01
    outer loop
      vertex -2.387486e+01 -1.049915e+01 1.026470e+01
      vertex -2.704995e+01 -1.088204e+01 1.010611e+01
      vertex -2.704995e+01 -1.049916e+01 1.026470e+01
    endloop
  endfacet
  facet normal -1.955865e-06 3.826834e-01 -9.238795e-01
    outer loop
      vertex -2.704995e+01 -1.088204e+01 1.010611e+01
      vertex -2.387486e+01 -1.049915e+01 1.026470e+01
      vertex -2.387486e+01 -1.088202e+01 1.010611e+01
    endloop
  endfacet
  facet normal -3.111174e-06 6.087614e-01 -7.933533e-01
    outer loop
      vertex -2.387486e+01 -1.088202e+01 1.010611e+01
      vertex -2.704994e+01 -1.121082e+01 9.853823e+00
      vertex -2.704995e+01 -1.088204e+01 1.010611e+01
    endloop
  endfacet
  facet normal -3.111174e-06 6.087614e-01 -7.933533e-01
    outer loop
      vertex -2.704994e+01 -1.121082e+01 9.853823e+00
      vertex -2.387486e+01 -1.088202e+01 1.010611e+01
      vertex -2.387486e+01 -1.121080e+01 9.853823e+00
    endloop
  endfacet
  facet normal -4.054462e-06 7.933533e-01 -6.087614e-01
    outer loop
      vertex -2.704994e+01 -1.146310e+01 9.525041e+00
      vertex -2.387486e+01 -1.121080e+01 9.853823e+00
      vertex -2.387486e+01 -1.146309e+01 9.525041e+00
    endloop
  endfacet
  facet normal -4.054462e-06 7.933533e-01 -6.087614e-01
    outer loop
      vertex -2.387486e+01 -1.121080e+01 9.853823e+00
      vertex -2.704994e+01 -1.146310e+01 9.525041e+00
      vertex -2.704994e+01 -1.121082e+01 9.853823e+00
    endloop
  endfacet
  facet normal 1.000000e+00 5.110358e-06 -2.328584e-10
    outer loop
      vertex -2.385956e+01 -2.516952e+01 -1.688912e-06
      vertex -2.385882e+01 -2.276396e+01 8.454515e+00
      vertex -2.385956e+01 -2.516952e+01 2.540000e+01
    endloop
  endfacet
  facet normal 1.000000e+00 5.110358e-06 -2.328584e-10
    outer loop
      vertex -2.385882e+01 -2.276396e+01 8.454515e+00
      vertex -2.385956e+01 -2.516952e+01 -1.688912e-06
      vertex -2.385882e+01 -2.263906e+01 8.059363e+00
    endloop
  endfacet
  facet normal 1.000000e+00 5.110358e-06 -2.328584e-10
    outer loop
      vertex -2.385882e+01 -2.263906e+01 8.059363e+00
      vertex -2.385956e+01 -2.516952e+01 -1.688912e-06
      vertex -2.385882e+01 -2.241615e+01 7.710002e+00
    endloop
  endfacet
  facet normal 1.000000e+00 5.110358e-06 -2.328584e-10
    outer loop
      vertex -2.385882e+01 -2.241615e+01 7.710002e+00
      vertex -2.385956e+01 -2.516952e+01 -1.688912e-06
      vertex -2.385882e+01 -2.211041e+01 7.430240e+00
    endloop
  endfacet
  facet normal 1.000000e+00 5.110358e-06 -2.328584e-10
    outer loop
      vertex -2.385882e+01 -2.211041e+01 7.430240e+00
      vertex -2.385956e+01 -2.516952e+01 -1.688912e-06
      vertex -2.385882e+01 -2.174267e+01 7.239143e+00
    endloop
  endfacet
  facet normal 1.000000e+00 5.110358e-06 -2.328584e-10
    outer loop
      vertex -2.385882e+01 -2.174267e+01 7.239143e+00
      vertex -2.385956e+01 -2.516952e+01 -1.688912e-06
      vertex -2.385882e+01 -2.133801e+01 7.149732e+00
    endloop
  endfacet
  facet normal 1.000000e+00 5.110358e-06 -2.328584e-10
    outer loop
      vertex -2.385882e+01 -2.133801e+01 7.149732e+00
      vertex -2.385956e+01 -2.516952e+01 -1.688912e-06
      vertex -2.385984e+01 2.721798e+01 -1.685401e-06
    endloop
  endfacet
  facet normal 1.000000e+00 5.110358e-06 -2.328584e-10
    outer loop
      vertex -2.385956e+01 -2.516952e+01 2.540000e+01
      vertex -2.385882e+01 -2.276396e+01 8.454515e+00
      vertex -2.385882e+01 -2.278233e+01 8.868528e+00
    endloop
  endfacet
  facet normal 1.000000e+00 5.110358e-06 -2.328584e-10
    outer loop
      vertex -2.385956e+01 -2.516952e+01 2.540000e+01
      vertex -2.385882e+01 -2.278233e+01 8.868528e+00
      vertex -2.385903e+01 -2.278827e+01 1.984379e+01
    endloop
  endfacet
  facet normal 1.000000e+00 5.110358e-06 -2.328584e-10
    outer loop
      vertex -2.385882e+01 -2.133801e+01 7.149732e+00
      vertex -2.385984e+01 2.721798e+01 -1.685401e-06
      vertex -2.385882e+01 -2.092400e+01 7.168102e+00
    endloop
  endfacet
  facet normal 1.000000e+00 5.110358e-06 -2.328584e-10
    outer loop
      vertex -2.385882e+01 -2.092400e+01 7.168102e+00
      vertex -2.385984e+01 2.721798e+01 -1.685401e-06
      vertex -2.385882e+01 -2.052885e+01 7.293000e+00
    endloop
  endfacet
  facet normal 1.000000e+00 5.110358e-06 -2.328584e-10
    outer loop
      vertex -2.385882e+01 -2.052885e+01 7.293000e+00
      vertex -2.385984e+01 2.721798e+01 -1.685401e-06
      vertex -2.385882e+01 -2.017949e+01 7.515915e+00
    endloop
  endfacet
  facet normal 1.000000e+00 5.110358e-06 -2.328584e-10
    outer loop
      vertex -2.385882e+01 -2.017949e+01 7.515915e+00
      vertex -2.385984e+01 2.721798e+01 -1.685401e-06
      vertex -2.385882e+01 -1.989973e+01 7.821657e+00
    endloop
  endfacet
  facet normal 1.000000e+00 5.110358e-06 -2.328584e-10
    outer loop
      vertex -2.385882e+01 -1.989973e+01 7.821657e+00
      vertex -2.385984e+01 2.721798e+01 -1.685401e-06
      vertex -2.385911e+01 -1.983477e+01 7.898009e+00
    endloop
  endfacet
  facet normal 1.000000e+00 5.110358e-06 -2.328584e-10
    outer loop
      vertex -2.385911e+01 -1.983477e+01 7.898009e+00
      vertex -2.385984e+01 2.721798e+01 -1.685401e-06
      vertex -2.385882e+01 -1.970863e+01 8.189387e+00
    endloop
  endfacet
  facet normal 1.000000e+00 5.110358e-06 -2.328584e-10
    outer loop
      vertex -2.385882e+01 -1.970863e+01 8.189387e+00
      vertex -2.385984e+01 2.721798e+01 -1.685401e-06
      vertex -2.385882e+01 -1.961922e+01 8.594049e+00
    endloop
  endfacet
  facet normal 1.000000e+00 5.110358e-06 -2.328584e-10
    outer loop
      vertex -2.385882e+01 -1.961922e+01 8.594049e+00
      vertex -2.385984e+01 2.721798e+01 -1.685401e-06
      vertex -2.387486e+01 -1.049915e+01 7.197884e+00
    endloop
  endfacet
  facet normal 1.000000e+00 5.110358e-06 -2.328584e-10
    outer loop
      vertex -2.385882e+01 -1.961922e+01 8.594049e+00
      vertex -2.387486e+01 -1.049915e+01 7.197884e+00
      vertex -2.387486e+01 -1.088202e+01 7.356476e+00
    endloop
  endfacet
  facet normal 1.000000e+00 5.110358e-06 -2.328584e-10
    outer loop
      vertex -2.385882e+01 -1.961922e+01 8.594049e+00
      vertex -2.387486e+01 -1.088202e+01 7.356476e+00
      vertex -2.387486e+01 -1.121080e+01 7.608759e+00
    endloop
  endfacet
  facet normal 1.000000e+00 5.110358e-06 -2.328584e-10
    outer loop
      vertex -2.385882e+01 -1.961922e+01 8.594049e+00
      vertex -2.387486e+01 -1.121080e+01 7.608759e+00
      vertex -2.387486e+01 -1.146309e+01 7.937541e+00
    endloop
  endfacet
  facet normal 1.000000e+00 5.110358e-06 -2.328584e-10
    outer loop
      vertex -2.385882e+01 -1.961922e+01 8.594049e+00
      vertex -2.387486e+01 -1.146309e+01 7.937541e+00
      vertex -2.385903e+01 -1.961327e+01 1.984379e+01
    endloop
  endfacet
  facet normal 1.000000e+00 5.110358e-06 -2.328584e-10
    outer loop
      vertex -2.385903e+01 -1.961327e+01 1.984379e+01
      vertex -2.387486e+01 -1.146309e+01 7.937541e+00
      vertex -2.387486e+01 -1.162168e+01 8.320416e+00
    endloop
  endfacet
  facet normal 1.000000e+00 5.110358e-06 -2.328584e-10
    outer loop
      vertex -2.385903e+01 -1.961327e+01 1.984379e+01
      vertex -2.387486e+01 -1.162168e+01 8.320416e+00
      vertex -2.387486e+01 -1.167577e+01 8.731291e+00
    endloop
  endfacet
  facet normal 1.000000e+00 5.110358e-06 -2.328584e-10
    outer loop
      vertex -2.387486e+01 -1.049915e+01 7.197884e+00
      vertex -2.385984e+01 2.721798e+01 -1.685401e-06
      vertex -2.387487e+01 -1.008827e+01 7.143791e+00
    endloop
  endfacet
  facet normal 1.000000e+00 5.110358e-06 -2.328584e-10
    outer loop
      vertex -2.387487e+01 -1.008827e+01 7.143791e+00
      vertex -2.385984e+01 2.721798e+01 -1.685401e-06
      vertex -2.387487e+01 -9.677397e+00 7.197884e+00
    endloop
  endfacet
  facet normal 1.000000e+00 5.110358e-06 -2.328584e-10
    outer loop
      vertex -2.387487e+01 -9.677397e+00 7.197884e+00
      vertex -2.385984e+01 2.721798e+01 -1.685401e-06
      vertex -2.387487e+01 -9.294522e+00 7.356476e+00
    endloop
  endfacet
  facet normal 1.000000e+00 5.110358e-06 -2.328584e-10
    outer loop
      vertex -2.387487e+01 -9.294522e+00 7.356476e+00
      vertex -2.385984e+01 2.721798e+01 -1.685401e-06
      vertex -2.387487e+01 -8.965740e+00 7.608759e+00
    endloop
  endfacet
  facet normal 1.000000e+00 5.110358e-06 -2.328584e-10
    outer loop
      vertex -2.387487e+01 -8.965740e+00 7.608759e+00
      vertex -2.385984e+01 2.721798e+01 -1.685401e-06
      vertex -2.387487e+01 -8.713457e+00 7.937541e+00
    endloop
  endfacet
  facet normal 1.000000e+00 5.110358e-06 -2.328584e-10
    outer loop
      vertex -2.387487e+01 -8.713457e+00 7.937541e+00
      vertex -2.385984e+01 2.721798e+01 -1.685401e-06
      vertex -2.387488e+01 -8.554864e+00 8.320416e+00
    endloop
  endfacet
  facet normal 1.000000e+00 5.110358e-06 -2.328584e-10
    outer loop
      vertex -2.387488e+01 -8.554864e+00 8.320416e+00
      vertex -2.385984e+01 2.721798e+01 -1.685401e-06
      vertex -2.387488e+01 -8.500772e+00 8.731291e+00
    endloop
  endfacet
  facet normal 1.000000e+00 5.110358e-06 -2.328584e-10
    outer loop
      vertex -2.387488e+01 -8.500772e+00 8.731291e+00
      vertex -2.385984e+01 2.721798e+01 -1.685401e-06
      vertex -2.387488e+01 -8.500772e+00 1.984379e+01
    endloop
  endfacet
  facet normal 1.000000e+00 5.110358e-06 -2.328584e-10
    outer loop
      vertex -2.387488e+01 -8.500772e+00 1.984379e+01
      vertex -2.385984e+01 2.721798e+01 -1.685401e-06
      vertex -2.385982e+01 1.373370e+01 8.561368e+00
    endloop
  endfacet
  facet normal 1.000000e+00 5.110358e-06 -2.328584e-10
    outer loop
      vertex -2.387488e+01 -8.500772e+00 1.984379e+01
      vertex -2.385982e+01 1.373370e+01 8.561368e+00
      vertex -2.385982e+01 1.274735e+01 9.318219e+00
    endloop
  endfacet
  facet normal 1.000000e+00 5.110358e-06 -2.328584e-10
    outer loop
      vertex -2.387488e+01 -8.500772e+00 1.984379e+01
      vertex -2.385982e+01 1.274735e+01 9.318219e+00
      vertex -2.385982e+01 1.199050e+01 1.030456e+01
    endloop
  endfacet
  facet normal 1.000000e+00 5.110358e-06 -2.328584e-10
    outer loop
      vertex -2.387488e+01 -8.500772e+00 1.984379e+01
      vertex -2.385982e+01 1.199050e+01 1.030456e+01
      vertex -2.385982e+01 1.151473e+01 1.145319e+01
    endloop
  endfacet
  facet normal 1.000000e+00 5.110358e-06 -2.328584e-10
    outer loop
      vertex -2.387488e+01 -8.500772e+00 1.984379e+01
      vertex -2.385982e+01 1.151473e+01 1.145319e+01
      vertex -2.385982e+01 1.135245e+01 1.268581e+01
    endloop
  endfacet
  facet normal 1.000000e+00 5.110358e-06 -2.328584e-10
    outer loop
      vertex -2.385982e+01 1.373370e+01 8.561368e+00
      vertex -2.385984e+01 2.721798e+01 -1.685401e-06
      vertex -2.385982e+01 1.488232e+01 8.085593e+00
    endloop
  endfacet
  facet normal 1.000000e+00 5.110358e-06 -2.328584e-10
    outer loop
      vertex -2.385982e+01 1.488232e+01 8.085593e+00
      vertex -2.385984e+01 2.721798e+01 -1.685401e-06
      vertex -2.385982e+01 1.611495e+01 7.923315e+00
    endloop
  endfacet
  facet normal 1.000000e+00 5.110358e-06 -2.328584e-10
    outer loop
      vertex -2.385982e+01 1.611495e+01 7.923315e+00
      vertex -2.385984e+01 2.721798e+01 -1.685401e-06
      vertex -2.385982e+01 1.734757e+01 8.085593e+00
    endloop
  endfacet
  facet normal 1.000000e+00 5.110358e-06 -2.328584e-10
    outer loop
      vertex -2.385982e+01 1.734757e+01 8.085593e+00
      vertex -2.385984e+01 2.721798e+01 -1.685401e-06
      vertex -2.385982e+01 1.849620e+01 8.561368e+00
    endloop
  endfacet
  facet normal 1.000000e+00 5.110358e-06 -2.328584e-10
    outer loop
      vertex -2.385982e+01 1.849620e+01 8.561368e+00
      vertex -2.385984e+01 2.721798e+01 -1.685401e-06
      vertex -2.385982e+01 1.948254e+01 9.318219e+00
    endloop
  endfacet
  facet normal 1.000000e+00 5.110358e-06 -2.328584e-10
    outer loop
      vertex -2.385982e+01 1.948254e+01 9.318219e+00
      vertex -2.385984e+01 2.721798e+01 -1.685401e-06
      vertex -2.385982e+01 2.023940e+01 1.030456e+01
    endloop
  endfacet
  facet normal 1.000000e+00 5.110358e-06 -2.328584e-10
    outer loop
      vertex -2.385982e+01 2.023940e+01 1.030456e+01
      vertex -2.385984e+01 2.721798e+01 -1.685401e-06
      vertex -2.385982e+01 2.071517e+01 1.145319e+01
    endloop
  endfacet
  facet normal 1.000000e+00 5.110358e-06 -2.328584e-10
    outer loop
      vertex -2.385982e+01 2.071517e+01 1.145319e+01
      vertex -2.385984e+01 2.721798e+01 -1.685401e-06
      vertex -2.385982e+01 2.087745e+01 1.268581e+01
    endloop
  endfacet
  facet normal 1.000000e+00 5.110358e-06 -2.328584e-10
    outer loop
      vertex -2.385956e+01 -2.516952e+01 2.540000e+01
      vertex -2.385903e+01 -2.120077e+01 2.143129e+01
      vertex -2.385984e+01 2.721798e+01 2.540000e+01
    endloop
  endfacet
  facet normal 1.000000e+00 5.110358e-06 -2.328584e-10
    outer loop
      vertex -2.385903e+01 -2.120077e+01 2.143129e+01
      vertex -2.385956e+01 -2.516952e+01 2.540000e+01
      vertex -2.385903e+01 -2.161165e+01 2.137720e+01
    endloop
  endfacet
  facet normal 1.000000e+00 5.110358e-06 -2.328584e-10
    outer loop
      vertex -2.385903e+01 -2.161165e+01 2.137720e+01
      vertex -2.385956e+01 -2.516952e+01 2.540000e+01
      vertex -2.385903e+01 -2.199452e+01 2.121860e+01
    endloop
  endfacet
  facet normal 1.000000e+00 5.110358e-06 -2.328584e-10
    outer loop
      vertex -2.385903e+01 -2.199452e+01 2.121860e+01
      vertex -2.385956e+01 -2.516952e+01 2.540000e+01
      vertex -2.385903e+01 -2.232331e+01 2.096632e+01
    endloop
  endfacet
  facet normal 1.000000e+00 5.110358e-06 -2.328584e-10
    outer loop
      vertex -2.385903e+01 -2.232331e+01 2.096632e+01
      vertex -2.385956e+01 -2.516952e+01 2.540000e+01
      vertex -2.385903e+01 -2.257559e+01 2.063754e+01
    endloop
  endfacet
  facet normal 1.000000e+00 5.110358e-06 -2.328584e-10
    outer loop
      vertex -2.385903e+01 -2.257559e+01 2.063754e+01
      vertex -2.385956e+01 -2.516952e+01 2.540000e+01
      vertex -2.385903e+01 -2.273418e+01 2.025466e+01
    endloop
  endfacet
  facet normal 1.000000e+00 5.110358e-06 -2.328584e-10
    outer loop
      vertex -2.385903e+01 -2.273418e+01 2.025466e+01
      vertex -2.385956e+01 -2.516952e+01 2.540000e+01
      vertex -2.385903e+01 -2.278827e+01 1.984379e+01
    endloop
  endfacet
  facet normal 1.000000e+00 5.110358e-06 -2.328584e-10
    outer loop
      vertex -2.385984e+01 2.721798e+01 2.540000e+01
      vertex -2.385903e+01 -2.120077e+01 2.143129e+01
      vertex -2.385903e+01 -2.078990e+01 2.137720e+01
    endloop
  endfacet
  facet normal 1.000000e+00 5.110358e-06 -2.328584e-10
    outer loop
      vertex -2.385984e+01 2.721798e+01 2.540000e+01
      vertex -2.385903e+01 -2.078990e+01 2.137720e+01
      vertex -2.385903e+01 -2.040702e+01 2.121860e+01
    endloop
  endfacet
  facet normal 1.000000e+00 5.110358e-06 -2.328584e-10
    outer loop
      vertex -2.385984e+01 2.721798e+01 2.540000e+01
      vertex -2.385903e+01 -2.040702e+01 2.121860e+01
      vertex -2.385903e+01 -2.007824e+01 2.096632e+01
    endloop
  endfacet
  facet normal 1.000000e+00 5.110358e-06 -2.328584e-10
    outer loop
      vertex -2.385984e+01 2.721798e+01 2.540000e+01
      vertex -2.385903e+01 -2.007824e+01 2.096632e+01
      vertex -2.385903e+01 -1.982596e+01 2.063754e+01
    endloop
  endfacet
  facet normal 1.000000e+00 5.110358e-06 -2.328584e-10
    outer loop
      vertex -2.385984e+01 2.721798e+01 2.540000e+01
      vertex -2.385903e+01 -1.982596e+01 2.063754e+01
      vertex -2.387487e+01 -1.008827e+01 2.143129e+01
    endloop
  endfacet
  facet normal 1.000000e+00 5.110358e-06 -2.328584e-10
    outer loop
      vertex -2.387487e+01 -1.008827e+01 2.143129e+01
      vertex -2.385903e+01 -1.982596e+01 2.063754e+01
      vertex -2.385903e+01 -1.966737e+01 2.025466e+01
    endloop
  endfacet
  facet normal 1.000000e+00 5.110358e-06 -2.328584e-10
    outer loop
      vertex -2.387487e+01 -1.008827e+01 2.143129e+01
      vertex -2.385903e+01 -1.966737e+01 2.025466e+01
      vertex -2.387486e+01 -1.049915e+01 2.137720e+01
    endloop
  endfacet
  facet normal 1.000000e+00 5.110358e-06 -2.328584e-10
    outer loop
      vertex -2.387486e+01 -1.049915e+01 2.137720e+01
      vertex -2.385903e+01 -1.966737e+01 2.025466e+01
      vertex -2.385903e+01 -1.961327e+01 1.984379e+01
    endloop
  endfacet
  facet normal 1.000000e+00 5.110358e-06 -2.328584e-10
    outer loop
      vertex -2.387486e+01 -1.049915e+01 2.137720e+01
      vertex -2.385903e+01 -1.961327e+01 1.984379e+01
      vertex -2.387486e+01 -1.088202e+01 2.121861e+01
    endloop
  endfacet
  facet normal 1.000000e+00 5.110358e-06 -2.328584e-10
    outer loop
      vertex -2.387486e+01 -1.088202e+01 2.121861e+01
      vertex -2.385903e+01 -1.961327e+01 1.984379e+01
      vertex -2.387486e+01 -1.121080e+01 2.096632e+01
    endloop
  endfacet
  facet normal 1.000000e+00 5.110358e-06 -2.328584e-10
    outer loop
      vertex -2.387486e+01 -1.121080e+01 2.096632e+01
      vertex -2.385903e+01 -1.961327e+01 1.984379e+01
      vertex -2.387486e+01 -1.146309e+01 2.063754e+01
    endloop
  endfacet
  facet normal 1.000000e+00 5.110358e-06 -2.328584e-10
    outer loop
      vertex -2.387486e+01 -1.146309e+01 2.063754e+01
      vertex -2.385903e+01 -1.961327e+01 1.984379e+01
      vertex -2.387486e+01 -1.162168e+01 2.025467e+01
    endloop
  endfacet
  facet normal 1.000000e+00 5.110358e-06 -2.328584e-10
    outer loop
      vertex -2.387486e+01 -1.162168e+01 2.025467e+01
      vertex -2.385903e+01 -1.961327e+01 1.984379e+01
      vertex -2.387486e+01 -1.167577e+01 1.984379e+01
    endloop
  endfacet
  facet normal 1.000000e+00 5.110358e-06 -2.328584e-10
    outer loop
      vertex -2.387486e+01 -1.167577e+01 1.984379e+01
      vertex -2.385903e+01 -1.961327e+01 1.984379e+01
      vertex -2.387486e+01 -1.167577e+01 8.731291e+00
    endloop
  endfacet
  facet normal 1.000000e+00 5.110358e-06 -2.328584e-10
    outer loop
      vertex -2.385984e+01 2.721798e+01 2.540000e+01
      vertex -2.387487e+01 -1.008827e+01 2.143129e+01
      vertex -2.387487e+01 -9.677397e+00 2.137720e+01
    endloop
  endfacet
  facet normal 1.000000e+00 5.110358e-06 -2.328584e-10
    outer loop
      vertex -2.385984e+01 2.721798e+01 2.540000e+01
      vertex -2.387487e+01 -9.677397e+00 2.137720e+01
      vertex -2.387487e+01 -9.294522e+00 2.121861e+01
    endloop
  endfacet
  facet normal 1.000000e+00 5.110358e-06 -2.328584e-10
    outer loop
      vertex -2.385984e+01 2.721798e+01 2.540000e+01
      vertex -2.387487e+01 -9.294522e+00 2.121861e+01
      vertex -2.387487e+01 -8.965740e+00 2.096632e+01
    endloop
  endfacet
  facet normal 1.000000e+00 5.110358e-06 -2.328584e-10
    outer loop
      vertex -2.385984e+01 2.721798e+01 2.540000e+01
      vertex -2.387487e+01 -8.965740e+00 2.096632e+01
      vertex -2.387487e+01 -8.713457e+00 2.063754e+01
    endloop
  endfacet
  facet normal 1.000000e+00 5.110358e-06 -2.328584e-10
    outer loop
      vertex -2.385984e+01 2.721798e+01 2.540000e+01
      vertex -2.387487e+01 -8.713457e+00 2.063754e+01
      vertex -2.387488e+01 -8.554864e+00 2.025467e+01
    endloop
  endfacet
  facet normal 1.000000e+00 5.110358e-06 -2.328584e-10
    outer loop
      vertex -2.385984e+01 2.721798e+01 2.540000e+01
      vertex -2.387488e+01 -8.554864e+00 2.025467e+01
      vertex -2.387488e+01 -8.500772e+00 1.984379e+01
    endloop
  endfacet
  facet normal 1.000000e+00 5.110358e-06 -2.328584e-10
    outer loop
      vertex -2.385984e+01 2.721798e+01 2.540000e+01
      vertex -2.387488e+01 -8.500772e+00 1.984379e+01
      vertex -2.385982e+01 1.373370e+01 1.681026e+01
    endloop
  endfacet
  facet normal 1.000000e+00 5.110358e-06 -2.328584e-10
    outer loop
      vertex -2.385982e+01 1.373370e+01 1.681026e+01
      vertex -2.387488e+01 -8.500772e+00 1.984379e+01
      vertex -2.385982e+01 1.274735e+01 1.605341e+01
    endloop
  endfacet
  facet normal 1.000000e+00 5.110358e-06 -2.328584e-10
    outer loop
      vertex -2.385982e+01 1.274735e+01 1.605341e+01
      vertex -2.387488e+01 -8.500772e+00 1.984379e+01
      vertex -2.385982e+01 1.199050e+01 1.506706e+01
    endloop
  endfacet
  facet normal 1.000000e+00 5.110358e-06 -2.328584e-10
    outer loop
      vertex -2.385982e+01 1.199050e+01 1.506706e+01
      vertex -2.387488e+01 -8.500772e+00 1.984379e+01
      vertex -2.385982e+01 1.151473e+01 1.391844e+01
    endloop
  endfacet
  facet normal 1.000000e+00 5.110358e-06 -2.328584e-10
    outer loop
      vertex -2.385982e+01 1.151473e+01 1.391844e+01
      vertex -2.387488e+01 -8.500772e+00 1.984379e+01
      vertex -2.385982e+01 1.135245e+01 1.268581e+01
    endloop
  endfacet
  facet normal 1.000000e+00 5.110358e-06 -2.328584e-10
    outer loop
      vertex -2.385984e+01 2.721798e+01 2.540000e+01
      vertex -2.385982e+01 1.373370e+01 1.681026e+01
      vertex -2.385982e+01 1.488232e+01 1.728604e+01
    endloop
  endfacet
  facet normal 1.000000e+00 5.110358e-06 -2.328584e-10
    outer loop
      vertex -2.385984e+01 2.721798e+01 2.540000e+01
      vertex -2.385982e+01 1.488232e+01 1.728604e+01
      vertex -2.385982e+01 1.611495e+01 1.744831e+01
    endloop
  endfacet
  facet normal 1.000000e+00 5.110358e-06 -2.328584e-10
    outer loop
      vertex -2.385984e+01 2.721798e+01 2.540000e+01
      vertex -2.385982e+01 1.611495e+01 1.744831e+01
      vertex -2.385982e+01 1.734757e+01 1.728604e+01
    endloop
  endfacet
  facet normal 1.000000e+00 5.110358e-06 -2.328584e-10
    outer loop
      vertex -2.385984e+01 2.721798e+01 2.540000e+01
      vertex -2.385982e+01 1.734757e+01 1.728604e+01
      vertex -2.385982e+01 1.849620e+01 1.681026e+01
    endloop
  endfacet
  facet normal 1.000000e+00 5.110358e-06 -2.328584e-10
    outer loop
      vertex -2.385984e+01 2.721798e+01 2.540000e+01
      vertex -2.385982e+01 1.849620e+01 1.681026e+01
      vertex -2.385982e+01 1.948254e+01 1.605341e+01
    endloop
  endfacet
  facet normal 1.000000e+00 5.110358e-06 -2.328584e-10
    outer loop
      vertex -2.385984e+01 2.721798e+01 2.540000e+01
      vertex -2.385982e+01 1.948254e+01 1.605341e+01
      vertex -2.385982e+01 2.023940e+01 1.506706e+01
    endloop
  endfacet
  facet normal 1.000000e+00 5.110358e-06 -2.328584e-10
    outer loop
      vertex -2.385984e+01 2.721798e+01 2.540000e+01
      vertex -2.385982e+01 2.023940e+01 1.506706e+01
      vertex -2.385982e+01 2.071517e+01 1.391844e+01
    endloop
  endfacet
  facet normal 1.000000e+00 5.110358e-06 -2.328584e-10
    outer loop
      vertex -2.385984e+01 2.721798e+01 2.540000e+01
      vertex -2.385982e+01 2.071517e+01 1.391844e+01
      vertex -2.385982e+01 2.087745e+01 1.268581e+01
    endloop
  endfacet
  facet normal 1.000000e+00 5.110358e-06 -2.328584e-10
    outer loop
      vertex -2.385984e+01 2.721798e+01 2.540000e+01
      vertex -2.385982e+01 2.087745e+01 1.268581e+01
      vertex -2.385984e+01 2.721798e+01 -1.685401e-06
    endloop
  endfacet
  facet normal 1.000000e+00 5.110358e-06 -2.328584e-10
    outer loop
      vertex -2.385984e+01 2.721798e+01 2.540000e+01
      vertex -2.385984e+01 2.721798e+01 -1.685401e-06
      vertex -2.385984e+01 3.198046e+01 4.773282e+00
    endloop
  endfacet
  facet normal 1.000000e+00 5.110358e-06 -2.328584e-10
    outer loop
      vertex -2.385984e+01 2.721798e+01 2.540000e+01
      vertex -2.385984e+01 3.198046e+01 4.773282e+00
      vertex -2.385984e+01 3.198046e+01 2.064828e+01
    endloop
  endfacet
  facet normal 1.000000e+00 5.110358e-06 -2.328584e-10
    outer loop
      vertex -2.387486e+01 -1.162168e+01 9.142167e+00
      vertex -2.387486e+01 -1.167577e+01 1.984379e+01
      vertex -2.387486e+01 -1.167577e+01 8.731291e+00
    endloop
  endfacet
  facet normal 1.000000e+00 5.110358e-06 -2.328584e-10
    outer loop
      vertex -2.387486e+01 -1.167577e+01 1.984379e+01
      vertex -2.387486e+01 -1.162168e+01 9.142167e+00
      vertex -2.387486e+01 -1.162168e+01 1.943292e+01
    endloop
  endfacet
  facet normal 1.000000e+00 5.110358e-06 -2.328584e-10
    outer loop
      vertex -2.387486e+01 -1.162168e+01 1.943292e+01
      vertex -2.387486e+01 -1.162168e+01 9.142167e+00
      vertex -2.387486e+01 -1.146309e+01 9.525041e+00
    endloop
  endfacet
  facet normal 1.000000e+00 5.110358e-06 -2.328584e-10
    outer loop
      vertex -2.387486e+01 -1.162168e+01 1.943292e+01
      vertex -2.387486e+01 -1.146309e+01 9.525041e+00
      vertex -2.387486e+01 -1.146309e+01 1.905004e+01
    endloop
  endfacet
  facet normal 1.000000e+00 5.110358e-06 -2.328584e-10
    outer loop
      vertex -2.387486e+01 -1.146309e+01 1.905004e+01
      vertex -2.387486e+01 -1.146309e+01 9.525041e+00
      vertex -2.387486e+01 -1.121080e+01 1.872126e+01
    endloop
  endfacet
  facet normal 1.000000e+00 5.110358e-06 -2.328584e-10
    outer loop
      vertex -2.387486e+01 -1.121080e+01 1.872126e+01
      vertex -2.387486e+01 -1.146309e+01 9.525041e+00
      vertex -2.387486e+01 -1.121080e+01 9.853823e+00
    endloop
  endfacet
  facet normal 1.000000e+00 5.110358e-06 -2.328584e-10
    outer loop
      vertex -2.387486e+01 -1.121080e+01 1.872126e+01
      vertex -2.387486e+01 -1.121080e+01 9.853823e+00
      vertex -2.387486e+01 -1.088202e+01 1.846898e+01
    endloop
  endfacet
  facet normal 1.000000e+00 5.110358e-06 -2.328584e-10
    outer loop
      vertex -2.387486e+01 -1.088202e+01 1.846898e+01
      vertex -2.387486e+01 -1.121080e+01 9.853823e+00
      vertex -2.387486e+01 -1.088202e+01 1.010611e+01
    endloop
  endfacet
  facet normal 1.000000e+00 5.110358e-06 -2.328584e-10
    outer loop
      vertex -2.387486e+01 -1.088202e+01 1.846898e+01
      vertex -2.387486e+01 -1.088202e+01 1.010611e+01
      vertex -2.387486e+01 -1.049915e+01 1.831038e+01
    endloop
  endfacet
  facet normal 1.000000e+00 5.110358e-06 -2.328584e-10
    outer loop
      vertex -2.387486e+01 -1.049915e+01 1.831038e+01
      vertex -2.387486e+01 -1.088202e+01 1.010611e+01
      vertex -2.387486e+01 -1.049915e+01 1.026470e+01
    endloop
  endfacet
  facet normal 1.000000e+00 5.110358e-06 -2.328584e-10
    outer loop
      vertex -2.387486e+01 -1.049915e+01 1.831038e+01
      vertex -2.387486e+01 -1.049915e+01 1.026470e+01
      vertex -2.387487e+01 -1.008827e+01 1.825629e+01
    endloop
  endfacet
  facet normal 1.000000e+00 5.110358e-06 -2.328584e-10
    outer loop
      vertex -2.387487e+01 -1.008827e+01 1.825629e+01
      vertex -2.387486e+01 -1.049915e+01 1.026470e+01
      vertex -2.387487e+01 -1.008827e+01 1.031879e+01
    endloop
  endfacet
  facet normal 1.000000e+00 5.110358e-06 -2.328584e-10
    outer loop
      vertex -2.387487e+01 -1.008827e+01 1.825629e+01
      vertex -2.387487e+01 -1.008827e+01 1.031879e+01
      vertex -2.387487e+01 -9.677397e+00 1.831038e+01
    endloop
  endfacet
  facet normal 1.000000e+00 5.110358e-06 -2.328584e-10
    outer loop
      vertex -2.387487e+01 -9.677397e+00 1.831038e+01
      vertex -2.387487e+01 -1.008827e+01 1.031879e+01
      vertex -2.387487e+01 -9.677397e+00 1.026470e+01
    endloop
  endfacet
  facet normal 1.000000e+00 5.110358e-06 -2.328584e-10
    outer loop
      vertex -2.387487e+01 -9.677397e+00 1.831038e+01
      vertex -2.387487e+01 -9.677397e+00 1.026470e+01
      vertex -2.387487e+01 -9.294522e+00 1.846898e+01
    endloop
  endfacet
  facet normal 1.000000e+00 5.110358e-06 -2.328584e-10
    outer loop
      vertex -2.387487e+01 -9.294522e+00 1.846898e+01
      vertex -2.387487e+01 -9.677397e+00 1.026470e+01
      vertex -2.387487e+01 -9.294522e+00 1.010611e+01
    endloop
  endfacet
  facet normal 1.000000e+00 5.110358e-06 -2.328584e-10
    outer loop
      vertex -2.387487e+01 -9.294522e+00 1.846898e+01
      vertex -2.387487e+01 -9.294522e+00 1.010611e+01
      vertex -2.387487e+01 -8.965740e+00 1.872126e+01
    endloop
  endfacet
  facet normal 1.000000e+00 5.110358e-06 -2.328584e-10
    outer loop
      vertex -2.387487e+01 -8.965740e+00 1.872126e+01
      vertex -2.387487e+01 -9.294522e+00 1.010611e+01
      vertex -2.387487e+01 -8.965740e+00 9.853823e+00
    endloop
  endfacet
  facet normal 1.000000e+00 5.110358e-06 -2.328584e-10
    outer loop
      vertex -2.387487e+01 -8.965740e+00 1.872126e+01
      vertex -2.387487e+01 -8.965740e+00 9.853823e+00
      vertex -2.387487e+01 -8.713457e+00 1.905004e+01
    endloop
  endfacet
  facet normal 1.000000e+00 5.110358e-06 -2.328584e-10
    outer loop
      vertex -2.387487e+01 -8.713457e+00 1.905004e+01
      vertex -2.387487e+01 -8.965740e+00 9.853823e+00
      vertex -2.387487e+01 -8.713457e+00 9.525041e+00
    endloop
  endfacet
  facet normal 1.000000e+00 5.110358e-06 -2.328584e-10
    outer loop
      vertex -2.387487e+01 -8.713457e+00 1.905004e+01
      vertex -2.387487e+01 -8.713457e+00 9.525041e+00
      vertex -2.387488e+01 -8.554864e+00 1.943292e+01
    endloop
  endfacet
  facet normal 1.000000e+00 5.110358e-06 -2.328584e-10
    outer loop
      vertex -2.387488e+01 -8.554864e+00 1.943292e+01
      vertex -2.387487e+01 -8.713457e+00 9.525041e+00
      vertex -2.387488e+01 -8.554864e+00 9.142167e+00
    endloop
  endfacet
  facet normal 1.000000e+00 5.110358e-06 -2.328584e-10
    outer loop
      vertex -2.387488e+01 -8.554864e+00 1.943292e+01
      vertex -2.387488e+01 -8.554864e+00 9.142167e+00
      vertex -2.387488e+01 -8.500772e+00 8.731291e+00
    endloop
  endfacet
  facet normal 1.000000e+00 5.110358e-06 -2.328584e-10
    outer loop
      vertex -2.387488e+01 -8.554864e+00 1.943292e+01
      vertex -2.387488e+01 -8.500772e+00 8.731291e+00
      vertex -2.387488e+01 -8.500772e+00 1.984379e+01
    endloop
  endfacet
  facet normal 1.000000e+00 5.110358e-06 -2.328584e-10
    outer loop
      vertex -2.385882e+01 -2.278233e+01 8.868528e+00
      vertex -2.385903e+01 -2.273418e+01 1.943291e+01
      vertex -2.385903e+01 -2.278827e+01 1.984379e+01
    endloop
  endfacet
  facet normal 1.000000e+00 5.110358e-06 -2.328584e-10
    outer loop
      vertex -2.385903e+01 -2.273418e+01 1.943291e+01
      vertex -2.385882e+01 -2.278233e+01 8.868528e+00
      vertex -2.385882e+01 -2.269292e+01 9.273189e+00
    endloop
  endfacet
  facet normal 1.000000e+00 5.110358e-06 -2.328584e-10
    outer loop
      vertex -2.385903e+01 -2.273418e+01 1.943291e+01
      vertex -2.385882e+01 -2.269292e+01 9.273189e+00
      vertex -2.385903e+01 -2.257559e+01 1.905004e+01
    endloop
  endfacet
  facet normal 1.000000e+00 5.110358e-06 -2.328584e-10
    outer loop
      vertex -2.385903e+01 -2.257559e+01 1.905004e+01
      vertex -2.385882e+01 -2.269292e+01 9.273189e+00
      vertex -2.385882e+01 -2.250182e+01 9.640920e+00
    endloop
  endfacet
  facet normal 1.000000e+00 5.110358e-06 -2.328584e-10
    outer loop
      vertex -2.385903e+01 -2.257559e+01 1.905004e+01
      vertex -2.385882e+01 -2.250182e+01 9.640920e+00
      vertex -2.385903e+01 -2.232331e+01 1.872126e+01
    endloop
  endfacet
  facet normal 1.000000e+00 5.110358e-06 -2.328584e-10
    outer loop
      vertex -2.385903e+01 -2.232331e+01 1.872126e+01
      vertex -2.385882e+01 -2.250182e+01 9.640920e+00
      vertex -2.385882e+01 -2.222206e+01 9.946661e+00
    endloop
  endfacet
  facet normal 1.000000e+00 5.110358e-06 -2.328584e-10
    outer loop
      vertex -2.385903e+01 -2.232331e+01 1.872126e+01
      vertex -2.385882e+01 -2.222206e+01 9.946661e+00
      vertex -2.385903e+01 -2.199452e+01 1.846897e+01
    endloop
  endfacet
  facet normal 1.000000e+00 5.110358e-06 -2.328584e-10
    outer loop
      vertex -2.385903e+01 -2.199452e+01 1.846897e+01
      vertex -2.385882e+01 -2.222206e+01 9.946661e+00
      vertex -2.385882e+01 -2.187270e+01 1.016958e+01
    endloop
  endfacet
  facet normal 1.000000e+00 5.110358e-06 -2.328584e-10
    outer loop
      vertex -2.385903e+01 -2.199452e+01 1.846897e+01
      vertex -2.385882e+01 -2.187270e+01 1.016958e+01
      vertex -2.385903e+01 -2.161165e+01 1.831038e+01
    endloop
  endfacet
  facet normal 1.000000e+00 5.110358e-06 -2.328584e-10
    outer loop
      vertex -2.385903e+01 -2.161165e+01 1.831038e+01
      vertex -2.385882e+01 -2.187270e+01 1.016958e+01
      vertex -2.385882e+01 -2.147755e+01 1.029447e+01
    endloop
  endfacet
  facet normal 1.000000e+00 5.110358e-06 -2.328584e-10
    outer loop
      vertex -2.385903e+01 -2.161165e+01 1.831038e+01
      vertex -2.385882e+01 -2.147755e+01 1.029447e+01
      vertex -2.385903e+01 -2.120077e+01 1.825629e+01
    endloop
  endfacet
  facet normal 1.000000e+00 5.110358e-06 -2.328584e-10
    outer loop
      vertex -2.385903e+01 -2.120077e+01 1.825629e+01
      vertex -2.385882e+01 -2.147755e+01 1.029447e+01
      vertex -2.385882e+01 -2.106353e+01 1.031285e+01
    endloop
  endfacet
  facet normal 1.000000e+00 5.110358e-06 -2.328584e-10
    outer loop
      vertex -2.385903e+01 -2.120077e+01 1.825629e+01
      vertex -2.385882e+01 -2.106353e+01 1.031285e+01
      vertex -2.385903e+01 -2.078990e+01 1.831038e+01
    endloop
  endfacet
  facet normal 1.000000e+00 5.110358e-06 -2.328584e-10
    outer loop
      vertex -2.385903e+01 -2.078990e+01 1.831038e+01
      vertex -2.385882e+01 -2.106353e+01 1.031285e+01
      vertex -2.385882e+01 -2.065887e+01 1.022343e+01
    endloop
  endfacet
  facet normal 1.000000e+00 5.110358e-06 -2.328584e-10
    outer loop
      vertex -2.385903e+01 -2.078990e+01 1.831038e+01
      vertex -2.385882e+01 -2.065887e+01 1.022343e+01
      vertex -2.385903e+01 -2.040702e+01 1.846897e+01
    endloop
  endfacet
  facet normal 1.000000e+00 5.110358e-06 -2.328584e-10
    outer loop
      vertex -2.385903e+01 -2.040702e+01 1.846897e+01
      vertex -2.385882e+01 -2.065887e+01 1.022343e+01
      vertex -2.385882e+01 -2.029114e+01 1.003234e+01
    endloop
  endfacet
  facet normal 1.000000e+00 5.110358e-06 -2.328584e-10
    outer loop
      vertex -2.385903e+01 -2.040702e+01 1.846897e+01
      vertex -2.385882e+01 -2.029114e+01 1.003234e+01
      vertex -2.385903e+01 -2.007824e+01 1.872126e+01
    endloop
  endfacet
  facet normal 1.000000e+00 5.110358e-06 -2.328584e-10
    outer loop
      vertex -2.385903e+01 -2.007824e+01 1.872126e+01
      vertex -2.385882e+01 -2.029114e+01 1.003234e+01
      vertex -2.385882e+01 -1.998540e+01 9.752575e+00
    endloop
  endfacet
  facet normal 1.000000e+00 5.110358e-06 -2.328584e-10
    outer loop
      vertex -2.385903e+01 -2.007824e+01 1.872126e+01
      vertex -2.385882e+01 -1.998540e+01 9.752575e+00
      vertex -2.385903e+01 -1.982596e+01 1.905004e+01
    endloop
  endfacet
  facet normal 1.000000e+00 5.110358e-06 -2.328584e-10
    outer loop
      vertex -2.385903e+01 -1.982596e+01 1.905004e+01
      vertex -2.385882e+01 -1.998540e+01 9.752575e+00
      vertex -2.385882e+01 -1.976249e+01 9.403213e+00
    endloop
  endfacet
  facet normal 1.000000e+00 5.110358e-06 -2.328584e-10
    outer loop
      vertex -2.385903e+01 -1.982596e+01 1.905004e+01
      vertex -2.385882e+01 -1.976249e+01 9.403213e+00
      vertex -2.385903e+01 -1.966737e+01 1.943291e+01
    endloop
  endfacet
  facet normal 1.000000e+00 5.110358e-06 -2.328584e-10
    outer loop
      vertex -2.385903e+01 -1.966737e+01 1.943291e+01
      vertex -2.385882e+01 -1.976249e+01 9.403213e+00
      vertex -2.385882e+01 -1.963759e+01 9.008062e+00
    endloop
  endfacet
  facet normal 1.000000e+00 5.110358e-06 -2.328584e-10
    outer loop
      vertex -2.385903e+01 -1.966737e+01 1.943291e+01
      vertex -2.385882e+01 -1.963759e+01 9.008062e+00
      vertex -2.385903e+01 -1.961327e+01 1.984379e+01
    endloop
  endfacet
  facet normal 1.000000e+00 5.110358e-06 -2.328584e-10
    outer loop
      vertex -2.385903e+01 -1.961327e+01 1.984379e+01
      vertex -2.385882e+01 -1.963759e+01 9.008062e+00
      vertex -2.385882e+01 -1.961922e+01 8.594049e+00
    endloop
  endfacet
endsolid Default
